Month,Date Event Began,Time Event Began,Date of Restoration,Time of Restoration,Area Affected,NERC Region,Alert Criteria,Event Type,Demand Loss (MW),Number of Customers Affected,source_year,Event Month,event_start,event_end,duration_hours
January,01/01/2021,07:04:00,01/01/2021,07:05:00,California: Alameda County;,WECC,Physical attack that could potentially impact electric power system adequacy or reliability; or vandalism which targets components of any security systems.,Vandalism,0,0,2021,,2021-01-01 07:04:00-06:00,2021-01-01 07:05:00-06:00,0.016666666666666666
January,01/02/2021,10:28:00,01/02/2021,10:29:00,California: Butte County;,WECC,Electrical System Separation (Islanding) where part or parts of power grid remain(s) operational in an otherwise blacked out area or within the partial failure of an integrated electrical system.,System Operations,8,5803,2021,,2021-01-02 10:28:00-06:00,2021-01-02 10:29:00-06:00,0.016666666666666666
January,01/04/2021,10:34:00,01/04/2021,10:49:00,Pennsylvania:,RF,"Unexpected Transmission loss within its area, contrary to design, of three or more Bulk Electric System Facilities caused by a common disturbance (excluding successful automatic reclosing).",Transmission Interruption,6,3825,2021,,2021-01-04 10:34:00-06:00,2021-01-04 10:49:00-06:00,0.25
January,01/08/2021,01:26:00,01/08/2021,02:45:00,Arkansas: Prairie County;,SERC,Damage or destruction of its Facility that results from actual or suspected intentional human action.,Sabotage,Unknown,1908,2021,,2021-01-08 01:26:00-06:00,2021-01-08 02:45:00-06:00,1.3166666666666667
January,01/10/2021,22:44:00,01/13/2021,16:00:00,"Texas: Anderson County, Angelina County, Dallas County, Freestone County, Henderson County, Houston County, Leon County, Nacogdoches County, Smith County, Tarrant County;",TRE,"Loss of electric service to more than 50,000 customers for 1 hour or more.",Severe Weather,Unknown,188000,2021,,2021-01-10 22:44:00-06:00,2021-01-13 16:00:00-06:00,65.26666666666667
January,01/11/2021,05:00:00,01/11/2021,14:22:00,Louisiana: Texas:,SERC,"Loss of electric service to more than 50,000 customers for 1 hour or more.",Severe Weather/Distribution Interruption,Unknown,58000,2021,,2021-01-11 05:00:00-06:00,2021-01-11 14:22:00-06:00,9.366666666666667
January,01/12/2021,23:50:00,01/15/2021,13:00:00,"Washington: Kitsap County, Thurston County, King County, Pierce County, Skagit County, Whatcom County;",WECC,Electrical System Separation (Islanding) where part or parts of power grid remain(s) operational in an otherwise blacked out area or within the partial failure of an integrated electrical system.,Severe Weather,100,320000,2021,,2021-01-12 23:50:00-06:00,2021-01-15 13:00:00-06:00,61.166666666666664
January,01/12/2021,20:46:00,01/13/2021,16:00:00,"Oregon: Clackamas County, Multnomah County, Washington County;",WECC,"Loss of electric service to more than 50,000 customers for 1 hour or more.",Severe Weather,Unknown,94231,2021,,2021-01-12 20:46:00-06:00,2021-01-13 16:00:00-06:00,19.233333333333334
January,01/12/2021,23:49:00,01/14/2021,14:00:00,Washington:,WECC,"Loss of electric service to more than 50,000 customers for 1 hour or more.",Severe Weather/Distribution Interruption,150,70000,2021,,2021-01-12 23:49:00-06:00,2021-01-14 14:00:00-06:00,38.18333333333333
January,01/12/2021,20:30:00,Unknown,Unknown,Washington: Snohomish County;,WECC,"Loss of electric service to more than 50,000 customers for 1 hour or more.",Severe Weather/Transmission Interruption,200,62000,2021,,2021-01-12 20:30:00-06:00,,
January,01/13/2021,03:43:00,01/13/2021,16:00:00,Washington: Idaho:,WECC,"Loss of electric service to more than 50,000 customers for 1 hour or more.",Severe Weather,185,70417,2021,,2021-01-13 03:43:00-06:00,2021-01-13 16:00:00-06:00,12.283333333333333
January,01/13/2021,13:05:00,01/13/2021,13:06:00,Georgia: Houston County;,SERC,Damage or destruction of its Facility that results from actual or suspected intentional human action.,Vandalism,0,0,2021,,2021-01-13 13:05:00-06:00,2021-01-13 13:06:00-06:00,0.016666666666666666
January,01/15/2021,17:48:00,01/15/2021,18:55:00,Missouri:,SERC,Complete loss of monitoring or control capability at its staffed Bulk Electric System control center for 30 continuous minutes or more.,System Operations,0,0,2021,,2021-01-15 17:48:00-06:00,2021-01-15 18:55:00-06:00,1.1166666666666667
January,01/18/2021,14:07:00,01/18/2021,14:42:00,Connecticut:,NPCC,Complete loss of monitoring or control capability at its staffed Bulk Electric System control center for 30 continuous minutes or more.,System Operations,0,0,2021,,2021-01-18 14:07:00-06:00,2021-01-18 14:42:00-06:00,0.5833333333333334
January,01/19/2021,09:31:00,01/21/2021,14:36:00,"California: Kern County, Los Angeles County, Riverside County, San Bernardino County, Ventura County, Orange County;",WECC,"Loss of electric service to more than 50,000 customers for 1 hour or more.",Severe Weather,Unknown,173746,2021,,2021-01-19 09:31:00-06:00,2021-01-21 14:36:00-06:00,53.083333333333336
January,01/19/2021,02:48:00,01/20/2021,11:41:00,California:,WECC,"Loss of electric service to more than 50,000 customers for 1 hour or more.",Severe Weather,411,124888,2021,,2021-01-19 02:48:00-06:00,2021-01-20 11:41:00-06:00,32.88333333333333
January,01/21/2021,00:00:00,02/03/2021,16:55:00,Texas: Louisiana: Arkansas: Pulaski County; Mississippi:,TRE,Damage or destruction of its Facility that results from actual or suspected intentional human action.,Vandalism,0,0,2021,,2021-01-21 00:00:00-06:00,2021-02-03 16:55:00-06:00,328.9166666666667
January,01/23/2021,07:00:00,01/27/2021,13:45:00,Georgia: Laurens County;,SERC,"Physical threat to its Facility excluding weather or natural disaster related threats, which has the potential to degrade the normal operation of the Facility. Or suspicious device or activity at its Facility.",Cyber Event,29,Unknown,2021,,2021-01-23 07:00:00-06:00,2021-01-27 13:45:00-06:00,102.75
January,01/23/2021,07:45:00,01/23/2021,08:00:00,"California: Placer County, Nevada County;",WECC,"Physical threat to its Facility excluding weather or natural disaster related threats, which has the potential to degrade the normal operation of the Facility. Or suspicious device or activity at its Facility.",Suspicious Activity,45,0,2021,,2021-01-23 07:45:00-06:00,2021-01-23 08:00:00-06:00,0.25
January,01/26/2021,20:49:00,01/28/2021,21:14:00,California:,WECC,"Loss of electric service to more than 50,000 customers for 1 hour or more.",Severe Weather,841,255715,2021,,2021-01-26 20:49:00-06:00,2021-01-28 21:14:00-06:00,48.416666666666664
January,01/27/2021,12:30:00,01/27/2021,16:18:00,New Hampshire: Hillsborough County;,NPCC,Damage or destruction of its Facility that results from actual or suspected intentional human action.,Vandalism,0,0,2021,,2021-01-27 12:30:00-06:00,2021-01-27 16:18:00-06:00,3.8
January,01/28/2021,10:15:00,01/28/2021,16:46:00,New Hampshire: Hillsborough County;,NPCC,Damage or destruction of its Facility that results from actual or suspected intentional human action.,Vandalism,0,0,2021,,2021-01-28 10:15:00-06:00,2021-01-28 16:46:00-06:00,6.516666666666667
February,02/01/2021,23:25:00,02/02/2021,01:12:00,Texas: Kleberg County;,TRE,"Unexpected Transmission loss within its area, contrary to design, of three or more Bulk Electric System Facilities caused by a common disturbance (excluding successful automatic reclosing).",Transmission Interruption,13,6102,2021,,2021-02-01 23:25:00-06:00,2021-02-02 01:12:00-06:00,1.7833333333333334
February,02/02/2021,12:34:00,02/02/2021,15:43:00,South Dakota: Hughes County;,MRO,Electrical System Separation (Islanding) where part or parts of power grid remain(s) operational in an otherwise blacked out area or within the partial failure of an integrated electrical system.,Severe Weather/Transmission Interruption,5,4,2021,,2021-02-02 12:34:00-06:00,2021-02-02 15:43:00-06:00,3.15
February,02/02/2021,09:25:00,02/03/2021,11:38:00,South Dakota: Hughes County;,MRO,Electrical System Separation (Islanding) where part or parts of power grid remain(s) operational in an otherwise blacked out area or within the partial failure of an integrated electrical system.,Severe Weather/Transmission Interruption,5,3,2021,,2021-02-02 09:25:00-06:00,2021-02-03 11:38:00-06:00,26.216666666666665
February,02/03/2021,14:22:00,02/04/2021,22:32:00,"North Dakota: Logan County, Emmons County, McIntosh County;",MRO,"Unexpected Transmission loss within its area, contrary to design, of three or more Bulk Electric System Facilities caused by a common disturbance (excluding successful automatic reclosing).",Transmission Interruption,7,1400,2021,,2021-02-03 14:22:00-06:00,2021-02-04 22:32:00-06:00,32.166666666666664
February,02/05/2021,09:43:00,02/05/2021,11:19:00,Arkansas: Arkansas County;,SERC,Damage or destruction of its Facility that results from actual or suspected intentional human action.,Vandalism,0,0,2021,,2021-02-05 09:43:00-06:00,2021-02-05 11:19:00-06:00,1.6
February,02/06/2021,06:50:00,02/06/2021,14:43:00,Ohio: Kentucky:,RF,"Unexpected Transmission loss within its area, contrary to design, of three or more Bulk Electric System Facilities caused by a common disturbance (excluding successful automatic reclosing).",Transmission Interruption,0,0,2021,,2021-02-06 06:50:00-06:00,2021-02-06 14:43:00-06:00,7.883333333333334
February,02/07/2021,06:57:00,02/07/2021,07:34:00,Texas: Cameron County;,TRE,"Physical threat to its Facility excluding weather or natural disaster related threats, which has the potential to degrade the normal operation of the Facility. Or suspicious device or activity at its Facility.",Suspicious Activity,0,0,2021,,2021-02-07 06:57:00-06:00,2021-02-07 07:34:00-06:00,0.6166666666666667
February,02/08/2021,07:04:00,02/08/2021,14:10:00,Minnesota: St. Louis County;,MRO,"Unexpected Transmission loss within its area, contrary to design, of three or more Bulk Electric System Facilities caused by a common disturbance (excluding successful automatic reclosing).",Transmission Interruption,0,0,2021,,2021-02-08 07:04:00-06:00,2021-02-08 14:10:00-06:00,7.1
February,02/08/2021,18:19:00,02/08/2021,18:29:00,New Hampshire: Hillsborough County;,NPCC,Unplanned evacuation from its Bulk Electric System control center facility for 30 continuous minutes or more.,System Operations,0,0,2021,,2021-02-08 18:19:00-06:00,2021-02-08 18:29:00-06:00,0.16666666666666666
February,02/09/2021,13:00:00,02/10/2021,14:21:00,Oregon: Tillamook County;,WECC,Damage or destruction of its Facility that results from actual or suspected intentional human action.,Vandalism,0,0,2021,,2021-02-09 13:00:00-06:00,2021-02-10 14:21:00-06:00,25.35
February,02/09/2021,10:51:00,Unknown,Unknown,North Carolina:,SERC,"Unexpected Transmission loss within its area, contrary to design, of three or more Bulk Electric System Facilities caused by a common disturbance (excluding successful automatic reclosing).",Transmission Interruption,0,0,2021,,2021-02-09 10:51:00-06:00,,
February,02/10/2021,15:00:00,02/23/2021,15:00:00,Texas:,TRE,"Loss of electric service to more than 50,000 customers for 1 hour or more.",Severe Weather,Unknown,2000000,2021,,2021-02-10 15:00:00-06:00,2021-02-23 15:00:00-06:00,312.0
February,02/11/2021,08:30:00,02/22/2021,09:00:00,Illinois: Scott County;,SERC,Fuel supply emergencies that could impact electric power system adequacy or reliability.,Fuel Supply Deficiency,Unknown,Unknown,2021,,2021-02-11 08:30:00-06:00,2021-02-22 09:00:00-06:00,264.5
February,02/11/2021,19:21:00,02/11/2021,21:20:00,Colorado: Morgan County;,WECC,"Unexpected Transmission loss within its area, contrary to design, of three or more Bulk Electric System Facilities caused by a common disturbance (excluding successful automatic reclosing).",Transmission Interruption,0,0,2021,,2021-02-11 19:21:00-06:00,2021-02-11 21:20:00-06:00,1.9833333333333334
February,02/11/2021,13:00:00,Unknown,Unknown,Kansas:,MRO,Fuel supply emergencies that could impact electric power system adequacy or reliability.,Fuel Supply Deficiency,0,0,2021,,2021-02-11 13:00:00-06:00,,
February,02/12/2021,21:00:00,02/20/2021,17:15:00,"Oregon: Clackamas County, Marion County, Polk County, Multnomah County, Washington County, Yamhill County;",WECC,"Loss of electric service to more than 50,000 customers for 1 hour or more.",Severe Weather,Unknown,300187,2021,,2021-02-12 21:00:00-06:00,2021-02-20 17:15:00-06:00,188.25
February,02/12/2021,15:30:00,02/22/2021,07:30:00,Texas:,TRE,Fuel supply emergencies that could impact electric power system adequacy or reliability.,Fuel Supply Deficiency,Unknown,Unknown,2021,,2021-02-12 15:30:00-06:00,2021-02-22 07:30:00-06:00,232.0
February,02/13/2021,09:56:00,02/13/2021,11:01:00,Washington: Lewis County;,WECC,"Loss of electric service to more than 50,000 customers for 1 hour or more.",Severe Weather,164,37583,2021,,2021-02-13 09:56:00-06:00,2021-02-13 11:01:00-06:00,1.0833333333333333
February,02/13/2021,13:30:00,02/20/2021,08:00:00,Texas:,TRE,Public appeal to reduce the use of electricity for purposes of maintaining the continuity of the Bulk Electric System.,Severe Weather,Unknown,Unknown,2021,,2021-02-13 13:30:00-06:00,2021-02-20 08:00:00-06:00,162.5
February,02/13/2021,13:30:00,02/19/2021,21:00:00,West Virginia: Virginia:,RF,"Loss of electric service to more than 50,000 customers for 1 hour or more.",Severe Weather,Unknown,55097,2021,,2021-02-13 13:30:00-06:00,2021-02-19 21:00:00-06:00,151.5
February,02/13/2021,08:32:00,02/14/2021,15:00:00,South Carolina: North Carolina:,SERC,"Loss of electric service to more than 50,000 customers for 1 hour or more.",Severe Weather,Unknown,129000,2021,,2021-02-13 08:32:00-06:00,2021-02-14 15:00:00-06:00,30.466666666666665
February,02/14/2021,08:30:00,02/19/2021,18:00:00,Texas:,TRE,Public appeal to reduce the use of electricity for purposes of maintaining the continuity of the Bulk Electric System.,Severe Weather,7214,Unknown,2021,,2021-02-14 08:30:00-06:00,2021-02-19 18:00:00-06:00,129.5
February,02/14/2021,08:30:00,02/19/2021,18:00:00,Texas:,TRE,Public appeal to reduce the use of electricity for purposes of maintaining the continuity of the Bulk Electric System.,Severe Weather,Unknown,Unknown,2021,,2021-02-14 08:30:00-06:00,2021-02-19 18:00:00-06:00,129.5
February,02/14/2021,05:30:00,02/18/2021,10:00:00,Oklahoma:,MRO,Public appeal to reduce the use of electricity for purposes of maintaining the continuity of the Bulk Electric System.,Severe Weather,Unknown,Unknown,2021,,2021-02-14 05:30:00-06:00,2021-02-18 10:00:00-06:00,100.5
February,02/14/2021,20:21:00,02/18/2021,09:30:00,Arkansas: Louisiana: Texas: Oklahoma:,SERC,Public appeal to reduce the use of electricity for purposes of maintaining the continuity of the Bulk Electric System.,Severe Weather,461,125484,2021,,2021-02-14 20:21:00-06:00,2021-02-18 09:30:00-06:00,85.15
February,02/14/2021,20:00:00,02/18/2021,09:28:00,North Dakota: South Dakota: Nebraska: Kansas: Oklahoma: Texas:,MRO,Firm load shedding of 100 Megawatts or more implemented under emergency operational policy.,Severe Weather,3000,Unknown,2021,,2021-02-14 20:00:00-06:00,2021-02-18 09:28:00-06:00,85.46666666666667
February,02/14/2021,19:05:00,Unknown,Unknown,Missouri: Kansas:,SERC,Public appeal to reduce the use of electricity for purposes of maintaining the continuity of the Bulk Electric System.,Severe Weather,Unknown,Unknown,2021,,2021-02-14 19:05:00-06:00,,
February,02/14/2021,20:32:00,Unknown,Unknown,Nebraska: Lancaster County;,MRO,Public appeal to reduce the use of electricity for purposes of maintaining the continuity of the Bulk Electric System.,Severe Weather,0,0,2021,,2021-02-14 20:32:00-06:00,,
February,02/14/2021,18:00:00,02/16/2021,22:00:00,Missouri: Jasper County;,SERC,Public appeal to reduce the use of electricity for purposes of maintaining the continuity of the Bulk Electric System.,Severe Weather,0,0,2021,,2021-02-14 18:00:00-06:00,2021-02-16 22:00:00-06:00,52.0
February,02/15/2021,01:20:00,02/18/2021,00:42:00,"Texas: Hidalgo County, Cameron County;",TRE,Firm load shedding of 100 Megawatts or more implemented under emergency operational policy.,Severe Weather,Unknown,Unknown,2021,,2021-02-15 01:20:00-06:00,2021-02-18 00:42:00-06:00,71.36666666666666
February,02/15/2021,01:20:00,02/18/2021,00:02:00,Texas: Harris County;,TRE,Firm load shedding of 100 Megawatts or more implemented under emergency operational policy.,Severe Weather,4966,1390000,2021,,2021-02-15 01:20:00-06:00,2021-02-18 00:02:00-06:00,70.7
February,02/15/2021,16:00:00,02/15/2021,18:34:00,Texas: Travis County;,TRE,Complete loss of monitoring or control capability at its staffed Bulk Electric System control center for 30 continuous minutes or more.,System Operations,0,0,2021,,2021-02-15 16:00:00-06:00,2021-02-15 18:34:00-06:00,2.566666666666667
February,02/15/2021,00:00:00,Unknown,Unknown,Texas:,TRE,Firm load shedding of 100 Megawatts or more implemented under emergency operational policy.,Severe Weather,500,Unknown,2021,,2021-02-15 00:00:00-06:00,,
February,02/15/2021,05:36:00,Unknown,Unknown,Texas:,TRE,Firm load shedding of 100 Megawatts or more implemented under emergency operational policy.,Severe Weather,300,Unknown,2021,,2021-02-15 05:36:00-06:00,,
February,02/15/2021,13:00:00,02/20/2021,10:00:00,Texas:,TRE,Firm load shedding of 100 Megawatts or more implemented under emergency operational policy.,Severe Weather,Unknown,175000,2021,,2021-02-15 13:00:00-06:00,2021-02-20 10:00:00-06:00,117.0
February,02/15/2021,01:54:00,02/17/2021,23:56:00,Texas:,TRE,Firm load shedding of 100 Megawatts or more implemented under emergency operational policy.,Severe Weather,524,Unknown,2021,,2021-02-15 01:54:00-06:00,2021-02-17 23:56:00-06:00,70.03333333333333
February,02/15/2021,01:20:00,02/19/2021,09:00:00,Texas:,TRE,Firm load shedding of 100 Megawatts or more implemented under emergency operational policy.,Severe Weather,7214,Unknown,2021,,2021-02-15 01:20:00-06:00,2021-02-19 09:00:00-06:00,103.66666666666667
February,02/15/2021,15:00:00,02/19/2021,10:00:00,Louisiana:,SERC,Public appeal to reduce the use of electricity for purposes of maintaining the continuity of the Bulk Electric System.,Severe Weather,Unknown,Unknown,2021,,2021-02-15 15:00:00-06:00,2021-02-19 10:00:00-06:00,91.0
February,02/15/2021,02:51:00,02/19/2021,09:00:00,Texas: Travis County;,TRE,"Loss of electric service to more than 50,000 customers for 1 hour or more.",Severe Weather,Unknown,219306,2021,,2021-02-15 02:51:00-06:00,2021-02-19 09:00:00-06:00,102.15
February,02/15/2021,01:54:00,02/19/2021,09:00:00,Texas: Travis County;,TRE,Firm load shedding of 100 Megawatts or more implemented under emergency operational policy.,Severe Weather,724,Unknown,2021,,2021-02-15 01:54:00-06:00,2021-02-19 09:00:00-06:00,103.1
February,02/15/2021,03:06:00,Unknown,Unknown,Texas: Bexar County;,TRE,"Loss of electric service to more than 50,000 customers for 1 hour or more.",Severe Weather,Unknown,154000,2021,,2021-02-15 03:06:00-06:00,,
February,02/15/2021,05:27:00,02/18/2021,08:18:00,Texas:,TRE,"Total generation loss, within one minute of: greater than or equal to 2,000 Megawatts in the Eastern or Western Interconnection or greater than or equal to 1,400 Megawatts in the ERCOT Interconnection.",Severe Weather,Unknown,Unknown,2021,,2021-02-15 05:27:00-06:00,2021-02-18 08:18:00-06:00,74.85
February,02/15/2021,01:23:00,02/19/2021,05:30:00,Texas:,TRE,Firm load shedding of 100 Megawatts or more implemented under emergency operational policy.,Severe Weather,Unknown,Unknown,2021,,2021-02-15 01:23:00-06:00,2021-02-19 05:30:00-06:00,100.11666666666666
February,02/15/2021,08:50:00,02/18/2021,09:30:00,Kansas:,MRO,Public appeal to reduce the use of electricity for purposes of maintaining the continuity of the Bulk Electric System.,Severe Weather,Unknown,Unknown,2021,,2021-02-15 08:50:00-06:00,2021-02-18 09:30:00-06:00,72.66666666666667
February,02/15/2021,07:00:00,02/18/2021,09:00:00,Oklahoma:,MRO,Fuel supply emergencies that could impact electric power system adequacy or reliability.,Fuel Supply Deficiency,0,0,2021,,2021-02-15 07:00:00-06:00,2021-02-18 09:00:00-06:00,74.0
February,02/15/2021,19:48:00,02/18/2021,10:30:00,Oklahoma: Kay County;,MRO,Fuel supply emergencies that could impact electric power system adequacy or reliability.,Fuel Supply Deficiency,0,Unknown,2021,,2021-02-15 19:48:00-06:00,2021-02-18 10:30:00-06:00,62.7
February,02/15/2021,10:24:00,02/18/2021,09:52:00,Texas: Lubbock County;,TRE,Public appeal to reduce the use of electricity for purposes of maintaining the continuity of the Bulk Electric System.,Severe Weather,116,29942,2021,,2021-02-15 10:24:00-06:00,2021-02-18 09:52:00-06:00,71.46666666666667
February,02/15/2021,18:00:00,02/15/2021,23:55:00,Texas:,TRE,Public appeal to reduce the use of electricity for purposes of maintaining the continuity of the Bulk Electric System.,Severe Weather,Unknown,Unknown,2021,,2021-02-15 18:00:00-06:00,2021-02-15 23:55:00-06:00,5.916666666666667
February,02/15/2021,05:40:00,02/16/2021,13:11:00,Texas:,TRE,Firm load shedding of 100 Megawatts or more implemented under emergency operational policy.,Severe Weather,800,Unknown,2021,,2021-02-15 05:40:00-06:00,2021-02-16 13:11:00-06:00,31.516666666666666
February,02/15/2021,06:45:00,Unknown,Unknown,Texas: Arkansas:,TRE,"Loss of electric service to more than 50,000 customers for 1 hour or more.",Severe Weather,Unknown,Unknown,2021,,2021-02-15 06:45:00-06:00,,
February,02/15/2021,05:00:00,02/17/2021,16:00:00,Arkansas: Pulaski County;,SERC,Public appeal to reduce the use of electricity for purposes of maintaining the continuity of the Bulk Electric System.,Severe Weather,Unknown,Unknown,2021,,2021-02-15 05:00:00-06:00,2021-02-17 16:00:00-06:00,59.0
February,02/15/2021,17:00:00,02/15/2021,22:59:00,Mississippi:,SERC,Public appeal to reduce the use of electricity for purposes of maintaining the continuity of the Bulk Electric System.,Severe Weather,Unknown,Unknown,2021,,2021-02-15 17:00:00-06:00,2021-02-15 22:59:00-06:00,5.983333333333333
February,02/15/2021,07:52:00,02/17/2021,14:15:00,"Texas: Austin County, Bastrop County, Burleson County, Caldwell County, Colorado County, Fayette County, Gonzales County, Guadalupe County, Hays County, Lee County, Milam County, Travis County, Washington County, Williamson County;",TRE,Firm load shedding of 100 Megawatts or more implemented under emergency operational policy.,Severe Weather,107,25000,2021,,2021-02-15 07:52:00-06:00,2021-02-17 14:15:00-06:00,54.38333333333333
February,02/15/2021,06:51:00,02/16/2021,13:19:00,Oklahoma:,MRO,Firm load shedding of 100 Megawatts or more implemented under emergency operational policy.,Severe Weather,350,200000,2021,,2021-02-15 06:51:00-06:00,2021-02-16 13:19:00-06:00,30.466666666666665
February,02/15/2021,18:00:00,02/15/2021,23:59:00,Louisiana:,SERC,Public appeal to reduce the use of electricity for purposes of maintaining the continuity of the Bulk Electric System.,System Operations,Unknown,Unknown,2021,,2021-02-15 18:00:00-06:00,2021-02-15 23:59:00-06:00,5.983333333333333
February,02/15/2021,18:00:00,02/15/2021,23:59:00,Texas:,TRE,Public appeal to reduce the use of electricity for purposes of maintaining the continuity of the Bulk Electric System.,Severe Weather,Unknown,Unknown,2021,,2021-02-15 18:00:00-06:00,2021-02-15 23:59:00-06:00,5.983333333333333
February,02/15/2021,14:00:00,02/15/2021,18:00:00,Louisiana:,SERC,Fuel supply emergencies that could impact electric power system adequacy or reliability.,Fuel Supply Deficiency,Unknown,Unknown,2021,,2021-02-15 14:00:00-06:00,2021-02-15 18:00:00-06:00,4.0
February,02/15/2021,01:20:00,Unknown,Unknown,Texas:,TRE,"Loss of electric service to more than 50,000 customers for 1 hour or more.",Severe Weather,360,72000,2021,,2021-02-15 01:20:00-06:00,,
February,02/15/2021,12:18:00,02/15/2021,13:22:00,Missouri: Kansas:,SERC,Firm load shedding of 100 Megawatts or more implemented under emergency operational policy.,Severe Weather,Unknown,Unknown,2021,,2021-02-15 12:18:00-06:00,2021-02-15 13:22:00-06:00,1.0666666666666667
February,02/15/2021,10:00:00,Unknown,Unknown,Nebraska: Lancaster County;,MRO,Fuel supply emergencies that could impact electric power system adequacy or reliability.,Fuel Supply Deficiency,613,Unknown,2021,,2021-02-15 10:00:00-06:00,,
February,02/15/2021,09:10:00,Unknown,Unknown,Texas: Randall County;,TRE,Public appeal to reduce the use of electricity for purposes of maintaining the continuity of the Bulk Electric System.,Severe Weather,0,0,2021,,2021-02-15 09:10:00-06:00,,
February,02/15/2021,05:36:00,Unknown,Unknown,Texas:,TRE,Firm load shedding of 100 Megawatts or more implemented under emergency operational policy.,Severe Weather,300,Unknown,2021,,2021-02-15 05:36:00-06:00,,
February,02/15/2021,00:00:00,Unknown,Unknown,Texas:,TRE,Firm load shedding of 100 Megawatts or more implemented under emergency operational policy.,Severe Weather,500,Unknown,2021,,2021-02-15 00:00:00-06:00,,
February,02/16/2021,07:03:00,02/20/2021,22:00:00,Kansas: Missouri:,MRO,Firm load shedding of 100 Megawatts or more implemented under emergency operational policy.,Severe Weather,Unknown,222000,2021,,2021-02-16 07:03:00-06:00,2021-02-20 22:00:00-06:00,110.95
February,02/16/2021,18:19:00,Unknown,Unknown,Arkansas:,SERC,"Unexpected Transmission loss within its area, contrary to design, of three or more Bulk Electric System Facilities caused by a common disturbance (excluding successful automatic reclosing).",Transmission Interruption,Unknown,Unknown,2021,,2021-02-16 18:19:00-06:00,,
February,02/16/2021,17:45:00,02/16/2021,19:15:00,Texas: Travis County;,TRE,Unplanned evacuation from its Bulk Electric System control center facility for 30 continuous minutes or more.,System Operations,0,0,2021,,2021-02-16 17:45:00-06:00,2021-02-16 19:15:00-06:00,1.5
February,02/16/2021,06:48:00,Unknown,Unknown,Louisiana:,SERC,Firm load shedding of 100 Megawatts or more implemented under emergency operational policy.,Severe Weather,360,Unknown,2021,,2021-02-16 06:48:00-06:00,,
February,02/16/2021,18:35:00,02/17/2021,01:00:00,Texas:,TRE,Public appeal to reduce the use of electricity for purposes of maintaining the continuity of the Bulk Electric System.,Fuel Supply Deficiency,Unknown,Unknown,2021,,2021-02-16 18:35:00-06:00,2021-02-17 01:00:00-06:00,6.416666666666667
February,02/16/2021,23:28:00,Unknown,Unknown,Texas:,TRE,Unplanned evacuation from its Bulk Electric System control center facility for 30 continuous minutes or more.,System Operations,0,0,2021,,2021-02-16 23:28:00-06:00,,
February,02/16/2021,16:40:00,02/20/2021,00:00:00,Missouri:,SERC,Public appeal to reduce the use of electricity for purposes of maintaining the continuity of the Bulk Electric System.,Severe Weather,Unknown,Unknown,2021,,2021-02-16 16:40:00-06:00,2021-02-20 00:00:00-06:00,79.33333333333333
February,02/16/2021,17:35:00,02/17/2021,00:00:00,Mississippi:,SERC,Public appeal to reduce the use of electricity for purposes of maintaining the continuity of the Bulk Electric System.,Severe Weather,Unknown,Unknown,2021,,2021-02-16 17:35:00-06:00,2021-02-17 00:00:00-06:00,6.416666666666667
February,02/16/2021,07:20:00,02/16/2021,10:02:00,"Nebraska: Douglas County, Burt County, Washington County, Dodge County, Colfax County, Saunders County, Sarpy County, Cass County, Otoe County, Johnson County, Nemaha County, Pawnee County, Richardson County;",MRO,Firm load shedding of 100 Megawatts or more implemented under emergency operational policy.,Severe Weather,126,81100,2021,,2021-02-16 07:20:00-06:00,2021-02-16 10:02:00-06:00,2.7
February,02/16/2021,05:30:00,02/16/2021,14:00:00,Louisiana: Texas: Illinois:,SERC,Firm load shedding of 100 Megawatts or more implemented under emergency operational policy.,Severe Weather,1420,Unknown,2021,,2021-02-16 05:30:00-06:00,2021-02-16 14:00:00-06:00,8.5
February,02/16/2021,19:43:00,02/16/2021,21:41:00,Louisiana: Arkansas: Texas: Mississippi:,SERC,Firm load shedding of 100 Megawatts or more implemented under emergency operational policy.,Severe Weather,700,Unknown,2021,,2021-02-16 19:43:00-06:00,2021-02-16 21:41:00-06:00,1.9666666666666666
February,02/16/2021,19:40:00,02/17/2021,01:00:00,Texas:,TRE,Firm load shedding of 100 Megawatts or more implemented under emergency operational policy.,Severe Weather,538,Unknown,2021,,2021-02-16 19:40:00-06:00,2021-02-17 01:00:00-06:00,5.333333333333333
February,02/16/2021,07:17:00,02/16/2021,10:08:00,Texas:,TRE,Public appeal to reduce the use of electricity for purposes of maintaining the continuity of the Bulk Electric System.,Severe Weather,168,840000,2021,,2021-02-16 07:17:00-06:00,2021-02-16 10:08:00-06:00,2.85
February,02/16/2021,18:35:00,02/17/2021,01:00:00,Louisiana:,SERC,Public appeal to reduce the use of electricity for purposes of maintaining the continuity of the Bulk Electric System.,System Operations,Unknown,Unknown,2021,,2021-02-16 18:35:00-06:00,2021-02-17 01:00:00-06:00,6.416666666666667
February,02/16/2021,10:20:00,02/16/2021,13:20:00,Oregon: Multnomah County;,WECC,Unplanned evacuation from its Bulk Electric System control center facility for 30 continuous minutes or more.,System Operations,0,0,2021,,2021-02-16 10:20:00-06:00,2021-02-16 13:20:00-06:00,3.0
February,02/16/2021,09:31:00,02/16/2021,10:27:00,Nebraska: Custer County;,MRO,"Unexpected Transmission loss within its area, contrary to design, of three or more Bulk Electric System Facilities caused by a common disturbance (excluding successful automatic reclosing).",Transmission Interruption,31,Unknown,2021,,2021-02-16 09:31:00-06:00,2021-02-16 10:27:00-06:00,0.9333333333333333
February,02/16/2021,17:35:00,02/17/2021,00:00:00,Louisiana: Lafayette Parish;,SERC,Public appeal to reduce the use of electricity for purposes of maintaining the continuity of the Bulk Electric System.,Severe Weather,Unknown,Unknown,2021,,2021-02-16 17:35:00-06:00,2021-02-17 00:00:00-06:00,6.416666666666667
February,02/16/2021,06:24:00,02/16/2021,10:41:00,Louisiana:,SERC,Firm load shedding of 100 Megawatts or more implemented under emergency operational policy.,System Operations,100,18150,2021,,2021-02-16 06:24:00-06:00,2021-02-16 10:41:00-06:00,4.283333333333333
February,02/16/2021,01:00:00,02/16/2021,21:28:00,Kentucky:,SERC,"Loss of electric service to more than 50,000 customers for 1 hour or more.",Severe Weather,Unknown,54167,2021,,2021-02-16 01:00:00-06:00,2021-02-16 21:28:00-06:00,20.466666666666665
February,02/16/2021,06:10:00,Unknown,Unknown,Missouri:,SERC,Firm load shedding of 100 Megawatts or more implemented under emergency operational policy.,Severe Weather/Transmission Interruption,130,Unknown,2021,,2021-02-16 06:10:00-06:00,,
February,02/16/2021,07:00:00,Unknown,Unknown,New Jersey: Pennsylvania: Texas: California: Illinois: Colorado:,RF,Cyber event that could potentially impact electric power system adequacy or reliability.,Cyber Event,Unknown,0,2021,,2021-02-16 07:00:00-06:00,,
February,02/16/2021,07:22:00,02/16/2021,08:00:00,"Louisiana: Allen Parish, St. Landry Parish, Evangeline Parish;",SERC,Firm load shedding of 100 Megawatts or more implemented under emergency operational policy.,Severe Weather,153,Unknown,2021,,2021-02-16 07:22:00-06:00,2021-02-16 08:00:00-06:00,0.6333333333333333
February,02/16/2021,06:48:00,Unknown,Unknown,Louisiana: Texas:,SERC,Firm load shedding of 100 Megawatts or more implemented under emergency operational policy.,Severe Weather,402,Unknown,2021,,2021-02-16 06:48:00-06:00,,
February,02/16/2021,04:26:00,Unknown,Unknown,Texas:,TRE,Firm load shedding of 100 Megawatts or more implemented under emergency operational policy.,Severe Weather,300,Unknown,2021,,2021-02-16 04:26:00-06:00,,
February,02/17/2021,18:00:00,02/17/2021,23:00:00,Louisiana:,SERC,Public appeal to reduce the use of electricity for purposes of maintaining the continuity of the Bulk Electric System.,System Operations,Unknown,Unknown,2021,,2021-02-17 18:00:00-06:00,2021-02-17 23:00:00-06:00,5.0
February,02/17/2021,18:00:00,02/17/2021,23:00:00,Texas:,TRE,Public appeal to reduce the use of electricity for purposes of maintaining the continuity of the Bulk Electric System.,Severe Weather,Unknown,Unknown,2021,,2021-02-17 18:00:00-06:00,2021-02-17 23:00:00-06:00,5.0
February,02/17/2021,09:00:00,02/19/2021,09:00:00,Kansas:,MRO,Fuel supply emergencies that could impact electric power system adequacy or reliability.,Fuel Supply Deficiency,Unknown,Unknown,2021,,2021-02-17 09:00:00-06:00,2021-02-19 09:00:00-06:00,48.0
February,02/17/2021,17:00:00,02/17/2021,22:00:00,Mississippi:,SERC,Public appeal to reduce the use of electricity for purposes of maintaining the continuity of the Bulk Electric System.,Severe Weather,Unknown,Unknown,2021,,2021-02-17 17:00:00-06:00,2021-02-17 22:00:00-06:00,5.0
February,02/17/2021,10:30:00,02/17/2021,18:04:00,North Carolina:,SERC,"Unexpected Transmission loss within its area, contrary to design, of three or more Bulk Electric System Facilities caused by a common disturbance (excluding successful automatic reclosing).",Transmission Interruption,0,0,2021,,2021-02-17 10:30:00-06:00,2021-02-17 18:04:00-06:00,7.566666666666666
February,02/17/2021,17:00:00,02/17/2021,22:00:00,Louisiana: Lafayette Parish;,SERC,Public appeal to reduce the use of electricity for purposes of maintaining the continuity of the Bulk Electric System.,Severe Weather,400,67000,2021,,2021-02-17 17:00:00-06:00,2021-02-17 22:00:00-06:00,5.0
February,02/17/2021,06:38:00,02/17/2021,08:37:00,Texas: Travis County;,TRE,Complete loss of monitoring or control capability at its staffed Bulk Electric System control center for 30 continuous minutes or more.,System Operations,0,0,2021,,2021-02-17 06:38:00-06:00,2021-02-17 08:37:00-06:00,1.9833333333333334
February,02/19/2021,06:48:00,Unknown,Unknown,Louisiana: Texas:,SERC,Firm load shedding of 100 Megawatts or more implemented under emergency operational policy.,Severe Weather,402,Unknown,2021,,2021-02-19 06:48:00-06:00,,
February,02/19/2021,21:00:00,02/20/2021,13:00:00,Texas:,TRE,Cyber event that causes interruptions of electrical system operations.,Cyber Event,Unknown,0,2021,,2021-02-19 21:00:00-06:00,2021-02-20 13:00:00-06:00,16.0
February,02/19/2021,12:01:00,02/19/2021,12:41:00,New York: Broome County;,NPCC,Complete loss of monitoring or control capability at its staffed Bulk Electric System control center for 30 continuous minutes or more.,System Operations,0,0,2021,,2021-02-19 12:01:00-06:00,2021-02-19 12:41:00-06:00,0.6666666666666666
February,02/27/2021,06:02:00,02/27/2021,09:51:00,"Oregon: Multnomah County, Clackamas County;",WECC,Unplanned evacuation from its Bulk Electric System control center facility for 30 continuous minutes or more.,System Operations,Unknown,0,2021,,2021-02-27 06:02:00-06:00,2021-02-27 09:51:00-06:00,3.816666666666667
February,02/28/2021,12:42:00,02/28/2021,13:22:00,Texas:,TRE,Complete loss of monitoring or control capability at its staffed Bulk Electric System control center for 30 continuous minutes or more.,System Operations,0,0,2021,,2021-02-28 12:42:00-06:00,2021-02-28 13:22:00-06:00,0.6666666666666666
March,03/01/2021,10:06:00,03/09/2021,12:00:00,New York: Greene County;,NPCC,Cyber event that could potentially impact electric power system adequacy or reliability.,Cyber Event,0,0,2021,,2021-03-01 10:06:00-06:00,2021-03-09 12:00:00-06:00,193.9
March,03/01/2021,22:45:00,03/02/2021,18:35:00,Connecticut: Massachusetts: New Hampshire: Maine: Rhode Island: Vermont:,NPCC,"Loss of electric service to more than 50,000 customers for 1 hour or more.",Severe Weather,Unknown,69260,2021,,2021-03-01 22:45:00-06:00,2021-03-02 18:35:00-06:00,19.833333333333332
March,03/01/2021,13:06:00,03/01/2021,13:07:00,Texas: Nueces County;,TRE,Damage or destruction of its Facility that results from actual or suspected intentional human action.,Vandalism,0,0,2021,,2021-03-01 13:06:00-06:00,2021-03-01 13:07:00-06:00,0.016666666666666666
March,03/02/2021,13:03:00,03/02/2021,13:38:00,Kentucky:,SERC,Complete loss of monitoring or control capability at its staffed Bulk Electric System control center for 30 continuous minutes or more.,System Operations,0,0,2021,,2021-03-02 13:03:00-06:00,2021-03-02 13:38:00-06:00,0.5833333333333334
March,03/05/2021,14:30:00,03/05/2021,15:00:00,Indiana: Hamilton County;,RF,Complete loss of monitoring or control capability at its staffed Bulk Electric System control center for 30 continuous minutes or more.,System Operations,0,0,2021,,2021-03-05 14:30:00-06:00,2021-03-05 15:00:00-06:00,0.5
March,03/06/2021,03:21:00,03/06/2021,04:07:00,California: Tuolumne County;,WECC,Electrical System Separation (Islanding) where part or parts of power grid remain(s) operational in an otherwise blacked out area or within the partial failure of an integrated electrical system.,Severe Weather,22,24000,2021,,2021-03-06 03:21:00-06:00,2021-03-06 04:07:00-06:00,0.7666666666666667
March,03/08/2021,04:36:00,03/08/2021,04:37:00,Washington: Yakima County;,WECC,Damage or destruction of its Facility that results from actual or suspected intentional human action.,Vandalism,0,0,2021,,2021-03-08 04:36:00-06:00,2021-03-08 04:37:00-06:00,0.016666666666666666
March,03/08/2021,08:54:00,03/08/2021,08:55:00,Oregon: Multnomah County;,WECC,"Physical threat to its Facility excluding weather or natural disaster related threats, which has the potential to degrade the normal operation of the Facility. Or suspicious device or activity at its Facility.",Suspicious Activity,0,0,2021,,2021-03-08 08:54:00-06:00,2021-03-08 08:55:00-06:00,0.016666666666666666
March,03/11/2021,08:10:00,03/11/2021,13:00:00,Washington:,WECC,Damage or destruction of its Facility that results from actual or suspected intentional human action.,Vandalism,0,0,2021,,2021-03-11 08:10:00-06:00,2021-03-11 13:00:00-06:00,4.833333333333333
March,03/17/2021,06:27:00,03/17/2021,08:27:00,Pennsylvania:,RF,"Unexpected Transmission loss within its area, contrary to design, of three or more Bulk Electric System Facilities caused by a common disturbance (excluding successful automatic reclosing).",Transmission Interruption,43,7381,2021,,2021-03-17 06:27:00-05:00,2021-03-17 08:27:00-05:00,2.0
March,03/17/2021,06:15:00,03/18/2021,12:00:00,"Texas: Dallas County, Tarrant County;",TRE,"Loss of electric service to more than 50,000 customers for 1 hour or more.",Severe Weather,Unknown,148000,2021,,2021-03-17 06:15:00-05:00,2021-03-18 12:00:00-05:00,29.75
March,03/18/2021,21:08:00,03/19/2021,22:31:00,Washington: Okanogan County;,WECC,Damage or destruction of its Facility that results from actual or suspected intentional human action.,Vandalism,4,916,2021,,2021-03-18 21:08:00-05:00,2021-03-19 22:31:00-05:00,25.383333333333333
March,03/19/2021,10:30:00,03/19/2021,12:00:00,Louisiana: Lafourche Parish;,SERC,Damage or destruction of its Facility that results from actual or suspected intentional human action.,Vandalism,Unknown,4200,2021,,2021-03-19 10:30:00-05:00,2021-03-19 12:00:00-05:00,1.5
March,03/19/2021,19:11:00,03/19/2021,19:59:00,New Jersey:,RF,Complete loss of monitoring or control capability at its staffed Bulk Electric System control center for 30 continuous minutes or more.,System Operations,Unknown,Unknown,2021,,2021-03-19 19:11:00-05:00,2021-03-19 19:59:00-05:00,0.8
March,03/19/2021,08:59:00,03/19/2021,10:04:00,Maine:,NPCC,Complete loss of monitoring or control capability at its staffed Bulk Electric System control center for 30 continuous minutes or more.,System Operations,0,0,2021,,2021-03-19 08:59:00-05:00,2021-03-19 10:04:00-05:00,1.0833333333333333
March,03/21/2021,04:01:00,03/22/2021,09:37:00,Minnesota: Hennepin County;,MRO,"Physical threat to its Facility excluding weather or natural disaster related threats, which has the potential to degrade the normal operation of the Facility. Or suspicious device or activity at its Facility.",Suspicious Activity,0,0,2021,,2021-03-21 04:01:00-05:00,2021-03-22 09:37:00-05:00,29.6
March,03/29/2021,11:06:00,Unknown,Unknown,Connecticut: Massachusetts: Maine: Vermont: Rhode Island: New Hampshire:,NPCC,"Loss of electric service to more than 50,000 customers for 1 hour or more.",Severe Weather,Unknown,70000,2021,,2021-03-29 11:06:00-05:00,,
March,03/29/2021,10:30:00,Unknown,Unknown,New Mexico:,WECC,Damage or destruction of its Facility that results from actual or suspected intentional human action.,Vandalism,Unknown,0,2021,,2021-03-29 10:30:00-05:00,,
March,03/30/2021,16:18:00,03/30/2021,20:21:00,Texas: Hidalgo County;,TRE,"Unexpected Transmission loss within its area, contrary to design, of three or more Bulk Electric System Facilities caused by a common disturbance (excluding successful automatic reclosing).",Transmission Interruption,0,0,2021,,2021-03-30 16:18:00-05:00,2021-03-30 20:21:00-05:00,4.05
April,04/06/2021,08:49:00,04/06/2021,08:50:00,Florida: Alachua County;,SERC,Physical attack that could potentially impact electric power system adequacy or reliability; or vandalism which targets components of any security systems.,Vandalism,0,0,2021,,2021-04-06 08:49:00-05:00,2021-04-06 08:50:00-05:00,0.016666666666666666
April,04/07/2021,17:42:00,04/07/2021,22:09:00,Ohio: Lake County;,RF,"Physical threat to its Facility excluding weather or natural disaster related threats, which has the potential to degrade the normal operation of the Facility. Or suspicious device or activity at its Facility.",Suspicious Activity,0,0,2021,,2021-04-07 17:42:00-05:00,2021-04-07 22:09:00-05:00,4.45
April,04/07/2021,10:18:00,04/07/2021,11:20:00,Texas:,TRE,Complete loss of monitoring or control capability at its staffed Bulk Electric System control center for 30 continuous minutes or more.,System Operations,0,0,2021,,2021-04-07 10:18:00-05:00,2021-04-07 11:20:00-05:00,1.0333333333333334
April,04/08/2021,04:51:00,04/10/2021,20:00:00,California:,WECC,"Physical threat to its Facility excluding weather or natural disaster related threats, which has the potential to degrade the normal operation of the Facility. Or suspicious device or activity at its Facility.",Suspicious Activity,0,0,2021,,2021-04-08 04:51:00-05:00,2021-04-10 20:00:00-05:00,63.15
April,04/09/2021,13:20:00,04/10/2021,00:40:00,Texas: Denton County;,TRE,Damage or destruction of its Facility that results from actual or suspected intentional human action.,Vandalism,0,0,2021,,2021-04-09 13:20:00-05:00,2021-04-10 00:40:00-05:00,11.333333333333334
April,04/12/2021,00:44:00,04/12/2021,17:45:00,Colorado: Larimer County;,WECC,Damage or destruction of its Facility that results from actual or suspected intentional human action.,Actual Physical Attack,0,0,2021,,2021-04-12 00:44:00-05:00,2021-04-12 17:45:00-05:00,17.016666666666666
April,04/13/2021,09:00:00,04/13/2021,10:00:00,Texas: Cameron County;,TRE,"Physical threat to its Facility excluding weather or natural disaster related threats, which has the potential to degrade the normal operation of the Facility. Or suspicious device or activity at its Facility.",Suspicious Activity,0,0,2021,,2021-04-13 09:00:00-05:00,2021-04-13 10:00:00-05:00,1.0
April,04/13/2021,16:49:00,04/13/2021,20:30:00,Texas:,TRE,Public appeal to reduce the use of electricity for purposes of maintaining the continuity of the Bulk Electric System.,Severe Weather,0,0,2021,,2021-04-13 16:49:00-05:00,2021-04-13 20:30:00-05:00,3.683333333333333
April,04/13/2021,00:37:00,04/13/2021,04:19:00,Wisconsin: Eau Claire County;,MRO,Complete loss of monitoring or control capability at its staffed Bulk Electric System control center for 30 continuous minutes or more.,System Operations,0,0,2021,,2021-04-13 00:37:00-05:00,2021-04-13 04:19:00-05:00,3.7
April,04/14/2021,10:19:00,04/14/2021,11:39:00,District of Columbia: Delaware: Maryland: New Jersey: Pennsylvania:,RF,Complete loss of monitoring or control capability at its staffed Bulk Electric System control center for 30 continuous minutes or more.,System Operations,0,0,2021,,2021-04-14 10:19:00-05:00,2021-04-14 11:39:00-05:00,1.3333333333333333
April,04/21/2021,20:31:00,04/21/2021,21:35:00,Minnesota: Dakota County;,MRO,"Unexpected Transmission loss within its area, contrary to design, of three or more Bulk Electric System Facilities caused by a common disturbance (excluding successful automatic reclosing).",Transmission Interruption,0,0,2021,,2021-04-21 20:31:00-05:00,2021-04-21 21:35:00-05:00,1.0666666666666667
April,04/21/2021,13:13:00,04/21/2021,14:10:00,Texas: Travis County;,TRE,Complete loss of monitoring or control capability at its staffed Bulk Electric System control center for 30 continuous minutes or more.,System Operations,0,0,2021,,2021-04-21 13:13:00-05:00,2021-04-21 14:10:00-05:00,0.95
April,04/22/2021,16:43:00,04/22/2021,17:14:00,Wisconsin: Dane County;,MRO,Complete loss of monitoring or control capability at its staffed Bulk Electric System control center for 30 continuous minutes or more.,System Operations,0,0,2021,,2021-04-22 16:43:00-05:00,2021-04-22 17:14:00-05:00,0.5166666666666667
April,04/22/2021,05:15:00,Unknown,Unknown,California:,WECC,Fuel supply emergencies that could impact electric power system adequacy or reliability.,Fuel Supply Deficiency,0,0,2021,,2021-04-22 05:15:00-05:00,,
April,04/24/2021,22:08:00,04/24/2021,23:41:00,Texas: Cameron County;,TRE,"Physical threat to its Facility excluding weather or natural disaster related threats, which has the potential to degrade the normal operation of the Facility. Or suspicious device or activity at its Facility.",Suspicious Activity,0,0,2021,,2021-04-24 22:08:00-05:00,2021-04-24 23:41:00-05:00,1.55
April,04/24/2021,21:00:00,04/25/2021,10:43:00,Alabama: Calhoun County; Georgia:,SERC,"Loss of electric service to more than 50,000 customers for 1 hour or more.",Severe Weather,137,18860,2021,,2021-04-24 21:00:00-05:00,2021-04-25 10:43:00-05:00,13.716666666666667
April,04/25/2021,08:20:00,Unknown,Unknown,Tennessee: Davidson County;,SERC,Damage or destruction of its Facility that results from actual or suspected intentional human action.,Vandalism,0,0,2021,,2021-04-25 08:20:00-05:00,,
April,04/26/2021,11:18:00,04/26/2021,13:00:00,Maine: Kennebec County;,NPCC,Complete loss of monitoring or control capability at its staffed Bulk Electric System control center for 30 continuous minutes or more.,System Operations,0,0,2021,,2021-04-26 11:18:00-05:00,2021-04-26 13:00:00-05:00,1.7
May,05/02/2021,19:58:00,05/02/2021,20:22:00,New Hampshire: Hillsborough County;,NPCC,Unplanned evacuation from its Bulk Electric System control center facility for 30 continuous minutes or more. ,System Operations,0,0,2021,,2021-05-02 19:58:00-05:00,2021-05-02 20:22:00-05:00,0.4
May,05/03/2021,11:21:00,05/03/2021,11:53:00,Oklahoma: Oklahoma County;,MRO,"Complete loss of monitoring or control capability at its staffed Bulk Electric System control center for 30 
                continuous minutes or more.",System Operations,0,0,2021,,2021-05-03 11:21:00-05:00,2021-05-03 11:53:00-05:00,0.5333333333333333
May,05/03/2021,07:52:00,05/03/2021,07:53:00,South Carolina: Cherokee County;,SERC,"Physical threat to its Facility excluding weather or natural disaster related threats, which has the potential to degrade the normal operation of the Facility. Or suspicious device or activity at its Facility.",Suspicious Activity,0,0,2021,,2021-05-03 07:52:00-05:00,2021-05-03 07:53:00-05:00,0.016666666666666666
May,05/04/2021,15:45:00,05/05/2021,10:00:00,Arkansas:,SERC,"Loss of electric service to more than 50,000 customers for 1 hour or more.",Severe Weather,Unknown,104027,2021,,2021-05-04 15:45:00-05:00,2021-05-05 10:00:00-05:00,18.25
May,05/04/2021,18:06:00,05/05/2021,17:48:00,Mississippi: Alabama: Georgia:,SERC,"Loss of electric service to more than 50,000 customers for 1 hour or more.",Severe Weather,175,24457,2021,,2021-05-04 18:06:00-05:00,2021-05-05 17:48:00-05:00,23.7
May,05/05/2021,11:50:00,05/08/2021,11:50:00,Michigan: Huron County;,RF,Physical attack that could potentially impact electric power system adequacy or reliability; or vandalism which targets components of any security systems.,Vandalism,0,0,2021,,2021-05-05 11:50:00-05:00,2021-05-08 11:50:00-05:00,72.0
May,05/06/2021,17:00:00,05/06/2021,17:15:00,Missouri: Jasper County;,SERC,Public appeal to reduce the use of electricity for purposes of maintaining the continuity of the Bulk Electric System.,System Operations,0,0,2021,,2021-05-06 17:00:00-05:00,2021-05-06 17:15:00-05:00,0.25
May,05/10/2021,02:28:00,05/10/2021,03:21:00,Pennsylvania:,RF,"Complete loss of monitoring or control capability at its staffed Bulk Electric System control center for 30 
                continuous minutes or more.",System Operations,0,0,2021,,2021-05-10 02:28:00-05:00,2021-05-10 03:21:00-05:00,0.8833333333333333
May,05/10/2021,12:17:00,05/10/2021,12:54:00,"Indiana: Vanderburgh County, Warrick County, Posey County, Daviess County, Gibson County, Knox County, Spencer County;",RF,"Complete loss of monitoring or control capability at its staffed Bulk Electric System control center for 30 
                continuous minutes or more.",System Operations,0,0,2021,,2021-05-10 12:17:00-05:00,2021-05-10 12:54:00-05:00,0.6166666666666667
May,05/11/2021,23:01:00,05/12/2021,08:29:00,Texas: Kinney County;,TRE,Physical attack that could potentially impact electric power system adequacy or reliability; or vandalism which targets components of any security systems.,Vandalism,0,0,2021,,2021-05-11 23:01:00-05:00,2021-05-12 08:29:00-05:00,9.466666666666667
May,05/11/2021,09:32:00,05/11/2021,10:38:00,Wisconsin: Iowa:,MRO,"Complete loss of monitoring or control capability at its staffed Bulk Electric System control center for 30 
                continuous minutes or more.",System Operations,0,0,2021,,2021-05-11 09:32:00-05:00,2021-05-11 10:38:00-05:00,1.1
May,05/14/2021,22:00:00,05/17/2021,06:00:00,Idaho:,WECC,Damage or destruction of its Facility that results from actual or suspected intentional human action.,Vandalism,0,0,2021,,2021-05-14 22:00:00-05:00,2021-05-17 06:00:00-05:00,56.0
May,05/14/2021,08:30:00,05/14/2021,16:00:00,Pennsylvania: Montgomery County;,RF,"Physical threat to its Facility excluding weather or natural disaster related threats, which has the potential to degrade the normal operation of the Facility. Or suspicious device or activity at its Facility.",Suspicious Activity,0,0,2021,,2021-05-14 08:30:00-05:00,2021-05-14 16:00:00-05:00,7.5
May,05/18/2021,23:25:00,05/19/2021,20:30:00,Texas: Harris County;,TRE,"Loss of electric service to more than 50,000 customers for 1 hour or more.",Severe Weather,Unknown,125000,2021,,2021-05-18 23:25:00-05:00,2021-05-19 20:30:00-05:00,21.083333333333332
May,05/18/2021,12:15:00,05/18/2021,20:18:00,Delaware: New Castle County;,RF,Damage or destruction of its Facility that results from actual or suspected intentional human action.,Vandalism,0,0,2021,,2021-05-18 12:15:00-05:00,2021-05-18 20:18:00-05:00,8.05
May,05/20/2021,10:06:00,05/20/2021,13:45:00,Florida: Brevard County;,SERC,"Unexpected Transmission loss within its area, contrary to design, of three or more Bulk Electric System Facilities caused by a common disturbance (excluding successful automatic reclosing).",Transmission Interruption,0,35000,2021,,2021-05-20 10:06:00-05:00,2021-05-20 13:45:00-05:00,3.65
May,05/20/2021,07:25:00,05/20/2021,07:26:00,California: Imperial County;,WECC,Physical attack that could potentially impact electric power system adequacy or reliability; or vandalism which targets components of any security systems.,Vandalism,0,0,2021,,2021-05-20 07:25:00-05:00,2021-05-20 07:26:00-05:00,0.016666666666666666
May,05/24/2021,13:14:00,05/24/2021,13:15:00,Utah: San Juan County;,WECC,Physical attack that could potentially impact electric power system adequacy or reliability; or vandalism which targets components of any security systems.,Vandalism,0,0,2021,,2021-05-24 13:14:00-05:00,2021-05-24 13:15:00-05:00,0.016666666666666666
May,05/25/2021,12:56:00,05/25/2021,13:41:00,Ohio:,RF,Unplanned evacuation from its Bulk Electric System control center facility for 30 continuous minutes or more. ,System Operations,0,0,2021,,2021-05-25 12:56:00-05:00,2021-05-25 13:41:00-05:00,0.75
May,05/27/2021,18:51:00,05/28/2021,15:56:00,California: Nevada:,WECC,"Unexpected Transmission loss within its area, contrary to design, of three or more Bulk Electric System Facilities caused by a common disturbance (excluding successful automatic reclosing).",Transmission Interruption,0,0,2021,,2021-05-27 18:51:00-05:00,2021-05-28 15:56:00-05:00,21.083333333333332
May,05/27/2021,00:05:00,05/27/2021,00:45:00,Oregon: Multnomah County;,WECC,Unplanned evacuation from its Bulk Electric System control center facility for 30 continuous minutes or more. ,System Operations,0,0,2021,,2021-05-27 00:05:00-05:00,2021-05-27 00:45:00-05:00,0.6666666666666666
May,05/28/2021,21:24:00,05/28/2021,21:25:00,Florida: Duval County;,SERC,"Unexpected Transmission loss within its area, contrary to design, of three or more Bulk Electric System Facilities caused by a common disturbance (excluding successful automatic reclosing).",Transmission Interruption,1850,10000,2021,,2021-05-28 21:24:00-05:00,2021-05-28 21:25:00-05:00,0.016666666666666666
May,05/28/2021,20:00:00,05/28/2021,21:29:00,California: Riverside County;,WECC,"Physical threat to its Facility excluding weather or natural disaster related threats, which has the potential to degrade the normal operation of the Facility. Or suspicious device or activity at its Facility.",Actual Physical Attack,0,655,2021,,2021-05-28 20:00:00-05:00,2021-05-28 21:29:00-05:00,1.4833333333333334
May,05/28/2021,22:13:00,05/28/2021,23:34:00,Minnesota: St. Louis County;,MRO,Unplanned evacuation from its Bulk Electric System control center facility for 30 continuous minutes or more. ,System Operations,0,0,2021,,2021-05-28 22:13:00-05:00,2021-05-28 23:34:00-05:00,1.35
June,06/06/2021,14:57:00,06/06/2021,16:00:00,Indiana: Clay County;,RF,"Unexpected Transmission loss within its area, contrary to design, of three or more Bulk Electric System Facilities caused by a common disturbance (excluding successful automatic reclosing).",Transmission Interruption,Unknown,0,2021,,2021-06-06 14:57:00-05:00,2021-06-06 16:00:00-05:00,1.05
June,06/07/2021,22:27:00,06/08/2021,00:33:00,Minnesota: North Dakota:,MRO,"Unexpected Transmission loss within its area, contrary to design, of three or more Bulk Electric System Facilities caused by a common disturbance (excluding successful automatic reclosing).",Severe Weather/Transmission Interruption,23,1,2021,,2021-06-07 22:27:00-05:00,2021-06-08 00:33:00-05:00,2.1
June,06/07/2021,13:26:00,06/07/2021,13:27:00,"Texas: Somervell County, Ellis County;",TRE,"Total generation loss, within one minute of: greater than or equal to 2,000 Megawatts in the Eastern or Western Interconnection or greater than or equal to 1,400 Megawatts in the ERCOT Interconnection.",Generation Inadequacy,1435,0,2021,,2021-06-07 13:26:00-05:00,2021-06-07 13:27:00-05:00,0.016666666666666666
June,06/07/2021,15:19:00,06/07/2021,18:22:00,New Mexico: San Juan County;,WECC,Complete loss of monitoring or control capability at its staffed Bulk Electric System control center for 30 continuous minutes or more.,System Operations,0,0,2021,,2021-06-07 15:19:00-05:00,2021-06-07 18:22:00-05:00,3.05
June,06/08/2021,15:00:00,06/08/2021,15:01:00,Texas: Liberty County;,TRE,Damage or destruction of its Facility that results from actual or suspected intentional human action.,Vandalism,0,0,2021,,2021-06-08 15:00:00-05:00,2021-06-08 15:01:00-05:00,0.016666666666666666
June,06/09/2021,19:09:00,06/09/2021,20:50:00,New Mexico: San Juan County;,WECC,Complete loss of monitoring or control capability at its staffed Bulk Electric System control center for 30 continuous minutes or more.,System Operations,0,0,2021,,2021-06-09 19:09:00-05:00,2021-06-09 20:50:00-05:00,1.6833333333333333
June,06/10/2021,22:28:00,06/10/2021,23:07:00,Kansas: Wyandotte County;,MRO,"Unexpected Transmission loss within its area, contrary to design, of three or more Bulk Electric System Facilities caused by a common disturbance (excluding successful automatic reclosing).",Transmission Interruption,90,9800,2021,,2021-06-10 22:28:00-05:00,2021-06-10 23:07:00-05:00,0.65
June,06/11/2021,03:26:00,06/11/2021,03:48:00,South Dakota: Brown County;,MRO,"Unexpected Transmission loss within its area, contrary to design, of three or more Bulk Electric System Facilities caused by a common disturbance (excluding successful automatic reclosing).",Severe Weather/Transmission Interruption,0,0,2021,,2021-06-11 03:26:00-05:00,2021-06-11 03:48:00-05:00,0.36666666666666664
June,06/14/2021,12:55:00,06/18/2021,19:00:00,Texas:,TRE,Public appeal to reduce the use of electricity for purposes of maintaining the continuity of the Bulk Electric System.,System Operations,Unknown,Unknown,2021,,2021-06-14 12:55:00-05:00,2021-06-18 19:00:00-05:00,102.08333333333333
June,06/14/2021,12:15:00,06/18/2021,19:00:00,Texas:,TRE,Public appeal to reduce the use of electricity for purposes of maintaining the continuity of the Bulk Electric System.,System Operations,Unknown,Unknown,2021,,2021-06-14 12:15:00-05:00,2021-06-18 19:00:00-05:00,102.75
June,06/14/2021,02:10:00,06/14/2021,02:11:00,Utah: Salt Lake County;,WECC,"Physical threat to its Facility excluding weather or natural disaster related threats, which has the potential to degrade the normal operation of the Facility. Or suspicious device or activity at its Facility.",Suspicious Activity,0,0,2021,,2021-06-14 02:10:00-05:00,2021-06-14 02:11:00-05:00,0.016666666666666666
June,06/15/2021,11:55:00,06/15/2021,21:17:00,Texas:,TRE,Cyber event that could potentially impact electric power system adequacy or reliability.,Cyber Event,Unknown,Unknown,2021,,2021-06-15 11:55:00-05:00,2021-06-15 21:17:00-05:00,9.366666666666667
June,06/15/2021,11:30:00,06/15/2021,13:35:00,Kansas: Wyandotte County;,MRO,Complete loss of monitoring or control capability at its staffed Bulk Electric System control center for 30 continuous minutes or more.,System Operations,0,0,2021,,2021-06-15 11:30:00-05:00,2021-06-15 13:35:00-05:00,2.0833333333333335
June,06/16/2021,10:40:00,06/16/2021,10:43:00,Louisiana: West Baton Rouge Parish;,SERC,"Unexpected Transmission loss within its area, contrary to design, of three or more Bulk Electric System Facilities caused by a common disturbance (excluding successful automatic reclosing).",Transmission Interruption,7,1841,2021,,2021-06-16 10:40:00-05:00,2021-06-16 10:43:00-05:00,0.05
June,06/16/2021,04:10:00,06/16/2021,06:39:00,Maine:,NPCC,Complete loss of monitoring or control capability at its staffed Bulk Electric System control center for 30 continuous minutes or more.,System Operations,0,0,2021,,2021-06-16 04:10:00-05:00,2021-06-16 06:39:00-05:00,2.4833333333333334
June,06/16/2021,10:25:00,06/16/2021,15:16:00,Florida: Alachua County;,SERC,Physical attack that could potentially impact electric power system adequacy or reliability; or vandalism which targets components of any security systems.,Vandalism,0,0,2021,,2021-06-16 10:25:00-05:00,2021-06-16 15:16:00-05:00,4.85
June,06/19/2021,18:54:00,06/19/2021,21:01:00,California: Alameda County;,WECC,"Loss of electric service to more than 50,000 customers for 1 hour or more.",System Operations,93,51806,2021,,2021-06-19 18:54:00-05:00,2021-06-19 21:01:00-05:00,2.1166666666666667
June,06/21/2021,15:50:00,06/21/2021,16:50:00,Arkansas: Benton County;,SERC,"Physical threat to its Facility excluding weather or natural disaster related threats, which has the potential to degrade the normal operation of the Facility. Or suspicious device or activity at its Facility.",Suspicious Activity,0,0,2021,,2021-06-21 15:50:00-05:00,2021-06-21 16:50:00-05:00,1.0
June,06/21/2021,05:14:00,06/21/2021,19:00:00,Michigan:,RF,"Loss of electric service to more than 50,000 customers for 1 hour or more.",Severe Weather,Unknown,151852,2021,,2021-06-21 05:14:00-05:00,2021-06-21 19:00:00-05:00,13.766666666666667
June,06/23/2021,15:47:00,06/23/2021,16:44:00,Missouri: Boone County;,SERC,Complete loss of monitoring or control capability at its staffed Bulk Electric System control center for 30 continuous minutes or more.,System Operations,0,0,2021,,2021-06-23 15:47:00-05:00,2021-06-23 16:44:00-05:00,0.95
June,06/24/2021,03:34:00,06/24/2021,05:07:00,California: Plumas County;,WECC,Electrical System Separation (Islanding) where part or parts of a power grid remain(s) operational in an otherwise blacked out area or within the partial failure of an integrated electrical system.,Transmission Interruption,36,7621,2021,,2021-06-24 03:34:00-05:00,2021-06-24 05:07:00-05:00,1.55
June,06/24/2021,07:07:00,06/24/2021,13:48:00,Washington: Kittitas County;,SERC,Damage or destruction of its Facility that results from actual or suspected intentional human action.,Vandalism,0,0,2021,,2021-06-24 07:07:00-05:00,2021-06-24 13:48:00-05:00,6.683333333333334
June,06/27/2021,20:10:00,06/27/2021,21:30:00,North Dakota: Morton County;,MRO,Damage or destruction of its Facility that results from actual or suspected intentional human action.,Vandalism,4,1003,2021,,2021-06-27 20:10:00-05:00,2021-06-27 21:30:00-05:00,1.3333333333333333
June,06/27/2021,02:27:00,06/27/2021,03:30:00,New York: Jefferson County;,NPCC,Damage or destruction of its Facility that results from actual or suspected intentional human action.,Vandalism,Unknown,982,2021,,2021-06-27 02:27:00-05:00,2021-06-27 03:30:00-05:00,1.05
June,06/28/2021,13:20:00,Unknown,Unknown,"Washington: Spokane County, Stevens County, Lincoln County, Adams County, Whitman County; Idaho: Kootenai County, Bonner County, Shoshone County, Boundary County, Benewah County, Latah County, Nez Perce County;",WECC,Public appeal to reduce the use of electricity for purposes of maintaining the continuity of the Bulk Electric System.,Severe Weather,44,Unknown,2021,,2021-06-28 13:20:00-05:00,,
June,06/28/2021,11:22:00,Unknown,Unknown,North Carolina:,SERC,"Unexpected Transmission loss within its area, contrary to design, of three or more Bulk Electric System Facilities caused by a common disturbance (excluding successful automatic reclosing).",Transmission Interruption,0,0,2021,,2021-06-28 11:22:00-05:00,,
June,06/29/2021,16:00:00,Unknown,Unknown,"Michigan: Oakland County, Macomb County, Wayne County;",RF,"Loss of electric service to more than 50,000 customers for 1 hour or more.",Severe Weather,Unknown,53000,2021,,2021-06-29 16:00:00-05:00,,
June,06/30/2021,18:50:00,Unknown,Unknown,Connecticut: Massachusetts: Rhode Island: Vermont: New Hampshire: Maine:,NPCC,"Loss of electric service to more than 50,000 customers for 1 hour or more.",Severe Weather,Unknown,53103,2021,,2021-06-30 18:50:00-05:00,,
July,07/03/2021,23:08:00,07/04/2021,02:16:00,New Mexico: Bernalillo County;,WECC,Damage or destruction of its Facility that results from actual or suspected intentional human action. - 17. Facility Physical Threat,Vandalism,45,34509,2021,,2021-07-03 23:08:00-05:00,2021-07-04 02:16:00-05:00,3.1333333333333333
July,07/04/2021,15:33:00,07/04/2021,20:32:00,Washington: Chelan County;,WECC,"Unexpected Transmission loss within its area, contrary to design, of three or more Bulk Electric System Facilities caused by a common disturbance (excluding successful automatic reclosing).",Natural Disaster,0,0,2021,,2021-07-04 15:33:00-05:00,2021-07-04 20:32:00-05:00,4.983333333333333
July,07/05/2021,05:32:00,07/05/2021,08:58:00,New York:,NPCC,"Unexpected Transmission loss within its area, contrary to design, of three or more Bulk Electric System Facilities caused by a common disturbance (excluding successful automatic reclosing).",Transmission Interruption,0,0,2021,,2021-07-05 05:32:00-05:00,2021-07-05 08:58:00-05:00,3.433333333333333
July,07/05/2021,14:04:00,07/05/2021,14:41:00,Ohio: Kentucky:,RF/SERC,Unplanned evacuation from its Bulk Electric System control center facility for 30 continuous minutes or more.,Transmission Interruption,0,0,2021,,2021-07-05 14:04:00-05:00,2021-07-05 14:41:00-05:00,0.6166666666666667
July,07/06/2021,19:41:00,07/06/2021,21:50:00,Ohio:,RF,"Loss of electric service to more than 50,000 customers for 1 hour or more",Severe Weather/Transmisison Interruption,Unknown,136827,2021,,2021-07-06 19:41:00-05:00,2021-07-06 21:50:00-05:00,2.15
July,07/07/2021,00:02:00,07/07/2021,00:20:00,Florida: Polk County;,SERC,"Unexpected Transmission loss within its area, contrary to design, of three or more Bulk Electric System Facilities caused by a common disturbance (excluding successful automatic reclosing).",Transmission Interruption,450,0,2021,,2021-07-07 00:02:00-05:00,2021-07-07 00:20:00-05:00,0.3
July,07/07/2021,15:30:00,Unknown,Unknown,"Michigan: Macomb County, Oakland County, Monroe County, Livingston County, St. Clair County, Washtenaw County, Wayne County;",RF,"Loss of electric service to more than 50,000 customers for 1 hour or more",Severe Weather,Unknown,90000,2021,,2021-07-07 15:30:00-05:00,,
July,07/08/2021,17:01:00,07/08/2021,17:24:00,New York:,NPCC,"Unexpected Transmission loss within its area, contrary to design, of three or more Bulk Electric System Facilities caused by a common disturbance (excluding successful automatic reclosing).",Severe Weather/Transmisison Interruption,0,0,2021,,2021-07-08 17:01:00-05:00,2021-07-08 17:24:00-05:00,0.38333333333333336
July,07/08/2021,20:29:00,07/08/2021,20:33:00,North Dakota: Stark County;,MRO,"Unexpected Transmission loss within its area, contrary to design, of three or more Bulk Electric System Facilities caused by a common disturbance (excluding successful automatic reclosing).",Severe Weather/Transmisison Interruption,88,0,2021,,2021-07-08 20:29:00-05:00,2021-07-08 20:33:00-05:00,0.06666666666666667
July,07/09/2021,17:44:00,07/09/2021,21:05:00,California:,WECC,Public appeal to reduce the use of electricity for purposes of maintaining the continuity of the Bulk Electric System,Fuel Supply Deficiency,810,Unknown,2021,,2021-07-09 17:44:00-05:00,2021-07-09 21:05:00-05:00,3.35
July,07/09/2021,20:25:00,07/10/2021,21:00:00,California: Shasta County;,WECC,Public appeal to reduce the use of electricity for purposes of maintaining the continuity of the Bulk Electric System,Severe Weather,230,47000,2021,,2021-07-09 20:25:00-05:00,2021-07-10 21:00:00-05:00,24.583333333333332
July,07/10/2021,00:30:00,07/10/2021,05:00:00,Nebraska: Missouri:,MRO/SERC,"Loss of electric service to more than 50,000 customers for 1 hour or more",Severe Weather/Transmisison Interruption,Unknown,211500,2021,,2021-07-10 00:30:00-05:00,2021-07-10 05:00:00-05:00,4.5
July,07/10/2021,00:00:00,07/11/2021,16:00:00,Nebraska:,MRO,"Loss of electric service to more than 50,000 customers for 1 hour or more",Severe Weather,Unknown,188000,2021,,2021-07-10 00:00:00-05:00,2021-07-11 16:00:00-05:00,40.0
July,07/10/2021,01:55:00,07/10/2021,01:56:00,Missouri:,SERC,"Loss of electric service to more than 50,000 customers for 1 hour or more",Severe Weather,Unknown,52000,2021,,2021-07-10 01:55:00-05:00,2021-07-10 01:56:00-05:00,0.016666666666666666
July,07/10/2021,18:00:00,07/10/2021,21:00:00,"Nevada: Clark County, Washoe County;",WECC,Public appeal to reduce the use of electricity for purposes of maintaining the continuity of the Bulk Electric System,Transmission Interruption,9000,1300000,2021,,2021-07-10 18:00:00-05:00,2021-07-10 21:00:00-05:00,3.0
July,07/10/2021,00:30:00,07/10/2021,05:00:00,Missouri: Nebraska:,MRO/SERC,"Loss of electric service to more than 50,000 customers for 1 hour or more",Severe Weather/Transmisison Interruption,Unknown,212500,2021,,2021-07-10 00:30:00-05:00,2021-07-10 05:00:00-05:00,4.5
July,07/11/2021,18:00:00,07/11/2021,21:00:00,"Nevada: Clark County, Washoe County;",WECC,Public appeal to reduce the use of electricity for purposes of maintaining the continuity of the Bulk Electric System,Transmission Interruption,9000,1300000,2021,,2021-07-11 18:00:00-05:00,2021-07-11 21:00:00-05:00,3.0
July,07/12/2021,15:51:00,07/13/2021,17:00:00,Colorado: Pueblo County;,WECC,Damage or destruction of its Facility that results from actual or suspected intentional human action.,Sabotage,0,0,2021,,2021-07-12 15:51:00-05:00,2021-07-13 17:00:00-05:00,25.15
July,07/14/2021,14:15:00,07/14/2021,14:16:00,California: Plumas County;,WECC,Electrical System Separation (Islanding) where part or parts of a power grid remain(s) operational in an otherwise blacked out area or within the partial failure of an integrated electrical system,Severe Weather/Transmisison Interruption,35,11000,2021,,2021-07-14 14:15:00-05:00,2021-07-14 14:16:00-05:00,0.016666666666666666
July,07/18/2021,04:00:00,07/18/2021,09:46:00,Illinois: Cook County;,RF,"Unexpected Transmission loss within its area, contrary to design, of three or more Bulk Electric System Facilities caused by a common disturbance (excluding successful automatic reclosing).",Transmission Interruption,0,0,2021,,2021-07-18 04:00:00-05:00,2021-07-18 09:46:00-05:00,5.766666666666667
July,07/20/2021,16:21:00,07/20/2021,17:00:00,Ohio:,RF,Complete loss of monitoring or control capability at its staffed Bulk Electric System control center for 30 continuous minutes or more.,System Operations,0,0,2021,,2021-07-20 16:21:00-05:00,2021-07-20 17:00:00-05:00,0.65
July,07/21/2021,14:45:00,07/22/2021,12:00:00,"Pennsylvania: Bucks County, Chester County, Delaware County, Montgomery County, Philadelphia County, York County;",RF,"Loss of electric service to more than 50,000 customers for 1 hour or more",Severe Weather,Unknown,81503,2021,,2021-07-21 14:45:00-05:00,2021-07-22 12:00:00-05:00,21.25
July,07/22/2021,14:00:00,07/22/2021,14:40:00,California: Shasta County;,WECC,Complete loss of monitoring or control capability at its staffed Bulk Electric System control center for 30 continuous minutes or more.,System Operations,220,0,2021,,2021-07-22 14:00:00-05:00,2021-07-22 14:40:00-05:00,0.6666666666666666
July,07/23/2021,08:09:00,07/23/2021,08:30:00,Minnesota: Hennepin County;,MRO/RF,"Unexpected Transmission loss within its area, contrary to design, of three or more Bulk Electric System Facilities caused by a common disturbance (excluding successful automatic reclosing).",System Operations,15,3500,2021,,2021-07-23 08:09:00-05:00,2021-07-23 08:30:00-05:00,0.35
July,07/23/2021,08:20:00,07/23/2021,10:45:00,Virginia: West Virginia:,RF/SERC,Complete loss of monitoring or control capability at its staffed Bulk Electric System control center for 30 continuous minutes or more.,System Operations,0,0,2021,,2021-07-23 08:20:00-05:00,2021-07-23 10:45:00-05:00,2.4166666666666665
July,07/24/2021,20:30:00,Unknown,Unknown,"Michigan: Wayne County, Oakland County, Livingston County, Macomb County;",RF,"Loss of electric service to more than 50,000 customers for 1 hour or more",Severe Weather,Unknown,225949,2021,,2021-07-24 20:30:00-05:00,,
July,07/26/2021,07:54:00,Unknown,Unknown,Nevada: Clark County;,WECC,Damage or destruction of its Facility that results from actual or suspected intentional human action.,Vandalism,0,0,2021,,2021-07-26 07:54:00-05:00,,
July,07/28/2021,12:54:00,07/28/2021,15:42:00,Maine:,NPCC,Complete loss of monitoring or control capability at its staffed Bulk Electric System control center for 30 continuous minutes or more.,System Operations,0,0,2021,,2021-07-28 12:54:00-05:00,2021-07-28 15:42:00-05:00,2.8
July,07/30/2021,08:02:00,07/30/2021,09:34:00,Wisconsin:,MRO,Complete loss of monitoring or control capability at its staffed Bulk Electric System control center for 30 continuous minutes or more.,Cyber Event,0,0,2021,,2021-07-30 08:02:00-05:00,2021-07-30 09:34:00-05:00,1.5333333333333334
August,08/01/2021,09:00:00,08/04/2021,09:00:00,Nevada: Clark County;,WECC,Physical attack that could potentially impact electric power system adequacy or reliability; or vandalism which targets components of any security systems,Vandalism,0,0,2021,,2021-08-01 09:00:00-05:00,2021-08-04 09:00:00-05:00,72.0
August,08/01/2021,23:37:00,08/02/2021,00:00:00,"California: Humboldt County, Trinity County;",WECC,Electrical System Separation (Islanding) where part or parts of a power grid remain(s) operational in an otherwise blacked out area or within the partial failure of an integrated electrical system,Severe Weather,95,65888,2021,,2021-08-01 23:37:00-05:00,2021-08-02 00:00:00-05:00,0.38333333333333336
August,08/02/2021,06:23:00,08/02/2021,15:55:00,Texas: Hays County;,TRE,"Unexpected Transmission loss within its area, contrary to design, of three or more Bulk Electric System Facilities caused by a common disturbance (excluding successful automatic reclosing).",Severe Weather/Transmission Interruption,43,19000,2021,,2021-08-02 06:23:00-05:00,2021-08-02 15:55:00-05:00,9.533333333333333
August,08/02/2021,00:18:00,08/02/2021,10:47:00,Texas: Hays County;,TRE,"Unexpected Transmission loss within its area, contrary to design, of three or more Bulk Electric System Facilities caused by a common disturbance (excluding successful automatic reclosing).",Severe Weather/Transmission Interruption,24,9400,2021,,2021-08-02 00:18:00-05:00,2021-08-02 10:47:00-05:00,10.483333333333333
August,08/03/2021,07:05:00,08/03/2021,07:32:00,Texas: Cameron County;,TRE,"Physical threat to its Facility excluding weather or natural disaster related threats, which has the potential to degrade the normal operation of the Facility. Or suspicious device or activity at its Facility.",Suspicious Activity,0,0,2021,,2021-08-03 07:05:00-05:00,2021-08-03 07:32:00-05:00,0.45
August,08/03/2021,04:35:00,08/03/2021,05:28:00,Oregon: Linn County;,WECC,"Unexpected Transmission loss within its area, contrary to design, of three or more Bulk Electric System Facilities caused by a common disturbance (excluding successful automatic reclosing).",System Operations,4,Unknown,2021,,2021-08-03 04:35:00-05:00,2021-08-03 05:28:00-05:00,0.8833333333333333
August,08/10/2021,22:30:00,08/13/2021,16:38:00,"Michigan: Allegan County, Antrim County, Barry County, Benzie County, Branch County, Calhoun County, Clare County, Clinton County, Crawford County, Eaton County, Genesee County, Gladwin County, Grand Traverse County, Gratiot County, Hillsdale County, Ingham County, Ionia County, Isabella County, Jackson County, Kalamazoo County, Kalkaska County, Kent County, Lake County, Leelanau County, Manistee County, Mason County, Mecosta County, Midland County, Missaukee County, Montcalm County, Muskegon County, Newaygo County, Oakland County, Oceana County, Ogemaw County, Osceola County, Oscoda County, Otsego County, Ottawa County, Roscommon County, Saginaw County, Shiawassee County, St. Joseph County, Van Buren County, Wexford County;",RF,"Loss of electric service to more than 50,000 customers for 1 hour or more",Severe Weather,Unknown,372600,2021,,2021-08-10 22:30:00-05:00,2021-08-13 16:38:00-05:00,66.13333333333334
August,08/10/2021,20:30:00,08/11/2021,19:00:00,Illinois:,RF/SERC,"Loss of electric service to more than 50,000 customers for 1 hour or more",Severe Weather,Unknown,318761,2021,,2021-08-10 20:30:00-05:00,2021-08-11 19:00:00-05:00,22.5
August,08/10/2021,20:00:00,Unknown,Unknown,"Wisconsin: Waukesha County, Milwaukee County, Kenosha County, Racine County, Washington County, Ozaukee County;",RF/SERC,"Loss of electric service to more than 50,000 customers for 1 hour or more",Severe Weather,Unknown,233000,2021,,2021-08-10 20:00:00-05:00,,
August,08/11/2021,15:35:00,Unknown,Unknown,"Michigan: Huron County, Macomb County, Lapeer County, Macomb County, Monroe County, Oakland County, St. Clair County, Tuscola County, Wayne County, Washtenaw County, Livingston County;",RF,"Loss of electric service to more than 50,000 customers for 1 hour or more",Severe Weather,Unknown,700000,2021,,2021-08-11 15:35:00-05:00,,
August,08/11/2021,19:12:00,08/11/2021,21:49:00,Ohio:,RF,"Loss of electric service to more than 50,000 customers for 1 hour or more",Severe Weather,Unknown,92109,2021,,2021-08-11 19:12:00-05:00,2021-08-11 21:49:00-05:00,2.6166666666666667
August,08/12/2021,18:57:00,08/13/2021,06:00:00,Illinois: Missouri:,RF/SERC,"Loss of electric service to more than 50,000 customers for 1 hour or more",Severe Weather,Unknown,101000,2021,,2021-08-12 18:57:00-05:00,2021-08-13 06:00:00-05:00,11.05
August,08/12/2021,22:03:00,08/12/2021,22:44:00,Massachusetts:,NPCC,Unplanned evacuation from its Bulk Electric System control center facility for 30 continuous minutes or more.,System Operations,0,0,2021,,2021-08-12 22:03:00-05:00,2021-08-12 22:44:00-05:00,0.6833333333333333
August,08/15/2021,17:17:00,08/16/2021,03:30:00,California: Solano County;,WECC,Physical attack that could potentially impact electric power system adequacy or reliability; or vandalism which targets components of any security systems,Actual Physical Attack,0,0,2021,,2021-08-15 17:17:00-05:00,2021-08-16 03:30:00-05:00,10.216666666666667
August,08/16/2021,16:11:00,08/16/2021,16:31:00,Montana: Flathead County;,WECC,Damage or destruction of its Facility that results from actual or suspected intentional human action.,Vandalism,0,0,2021,,2021-08-16 16:11:00-05:00,2021-08-16 16:31:00-05:00,0.3333333333333333
August,08/17/2021,19:15:00,08/18/2021,17:45:00,"California: Butte County, Colusa County, Glenn County, Lake County, Lassen County, Mendocino County, Napa County, Plumas County, Shasta County, Sierra County, Solano County, Sonoma County, Tehama County, Trinity County, Yolo County;",WECC,"Loss of electric service to more than 50,000 customers for 1 hour or more",Severe Weather,234,71000,2021,,2021-08-17 19:15:00-05:00,2021-08-18 17:45:00-05:00,22.5
August,08/17/2021,14:00:00,08/18/2021,14:00:00,California: Kern County;,WECC,Damage or destruction of its Facility that results from actual or suspected intentional human action.,Vandalism,Unknown,0,2021,,2021-08-17 14:00:00-05:00,2021-08-18 14:00:00-05:00,24.0
August,08/18/2021,11:40:00,08/18/2021,12:13:00,Texas:,TRE,Complete loss of monitoring or control capability at its staffed Bulk Electric System control center for 30 continuous minutes or more.,System Operations,0,0,2021,,2021-08-18 11:40:00-05:00,2021-08-18 12:13:00-05:00,0.55
August,08/20/2021,15:35:00,08/20/2021,16:35:00,California: Nevada County;,WECC,Damage or destruction of its Facility that results from actual or suspected intentional human action.,Vandalism,0,0,2021,,2021-08-20 15:35:00-05:00,2021-08-20 16:35:00-05:00,1.0
August,08/20/2021,02:00:00,08/20/2021,03:00:00,Oregon: Washington: Idaho: Utah: Salt Lake County; Wyoming:,WECC,"Physical threat to its Facility excluding weather or natural disaster related threats, which has the potential to degrade the normal operation of the Facility. Or suspicious device or activity at its Facility.",Vandalism,0,0,2021,,2021-08-20 02:00:00-05:00,2021-08-20 03:00:00-05:00,1.0
August,08/21/2021,10:14:00,08/21/2021,10:52:00,Idaho: Elmore County;,WECC,Electrical System Separation (Islanding) where part or parts of a power grid remain(s) operational in an otherwise blacked out area or within the partial failure of an integrated electrical system,Severe Weather,0,418,2021,,2021-08-21 10:14:00-05:00,2021-08-21 10:52:00-05:00,0.6333333333333333
August,08/22/2021,12:11:00,08/23/2021,16:30:00,Connecticut: Massachusetts: Maine: Rhode Island: Vermont:,NPCC,"Loss of electric service to more than 50,000 customers for 1 hour or more",Severe Weather,Unknown,28134,2021,,2021-08-22 12:11:00-05:00,2021-08-23 16:30:00-05:00,28.316666666666666
August,08/24/2021,21:37:00,Unknown,Unknown,"Michigan: Huron County, Lapeer County, Macomb County, Monroe County, Oakland County, St. Clair County, Wayne County, Washtenaw County;",RF,"Loss of electric service to more than 50,000 customers for 1 hour or more",Severe Weather,Unknown,65000,2021,,2021-08-24 21:37:00-05:00,,
August,08/24/2021,17:00:00,08/26/2021,14:07:00,"Michigan: Arenac County, Bay County, Clare County, Genesee County, Gladwin County, Gratiot County, Isabella County, Iosco County, Kalamazoo County, Kent County, Barry County, Missaukee County, Montcalm County, Muskegon County, Newaygo County, Mecosta County, Midland County, Saginaw County, Ottawa County, Van Buren County;",RF,"Loss of electric service to more than 50,000 customers for 1 hour or more",Severe Weather,Unknown,84987,2021,,2021-08-24 17:00:00-05:00,2021-08-26 14:07:00-05:00,45.11666666666667
August,08/27/2021,06:16:00,08/27/2021,10:14:00,Arkansas: Pulaski County;,SERC,"Physical threat to its Facility excluding weather or natural disaster related threats, which has the potential to degrade the normal operation of the Facility. Or suspicious device or activity at its Facility.",Suspicious Activity,0,0,2021,,2021-08-27 06:16:00-05:00,2021-08-27 10:14:00-05:00,3.966666666666667
August,08/29/2021,11:30:00,Unknown,Unknown,Louisiana:,SERC,"Loss of electric service to more than 50,000 customers for 1 hour or more",Severe Weather,Unknown,Unknown,2021,,2021-08-29 11:30:00-05:00,,
August,08/29/2021,18:04:00,08/31/2021,22:36:00,Louisiana: St. Charles Parish;,SERC,Complete loss of off-site power (LOOP) affecting a nuclear generating station per the Nuclear Plant Interface Requirements.,Severe Weather,Unknown,Unknown,2021,,2021-08-29 18:04:00-05:00,2021-08-31 22:36:00-05:00,52.53333333333333
August,08/29/2021,18:00:00,09/03/2021,13:41:00,Louisiana:,SERC,"Loss of electric service to more than 50,000 customers for 1 hour or more",Severe Weather,Unknown,91315,2021,,2021-08-29 18:00:00-05:00,2021-09-03 13:41:00-05:00,115.68333333333334
August,08/29/2021,22:39:00,09/03/2021,08:38:00,Louisiana:,SERC,"Loss of electric service to more than 50,000 customers for 1 hour or more",Severe Weather,Unknown,50000,2021,,2021-08-29 22:39:00-05:00,2021-09-03 08:38:00-05:00,105.98333333333333
August,08/29/2021,20:25:00,Unknown,Unknown,New York:,NPCC,"Unexpected Transmission loss within its area, contrary to design, of three or more Bulk Electric System Facilities caused by a common disturbance (excluding successful automatic reclosing).",Transmission Interruption,796,0,2021,,2021-08-29 20:25:00-05:00,,
August,08/29/2021,09:32:00,08/29/2021,21:32:00,Louisiana: Pointe Coupee Parish;,SERC,"Unexpected Transmission loss within its area, contrary to design, of three or more Bulk Electric System Facilities caused by a common disturbance (excluding successful automatic reclosing).",Transmission Interruption,Unknown,Unknown,2021,,2021-08-29 09:32:00-05:00,2021-08-29 21:32:00-05:00,12.0
August,08/29/2021,17:53:00,Unknown,Unknown,Louisiana:,SERC,Electrical System Separation (Islanding) where part or parts of a power grid remain(s) operational in an otherwise blacked out area or within the partial failure of an integrated electrical system,Severe Weather,Unknown,Unknown,2021,,2021-08-29 17:53:00-05:00,,
August,08/30/2021,21:17:00,09/01/2021,15:19:00,Florida: Leon County;,SERC,Damage or destruction of its Facility that results from actual or suspected intentional human action.,Actual Physical Attack,0,0,2021,,2021-08-30 21:17:00-05:00,2021-09-01 15:19:00-05:00,42.03333333333333
September,09/01/2021,06:22:00,09/01/2021,15:56:00,California: Santa Clara County;,WECC,Physical attack that could potentially impact electric power system adequacy or reliability; or vandalism which targets components of any security systems,Vandalism,0,0,2021,,2021-09-01 06:22:00-05:00,2021-09-01 15:56:00-05:00,9.566666666666666
September,09/01/2021,17:30:00,09/02/2021,02:00:00,"Pennsylvania: Bucks County, Chester County, Delaware County, Montgomery County, Philadelphia County, York County;",RF,"Loss of electric service to more than 50,000 customers for 1 hour or more",Severe Weather,Unknown,252740,2021,,2021-09-01 17:30:00-05:00,2021-09-02 02:00:00-05:00,8.5
September,09/02/2021,14:07:00,09/02/2021,14:10:00,Texas: Williamson County;,TRE,"Physical threat to its Facility excluding weather or natural disaster related threats, which has the potential to degrade the normal operation of the Facility. Or suspicious device or activity at its Facility.",Suspicious Activity,0,0,2021,,2021-09-02 14:07:00-05:00,2021-09-02 14:10:00-05:00,0.05
September,09/07/2021,17:30:00,09/09/2021,09:00:00,"Michigan: Osceola County, Kalamazoo County, Van Buren County, Saginaw County, Arenac County, Lake County, Clare County, Mecosta County;",RF,"Loss of electric service to more than 50,000 customers for 1 hour or more",Severe Weather,Unknown,80000,2021,,2021-09-07 17:30:00-05:00,2021-09-09 09:00:00-05:00,39.5
September,09/07/2021,20:00:00,09/09/2021,07:00:00,Michigan: Wayne County;,RF,"Loss of electric service to more than 50,000 customers for 1 hour or more",Severe Weather,Unknown,60000,2021,,2021-09-07 20:00:00-05:00,2021-09-09 07:00:00-05:00,35.0
September,09/08/2021,12:15:00,09/08/2021,12:38:00,North Dakota: Cass County;,MRO,"Unexpected Transmission loss within its area, contrary to design, of three or more Bulk Electric System Facilities caused by a common disturbance (excluding successful automatic reclosing).",Transmission Interruption,37,1,2021,,2021-09-08 12:15:00-05:00,2021-09-08 12:38:00-05:00,0.38333333333333336
September,09/09/2021,16:00:00,09/09/2021,17:30:00,California:,WECC,Damage or destruction of its Facility that results from actual or suspected intentional human action.,Vandalism,0,0,2021,,2021-09-09 16:00:00-05:00,2021-09-09 17:30:00-05:00,1.5
September,09/09/2021,17:00:00,09/09/2021,20:00:00,"Nevada: Clark County, Washoe County;",WECC,Public appeal to reduce the use of electricity for purposes of maintaining the continuity of the Bulk Electric System,System Operations,8000,1300000,2021,,2021-09-09 17:00:00-05:00,2021-09-09 20:00:00-05:00,3.0
September,09/10/2021,11:17:00,09/10/2021,11:19:00,North Dakota: McKenzie County;,MRO,"Unexpected Transmission loss within its area, contrary to design, of three or more Bulk Electric System Facilities caused by a common disturbance (excluding successful automatic reclosing).",Transmission Interruption,6,1,2021,,2021-09-10 11:17:00-05:00,2021-09-10 11:19:00-05:00,0.03333333333333333
September,09/10/2021,14:05:00,Unknown,Unknown,Iowa: Polk County;,MRO,Damage or destruction of its Facility that results from actual or suspected intentional human action.,Vandalism,0,0,2021,,2021-09-10 14:05:00-05:00,,
September,09/10/2021,07:20:00,09/10/2021,09:05:00,California:,WECC,"Loss of electric service to more than 50,000 customers for 1 hour or more",Severe Weather,89,59649,2021,,2021-09-10 07:20:00-05:00,2021-09-10 09:05:00-05:00,1.75
September,09/10/2021,01:55:00,09/10/2021,02:04:00,Florida: Citrus County;,SERC,"Unexpected Transmission loss within its area, contrary to design, of three or more Bulk Electric System Facilities caused by a common disturbance (excluding successful automatic reclosing).",Severe Weather,75,Unknown,2021,,2021-09-10 01:55:00-05:00,2021-09-10 02:04:00-05:00,0.15
September,09/11/2021,08:32:00,Unknown,Unknown,Texas: Austin County; California: Los Angeles County;,TRE/SERC,Physical attack that could potentially impact electric power system adequacy or reliability; or vandalism which targets components of any security systems,Actual Physical Attack,0,0,2021,,2021-09-11 08:32:00-05:00,,
September,09/13/2021,12:18:00,09/13/2021,13:15:00,Washington: Skagit County;,WECC,"Unexpected Transmission loss within its area, contrary to design, of three or more Bulk Electric System Facilities caused by a common disturbance (excluding successful automatic reclosing).",Transmission Interruption,0,0,2021,,2021-09-13 12:18:00-05:00,2021-09-13 13:15:00-05:00,0.95
September,09/13/2021,23:59:00,Unknown,Unknown,Texas: Harris County;,TRE,"Loss of electric service to more than 50,000 customers for 1 hour or more",Severe Weather,Unknown,204280,2021,,2021-09-13 23:59:00-05:00,,
September,09/13/2021,13:10:00,Unknown,Unknown,Texas: Midland County;,TRE,Damage or destruction of its Facility that results from actual or suspected intentional human action.,Transmission Interruption,0,0,2021,,2021-09-13 13:10:00-05:00,,
September,09/13/2021,18:00:00,09/14/2021,00:49:00,Texas: Harris County;,TRE,"Loss of electric service to more than 50,000 customers for 1 hour or more",Severe Weather,Unknown,66589,2021,,2021-09-13 18:00:00-05:00,2021-09-14 00:49:00-05:00,6.816666666666666
September,09/14/2021,00:35:00,09/18/2021,19:20:00,Texas: Harris County;,TRE,"Loss of electric service to more than 50,000 customers for 1 hour or more",Severe Weather,1905,705415,2021,,2021-09-14 00:35:00-05:00,2021-09-18 19:20:00-05:00,114.75
September,09/14/2021,07:36:00,09/15/2021,01:48:00,Texas:,TRE,Electrical System Separation (Islanding) where part or parts of a power grid remain(s) operational in an otherwise blacked out area or within the partial failure of an integrated electrical system,Severe Weather,0,Unknown,2021,,2021-09-14 07:36:00-05:00,2021-09-15 01:48:00-05:00,18.2
September,09/14/2021,07:52:00,09/14/2021,22:44:00,Texas:,TRE,Electrical System Separation (Islanding) where part or parts of a power grid remain(s) operational in an otherwise blacked out area or within the partial failure of an integrated electrical system,Severe Weather,0,Unknown,2021,,2021-09-14 07:52:00-05:00,2021-09-14 22:44:00-05:00,14.866666666666667
September,09/15/2021,22:42:00,09/16/2021,00:37:00,Texas: Kentucky: Arizona: New Mexico: Oregon: Washington:,TRE/SERC/WECC,Unplanned evacuation from its Bulk Electric System control center facility for 30 continuous minutes or more.,System Operations,0,0,2021,,2021-09-15 22:42:00-05:00,2021-09-16 00:37:00-05:00,1.9166666666666667
September,09/16/2021,14:49:00,09/16/2021,20:02:00,Oklahoma:,MRO/SERC,"Unexpected Transmission loss within its area, contrary to design, of three or more Bulk Electric System Facilities caused by a common disturbance (excluding successful automatic reclosing).",Transmission Interruption,100,4000,2021,,2021-09-16 14:49:00-05:00,2021-09-16 20:02:00-05:00,5.216666666666667
September,09/16/2021,14:49:00,09/16/2021,20:02:00,Oklahoma:,MRO/SERC,"Unexpected Transmission loss within its area, contrary to design, of three or more Bulk Electric System Facilities caused by a common disturbance (excluding successful automatic reclosing).",Transmission Interruption,100,4000,2021,,2021-09-16 14:49:00-05:00,2021-09-16 20:02:00-05:00,5.216666666666667
September,09/17/2021,23:00:00,09/19/2021,12:00:00,"Washington: Pierce County, Whatcom County, Skagit County, King County;",WECC,"Loss of electric service to more than 50,000 customers for 1 hour or more",Severe Weather/Transmission Interruption,Unknown,87000,2021,,2021-09-17 23:00:00-05:00,2021-09-19 12:00:00-05:00,37.0
September,09/17/2021,03:50:00,09/18/2021,04:08:00,Indiana:,RF,"Physical threat to its Facility excluding weather or natural disaster related threats, which has the potential to degrade the normal operation of the Facility. Or suspicious device or activity at its Facility.",Suspicious Activity,0,0,2021,,2021-09-17 03:50:00-05:00,2021-09-18 04:08:00-05:00,24.3
September,09/17/2021,03:00:00,09/18/2021,22:00:00,Minnesota:,MRO,"Loss of electric service to more than 50,000 customers for 1 hour or more",Severe Weather,Unknown,82000,2021,,2021-09-17 03:00:00-05:00,2021-09-18 22:00:00-05:00,43.0
September,09/18/2021,04:30:00,09/18/2021,06:00:00,Indiana: Hamilton County;,RF,"Physical threat to its Facility excluding weather or natural disaster related threats, which has the potential to degrade the normal operation of the Facility. Or suspicious device or activity at its Facility.",Suspicious Activity,0,0,2021,,2021-09-18 04:30:00-05:00,2021-09-18 06:00:00-05:00,1.5
September,09/22/2021,17:17:00,Unknown,Unknown,"Michigan: Lenawee County, Livingston County, Genesee County, Tuscola County, Huron County, Sanilac County, Lapeer County, St. Clair County, Macomb County, Oakland County, Washtenaw County, Wayne County, Monroe County;",RF,"Loss of electric service to more than 50,000 customers for 1 hour or more",Severe Weather,Unknown,136000,2021,,2021-09-22 17:17:00-05:00,,
September,09/22/2021,09:36:00,09/23/2021,11:45:00,California: Los Angeles County;,WECC,Damage or destruction of its Facility that results from actual or suspected intentional human action.,Vandalism,1,0,2021,,2021-09-22 09:36:00-05:00,2021-09-23 11:45:00-05:00,26.15
September,09/28/2021,13:44:00,09/28/2021,13:56:00,Kentucky: Henderson County;,SERC,Electrical System Separation (Islanding) where part or parts of a power grid remain(s) operational in an otherwise blacked out area or within the partial failure of an integrated electrical system,Transmission Interruption,20,5000,2021,,2021-09-28 13:44:00-05:00,2021-09-28 13:56:00-05:00,0.2
September,09/29/2021,11:48:00,09/29/2021,12:21:00,Missouri: Jackson County;,MRO/SERC,Complete loss of monitoring or control capability at its staffed Bulk Electric System control center for 30 continuous minutes or more.,System Operations,150,0,2021,,2021-09-29 11:48:00-05:00,2021-09-29 12:21:00-05:00,0.55
October,10/03/2021,10:40:00,10/03/2021,11:54:00,Texas: Cameron County;,TRE,"Physical threat to its Facility excluding weather or natural disaster related threats, which has the potential to degrade the normal operation of the Facility. Or suspicious device or activity at its Facility.",Suspicious Activity,0,0,2021,,2021-10-03 10:40:00-05:00,2021-10-03 11:54:00-05:00,1.2333333333333334
October,10/04/2021,07:00:00,10/04/2021,08:00:00,Utah: Uintah County;,WECC,Damage or destruction of its Facility that results from actual or suspected intentional human action.,Vandalism,Unknown,0,2021,,2021-10-04 07:00:00-05:00,2021-10-04 08:00:00-05:00,1.0
October,10/05/2021,11:31:00,10/05/2021,11:32:00,California: Santa Clara County;,WECC,Physical attack that could potentially impact electric power system adequacy or reliability; or vandalism which targets components of any security systems,Vandalism,0,0,2021,,2021-10-05 11:31:00-05:00,2021-10-05 11:32:00-05:00,0.016666666666666666
October,10/05/2021,11:31:00,10/05/2021,11:32:00,California: Santa Clara County;,WECC,Physical attack that could potentially impact electric power system adequacy or reliability; or vandalism which targets components of any security systems,Vandalism,0,0,2021,,2021-10-05 11:31:00-05:00,2021-10-05 11:32:00-05:00,0.016666666666666666
October,10/07/2021,17:15:00,10/09/2021,18:15:00,Maryland: Baltimore County;,RF,Damage or destruction of its Facility that results from actual or suspected intentional human action.,Vandalism,0,0,2021,,2021-10-07 17:15:00-05:00,2021-10-09 18:15:00-05:00,49.0
October,10/08/2021,06:30:00,10/08/2021,10:00:00,California: Contra Costa County;,WECC,Damage or destruction of its Facility that results from actual or suspected intentional human action.,Vandalism,0,0,2021,,2021-10-08 06:30:00-05:00,2021-10-08 10:00:00-05:00,3.5
October,10/08/2021,14:30:00,10/08/2021,18:32:00,Ohio: Cuyahoga County;,RF,Complete loss of monitoring or control capability at its staffed Bulk Electric System control center for 30 continuous minutes or more.,System Operations,210,0,2021,,2021-10-08 14:30:00-05:00,2021-10-08 18:32:00-05:00,4.033333333333333
October,10/09/2021,17:01:00,10/10/2021,06:30:00,North Carolina:,SERC,Unplanned evacuation from its Bulk Electric System control center facility for 30 continuous minutes or more.,System Operations,0,0,2021,,2021-10-09 17:01:00-05:00,2021-10-10 06:30:00-05:00,13.483333333333333
October,10/10/2021,22:15:00,10/12/2021,17:00:00,"Texas: Collin County, Dallas County, Denton County, Ellis County, Hunt County, Johnson County, Palo Pinto County, Tarrant County, Wichita County;",TRE,"Loss of electric service to more than 50,000 customers for 1 hour or more",Severe Weather,Unknown,110000,2021,,2021-10-10 22:15:00-05:00,2021-10-12 17:00:00-05:00,42.75
October,10/11/2021,14:22:00,10/11/2021,20:30:00,California:,WECC,"Loss of electric service to more than 50,000 customers for 1 hour or more",Severe Weather,126,84000,2021,,2021-10-11 14:22:00-05:00,2021-10-11 20:30:00-05:00,6.133333333333334
October,10/12/2021,20:08:00,10/12/2021,20:09:00,Illinois: Cook County;,RF,"Physical threat to its Facility excluding weather or natural disaster related threats, which has the potential to degrade the normal operation of the Facility. Or suspicious device or activity at its Facility.",Suspicious Activity,0,0,2021,,2021-10-12 20:08:00-05:00,2021-10-12 20:09:00-05:00,0.016666666666666666
October,10/16/2021,14:16:00,10/16/2021,18:41:00,Oregon: Lane County;,WECC,"Unexpected Transmission loss within its area, contrary to design, of three or more Bulk Electric System Facilities caused by a common disturbance (excluding successful automatic reclosing).",Transmission Interruption,Unknown,Unknown,2021,,2021-10-16 14:16:00-05:00,2021-10-16 18:41:00-05:00,4.416666666666667
October,10/18/2021,22:18:00,10/18/2021,23:30:00,Pennsylvania:,RF,Complete loss of monitoring or control capability at its staffed Bulk Electric System control center for 30 continuous minutes or more.,System Operations,0,0,2021,,2021-10-18 22:18:00-05:00,2021-10-18 23:30:00-05:00,1.2
October,10/18/2021,23:26:00,10/19/2021,15:00:00,Pennsylvania: Montgomery County;,RF,"Physical threat to its Bulk Electric System control center, excluding weather or natural disaster related threats, which has the potential to degrade the normal operation of the control center. Or suspicious device or activity at its Bulk Electric System control center.",Suspicious Activity,0,0,2021,,2021-10-18 23:26:00-05:00,2021-10-19 15:00:00-05:00,15.566666666666666
October,10/18/2021,23:27:00,10/19/2021,10:05:00,Georgia: DeKalb County;,SERC,"Physical threat to its Bulk Electric System control center, excluding weather or natural disaster related threats, which has the potential to degrade the normal operation of the control center. Or suspicious device or activity at its Bulk Electric System control center.",Suspicious Activity,0,0,2021,,2021-10-18 23:27:00-05:00,2021-10-19 10:05:00-05:00,10.633333333333333
October,10/18/2021,22:26:00,10/19/2021,08:19:00,Missouri: Boone County;,SERC/MRO,"Physical threat to its Facility excluding weather or natural disaster related threats, which has the potential to degrade the normal operation of the Facility. Or suspicious device or activity at its Facility.",Suspicious Activity,0,0,2021,,2021-10-18 22:26:00-05:00,2021-10-19 08:19:00-05:00,9.883333333333333
October,10/18/2021,11:47:00,10/18/2021,11:48:00,Florida: Putnam County;,SERC,Damage or destruction of its Facility that results from actual or suspected intentional human action.,Vandalism,0,0,2021,,2021-10-18 11:47:00-05:00,2021-10-18 11:48:00-05:00,0.016666666666666666
October,10/19/2021,15:34:00,10/19/2021,16:26:00,Ohio: Summit County;,RF,"Unexpected Transmission loss within its area, contrary to design, of three or more Bulk Electric System Facilities caused by a common disturbance (excluding successful automatic reclosing).",System Operations,42,1,2021,,2021-10-19 15:34:00-05:00,2021-10-19 16:26:00-05:00,0.8666666666666667
October,10/20/2021,23:00:00,10/21/2021,01:20:00,Wisconsin: Eau Claire County;,MRO/RF,Complete loss of monitoring or control capability at its staffed Bulk Electric System control center for 30 continuous minutes or more.,System Operations,0,0,2021,,2021-10-20 23:00:00-05:00,2021-10-21 01:20:00-05:00,2.3333333333333335
October,10/22/2021,19:55:00,10/23/2021,05:55:00,Louisiana: Lafayette Parish;,SERC,Complete loss of monitoring or control capability at its staffed Bulk Electric System control center for 30 continuous minutes or more.,System Operations,132,0,2021,,2021-10-22 19:55:00-05:00,2021-10-23 05:55:00-05:00,10.0
October,10/24/2021,08:55:00,10/25/2021,18:15:00,California:,WECC,"Loss of electric service to more than 50,000 customers for 1 hour or more",Severe Weather,116,59000,2021,,2021-10-24 08:55:00-05:00,2021-10-25 18:15:00-05:00,33.333333333333336
October,10/24/2021,07:00:00,10/26/2021,21:30:00,"Washington: King County, Pierce County, Skagit County, Thurston County;",WECC,"Loss of electric service to more than 50,000 customers for 1 hour or more",Severe Weather,Unknown,233000,2021,,2021-10-24 07:00:00-05:00,2021-10-26 21:30:00-05:00,62.5
October,10/27/2021,17:57:00,10/28/2021,16:49:00,Louisiana: Ascension Parish;,SERC,"Unexpected Transmission loss within its area, contrary to design, of three or more Bulk Electric System Facilities caused by a common disturbance (excluding successful automatic reclosing).",System Operations,0,0,2021,,2021-10-27 17:57:00-05:00,2021-10-28 16:49:00-05:00,22.866666666666667
October,10/27/2021,02:25:00,10/29/2021,08:37:00,Connecticut: Maine: Massachusetts: New Hampshire: Rhode Island: Vermont:,NPCC,"Loss of electric service to more than 50,000 customers for 1 hour or more",Severe Weather,Unknown,169000,2021,,2021-10-27 02:25:00-05:00,2021-10-29 08:37:00-05:00,54.2
October,10/28/2021,12:47:00,10/28/2021,13:05:00,Montana: Valley County;,WECC,"Unexpected Transmission loss within its area, contrary to design, of three or more Bulk Electric System Facilities caused by a common disturbance (excluding successful automatic reclosing).",System Operations,20,0,2021,,2021-10-28 12:47:00-05:00,2021-10-28 13:05:00-05:00,0.3
October,10/28/2021,14:15:00,10/30/2021,08:00:00,"Texas: Angelina County, Bell County, Cherokee County, Collin County, Denton County, Dallas County, Ellis County, Hunt County, Johnson County, McLennan County, Nacogdoches County, Smith County, Tarrant County, Travis County, Williamson County;",TRE,"Loss of electric service to more than 50,000 customers for 1 hour or more",Severe Weather,Unknown,250000,2021,,2021-10-28 14:15:00-05:00,2021-10-30 08:00:00-05:00,41.75
October,10/28/2021,14:45:00,10/29/2021,20:30:00,Texas: Harris County;,TRE,"Loss of electric service to more than 50,000 customers for 1 hour or more",Severe Weather,Unknown,130000,2021,,2021-10-28 14:45:00-05:00,2021-10-29 20:30:00-05:00,29.75
October,10/28/2021,12:06:00,10/28/2021,12:30:00,Texas: Haskell County;,TRE,Damage or destruction of its Facility that results from actual or suspected intentional human action.,Actual Physical Attack/Vandalism,Unknown,Unknown,2021,,2021-10-28 12:06:00-05:00,2021-10-28 12:30:00-05:00,0.4
October,10/29/2021,14:20:00,10/29/2021,15:00:00,Vermont: Lamoille County;,NPCC,"Physical threat to its Facility excluding weather or natural disaster related threats, which has the potential to degrade the normal operation of the Facility. Or suspicious device or activity at its Facility.",Suspicious Activity,0,0,2021,,2021-10-29 14:20:00-05:00,2021-10-29 15:00:00-05:00,0.6666666666666666
October,10/30/2021,07:31:00,Unknown,Unknown,New Jersey:,RF,"Physical threat to its Facility excluding weather or natural disaster related threats, which has the potential to degrade the normal operation of the Facility. Or suspicious device or activity at its Facility.",Suspicious Activity,Unknown,Unknown,2021,,2021-10-30 07:31:00-05:00,,
October,10/31/2021,07:49:00,10/31/2021,09:32:00,California: Alameda County;,WECC,Physical attack that could potentially impact electric power system adequacy or reliability; or vandalism which targets components of any security systems,Vandalism,0,0,2021,,2021-10-31 07:49:00-05:00,2021-10-31 09:32:00-05:00,1.7166666666666666
November,11/04/2021,21:34:00,11/04/2021,22:57:00,Montana: Hill County;,WECC,"Unexpected Transmission loss within its area, contrary to design, of three or more Bulk Electric System Facilities caused by a common disturbance (excluding successful automatic reclosing).",System Operations,44,Unknown,2021,,2021-11-04 21:34:00-05:00,2021-11-04 22:57:00-05:00,1.3833333333333333
November,11/06/2021,06:45:00,11/06/2021,07:00:00,Pennsylvania: York County;,RF,"Physical threat to its Facility excluding weather or natural disaster related threats, which has the potential to degrade the normal operation of the Facility. Or suspicious device or activity at its Facility.",Suspicious Activity,0,0,2021,,2021-11-06 06:45:00-05:00,2021-11-06 07:00:00-05:00,0.25
November,11/06/2021,08:40:00,11/06/2021,08:41:00,Washington: Grant County;,WECC,"Physical threat to its Facility excluding weather or natural disaster related threats, which has the potential to degrade the normal operation of the Facility. Or suspicious device or activity at its Facility.",Suspicious Activity,Unknown,350,2021,,2021-11-06 08:40:00-05:00,2021-11-06 08:41:00-05:00,0.016666666666666666
November,11/08/2021,22:53:00,11/08/2021,23:33:00,Washington: King County;,WECC,Electrical System Separation (Islanding) where part or parts of a power grid remain(s) operational in an otherwise blacked out area or within the partial failure of an integrated electrical system,System Operations,9,Unknown,2021,,2021-11-08 22:53:00-06:00,2021-11-08 23:33:00-06:00,0.6666666666666666
November,11/09/2021,18:00:00,11/09/2021,20:00:00,Mississippi: Coahoma County;,SERC, Public appeal to reduce the use of electricity for purposes of maintaining the continuity of the Bulk Electric System,System Operations,Unknown,Unknown,2021,,2021-11-09 18:00:00-06:00,2021-11-09 20:00:00-06:00,2.0
November,11/09/2021,08:50:00,11/09/2021,16:00:00,Indiana: Floyd County;,RF,Damage or destruction of its Facility that results from actual or suspected intentional human action.,Vandalism,0,0,2021,,2021-11-09 08:50:00-06:00,2021-11-09 16:00:00-06:00,7.166666666666667
November,11/10/2021,21:19:00,11/11/2021,01:19:00,Texas: Brazos County;,TRE,"Unexpected Transmission loss within its area, contrary to design, of three or more Bulk Electric System Facilities caused by a common disturbance (excluding successful automatic reclosing).",Transmission Interruption,0,0,2021,,2021-11-10 21:19:00-06:00,2021-11-11 01:19:00-06:00,4.0
November,11/10/2021,09:49:00,11/10/2021,10:05:00,New York:,NPCC,"Unexpected Transmission loss within its area, contrary to design, of three or more Bulk Electric System Facilities caused by a common disturbance (excluding successful automatic reclosing).",Transmission Interruption,0,0,2021,,2021-11-10 09:49:00-06:00,2021-11-10 10:05:00-06:00,0.26666666666666666
November,11/11/2021,05:52:00,11/11/2021,06:09:00,Texas: Montgomery County;,TRE,"Unexpected Transmission loss within its area, contrary to design, of three or more Bulk Electric System Facilities caused by a common disturbance (excluding successful automatic reclosing).",System Operations,67,Unknown,2021,,2021-11-11 05:52:00-06:00,2021-11-11 06:09:00-06:00,0.2833333333333333
November,11/12/2021,07:00:00,11/12/2021,07:14:00,Oregon: Multnomah County; Washington: Idaho: Utah: Wyoming:,WECC,Damage or destruction of its Facility that results from actual or suspected intentional human action.,Vandalism,0,0,2021,,2021-11-12 07:00:00-06:00,2021-11-12 07:14:00-06:00,0.23333333333333334
November,11/15/2021,11:47:00,Unknown,Unknown,Colorado: Larimer County;,WECC,Physical attack that could potentially impact electric power system adequacy or reliability; or vandalism which targets components of any security systems,Suspicious Activity,0,0,2021,,2021-11-15 11:47:00-06:00,,
November,11/15/2021,11:00:00,11/17/2021,06:00:00,"Washington: King County, Kitsap County, Whatcom County, Thurston County, Pierce County;",WECC,"Loss of electric service to more than 50,000 customers for 1 hour or more",Severe Weather,Unknown,90000,2021,,2021-11-15 11:00:00-06:00,2021-11-17 06:00:00-06:00,43.0
November,11/16/2021,00:42:00,11/16/2021,07:35:00,California: Los Angeles County;,WECC,"Damage or destruction of a Facility within its Reliability Coordinator Area, Balancing Authority Area or Transmission Operator Area that results in action(s) to avoid a Bulk Electric System Emergency.",Suspicious Activity,0,0,2021,,2021-11-16 00:42:00-06:00,2021-11-16 07:35:00-06:00,6.883333333333334
November,11/16/2021,17:37:00,11/16/2021,18:21:00,Maryland: Baltimore County;,RF,Unplanned evacuation from its Bulk Electric System control center facility for 30 continuous minutes or more.,System Operations,0,0,2021,,2021-11-16 17:37:00-06:00,2021-11-16 18:21:00-06:00,0.7333333333333333
November,11/17/2021,12:43:00,11/17/2021,13:25:00,Michigan: Wexford County;,RF,Complete loss of monitoring or control capability at its staffed Bulk Electric System control center for 30 continuous minutes or more.,System Operations,0,0,2021,,2021-11-17 12:43:00-06:00,2021-11-17 13:25:00-06:00,0.7
November,11/17/2021,13:12:00,Unknown,Unknown,Colorado: Larimer County;,WECC,Physical attack that could potentially impact electric power system adequacy or reliability; or vandalism which targets components of any security systems,Vandalism,0,0,2021,,2021-11-17 13:12:00-06:00,,
November,11/21/2021,10:00:00,11/21/2021,10:01:00,Wisconsin:,MRO/RF,Cyber Security Incident that was an attempt to compromise a High or Medium Impact Bulk Electric System Cyber System or their associated Electronic Access Control or Monitoring Systems,Cyber Event,0,0,2021,,2021-11-21 10:00:00-06:00,2021-11-21 10:01:00-06:00,0.016666666666666666
November,11/24/2021,10:00:00,11/26/2021,10:21:00,"California: Riverside County, Ventura County, San Bernardino County, Orange County, Los Angeles County;",WECC,"Loss of electric service to more than 50,000 customers for 1 hour or more",Severe Weather,Unknown,81406,2021,,2021-11-24 10:00:00-06:00,2021-11-26 10:21:00-06:00,48.35
November,11/30/2021,06:46:00,11/30/2021,06:47:00,North Carolina: South Carolina:,SERC,"Unexpected Transmission loss within its area, contrary to design, of three or more Bulk Electric System Facilities caused by a common disturbance (excluding successful automatic reclosing).",System Operations,0,0,2021,,2021-11-30 06:46:00-06:00,2021-11-30 06:47:00-06:00,0.016666666666666666
November,11/30/2021,06:52:00,11/30/2021,07:25:00,Texas: Cameron County;,TRE,"Physical threat to its Facility excluding weather or natural disaster related threats, which has the potential to degrade the normal operation of the Facility. Or suspicious device or activity at its Facility.",Suspicious Activity,0,0,2021,,2021-11-30 06:52:00-06:00,2021-11-30 07:25:00-06:00,0.55
November,11/30/2021,13:47:00,11/30/2021,14:21:00,California:,WECC,Electrical System Separation (Islanding) where part or parts of a power grid remain(s) operational in an otherwise blacked out area or within the partial failure of an integrated electrical system,System Operations,10,6000,2021,,2021-11-30 13:47:00-06:00,2021-11-30 14:21:00-06:00,0.5666666666666667
November,11/30/2021,05:00:00,11/30/2021,05:01:00,Oregon: Multnomah County; Washington: Idaho: Utah: Wyoming:,WECC,Damage or destruction of its Facility that results from actual or suspected intentional human action.,Vandalism,0,0,2021,,2021-11-30 05:00:00-06:00,2021-11-30 05:01:00-06:00,0.016666666666666666
December,12/01/2021,10:04:00,12/01/2021,13:08:00,Wisconsin: Eau Claire County;,MRO,Complete loss of monitoring or control capability at its staffed Bulk Electric System control center for 30 continuous minutes or more.,System Operations,0,0,2021,,2021-12-01 10:04:00-06:00,2021-12-01 13:08:00-06:00,3.066666666666667
December,12/02/2021,10:33:00,12/02/2021,13:10:00,Texas:,TRE,Complete loss of monitoring or control capability at its staffed Bulk Electric System control center for 30 continuous minutes or more.,System Operations,0,0,2021,,2021-12-02 10:33:00-06:00,2021-12-02 13:10:00-06:00,2.6166666666666667
December,12/07/2021,14:33:00,12/07/2021,15:40:00,Indiana: Putnam County;,RF,"Unexpected Transmission loss within its area, contrary to design, of three or more Bulk Electric System Facilities caused by a common disturbance (excluding successful automatic reclosing).",Transmission Interruption,0,0,2021,,2021-12-07 14:33:00-06:00,2021-12-07 15:40:00-06:00,1.1166666666666667
December,12/08/2021,09:04:00,12/08/2021,09:35:00,New York: Broome County;,NPCC,Complete loss of monitoring or control capability at its staffed Bulk Electric System control center for 30 continuous minutes or more.,System Operations,0,0,2021,,2021-12-08 09:04:00-06:00,2021-12-08 09:35:00-06:00,0.5166666666666667
December,12/10/2021,12:06:00,12/10/2021,13:07:00,Idaho: Ada County;,WECC,Damage or destruction of its Facility that results from actual or suspected intentional human action.,Vandalism,0,0,2021,,2021-12-10 12:06:00-06:00,2021-12-10 13:07:00-06:00,1.0166666666666666
December,12/11/2021,03:13:00,12/15/2021,15:30:00,"Tennessee: Davidson County, Sumner County;",SERC,"Loss of electric service to more than 50,000 customers for 1 hour or more",Severe Weather,177,107344,2021,,2021-12-11 03:13:00-06:00,2021-12-15 15:30:00-06:00,108.28333333333333
December,12/11/2021,18:16:00,12/13/2021,17:00:00,New York:,NPCC,"Loss of electric service to more than 50,000 customers for 1 hour or more",Severe Weather,Unknown,103000,2021,,2021-12-11 18:16:00-06:00,2021-12-13 17:00:00-06:00,46.733333333333334
December,12/11/2021,11:13:00,12/12/2021,23:06:00,Michigan:,MRO,"Loss of electric service to more than 50,000 customers for 1 hour or more",Severe Weather,Unknown,182410,2021,,2021-12-11 11:13:00-06:00,2021-12-12 23:06:00-06:00,35.88333333333333
December,12/11/2021,10:30:00,12/11/2021,15:00:00,"Michigan: Van Buren County, Gladwin County, Montcalm County, Branch County, Allegan County, Ionia County, Newaygo County, Mecosta County, Lake County, Midland County, Ogemaw County, Osceola County, Tuscola County;",MRO,"Loss of electric service to more than 50,000 customers for 1 hour or more",Severe Weather,Unknown,159947,2021,,2021-12-11 10:30:00-06:00,2021-12-11 15:00:00-06:00,4.5
December,12/12/2021,06:14:00,12/12/2021,06:40:00,Louisiana: De Soto Parish;,SERC,Physical attack that could potentially impact electric power system adequacy or reliability; or vandalism which targets components of any security systems,Vandalism,36,Unknown,2021,,2021-12-12 06:14:00-06:00,2021-12-12 06:40:00-06:00,0.43333333333333335
December,12/14/2021,07:28:00,12/14/2021,13:43:00,California: Humboldt County;,WECC,Electrical System Separation (Islanding) where part or parts of a power grid remain(s) operational in an otherwise blacked out area or within the partial failure of an integrated electrical system,Severe Weather,120,65994,2021,,2021-12-14 07:28:00-06:00,2021-12-14 13:43:00-06:00,6.25
December,12/14/2021,09:39:00,12/14/2021,09:48:00,Washington: Chelan County;,WECC,"Unexpected Transmission loss within its area, contrary to design, of three or more Bulk Electric System Facilities caused by a common disturbance (excluding successful automatic reclosing).",System Operations,0,0,2021,,2021-12-14 09:39:00-06:00,2021-12-14 09:48:00-06:00,0.15
December,12/15/2021,19:00:00,12/16/2021,03:00:00,Kansas:,MRO,"Loss of electric service to more than 50,000 customers for 1 hour or more",Severe Weather,Unknown,174000,2021,,2021-12-15 19:00:00-06:00,2021-12-16 03:00:00-06:00,8.0
December,12/15/2021,18:00:00,12/16/2021,09:00:00,Iowa: Wisconsin:,MRO,"Loss of electric service to more than 50,000 customers for 1 hour or more",Severe Weather,Unknown,134000,2021,,2021-12-15 18:00:00-06:00,2021-12-16 09:00:00-06:00,15.0
December,12/15/2021,16:37:00,12/16/2021,11:30:00,Missouri: Kansas:,SERC/MRO,"Loss of electric service to more than 50,000 customers for 1 hour or more",Severe Weather,0,258000,2021,,2021-12-15 16:37:00-06:00,2021-12-16 11:30:00-06:00,18.883333333333333
December,12/15/2021,20:00:00,Unknown,Unknown,Wisconsin:,MRO,"Loss of electric service to more than 50,000 customers for 1 hour or more",Severe Weather,Unknown,80000,2021,,2021-12-15 20:00:00-06:00,,
December,12/15/2021,20:00:00,Unknown,Unknown,Wisconsin:,MRO,"Loss of electric service to more than 50,000 customers for 1 hour or more",Severe Weather,Unknown,156000,2021,,2021-12-15 20:00:00-06:00,,
December,12/15/2021,21:00:00,Unknown,Unknown,Iowa: Minnesota:,MRO," Damage or destruction of a Facility within its Reliability Coordinator Area, Balancing Authority Area or Transmission Operator Area that results in action(s) to avoid a Bulk Electric System Emergency.",Severe Weather,Unknown,Unknown,2021,,2021-12-15 21:00:00-06:00,,
December,12/15/2021,15:56:00,12/15/2021,17:27:00,Nebraska: Burt County;,MRO,"Unexpected Transmission loss within its area, contrary to design, of three or more Bulk Electric System Facilities caused by a common disturbance (excluding successful automatic reclosing).",System Operations,5,Unknown,2021,,2021-12-15 15:56:00-06:00,2021-12-15 17:27:00-06:00,1.5166666666666666
December,12/15/2021,16:37:00,Unknown,Unknown,Missouri: Kansas:,SERC/MRO,"Loss of electric service to more than 50,000 customers for 1 hour or more",Severe Weather,Unknown,Unknown,2021,,2021-12-15 16:37:00-06:00,,
December,12/16/2021,06:00:00,12/16/2021,20:00:00,"Michigan: Antrim County, Kalkaska County, Grand Traverse County, Leelanau County, Benzie County, Manistee County, Wexford County, Missaukee County, Lake County, Osceola County, Oceana County, Newaygo County, Mecosta County, Emmet County, Charlevoix County, Cheboygan County, Clare County, Roscommon County, Crawford County, Ogemaw County;",MRO,"Loss of electric service to more than 50,000 customers for 1 hour or more",Severe Weather,Unknown,200675,2021,,2021-12-16 06:00:00-06:00,2021-12-16 20:00:00-06:00,14.0
December,12/18/2021,13:04:00,12/18/2021,21:59:00,California:,WECC,Physical attack that causes major interruptions or impacts to critical infrastructure or to operations,Suspicious Activity,10,11770,2021,,2021-12-18 13:04:00-06:00,2021-12-18 21:59:00-06:00,8.916666666666666
December,12/19/2021,20:48:00,12/19/2021,21:00:00,Texas: Cameron County;,TRE,"Physical threat to its Facility excluding weather or natural disaster related threats, which has the potential to degrade the normal operation of the Facility. Or suspicious device or activity at its Facility.",Suspicious Activity,0,0,2021,,2021-12-19 20:48:00-06:00,2021-12-19 21:00:00-06:00,0.2
December,12/21/2021,21:59:00,12/22/2021,14:15:00,Texas: Cameron County;,TRE,"Unexpected Transmission loss within its area, contrary to design, of three or more Bulk Electric System Facilities caused by a common disturbance (excluding successful automatic reclosing).",System Operations,22,Unknown,2021,,2021-12-21 21:59:00-06:00,2021-12-22 14:15:00-06:00,16.266666666666666
December,12/23/2021,01:10:00,12/23/2021,01:15:00,Pennsylvania: York County;,RF,"Physical threat to its Facility excluding weather or natural disaster related threats, which has the potential to degrade the normal operation of the Facility. Or suspicious device or activity at its Facility.",Suspicious Activity,0,0,2021,,2021-12-23 01:10:00-06:00,2021-12-23 01:15:00-06:00,0.08333333333333333
December,12/23/2021,14:02:00,12/23/2021,14:55:00,Massachusetts: Suffolk County[13];,NPCC,"Unexpected Transmission loss within its area, contrary to design, of three or more Bulk Electric System Facilities caused by a common disturbance (excluding successful automatic reclosing).",System Operations,0,0,2021,,2021-12-23 14:02:00-06:00,2021-12-23 14:55:00-06:00,0.8833333333333333
December,12/24/2021,00:34:00,12/24/2021,06:40:00,Texas: Rusk County;,TRE,"Unexpected Transmission loss within its area, contrary to design, of three or more Bulk Electric System Facilities caused by a common disturbance (excluding successful automatic reclosing).",System Operations,Unknown,Unknown,2021,,2021-12-24 00:34:00-06:00,2021-12-24 06:40:00-06:00,6.1
December,12/27/2021,04:11:00,01/01/2022,02:41:00,California:,WECC,"Loss of electric service to more than 50,000 customers for 1 hour or more",Severe Weather,381,115830,2021,,2021-12-27 04:11:00-06:00,2022-01-01 02:41:00-06:00,118.5
December,12/27/2021,21:01:00,12/30/2021,09:11:00,California: Humboldt County;,WECC,Electrical System Separation (Islanding) where part or parts of a power grid remain(s) operational in an otherwise blacked out area or within the partial failure of an integrated electrical system,System Operations,120,65994,2021,,2021-12-27 21:01:00-06:00,2021-12-30 09:11:00-06:00,60.166666666666664
December,12/29/2021,11:00:00,12/29/2021,12:00:00,Nevada: Clark County;,WECC,Complete loss of monitoring or control capability at its staffed Bulk Electric System control center for 30 continuous minutes or more.,System Operations,0,0,2021,,2021-12-29 11:00:00-06:00,2021-12-29 12:00:00-06:00,1.0
December,12/30/2021,18:51:00,Unknown,Unknown,"Missouri: Adair County, Putnam County;",SERC,Damage or destruction of its Facility that results from actual or suspected intentional human action.,Vandalism,0,0,2021,,2021-12-30 18:51:00-06:00,,
January,01/01/2022,12:36:00,01/01/2022,14:12:00,Washington: Thurston County;,WECC," Damage or destruction of a Facility within its Reliability Coordinator Area, Balancing Authority Area or Transmission Operator Area that results in action(s) to avoid a Bulk Electric System Emergency.",System Operations,0,0,2022,,2022-01-01 12:36:00-06:00,2022-01-01 14:12:00-06:00,1.6
January,01/01/2022,12:36:00,01/02/2022,19:43:00,Washington: Thurston County;,WECC," Damage or destruction of a Facility within its Reliability Coordinator Area, Balancing Authority Area or Transmission Operator Area that results in action(s) to avoid a Bulk Electric System Emergency.",System Operations,0,0,2022,,2022-01-01 12:36:00-06:00,2022-01-02 19:43:00-06:00,31.116666666666667
January,01/01/2022,01:01:00,Unknown,Unknown,Georgia: Clayton County;,SERC,Damage or destruction of its Facility that results from actual or suspected intentional human action.,Vandalism,0,0,2022,,2022-01-01 01:01:00-06:00,,
January,01/01/2022,00:06:00,01/01/2022,05:51:00,New Hampshire: Merrimack County;,NPCC,Damage or destruction of its Facility that results from actual or suspected intentional human action.,Suspicious Activity,2,845,2022,,2022-01-01 00:06:00-06:00,2022-01-01 05:51:00-06:00,5.75
January,01/02/2022,13:21:00,01/02/2022,17:38:00,California: Tuolumne County;,WECC,Electrical System Separation (Islanding) where part or parts of a power grid remain(s) operational in an otherwise blacked out area or within the partial failure of an integrated electrical system,Severe Weather,3,1706,2022,,2022-01-02 13:21:00-06:00,2022-01-02 17:38:00-06:00,4.283333333333333
January,01/03/2022,12:45:00,01/03/2022,12:46:00,Washington: Thurston County;,WECC,Physical attack that could potentially impact electric power system adequacy or reliability; or vandalism which targets components of any security systems,Vandalism,0,0,2022,,2022-01-03 12:45:00-06:00,2022-01-03 12:46:00-06:00,0.016666666666666666
January,01/03/2022,05:00:00,01/04/2022,18:00:00,South Carolina:,SERC,"Loss of electric service to more than 50,000 customers for 1 hour or more",Severe Weather,Unknown,60424,2022,,2022-01-03 05:00:00-06:00,2022-01-04 18:00:00-06:00,37.0
January,01/03/2022,05:30:00,01/04/2022,12:30:00,North Carolina: South Carolina:,SERC,"Loss of electric service to more than 50,000 customers for 1 hour or more",Severe Weather,Unknown,142000,2022,,2022-01-03 05:30:00-06:00,2022-01-04 12:30:00-06:00,31.0
January,01/03/2022,01:00:00,01/03/2022,14:00:00,Georgia: Alabama: Mississippi:,SERC,"Loss of electric service to more than 50,000 customers for 1 hour or more",Severe Weather,283,40885,2022,,2022-01-03 01:00:00-06:00,2022-01-03 14:00:00-06:00,13.0
January,01/05/2022,12:32:00,01/05/2022,12:45:00,Massachusetts: Plymouth County;,NPCC,"Unexpected Transmission loss within its area, contrary to design, of three or more Bulk Electric System Facilities caused by a common disturbance (excluding successful automatic reclosing).",System Operations,0,0,2022,,2022-01-05 12:32:00-06:00,2022-01-05 12:45:00-06:00,0.21666666666666667
January,01/08/2022,02:20:00,01/12/2022,07:40:00,Florida: Citrus County;,SERC,Damage or destruction of its Facility that results from actual or suspected intentional human action.,Vandalism,0,0,2022,,2022-01-08 02:20:00-06:00,2022-01-12 07:40:00-06:00,101.33333333333333
January,01/08/2022,18:07:00,01/08/2022,22:26:00,New Hampshire: Merrimack County;,NPCC,Physical attack that could potentially impact electric power system adequacy or reliability; or vandalism which targets components of any security systems,Suspicious Activity,0,0,2022,,2022-01-08 18:07:00-06:00,2022-01-08 22:26:00-06:00,4.316666666666666
January,01/08/2022,02:56:00,01/08/2022,03:03:00,"Texas: Cameron County, Willacy County;",TRE,"Unexpected Transmission loss within its area, contrary to design, of three or more Bulk Electric System Facilities caused by a common disturbance (excluding successful automatic reclosing).",System Operations,0,0,2022,,2022-01-08 02:56:00-06:00,2022-01-08 03:03:00-06:00,0.11666666666666667
January,01/09/2022,18:08:00,Unknown,Unknown,Mississippi: Adams County;,SERC,"Unexpected Transmission loss within its area, contrary to design, of three or more Bulk Electric System Facilities caused by a common disturbance (excluding successful automatic reclosing).",System Operations,Unknown,Unknown,2022,,2022-01-09 18:08:00-06:00,,
January,01/12/2022,09:20:00,01/12/2022,10:25:00,Indiana: Kentucky: Ohio:,SERC/RF,Complete loss of monitoring or control capability at its staffed Bulk Electric System control center for 30 continuous minutes or more.,System Operations,Unknown,Unknown,2022,,2022-01-12 09:20:00-06:00,2022-01-12 10:25:00-06:00,1.0833333333333333
January,01/13/2022,16:00:00,01/13/2022,16:01:00,Massachusetts: Hampden County[13];,NPCC,"Physical threat to its Bulk Electric System control center, excluding weather or natural disaster related threats, which has the potential to degrade the normal operation of the control center. Or suspicious device or activity at its Bulk Electric System control center.",Suspicious Activity,0,0,2022,,2022-01-13 16:00:00-06:00,2022-01-13 16:01:00-06:00,0.016666666666666666
January,01/14/2022,13:50:00,01/14/2022,14:13:00,Pennsylvania: Bucks County;,NPCC,Damage or destruction of its Facility that results from actual or suspected intentional human action.,Suspicious Activity,0,0,2022,,2022-01-14 13:50:00-06:00,2022-01-14 14:13:00-06:00,0.38333333333333336
January,01/14/2022,08:34:00,01/14/2022,08:42:00,Texas: Potter County; New Mexico:,TRE/WECC,"Unexpected Transmission loss within its area, contrary to design, of three or more Bulk Electric System Facilities caused by a common disturbance (excluding successful automatic reclosing).",Transmission Interruption,0,0,2022,,2022-01-14 08:34:00-06:00,2022-01-14 08:42:00-06:00,0.13333333333333333
January,01/15/2022,14:09:00,01/15/2022,14:28:00,New York: Orange County;,NPCC,"Physical threat to its Facility excluding weather or natural disaster related threats, which has the potential to degrade the normal operation of the Facility. Or suspicious device or activity at its Facility.",Suspicious Activity,0,0,2022,,2022-01-15 14:09:00-06:00,2022-01-15 14:28:00-06:00,0.31666666666666665
January,01/16/2022,12:05:00,01/17/2022,08:45:00,North Carolina: Jackson County; South Carolina: Greenville County;,SERC,"Loss of electric service to more than 50,000 customers for 1 hour or more",Severe Weather,Unknown,51289,2022,,2022-01-16 12:05:00-06:00,2022-01-17 08:45:00-06:00,20.666666666666668
January,01/16/2022,13:15:00,01/16/2022,17:15:00,North Carolina: South Carolina:,SERC,"Loss of electric service to more than 50,000 customers for 1 hour or more",Severe Weather,Unknown,74638,2022,,2022-01-16 13:15:00-06:00,2022-01-16 17:15:00-06:00,4.0
January,01/16/2022,05:15:00,01/17/2022,00:06:00,Georgia: Alabama:,SERC,"Loss of electric service to more than 50,000 customers for 1 hour or more",Severe Weather,436,61113,2022,,2022-01-16 05:15:00-06:00,2022-01-17 00:06:00-06:00,18.85
January,01/18/2022,22:22:00,01/18/2022,22:23:00,Texas: Harris County;,TRE,Cyber Security Incident that was an attempt to compromise a High or Medium Impact Bulk Electric System Cyber System or their associated Electronic Access Control or Monitoring Systems,Cyber Event,0,0,2022,,2022-01-18 22:22:00-06:00,2022-01-18 22:23:00-06:00,0.016666666666666666
January,01/19/2022,14:35:00,01/19/2022,16:02:00,Maine:,NPCC,Complete loss of monitoring or control capability at its staffed Bulk Electric System control center for 30 continuous minutes or more.,System Operations,0,0,2022,,2022-01-19 14:35:00-06:00,2022-01-19 16:02:00-06:00,1.45
January,01/20/2022,19:57:00,01/21/2022,05:30:00,Mississippi: Arkansas: Louisiana: Texas:,TRE/SERC,Complete loss of monitoring or control capability at its staffed Bulk Electric System control center for 30 continuous minutes or more.,Severe Weather,0,0,2022,,2022-01-20 19:57:00-06:00,2022-01-21 05:30:00-06:00,9.55
January,01/20/2022,09:00:00,01/20/2022,09:59:00,Maine:,NPCC,Complete loss of monitoring or control capability at its staffed Bulk Electric System control center for 30 continuous minutes or more.,System Operations,0,0,2022,,2022-01-20 09:00:00-06:00,2022-01-20 09:59:00-06:00,0.9833333333333333
January,01/23/2022,00:37:00,01/23/2022,00:42:00,Pennsylvania: Westmoreland County;,RF,"Physical threat to its Facility excluding weather or natural disaster related threats, which has the potential to degrade the normal operation of the Facility. Or suspicious device or activity at its Facility.",Suspicious Activity,0,0,2022,,2022-01-23 00:37:00-06:00,2022-01-23 00:42:00-06:00,0.08333333333333333
January,01/24/2022,10:27:00,01/24/2022,10:51:00,Washington: Chelan County;,WECC,"Unexpected Transmission loss within its area, contrary to design, of three or more Bulk Electric System Facilities caused by a common disturbance (excluding successful automatic reclosing).",System Operations,0,0,2022,,2022-01-24 10:27:00-06:00,2022-01-24 10:51:00-06:00,0.4
January,01/24/2022,11:50:00,01/24/2022,16:00:00,"New York: Dutchess County, Greene County;",NPCC,Damage or destruction of its Facility that results from actual or suspected intentional human action.,Sabotage,0,0,2022,,2022-01-24 11:50:00-06:00,2022-01-24 16:00:00-06:00,4.166666666666667
January,01/26/2022,13:37:00,01/26/2022,14:15:00,Florida: Leon County;,SERC,Complete loss of monitoring or control capability at its staffed Bulk Electric System control center for 30 continuous minutes or more.,System Operations,0,0,2022,,2022-01-26 13:37:00-06:00,2022-01-26 14:15:00-06:00,0.6333333333333333
January,01/27/2022,11:30:00,01/27/2022,11:31:00,Nevada: Clark County;,WECC," Damage or destruction of a Facility within its Reliability Coordinator Area, Balancing Authority Area or Transmission Operator Area that results in action(s) to avoid a Bulk Electric System Emergency.",Vandalism,0,0,2022,,2022-01-27 11:30:00-06:00,2022-01-27 11:31:00-06:00,0.016666666666666666
January,01/28/2022,15:41:00,01/28/2022,21:30:00,"Colorado: Douglas County, Pueblo County, El Paso County, Prowers County;",WECC,"Unexpected Transmission loss within its area, contrary to design, of three or more Bulk Electric System Facilities caused by a common disturbance (excluding successful automatic reclosing).",Transmission Interruption,0,0,2022,,2022-01-28 15:41:00-06:00,2022-01-28 21:30:00-06:00,5.816666666666666
January,01/29/2022,08:45:00,01/30/2022,01:00:00,Connecticut: Massachusetts: New Hampshire: Rhode Island: Vermont: Maine:,NPCC,"Loss of electric service to more than 50,000 customers for 1 hour or more",Severe Weather,120,12000,2022,,2022-01-29 08:45:00-06:00,2022-01-30 01:00:00-06:00,16.25
January,01/30/2022,20:41:00,01/31/2022,00:42:00,Nebraska:,MRO,Complete loss of monitoring or control capability at its staffed Bulk Electric System control center for 30 continuous minutes or more.,System Operations,0,0,2022,,2022-01-30 20:41:00-06:00,2022-01-31 00:42:00-06:00,4.016666666666667
January,01/31/2022,19:58:00,01/31/2022,20:10:00,West Virginia: Monongalia County;,RF,"Physical threat to its Facility excluding weather or natural disaster related threats, which has the potential to degrade the normal operation of the Facility. Or suspicious device or activity at its Facility.",Suspicious Activity,0,0,2022,,2022-01-31 19:58:00-06:00,2022-01-31 20:10:00-06:00,0.2
February,02/01/2022,12:13:00,02/01/2022,12:25:00,California: Yuba County;,WECC,Electrical System Separation (Islanding) where part or parts of a power grid remain(s) operational in an otherwise blacked out area or within the partial failure of an integrated electrical system,System Operations,10,8124,2022,,2022-02-01 12:13:00-06:00,2022-02-01 12:25:00-06:00,0.2
February,02/03/2022,10:00:00,02/07/2022,20:00:00,Tennessee: Shelby County;,SERC,"Loss of electric service to more than 50,000 customers for 1 hour or more",Severe Weather/Transmission Interruption,Unknown,255000,2022,,2022-02-03 10:00:00-06:00,2022-02-07 20:00:00-06:00,106.0
February,02/03/2022,12:56:00,02/04/2022,20:30:00,Ohio:,RF,"Loss of electric service to more than 50,000 customers for 1 hour or more",Severe Weather/Transmission Interruption,Unknown,51000,2022,,2022-02-03 12:56:00-06:00,2022-02-04 20:30:00-06:00,31.566666666666666
February,02/03/2022,12:56:00,Unknown,Unknown,Ohio:,RF,"Loss of electric service to more than 50,000 customers for 1 hour or more",Severe Weather/Transmission Interruption,Unknown,51000,2022,,2022-02-03 12:56:00-06:00,,
February,02/04/2022,18:21:00,02/04/2022,22:00:00,Texas:,TRE,Electrical System Separation (Islanding) where part or parts of a power grid remain(s) operational in an otherwise blacked out area or within the partial failure of an integrated electrical system,Transmission Interruption,Unknown,Unknown,2022,,2022-02-04 18:21:00-06:00,2022-02-04 22:00:00-06:00,3.65
February,02/04/2022,13:10:00,Unknown,Unknown,New York: Ulster County;,NPCC,"Loss of electric service to more than 50,000 customers for 1 hour or more",Severe Weather/Transmission Interruption,Unknown,67404,2022,,2022-02-04 13:10:00-06:00,,
February,02/09/2022,07:00:00,02/09/2022,09:00:00,New York: Orange County;,NPCC,Physical attack that could potentially impact electric power system adequacy or reliability; or vandalism which targets components of any security systems,Vandalism,0,0,2022,,2022-02-09 07:00:00-06:00,2022-02-09 09:00:00-06:00,2.0
February,02/12/2022,16:29:00,02/12/2022,16:30:00,California: Alameda County;,WECC,Physical attack that could potentially impact electric power system adequacy or reliability; or vandalism which targets components of any security systems,Vandalism,Unknown,Unknown,2022,,2022-02-12 16:29:00-06:00,2022-02-12 16:30:00-06:00,0.016666666666666666
February,02/17/2022,10:30:00,02/17/2022,10:31:00,Rhode Island: Providence County[13];,NPCC,"Physical threat to its Facility excluding weather or natural disaster related threats, which has the potential to degrade the normal operation of the Facility. Or suspicious device or activity at its Facility.",Suspicious Activity,0,0,2022,,2022-02-17 10:30:00-06:00,2022-02-17 10:31:00-06:00,0.016666666666666666
February,02/17/2022,00:09:00,02/17/2022,07:36:00,Louisiana: Lafayette Parish;,SERC,Complete loss of monitoring or control capability at its staffed Bulk Electric System control center for 30 continuous minutes or more.,System Operations,80,0,2022,,2022-02-17 00:09:00-06:00,2022-02-17 07:36:00-06:00,7.45
February,02/18/2022,07:10:00,02/18/2022,16:25:00,Connecticut: Maine: Massachusetts: New Hampshire: Vermont: Rhode Island:,NPCC,"Loss of electric service to more than 50,000 customers for 1 hour or more",Severe Weather,7,7047,2022,,2022-02-18 07:10:00-06:00,2022-02-18 16:25:00-06:00,9.25
February,02/22/2022,11:10:00,02/22/2022,12:15:00,Texas: Llano County;,TRE,"Physical threat to its Facility excluding weather or natural disaster related threats, which has the potential to degrade the normal operation of the Facility. Or suspicious device or activity at its Facility.",Suspicious Activity,0,0,2022,,2022-02-22 11:10:00-06:00,2022-02-22 12:15:00-06:00,1.0833333333333333
February,02/24/2022,10:25:00,02/24/2022,10:31:00,Texas: Montgomery County;,TRE,"Unexpected Transmission loss within its area, contrary to design, of three or more Bulk Electric System Facilities caused by a common disturbance (excluding successful automatic reclosing).",Transmission Interruption,3,1405,2022,,2022-02-24 10:25:00-06:00,2022-02-24 10:31:00-06:00,0.1
February,02/24/2022,01:09:00,02/24/2022,02:59:00,"California: San Bernardino County, Kern County, Solano County, San Diego County;",WECC,Complete loss of monitoring or control capability at its staffed Bulk Electric System control center for 30 continuous minutes or more.,System Operations,246,0,2022,,2022-02-24 01:09:00-06:00,2022-02-24 02:59:00-06:00,1.8333333333333333
February,02/25/2022,09:31:00,02/25/2022,13:09:00,Texas: Travis County; California: San Diego County;,TRE, Unplanned evacuation from its Bulk Electric System control center facility for 30 continuous minutes or more.,System Operations,0,0,2022,,2022-02-25 09:31:00-06:00,2022-02-25 13:09:00-06:00,3.6333333333333333
February,02/26/2022,11:15:00,02/26/2022,17:00:00,Washington: Grant County;,WECC,"Physical threat to its Facility excluding weather or natural disaster related threats, which has the potential to degrade the normal operation of the Facility. Or suspicious device or activity at its Facility.",Actual Physical Attack,0,0,2022,,2022-02-26 11:15:00-06:00,2022-02-26 17:00:00-06:00,5.75
February,02/28/2022,09:25:00,02/28/2022,09:26:00,Texas: Mitchell County;,TRE, Damage or destruction of its Facility that results from actual or suspected intentional human action.,Vandalism,0,0,2022,,2022-02-28 09:25:00-06:00,2022-02-28 09:26:00-06:00,0.016666666666666666
March,03/01/2022,13:43:00,03/01/2022,13:47:00,"Indiana: Marion County, Shelby County, Hendricks County;",RF,"Unexpected Transmission loss within its area, contrary to design, of three or more Bulk Electric System Facilities caused by a common disturbance (excluding successful automatic reclosing).",System Operations,0,0,2022,,2022-03-01 13:43:00-06:00,2022-03-01 13:47:00-06:00,0.06666666666666667
March,03/02/2022,09:26:00,03/02/2022,10:05:00,North Carolina: South Carolina:,SERC,Unplanned evacuation from its Bulk Electric System control center facility for 30 continuous minutes or more.,System Operations,0,0,2022,,2022-03-02 09:26:00-06:00,2022-03-02 10:05:00-06:00,0.65
March,03/05/2022,22:58:00,03/06/2022,19:38:00,Illinois: DuPage County;,SERC/RF,"Unexpected Transmission loss within its area, contrary to design, of three or more Bulk Electric System Facilities caused by a common disturbance (excluding successful automatic reclosing).",System Operations,0,0,2022,,2022-03-05 22:58:00-06:00,2022-03-06 19:38:00-06:00,20.666666666666668
March,03/06/2022,02:30:00,03/06/2022,17:00:00,Texas: Cameron County;,TRE,Cyber event that could potentially impact electric power system adequacy or reliability,Cyber Event,0,0,2022,,2022-03-06 02:30:00-06:00,2022-03-06 17:00:00-06:00,14.5
March,03/08/2022,13:50:00,03/08/2022,14:39:00,Georgia: Terrell County;,TRE,"Unexpected Transmission loss within its area, contrary to design, of three or more Bulk Electric System Facilities caused by a common disturbance (excluding successful automatic reclosing).",System Operations,48,5855,2022,,2022-03-08 13:50:00-06:00,2022-03-08 14:39:00-06:00,0.8166666666666667
March,03/10/2022,08:51:00,03/10/2022,15:15:00,Nebraska: Scotts Bluff County;,MRO,"Unexpected Transmission loss within its area, contrary to design, of three or more Bulk Electric System Facilities caused by a common disturbance (excluding successful automatic reclosing).",Transmission Interruption,0,0,2022,,2022-03-10 08:51:00-06:00,2022-03-10 15:15:00-06:00,6.4
March,03/11/2022,06:35:00,03/11/2022,07:00:00,Texas: Cameron County;,TRE,"Physical threat to its Facility excluding weather or natural disaster related threats, which has the potential to degrade the normal operation of the Facility. Or suspicious device or activity at its Facility.",Suspicious Activity,0,0,2022,,2022-03-11 06:35:00-06:00,2022-03-11 07:00:00-06:00,0.4166666666666667
March,03/12/2022,08:33:00,Unknown,Unknown,Alabama: Georgia: Mississippi: Florida:,SERC,"Loss of electric service to more than 50,000 customers for 1 hour or more",Severe Weather,139,19380,2022,,2022-03-12 08:33:00-06:00,,
March,03/13/2022,22:15:00,03/13/2022,22:38:00,Minnesota: Hennepin County;,MRO,Damage or destruction of its Facility that results from actual or suspected intentional human action.,Vandalism,0,0,2022,,2022-03-13 22:15:00-05:00,2022-03-13 22:38:00-05:00,0.38333333333333336
March,03/14/2022,09:30:00,03/14/2022,10:45:00,Texas: Cameron County;,TRE,"Physical threat to its Facility excluding weather or natural disaster related threats, which has the potential to degrade the normal operation of the Facility. Or suspicious device or activity at its Facility.",Vandalism,0,0,2022,,2022-03-14 09:30:00-05:00,2022-03-14 10:45:00-05:00,1.25
March,03/14/2022,15:45:00,Unknown,Unknown,New Jersey:,RF,"Physical threat to its Facility excluding weather or natural disaster related threats, which has the potential to degrade the normal operation of the Facility. Or suspicious device or activity at its Facility.",Suspicious Activity,Unknown,Unknown,2022,,2022-03-14 15:45:00-05:00,,
March,03/15/2022,18:53:00,03/15/2022,20:33:00,California: Lake County;,WECC,"Physical threat to its Facility excluding weather or natural disaster related threats, which has the potential to degrade the normal operation of the Facility. Or suspicious device or activity at its Facility.",Vandalism,10,3958,2022,,2022-03-15 18:53:00-05:00,2022-03-15 20:33:00-05:00,1.6666666666666667
March,03/15/2022,11:11:00,03/15/2022,11:47:00,Maine:,NPCC,Complete loss of monitoring or control capability at its staffed Bulk Electric System control center for 30 continuous minutes or more.,System Operations,0,0,2022,,2022-03-15 11:11:00-05:00,2022-03-15 11:47:00-05:00,0.6
March,03/16/2022,11:28:00,03/16/2022,11:29:00,California: Sacramento County;,WECC,Damage or destruction of its Facility that results from actual or suspected intentional human action.,Vandalism,0,0,2022,,2022-03-16 11:28:00-05:00,2022-03-16 11:29:00-05:00,0.016666666666666666
March,03/17/2022,12:59:00,44641,16:38:00,North Carolina: Durham County;,SERC,Damage or destruction of its Facility that results from actual or suspected intentional human action.,Actual Physical Attack/Vandalism,0,0,2022,,2022-03-17 12:59:00-05:00,,
March,03/18/2022,16:32:00,Unknown,Unknown,Florida: Palm Beach County;,SERC,"Unexpected Transmission loss within its area, contrary to design, of three or more Bulk Electric System Facilities caused by a common disturbance (excluding successful automatic reclosing).",Transmission Interruption,78,20423,2022,,2022-03-18 16:32:00-05:00,,
March,03/20/2022,17:52:00,03/20/2022,22:20:00,Minnesota: St. Louis County;,MRO,Complete loss of monitoring or control capability at its staffed Bulk Electric System control center for 30 continuous minutes or more.,System Operations,0,0,2022,,2022-03-20 17:52:00-05:00,2022-03-20 22:20:00-05:00,4.466666666666667
March,03/21/2022,19:00:00,03/24/2022,00:00:00,"Texas: Anderson County, Bell County, Bosque County, Comanche County, Coryell County, Falls County, Freestone County, Hamilton County, Henderson County, Hill County, Lampasas County, Leon County, Limestone County, McLennan County, Milam County, Mills County, Robertson County, Collin County, Cooke County, Dallas County, Denton County, Ellis County, Erath County, Fannin County, Grayson County, Hood County, Hunt County, Johnson County, Kaufman County, Navarro County, Parker County, Rains County, Rockwall County, Somervell County, Tarrant County, Van Zandt County, Wise County;",TRE,"Loss of electric service to more than 50,000 customers for 1 hour or more",Severe Weather,Unknown,170000,2022,,2022-03-21 19:00:00-05:00,2022-03-24 00:00:00-05:00,53.0
March,03/22/2022,21:04:00,03/22/2022,21:08:00,Maryland: Prince George's County;,RF,"Physical threat to its Facility excluding weather or natural disaster related threats, which has the potential to degrade the normal operation of the Facility. Or suspicious device or activity at its Facility.",Suspicious Activity,0,0,2022,,2022-03-22 21:04:00-05:00,2022-03-22 21:08:00-05:00,0.06666666666666667
March,03/22/2022,00:06:00,03/22/2022,04:29:00,South Dakota:,MRO,"Unexpected Transmission loss within its area, contrary to design, of three or more Bulk Electric System Facilities caused by a common disturbance (excluding successful automatic reclosing).",Transmission Interruption,0,0,2022,,2022-03-22 00:06:00-05:00,2022-03-22 04:29:00-05:00,4.383333333333334
March,03/25/2022,20:46:00,03/25/2022,22:48:00,Maine:,NPCC,Complete loss of monitoring or control capability at its staffed Bulk Electric System control center for 30 continuous minutes or more.,System Operations,0,0,2022,,2022-03-25 20:46:00-05:00,2022-03-25 22:48:00-05:00,2.033333333333333
March,03/29/2022,11:45:00,Unknown,Unknown,California: Imperial County;,WECC,Physical attack that could potentially impact electric power system adequacy or reliability; or vandalism which targets components of any security systems,Vandalism,0,0,2022,,2022-03-29 11:45:00-05:00,,
March,03/29/2022,16:34:00,03/30/2022,15:25:00,Vermont: Chittenden County;,NPCC,Damage or destruction of its Facility that results from actual or suspected intentional human action.,Vandalism,0,0,2022,,2022-03-29 16:34:00-05:00,2022-03-30 15:25:00-05:00,22.85
March,03/30/2022,15:45:00,Unknown,Unknown,Louisiana: Mississippi: Arkansas:,SERC,"Loss of electric service to more than 50,000 customers for 1 hour or more",Severe Weather,Unknown,66448,2022,,2022-03-30 15:45:00-05:00,,
March,03/31/2022,08:59:00,04/01/2022,19:30:00,"Michigan: Huron County, Tuscola County, St. Clair County, Washtenaw County, Macomb County, Wayne County, Monroe County, Oakland County, Livingston County;",RF,"Loss of electric service to more than 50,000 customers for 1 hour or more",Severe Weather,60,70000,2022,,2022-03-31 08:59:00-05:00,2022-04-01 19:30:00-05:00,34.516666666666666
March,03/31/2022,22:43:00,Unknown,Unknown,Montana: Toole County; Florida: Palm Beach County;,WECC/SERC,Cyber event that could potentially impact electric power system adequacy or reliability,Cyber Event,0,0,2022,,2022-03-31 22:43:00-05:00,,
March,03/31/2022,00:04:00,03/31/2022,09:20:00,Georgia: Alabama: Mississippi: Florida:,SERC,"Loss of electric service to more than 50,000 customers for 1 hour or more",Severe Weather,157,22000,2022,,2022-03-31 00:04:00-05:00,2022-03-31 09:20:00-05:00,9.266666666666667
April,04/05/2022,04:40:00,04/05/2022,17:21:00,Missouri: Jackson County;,SERC/RF,"Unexpected Transmission loss within its area, contrary to design, of three or more Bulk Electric System Facilities caused by a common disturbance (excluding successful automatic reclosing).",System Operations,73,16299,2022,,2022-04-05 04:40:00-05:00,2022-04-05 17:21:00-05:00,12.683333333333334
April,04/10/2022,15:41:00,04/10/2022,15:50:00,Arkansas: Pulaski County;,SERC,Electrical System Separation (Islanding) where part or parts of a power grid remain(s) operational in an otherwise blacked out area or within the partial failure of an integrated electrical system,System Operations,5,Unknown,2022,,2022-04-10 15:41:00-05:00,2022-04-10 15:50:00-05:00,0.15
April,04/10/2022,15:41:00,04/10/2022,15:50:00,Arkansas: Pulaski County;,SERC,Electrical System Separation (Islanding) where part or parts of a power grid remain(s) operational in an otherwise blacked out area or within the partial failure of an integrated electrical system,System Operations,5,Unknown,2022,,2022-04-10 15:41:00-05:00,2022-04-10 15:50:00-05:00,0.15
April,04/11/2022,09:15:00,04/13/2022,08:00:00,"Oregon: Multnomah County, Clackamas County, Marion County, Yamhill County, Washington County;",WECC,"Loss of electric service to more than 50,000 customers for 1 hour or more",Severe Weather,3140,73717,2022,,2022-04-11 09:15:00-05:00,2022-04-13 08:00:00-05:00,46.75
April,04/11/2022,21:37:00,04/11/2022,22:14:00,California: Riverside County;,WECC,Damage or destruction of its Facility that results from actual or suspected intentional human action.,Actual Physical Attack,2,1337,2022,,2022-04-11 21:37:00-05:00,2022-04-11 22:14:00-05:00,0.6166666666666667
April,04/11/2022,20:33:00,04/11/2022,20:40:00,Maryland: Calvert County;,RF,"Physical threat to its Facility excluding weather or natural disaster related threats, which has the potential to degrade the normal operation of the Facility. Or suspicious device or activity at its Facility.",Suspicious Activity,0,0,2022,,2022-04-11 20:33:00-05:00,2022-04-11 20:40:00-05:00,0.11666666666666667
April,04/11/2022,20:33:00,04/11/2022,20:40:00,Maryland: Calvert County;,RF,"Physical threat to its Facility excluding weather or natural disaster related threats, which has the potential to degrade the normal operation of the Facility. Or suspicious device or activity at its Facility.",Suspicious Activity,0,0,2022,,2022-04-11 20:33:00-05:00,2022-04-11 20:40:00-05:00,0.11666666666666667
April,04/12/2022,17:42:00,04/12/2022,18:38:00,Arkansas: Ouachita County;,SERC,Physical attack that could potentially impact electric power system adequacy or reliability; or vandalism which targets components of any security systems,Actual Physical Attack,0,0,2022,,2022-04-12 17:42:00-05:00,2022-04-12 18:38:00-05:00,0.9333333333333333
April,04/13/2022,22:04:00,04/14/2022,00:02:00,Louisiana: Iberia Parish;,SERC,"Unexpected Transmission loss within its area, contrary to design, of three or more Bulk Electric System Facilities caused by a common disturbance (excluding successful automatic reclosing).",System Operations,7,2429,2022,,2022-04-13 22:04:00-05:00,2022-04-14 00:02:00-05:00,1.9666666666666666
April,04/14/2022,05:59:00,04/14/2022,06:13:00,California: Los Angeles County;,WECC,"Unexpected Transmission loss within its area, contrary to design, of three or more Bulk Electric System Facilities caused by a common disturbance (excluding successful automatic reclosing).",Transmission Interruption,164,262268,2022,,2022-04-14 05:59:00-05:00,2022-04-14 06:13:00-05:00,0.23333333333333334
April,04/16/2022,12:17:00,Unknown,Unknown,Missouri:,SERC/RF,Complete loss of monitoring or control capability at its staffed Bulk Electric System control center for 30 continuous minutes or more.,Generation Inadequacy,0,0,2022,,2022-04-16 12:17:00-05:00,,
April,04/16/2022,11:08:00,Unknown,Unknown,Iowa: Polk County; Illinois:,SERC/MRO,"Unexpected Transmission loss within its area, contrary to design, of three or more Bulk Electric System Facilities caused by a common disturbance (excluding successful automatic reclosing).",System Operations,0,0,2022,,2022-04-16 11:08:00-05:00,,
April,04/16/2022,10:45:00,Unknown,Unknown,Washington:,WECC,"Physical threat to its Facility excluding weather or natural disaster related threats, which has the potential to degrade the normal operation of the Facility. Or suspicious device or activity at its Facility.",Suspicious Activity,0,0,2022,,2022-04-16 10:45:00-05:00,,
April,04/16/2022,17:44:00,Unknown,Unknown,California:,WECC,Electrical System Separation (Islanding) where part or parts of a power grid remain(s) operational in an otherwise blacked out area or within the partial failure of an integrated electrical system,System Operations,9290,Unknown,2022,,2022-04-16 17:44:00-05:00,,
April,04/16/2022,05:30:00,04/16/2022,11:38:00,California: Shasta County;,WECC,Unplanned evacuation from its Bulk Electric System control center facility for 30 continuous minutes or more.,System Operations,0,0,2022,,2022-04-16 05:30:00-05:00,2022-04-16 11:38:00-05:00,6.133333333333334
April,04/16/2022,22:55:00,04/16/2022,22:57:00,Pennsylvania: York County;,RF,"Physical threat to its Facility excluding weather or natural disaster related threats, which has the potential to degrade the normal operation of the Facility. Or suspicious device or activity at its Facility.",Suspicious Activity,0,0,2022,,2022-04-16 22:55:00-05:00,2022-04-16 22:57:00-05:00,0.03333333333333333
April,04/19/2022,06:00:00,Unknown,Unknown,New York:,NPCC,"Loss of electric service to more than 50,000 customers for 1 hour or more",Severe Weather,Unknown,97000,2022,,2022-04-19 06:00:00-05:00,,
April,04/19/2022,08:41:00,04/19/2022,12:10:00,Connecticut: Massachusetts: Maine: New Hampshire: Rhode Island: Vermont:,NPCC,"Loss of electric service to more than 50,000 customers for 1 hour or more",Severe Weather,Unknown,67754,2022,,2022-04-19 08:41:00-05:00,2022-04-19 12:10:00-05:00,3.4833333333333334
April,04/19/2022,04:07:00,Unknown,Unknown,"New York: Broome County, Chemung County, Chenango County, Clinton County, Columbia County, Cortland County, Delaware County, Dutchess County, Erie County, Essex County, Greene County, Hamilton County, Herkimer County, Madison County, Oneida County, Otsego County, Putnam County, Saratoga County, Schoharie County, Schuyler County, Steuben County, Sullivan County, Tioga County, Tompkins County, Ulster County, Westchester County;",NPCC,"Loss of electric service to more than 50,000 customers for 1 hour or more",Severe Weather,Unknown,84033,2022,,2022-04-19 04:07:00-05:00,,
April,04/22/2022,23:00:00,04/24/2022,16:00:00,North Dakota:,MRO,Uncontrolled loss of 300 Megawatts or more of firm system loads for 15 minutes or more from a single incident,Severe Weather,1000,Unknown,2022,,2022-04-22 23:00:00-05:00,2022-04-24 16:00:00-05:00,41.0
April,04/22/2022,23:16:00,04/24/2022,16:00:00,"North Dakota: Mountrail County, Williams County, Ward County, Burke County, Bottineau County, McLean County, Walsh County, Bowman County, Stark County, Dunn County, Mercer County; Montana: Wibaux County, Richland County;",WECC/MRO,"Unexpected Transmission loss within its area, contrary to design, of three or more Bulk Electric System Facilities caused by a common disturbance (excluding successful automatic reclosing).",Severe Weather,Unknown,Unknown,2022,,2022-04-22 23:16:00-05:00,2022-04-24 16:00:00-05:00,40.733333333333334
April,04/23/2022,15:38:00,04/24/2022,04:00:00,"North Dakota: Mountrail County, Williams County;",MRO,Uncontrolled loss of 300 Megawatts or more of firm system loads for 15 minutes or more from a single incident,Severe Weather,480,18430,2022,,2022-04-23 15:38:00-05:00,2022-04-24 04:00:00-05:00,12.366666666666667
April,04/23/2022,19:42:00,04/24/2022,16:17:00,"Iowa: Polk County, Warren County; Illinois:",SERC/MRO,"Unexpected Transmission loss within its area, contrary to design, of three or more Bulk Electric System Facilities caused by a common disturbance (excluding successful automatic reclosing).",Severe Weather,43,22400,2022,,2022-04-23 19:42:00-05:00,2022-04-24 16:17:00-05:00,20.583333333333332
April,04/26/2022,14:27:00,Unknown,Unknown,Minnesota: Chisago County;,MRO,Damage or destruction of its Facility that results from actual or suspected intentional human action.,Vandalism,17,0,2022,,2022-04-26 14:27:00-05:00,,
April,04/26/2022,08:54:00,04/26/2022,08:55:00,California: Sacramento County;,WECC,Physical attack that could potentially impact electric power system adequacy or reliability; or vandalism which targets components of any security systems,Vandalism,0,0,2022,,2022-04-26 08:54:00-05:00,2022-04-26 08:55:00-05:00,0.016666666666666666
April,04/27/2022,09:00:00,04/27/2022,09:01:00,Ohio: Muskingum County;,RF,"Physical threat to its Facility excluding weather or natural disaster related threats, which has the potential to degrade the normal operation of the Facility. Or suspicious device or activity at its Facility.",Suspicious Activity,Unknown,Unknown,2022,,2022-04-27 09:00:00-05:00,2022-04-27 09:01:00-05:00,0.016666666666666666
April,04/28/2022,07:56:00,04/28/2022,08:48:00,North Carolina: South Carolina:,SERC,"Unexpected Transmission loss within its area, contrary to design, of three or more Bulk Electric System Facilities caused by a common disturbance (excluding successful automatic reclosing).",System Operations,74,Unknown,2022,,2022-04-28 07:56:00-05:00,2022-04-28 08:48:00-05:00,0.8666666666666667
April,04/28/2022,15:45:00,Unknown,Unknown,New Mexico: San Juan County;,WECC,"Physical threat to its Facility excluding weather or natural disaster related threats, which has the potential to degrade the normal operation of the Facility. Or suspicious device or activity at its Facility.",Suspicious Activity,0,0,2022,,2022-04-28 15:45:00-05:00,,
April,04/29/2022,07:05:00,04/29/2022,07:06:00,California:,WECC,Physical attack that could potentially impact electric power system adequacy or reliability; or vandalism which targets components of any security systems,Vandalism,0,0,2022,,2022-04-29 07:05:00-05:00,2022-04-29 07:06:00-05:00,0.016666666666666666
May,05/02/2022,14:24:00,05/02/2022,14:25:00,California:,WECC,Damage or destruction of its Facility that results from actual or suspected intentional human action.,Vandalism,Unknown,0,2022,,2022-05-02 14:24:00-05:00,2022-05-02 14:25:00-05:00,0.016666666666666666
May,05/03/2022,06:42:00,05/03/2022,13:59:00,New Hampshire: Carroll County;,NPCC,Damage or destruction of its Facility that results from actual or suspected intentional human action.,Vandalism,0,0,2022,,2022-05-03 06:42:00-05:00,2022-05-03 13:59:00-05:00,7.283333333333333
May,05/03/2022,00:17:00,05/04/2022,12:00:00,Louisiana:,SERC,Damage or destruction of its Facility that results from actual or suspected intentional human action.,Actual Physical Attack,0,0,2022,,2022-05-03 00:17:00-05:00,2022-05-04 12:00:00-05:00,35.71666666666667
May,05/04/2022,14:07:00,05/05/2022,01:57:00,Michigan: Wayne County;,RF,Complete loss of monitoring or control capability at its staffed Bulk Electric System control center for 30 continuous minutes or more.,System Operations,Unknown,0,2022,,2022-05-04 14:07:00-05:00,2022-05-05 01:57:00-05:00,11.833333333333334
May,05/05/2022,13:06:00,05/05/2022,14:06:00,Arkansas:,SERC,"Unexpected Transmission loss within its area, contrary to design, of three or more Bulk Electric System Facilities caused by a common disturbance (excluding successful automatic reclosing).",Transmission Interruption,Unknown,0,2022,,2022-05-05 13:06:00-05:00,2022-05-05 14:06:00-05:00,1.0
May,05/06/2022,03:02:00,05/06/2022,03:34:00,Michigan: Jackson County;,RF,Complete loss of monitoring or control capability at its staffed Bulk Electric System control center for 30 continuous minutes or more.,Fuel Supply Deficiency,0,0,2022,,2022-05-06 03:02:00-05:00,2022-05-06 03:34:00-05:00,0.5333333333333333
May,05/09/2022,16:25:00,05/09/2022,17:10:00,Texas: Haskell County;,TRE,Damage or destruction of its Facility that results from actual or suspected intentional human action.,Vandalism,0,0,2022,,2022-05-09 16:25:00-05:00,2022-05-09 17:10:00-05:00,0.75
May,05/09/2022,16:25:00,05/09/2022,17:10:00,Texas: Haskell County;,TRE,Damage or destruction of its Facility that results from actual or suspected intentional human action.,Vandalism,0,0,2022,,2022-05-09 16:25:00-05:00,2022-05-09 17:10:00-05:00,0.75
May,05/11/2022,18:00:00,05/11/2022,22:42:00,Minnesota:,MRO,"Loss of electric service to more than 50,000 customers for 1 hour or more",Severe Weather,Unknown,105000,2022,,2022-05-11 18:00:00-05:00,2022-05-11 22:42:00-05:00,4.7
May,05/11/2022,10:00:00,05/11/2022,10:01:00,Iowa: Clinton County;,MRO,Physical attack that could potentially impact electric power system adequacy or reliability; or vandalism which targets components of any security systems; Damage or destruction of its Facility that results from actual or suspected intentional human action.,Vandalism,0,0,2022,,2022-05-11 10:00:00-05:00,2022-05-11 10:01:00-05:00,0.016666666666666666
May,05/12/2022,16:50:00,05/13/2022,02:48:00,South Dakota: Davison County;,MRO,"Unexpected Transmission loss within its area, contrary to design, of three or more Bulk Electric System Facilities caused by a common disturbance (excluding successful automatic reclosing).",Transmission Interruption,Unknown,Unknown,2022,,2022-05-12 16:50:00-05:00,2022-05-13 02:48:00-05:00,9.966666666666667
May,05/12/2022,14:58:00,05/12/2022,14:59:00,Mississippi: Harrison County;,SERC,Damage or destruction of its Facility that results from actual or suspected intentional human action.,Actual Physical Attack/Vandalism,0,0,2022,,2022-05-12 14:58:00-05:00,2022-05-12 14:59:00-05:00,0.016666666666666666
May,05/12/2022,14:58:00,05/12/2022,14:59:00,Mississippi: Lamar County;,SERC,Damage or destruction of its Facility that results from actual or suspected intentional human action.,Actual Physical Attack/Vandalism,0,0,2022,,2022-05-12 14:58:00-05:00,2022-05-12 14:59:00-05:00,0.016666666666666666
May,05/12/2022,01:00:00,05/12/2022,01:10:00,Texas: Frio County;,TRE,"Physical threat to its Facility excluding weather or natural disaster related threats, which has the potential to degrade the normal operation of the Facility. Or suspicious device or activity at its Facility.",Suspicious Activity,0,0,2022,,2022-05-12 01:00:00-05:00,2022-05-12 01:10:00-05:00,0.16666666666666666
May,05/12/2022,10:44:00,05/12/2022,13:34:00,"Missouri: Barry County, Dade County, Lawrence County;",SERC,"Unexpected Transmission loss within its area, contrary to design, of three or more Bulk Electric System Facilities caused by a common disturbance (excluding successful automatic reclosing).",Transmission Interruption,800,0,2022,,2022-05-12 10:44:00-05:00,2022-05-12 13:34:00-05:00,2.8333333333333335
May,05/14/2022,15:05:00,05/14/2022,16:30:00,Texas:,TRE,Complete loss of monitoring or control capability at its staffed Bulk Electric System control center for 30 continuous minutes or more.,System Operations,0,0,2022,,2022-05-14 15:05:00-05:00,2022-05-14 16:30:00-05:00,1.4166666666666667
May,05/15/2022,23:30:00,05/17/2022,23:45:00,"Texas: Collin County, Dallas County, Denton County, Ellis County, Grayson County, Henderson County, Hunt County, Kaufman County, Navarro County, Rockwall County, Smith County, Tarrant County, Van Zandt County;",TRE,"Loss of electric service to more than 50,000 customers for 1 hour or more",Severe Weather,Unknown,150000,2022,,2022-05-15 23:30:00-05:00,2022-05-17 23:45:00-05:00,48.25
May,05/15/2022,21:00:00,05/15/2022,21:10:00,Pennsylvania: Montgomery County;,RF,"Physical threat to its Facility excluding weather or natural disaster related threats, which has the potential to degrade the normal operation of the Facility. Or suspicious device or activity at its Facility.",Suspicious Activity,0,0,2022,,2022-05-15 21:00:00-05:00,2022-05-15 21:10:00-05:00,0.16666666666666666
May,05/15/2022,21:00:00,05/15/2022,21:10:00,Pennsylvania: Montgomery County;,RF,"Physical threat to its Facility excluding weather or natural disaster related threats, which has the potential to degrade the normal operation of the Facility. Or suspicious device or activity at its Facility.",Suspicious Activity,0,0,2022,,2022-05-15 21:00:00-05:00,2022-05-15 21:10:00-05:00,0.16666666666666666
May,05/16/2022,05:00:00,05/16/2022,05:01:00,"California: Solano County, Santa Clara County;",WECC,Damage or destruction of its Facility that results from actual or suspected intentional human action.,Vandalism,0,0,2022,,2022-05-16 05:00:00-05:00,2022-05-16 05:01:00-05:00,0.016666666666666666
May,05/16/2022,16:03:00,05/16/2022,19:32:00,Arizona: Pima County;,WECC,Unplanned evacuation from its Bulk Electric System control center facility for 30 continuous minutes or more; Complete loss of monitoring or control capability at its staffed Bulk Electric System control center for 30 continuous minutes or more.,System Operations,0,0,2022,,2022-05-16 16:03:00-05:00,2022-05-16 19:32:00-05:00,3.4833333333333334
May,05/17/2022,12:10:00,Unknown,Unknown,New Mexico: Roosevelt County;,WECC,"Unexpected Transmission loss within its area, contrary to design, of three or more Bulk Electric System Facilities caused by a common disturbance (excluding successful automatic reclosing).",Transmission Interruption,25,Unknown,2022,,2022-05-17 12:10:00-05:00,,
May,05/18/2022,17:00:00,05/31/2022,12:00:00,New Mexico: San Juan County;,WECC,Fuel supply emergencies that could impact electric power system adequacy or reliability,Fuel Supply Deficiency,560,0,2022,,2022-05-18 17:00:00-05:00,2022-05-31 12:00:00-05:00,307.0
May,05/18/2022,11:00:00,05/18/2022,16:34:00,Idaho: Madison County;,WECC,Damage or destruction of its Facility that results from actual or suspected intentional human action.,Vandalism,0,0,2022,,2022-05-18 11:00:00-05:00,2022-05-18 16:34:00-05:00,5.566666666666666
May,05/18/2022,15:30:00,05/18/2022,16:30:00,Pennsylvania: Philadelphia County;,RF,"Physical threat to its Facility excluding weather or natural disaster related threats, which has the potential to degrade the normal operation of the Facility. Or suspicious device or activity at its Facility.",Suspicious Activity,0,0,2022,,2022-05-18 15:30:00-05:00,2022-05-18 16:30:00-05:00,1.0
May,05/20/2022,17:26:00,05/20/2022,17:33:00,New York:,NPCC,"Unexpected Transmission loss within its area, contrary to design, of three or more Bulk Electric System Facilities caused by a common disturbance (excluding successful automatic reclosing).",Transmission Interruption,0,0,2022,,2022-05-20 17:26:00-05:00,2022-05-20 17:33:00-05:00,0.11666666666666667
May,05/20/2022,08:48:00,Unknown,Unknown,"New York: Broome County, Monroe County;",NPCC,"Physical threat to its Facility excluding weather or natural disaster related threats, which has the potential to degrade the normal operation of the Facility. Or suspicious device or activity at its Facility.",Suspicious Activity,0,0,2022,,2022-05-20 08:48:00-05:00,,
May,05/21/2022,21:53:00,05/22/2022,00:28:00,Missouri: Jackson County;,SERC,Damage or destruction of its Facility that results from actual or suspected intentional human action.,Actual Physical Attack,0,0,2022,,2022-05-21 21:53:00-05:00,2022-05-22 00:28:00-05:00,2.5833333333333335
May,05/22/2022,02:30:00,05/22/2022,18:52:00,Texas: Harris County;,TRE,"Loss of electric service to more than 50,000 customers for 1 hour or more",Severe Weather,Unknown,52172,2022,,2022-05-22 02:30:00-05:00,2022-05-22 18:52:00-05:00,16.366666666666667
May,05/22/2022,22:40:00,05/22/2022,23:16:00,Maine:,NPCC,Complete loss of monitoring or control capability at its staffed Bulk Electric System control center for 30 continuous minutes or more.,System Operations,0,0,2022,,2022-05-22 22:40:00-05:00,2022-05-22 23:16:00-05:00,0.6
May,05/25/2022,06:42:00,05/25/2022,06:43:00,California: Siskiyou County;,WECC,Damage or destruction of its Facility that results from actual or suspected intentional human action.,Actual Physical Attack,0,0,2022,,2022-05-25 06:42:00-05:00,2022-05-25 06:43:00-05:00,0.016666666666666666
May,05/27/2022,07:56:00,05/27/2022,08:38:00,Arizona: California: Nevada: New Mexico:,WECC,Complete loss of monitoring or control capability at its staffed Bulk Electric System control center for 30 continuous minutes or more.,System Operations,0,0,2022,,2022-05-27 07:56:00-05:00,2022-05-27 08:38:00-05:00,0.7
May,05/27/2022,05:19:00,05/27/2022,06:00:00,Ohio: Cuyahoga County;,RF,"Physical threat to its Facility excluding weather or natural disaster related threats, which has the potential to degrade the normal operation of the Facility. Or suspicious device or activity at its Facility.",Suspicious Activity,0,0,2022,,2022-05-27 05:19:00-05:00,2022-05-27 06:00:00-05:00,0.6833333333333333
May,05/29/2022,16:41:00,05/31/2022,11:29:00,Pennsylvania: York County;,RF,"Unexpected Transmission loss within its area, contrary to design, of three or more Bulk Electric System Facilities caused by a common disturbance (excluding successful automatic reclosing).",Transmission Interruption,0,0,2022,,2022-05-29 16:41:00-05:00,2022-05-31 11:29:00-05:00,42.8
May,05/29/2022,01:18:00,05/29/2022,01:50:00,Pennsylvania: Montgomery County;,RF,Complete loss of monitoring or control capability at its staffed Bulk Electric System control center for 30 continuous minutes or more.,System Operations,0,0,2022,,2022-05-29 01:18:00-05:00,2022-05-29 01:50:00-05:00,0.5333333333333333
May,05/30/2022,14:10:00,05/31/2022,05:58:00,California: San Diego County;,WECC,Unplanned evacuation from its Bulk Electric System control center facility for 30 continuous minutes or more.,System Operations,0,0,2022,,2022-05-30 14:10:00-05:00,2022-05-31 05:58:00-05:00,15.8
May,05/31/2022,13:58:00,05/31/2022,13:59:00,Texas: Travis County;,TRE,Damage or destruction of its Facility that results from actual or suspected intentional human action.,Vandalism,0,0,2022,,2022-05-31 13:58:00-05:00,2022-05-31 13:59:00-05:00,0.016666666666666666
June,06/01/2022,10:47:00,06/01/2022,10:48:00,Utah: California: Oregon: Umatilla County;,WECC,Damage or destruction of its Facility that results from actual or suspected intentional human action.,Vandalism,0,0,2022,,2022-06-01 10:47:00-05:00,2022-06-01 10:48:00-05:00,0.016666666666666666
June,06/02/2022,08:20:00,Unknown,Unknown,California: Imperial County;,WECC,Physical attack that could potentially impact electric power system adequacy or reliability; or vandalism which targets components of any security systems,Vandalism,0,0,2022,,2022-06-02 08:20:00-05:00,,
June,06/03/2022,03:48:00,06/03/2022,03:49:00,Georgia: DeKalb County;,SERC,"Damage or destruction of a Facility within its Reliability Coordinator Area, Balancing Authority Area or Transmission Operator Area that results in action(s) to avoid a Bulk Electric System Emergency.",Vandalism,0,0,2022,,2022-06-03 03:48:00-05:00,2022-06-03 03:49:00-05:00,0.016666666666666666
June,06/04/2022,12:59:00,06/05/2022,02:15:00,Texas: Ector County;,TRE,"Total generation loss, within one minute of: greater than or equal to 2,000 Megawatts in the Eastern or Western Interconnection or greater than or equal to 1,400 Megawatts in the ERCOT Interconnection.",Generation Inadequacy,0,0,2022,,2022-06-04 12:59:00-05:00,2022-06-05 02:15:00-05:00,13.266666666666667
June,06/05/2022,15:20:00,06/05/2022,20:12:00,California:,WECC,Firm load shedding of 100 Megawatts or more implemented under emergency operational polic,Generation Inadequacy,Unknown,Unknown,2022,,2022-06-05 15:20:00-05:00,2022-06-05 20:12:00-05:00,4.866666666666666
June,06/06/2022,10:21:00,06/06/2022,10:24:00,California: Shasta County;,WECC,Electrical System Separation (Islanding) where part or parts of a power grid remain(s) operational in an otherwise blacked out area or within the partial failure of an integrated electrical system,System Operations,13,4000,2022,,2022-06-06 10:21:00-05:00,2022-06-06 10:24:00-05:00,0.05
June,06/08/2022,01:00:00,06/08/2022,06:00:00,"Missouri: Clay County, Jackson County; Kansas: Johnson County;",SERC/MRO," Loss of electric service to more than 50,000 customers for 1 hour or more",Severe Weather/Transmission Interruption,Unknown,91188,2022,,2022-06-08 01:00:00-05:00,2022-06-08 06:00:00-05:00,5.0
June,06/08/2022,00:00:00,06/08/2022,04:00:00,Kansas: Missouri: Nebraska:,SERC/MRO," Loss of electric service to more than 50,000 customers for 1 hour or more",Severe Weather,Unknown,62000,2022,,2022-06-08 00:00:00-05:00,2022-06-08 04:00:00-05:00,4.0
June,06/08/2022,01:00:00,06/08/2022,04:00:00,Missouri:,SERC," Loss of electric service to more than 50,000 customers for 1 hour or more",Severe Weather/Distribution Interruption,Unknown,60000,2022,,2022-06-08 01:00:00-05:00,2022-06-08 04:00:00-05:00,3.0
June,06/09/2022,02:33:00,06/09/2022,06:49:00,Texas: Dallas County;,TRE,Damage or destruction of its Facility that results from actual or suspected intentional human action.,Suspicious Activity,0,0,2022,,2022-06-09 02:33:00-05:00,2022-06-09 06:49:00-05:00,4.266666666666667
June,06/09/2022,07:00:00,06/09/2022,07:05:00,Oregon: Douglas County; Washington: Idaho: Utah: Wyoming:,WECC,Damage or destruction of its Facility that results from actual or suspected intentional human action.,Vandalism,0,0,2022,,2022-06-09 07:00:00-05:00,2022-06-09 07:05:00-05:00,0.08333333333333333
June,06/10/2022,12:08:00,06/10/2022,21:30:00,Texas: El Paso County;,TRE,Public appeal to reduce the use of electricity for purposes of maintaining the continuity of the Bulk Electric System,Actual Physical Attack/Vandalism,0,0,2022,,2022-06-10 12:08:00-05:00,2022-06-10 21:30:00-05:00,9.366666666666667
June,06/10/2022,20:27:00,06/10/2022,21:30:00,California: Kern County;,WECC,Firm load shedding of 100 Megawatts or more implemented under emergency operational polic,System Operations,100,39094,2022,,2022-06-10 20:27:00-05:00,2022-06-10 21:30:00-05:00,1.05
June,06/10/2022,20:20:00,06/10/2022,20:28:00,California: Kern County;,WECC,Firm load shedding of 100 Megawatts or more implemented under emergency operational polic,System Operations,100,Unknown,2022,,2022-06-10 20:20:00-05:00,2022-06-10 20:28:00-05:00,0.13333333333333333
June,06/10/2022,08:45:00,Unknown,Unknown,California:,WECC,Electrical System Separation (Islanding) where part or parts of a power grid remain(s) operational in an otherwise blacked out area or within the partial failure of an integrated electrical system,System Operations,13437,445,2022,,2022-06-10 08:45:00-05:00,,
June,06/12/2022,23:30:00,06/13/2022,23:30:00,Ohio: West Virginia: Virginia: Indiana:,SERC/RF," Loss of electric service to more than 50,000 customers for 1 hour or more",Severe Weather/Transmission Interruption,14000,100000,2022,,2022-06-12 23:30:00-05:00,2022-06-13 23:30:00-05:00,24.0
June,06/13/2022,18:00:00,06/14/2022,18:15:00,Ohio: Kentucky:,SERC/RF," Loss of electric service to more than 50,000 customers for 1 hour or more",Severe Weather/Transmission Interruption,Unknown,162551,2022,,2022-06-13 18:00:00-05:00,2022-06-14 18:15:00-05:00,24.25
June,06/13/2022,23:54:00,06/14/2022,00:45:00,Michigan:,RF,Complete loss of Interpersonal Communication and Alternative Interpersonal Communication capability affecting its staffed Bulk Electric System control center for 30 continuous minutes or more. Complete loss of monitoring or control capability at its staffed Bulk Electric System control center for 30 continuous minutes or more.,System Operations,0,0,2022,,2022-06-13 23:54:00-05:00,2022-06-14 00:45:00-05:00,0.85
June,06/14/2022,13:46:00,Unknown,Unknown,Ohio:,RF,Firm load shedding of 100 Megawatts or more implemented under emergency operational polic,System Operations,373,Unknown,2022,,2022-06-14 13:46:00-05:00,,
June,06/14/2022,00:00:00,06/14/2022,06:00:00,Washington: Grant County;,WECC,"Physical threat to its Facility excluding weather or natural disaster related threats, which has the potential to degrade the normal operation of the Facility. Or suspicious device or activity at its Facility.",Actual Physical Attack/Vandalism,0,0,2022,,2022-06-14 00:00:00-05:00,2022-06-14 06:00:00-05:00,6.0
June,06/15/2022,21:00:00,Unknown,Unknown,"Wisconsin: Outagamie County, Waupaca County, Winnebago County, Brown County, Sheboygan County, Ozaukee County, Waukesha County; Michigan: Iron County;",RF/MRO," Loss of electric service to more than 50,000 customers for 1 hour or more",Severe Weather,90,57000,2022,,2022-06-15 21:00:00-05:00,,
June,06/15/2022,10:45:00,06/15/2022,13:45:00,Michigan: Wayne County;,RF,Complete loss of monitoring or control capability at its staffed Bulk Electric System control center for 30 continuous minutes or more.,System Operations,0,0,2022,,2022-06-15 10:45:00-05:00,2022-06-15 13:45:00-05:00,3.0
June,06/16/2022,16:31:00,06/16/2022,20:07:00,North Carolina: South Carolina:,SERC," Loss of electric service to more than 50,000 customers for 1 hour or more",Severe Weather,Unknown,77908,2022,,2022-06-16 16:31:00-05:00,2022-06-16 20:07:00-05:00,3.6
June,06/16/2022,03:51:00,06/16/2022,06:30:00,Washington: Lewis County;,WECC,Damage or destruction of its Facility that results from actual or suspected intentional human action.,Suspicious Activity,35,7500,2022,,2022-06-16 03:51:00-05:00,2022-06-16 06:30:00-05:00,2.65
June,06/17/2022,18:45:00,06/18/2022,13:32:00,North Carolina:,SERC," Loss of electric service to more than 50,000 customers for 1 hour or more",Severe Weather,Unknown,44000,2022,,2022-06-17 18:45:00-05:00,2022-06-18 13:32:00-05:00,18.783333333333335
June,06/17/2022,17:30:00,06/19/2022,21:15:00,West Virginia: Virginia: Kentucky:,SERC/RF," Loss of electric service to more than 50,000 customers for 1 hour or more",Severe Weather,Unknown,150000,2022,,2022-06-17 17:30:00-05:00,2022-06-19 21:15:00-05:00,51.75
June,06/17/2022,17:37:00,06/18/2022,00:54:00,North Carolina: South Carolina:,SERC," Loss of electric service to more than 50,000 customers for 1 hour or more",Severe Weather,Unknown,91056,2022,,2022-06-17 17:37:00-05:00,2022-06-18 00:54:00-05:00,7.283333333333333
June,06/17/2022,06:02:00,Unknown,Unknown,Illinois: Missouri:,SERC/RF,Cyber event that could potentially impact electric power system adequacy or reliability,Severe Weather,Unknown,80000,2022,,2022-06-17 06:02:00-05:00,,
June,06/20/2022,12:54:00,06/20/2022,14:23:00,Minnesota: Hennepin County;,MRO,"Unexpected Transmission loss within its area, contrary to design, of three or more Bulk Electric System Facilities caused by a common disturbance (excluding successful automatic reclosing).",System Operations,0,15604,2022,,2022-06-20 12:54:00-05:00,2022-06-20 14:23:00-05:00,1.4833333333333334
June,06/22/2022,16:56:00,06/23/2022,02:00:00,Virginia:,SERC/RF," Loss of electric service to more than 50,000 customers for 1 hour or more",Severe Weather/Distribution Interruption,Unknown,100000,2022,,2022-06-22 16:56:00-05:00,2022-06-23 02:00:00-05:00,9.066666666666666
June,06/23/2022,12:41:00,06/23/2022,13:41:00,New Jersey: Cape May County;,NPCC,"Physical threat to its Facility excluding weather or natural disaster related threats, which has the potential to degrade the normal operation of the Facility. Or suspicious device or activity at its Facility.",Suspicious Activity,0,0,2022,,2022-06-23 12:41:00-05:00,2022-06-23 13:41:00-05:00,1.0
June,06/23/2022,10:55:00,Unknown,Unknown,California:,WECC,Fuel supply emergencies that could impact electric power system adequacy or reliability,Fuel Supply Deficiency,0,0,2022,,2022-06-23 10:55:00-05:00,,
June,06/24/2022,23:09:00,06/25/2022,00:00:00,Louisiana:,SERC,Fuel supply emergencies that could impact electric power system adequacy or reliability,Fuel Supply Deficiency,Unknown,Unknown,2022,,2022-06-24 23:09:00-05:00,2022-06-25 00:00:00-05:00,0.85
June,06/26/2022,17:05:00,06/26/2022,22:42:00,Nevada: Clark County;,WECC,Damage or destruction of its Facility that results from actual or suspected intentional human action.,Vandalism,0,0,2022,,2022-06-26 17:05:00-05:00,2022-06-26 22:42:00-05:00,5.616666666666666
June,06/27/2022,17:07:00,06/28/2022,01:42:00,Michigan: Wayne County;,RF/MRO,Complete loss of monitoring or control capability at its staffed Bulk Electric System control center for 30 continuous minutes or more.,System Operations,0,0,2022,,2022-06-27 17:07:00-05:00,2022-06-28 01:42:00-05:00,8.583333333333334
June,06/27/2022,14:26:00,06/28/2022,03:56:00,Texas: Victoria County;,TRE,"Unexpected Transmission loss within its area, contrary to design, of three or more Bulk Electric System Facilities caused by a common disturbance (excluding successful automatic reclosing).",Severe Weather,14,2491,2022,,2022-06-27 14:26:00-05:00,2022-06-28 03:56:00-05:00,13.5
June,06/27/2022,06:21:00,06/27/2022,07:26:00,Texas:,TRE,Complete loss of monitoring or control capability at its staffed Bulk Electric System control center for 30 continuous minutes or more.,System Operations,0,0,2022,,2022-06-27 06:21:00-05:00,2022-06-27 07:26:00-05:00,1.0833333333333333
June,06/28/2022,09:27:00,06/28/2022,10:42:00,Texas: Travis County;,TRE,Complete loss of monitoring or control capability at its staffed Bulk Electric System control center for 30 continuous minutes or more.,System Operations,0,0,2022,,2022-06-28 09:27:00-05:00,2022-06-28 10:42:00-05:00,1.25
June,06/28/2022,09:39:00,06/28/2022,09:40:00,Kentucky: Clark County;,SERC,"Physical threat to its Facility excluding weather or natural disaster related threats, which has the potential to degrade the normal operation of the Facility. Or suspicious device or activity at its Facility.",Suspicious Activity,0,0,2022,,2022-06-28 09:39:00-05:00,2022-06-28 09:40:00-05:00,0.016666666666666666
June,06/30/2022,19:58:00,06/30/2022,20:50:00,Michigan: Wayne County;,RF,Unplanned evacuation from its Bulk Electric System control center facility for 30 continuous minutes or more. Complete loss of monitoring or control capability at its staffed Bulk Electric System control center for 30 continuous minutes or more.,System Operations,0,0,2022,,2022-06-30 19:58:00-05:00,2022-06-30 20:50:00-05:00,0.8666666666666667
July,07/01/2022,11:45:00,Unknown,Unknown,California: Kern County;,WECC,Damage or destruction of its Facility that results from actual or suspected intentional human action.,Vandalism,20,0,2022,,2022-07-01 11:45:00-05:00,,
July,07/03/2022,10:30:00,07/03/2022,10:40:00,California: Contra Costa County;,WECC,Physical attack that could potentially impact electric power system adequacy or reliability; or vandalism which targets components of any security systems,Vandalism,0,0,2022,,2022-07-03 10:30:00-05:00,2022-07-03 10:40:00-05:00,0.16666666666666666
July,07/03/2022,05:18:00,07/03/2022,08:24:00,Oklahoma:,MRO,Physical attack that could potentially impact electric power system adequacy or reliability; or vandalism which targets components of any security systems,Vandalism,0,0,2022,,2022-07-03 05:18:00-05:00,2022-07-03 08:24:00-05:00,3.1
July,07/03/2022,11:02:00,Unknown,Unknown,California: Kern County;,WECC,Damage or destruction of its Facility that results from actual or suspected intentional human action.,Actual Physical Attack,Unknown,1079,2022,,2022-07-03 11:02:00-05:00,,
July,07/04/2022,18:21:00,Unknown,Unknown,California: Amador County;,WECC,Electrical System Separation (Islanding) where part or parts of a power grid remain(s) operational in an otherwise blacked out area or within the partial failure of an integrated electrical system,System Operations,3,3001,2022,,2022-07-04 18:21:00-05:00,,
July,07/05/2022,08:00:00,07/05/2022,08:06:00,Washington: Pierce County; Oregon: Idaho: Montana:,WECC,Damage or destruction of its Facility that results from actual or suspected intentional human action.,Actual Physical Attack,0,0,2022,,2022-07-05 08:00:00-05:00,2022-07-05 08:06:00-05:00,0.1
July,07/05/2022,20:46:00,07/05/2022,21:40:00,Iowa: Illinois:,RF/SERC,Complete loss of monitoring or control capability at its staffed Bulk Electric System control center for 30 continuous minutes or more.,System Operations,0,0,2022,,2022-07-05 20:46:00-05:00,2022-07-05 21:40:00-05:00,0.9
July,07/06/2022,14:39:00,07/07/2022,03:54:00,Ohio: Kentucky:,RF/SERC,"Loss of electric service to more than 50,000 customers for 1 hour or more",Severe Weather/Transmission Interruption,Unknown,104700,2022,,2022-07-06 14:39:00-05:00,2022-07-07 03:54:00-05:00,13.25
July,07/06/2022,16:23:00,07/06/2022,16:35:00,Virginia: Fluvanna County;,SERC,"Physical threat to its Facility excluding weather or natural disaster related threats, which has the potential to degrade the normal operation of the Facility. Or suspicious device or activity at its Facility.",Suspicious Activity,0,0,2022,,2022-07-06 16:23:00-05:00,2022-07-06 16:35:00-05:00,0.2
July,07/06/2022,06:18:00,07/06/2022,06:19:00,Kentucky: Nelson County;,SERC,Damage or destruction of its Facility that results from actual or suspected intentional human action.,Vandalism,0,0,2022,,2022-07-06 06:18:00-05:00,2022-07-06 06:19:00-05:00,0.016666666666666666
July,07/06/2022,12:40:00,07/06/2022,12:41:00,Utah: California: Oregon: Douglas County;,WECC,Damage or destruction of its Facility that results from actual or suspected intentional human action.,Vandalism,0,0,2022,,2022-07-06 12:40:00-05:00,2022-07-06 12:41:00-05:00,0.016666666666666666
July,07/06/2022,01:58:00,Unknown,Unknown,Oklahoma: Okmulgee County;,MRO,Damage or destruction of its Facility that results from actual or suspected intentional human action.,Actual Physical Attack,25,4836,2022,,2022-07-06 01:58:00-05:00,,
July,07/09/2022,02:47:00,07/09/2022,02:59:00,Louisiana: Rapides Parish;,SERC,"Unexpected Transmission loss within its area, contrary to design, of three or more Bulk Electric System Facilities caused by a common disturbance (excluding successful automatic reclosing).",System Operations,Unknown,4724,2022,,2022-07-09 02:47:00-05:00,2022-07-09 02:59:00-05:00,0.2
July,07/10/2022,21:00:00,07/11/2022,20:00:00,Texas:,TRE,Public appeal to reduce the use of electricity for purposes of maintaining the continuity of the Bulk Electric System,System Operations,Unknown,Unknown,2022,,2022-07-10 21:00:00-05:00,2022-07-11 20:00:00-05:00,23.0
July,07/11/2022,10:20:00,Unknown,Unknown,California: Los Angeles County;,WECC,Damage or destruction of its Facility that results from actual or suspected intentional human action.,Vandalism,2,0,2022,,2022-07-11 10:20:00-05:00,,
July,07/12/2022,16:00:00,Unknown,Unknown,"Maryland: Baltimore County, Carroll County, Harford County;",RF,"Loss of electric service to more than 50,000 customers for 1 hour or more",Severe Weather,800,165000,2022,,2022-07-12 16:00:00-05:00,,
July,07/12/2022,10:45:00,07/12/2022,11:00:00,Washington: Oregon: Clatsop County; Idaho: Montana:,WECC,Damage or destruction of its Facility that results from actual or suspected intentional human action.,Actual Physical Attack,0,0,2022,,2022-07-12 10:45:00-05:00,2022-07-12 11:00:00-05:00,0.25
July,07/12/2022,18:00:00,07/12/2022,22:00:00,District of Columbia: Maryland:,RF,"Loss of electric service to more than 50,000 customers for 1 hour or more",Severe Weather,Unknown,50200,2022,,2022-07-12 18:00:00-05:00,2022-07-12 22:00:00-05:00,4.0
July,07/13/2022,11:30:00,07/13/2022,21:00:00,Texas:,TRE,Public appeal to reduce the use of electricity for purposes of maintaining the continuity of the Bulk Electric System,System Operations,Unknown,Unknown,2022,,2022-07-13 11:30:00-05:00,2022-07-13 21:00:00-05:00,9.5
July,07/13/2022,10:00:00,07/13/2022,13:00:00,Colorado: La Plata County;,WECC,Damage or destruction of its Facility that results from actual or suspected intentional human action.,Vandalism,0,0,2022,,2022-07-13 10:00:00-05:00,2022-07-13 13:00:00-05:00,3.0
July,07/15/2022,07:10:00,07/15/2022,07:11:00,Nebraska: Wayne County;,MRO,Damage or destruction of its Facility that results from actual or suspected intentional human action.,Actual Physical Attack,0,0,2022,,2022-07-15 07:10:00-05:00,2022-07-15 07:11:00-05:00,0.016666666666666666
July,07/18/2022,09:15:00,Unknown,Unknown,South Carolina:,SERC,Fuel supply emergencies that could impact electric power system adequacy or reliability,Fuel Supply Deficiency,4500,0,2022,,2022-07-18 09:15:00-05:00,,
July,07/18/2022,13:09:00,07/18/2022,13:11:00,Oregon: Josephine County;,WECC,Damage or destruction of its Facility that results from actual or suspected intentional human action.,Vandalism,0,0,2022,,2022-07-18 13:09:00-05:00,2022-07-18 13:11:00-05:00,0.03333333333333333
July,07/19/2022,15:42:00,07/19/2022,16:12:00,Florida: Palm Beach County;,SERC,Unplanned evacuation from its Bulk Electric System control center facility for 30 continuous minutes or more.,System Operations,0,0,2022,,2022-07-19 15:42:00-05:00,2022-07-19 16:12:00-05:00,0.5
July,07/19/2022,15:42:00,07/19/2022,16:12:00,Florida: Palm Beach County;,SERC,Unplanned evacuation from its Bulk Electric System control center facility for 30 continuous minutes or more.,System Operations,0,0,2022,,2022-07-19 15:42:00-05:00,2022-07-19 16:12:00-05:00,0.5
July,07/23/2022,20:45:00,07/24/2022,11:30:00,"Michigan: Muskegon County, Ottawa County, Kent County, Montcalm County, Ionia County, Allegan County, Van Buren County, Kalamazoo County, Barry County, Mason County, Shiawassee County, Ingham County, Genesee County, Saginaw County, Midland County, Wexford County, Grand Traverse County;",RF,"Loss of electric service to more than 50,000 customers for 1 hour or more",Severe Weather,Unknown,93750,2022,,2022-07-23 20:45:00-05:00,2022-07-24 11:30:00-05:00,14.75
July,07/25/2022,00:38:00,07/25/2022,13:46:00,Pennsylvania: Erie County;,RF,"Unexpected Transmission loss within its area, contrary to design, of three or more Bulk Electric System Facilities caused by a common disturbance (excluding successful automatic reclosing).",Transmission Interruption,0,0,2022,,2022-07-25 00:38:00-05:00,2022-07-25 13:46:00-05:00,13.133333333333333
July,07/26/2022,06:38:00,07/26/2022,12:57:00,Texas: Hays County;,TRE,"Unexpected Transmission loss within its area, contrary to design, of three or more Bulk Electric System Facilities caused by a common disturbance (excluding successful automatic reclosing).",System Operations,0,0,2022,,2022-07-26 06:38:00-05:00,2022-07-26 12:57:00-05:00,6.316666666666666
July,07/26/2022,04:20:00,07/26/2022,04:57:00,California: Santa Barbara County;,WECC,Damage or destruction of its Facility that results from actual or suspected intentional human action.,Suspicious Activity,Unknown,Unknown,2022,,2022-07-26 04:20:00-05:00,2022-07-26 04:57:00-05:00,0.6166666666666667
July,07/26/2022,21:00:00,07/26/2022,21:20:00,Pennsylvania: York County;,RF,"Physical threat to its Facility excluding weather or natural disaster related threats, which has the potential to degrade the normal operation of the Facility. Or suspicious device or activity at its Facility.",Suspicious Activity,0,0,2022,,2022-07-26 21:00:00-05:00,2022-07-26 21:20:00-05:00,0.3333333333333333
July,07/28/2022,19:25:00,07/28/2022,22:41:00,California: Placer County;,WECC,"Damage or destruction of its Facility that results from actual or suspected intentional human action. Physical threat to its Facility excluding weather or natural disaster related threats, which has the potential to degrade the normal operation of the Facility. Or suspicious device or activity at its Facility.",Actual Physical Attack,0,0,2022,,2022-07-28 19:25:00-05:00,2022-07-28 22:41:00-05:00,3.2666666666666666
July,07/29/2022,02:00:00,07/29/2022,02:01:00,Pennsylvania: York County;,RF,"Physical threat to its Facility excluding weather or natural disaster related threats, which has the potential to degrade the normal operation of the Facility. Or suspicious device or activity at its Facility.",Suspicious Activity,0,0,2022,,2022-07-29 02:00:00-05:00,2022-07-29 02:01:00-05:00,0.016666666666666666
July,07/30/2022,19:35:00,08/01/2022,13:17:00,California: Shasta County;,WECC,Unplanned evacuation from its Bulk Electric System control center facility for 30 continuous minutes or more.,System Operations,0,0,2022,,2022-07-30 19:35:00-05:00,2022-08-01 13:17:00-05:00,41.7
July,07/31/2022,06:36:00,07/31/2022,07:13:00,New York: Saratoga County;,NPCC,Complete loss of monitoring or control capability at its staffed Bulk Electric System control center for 30 continuous minutes or more.,System Operations,0,0,2022,,2022-07-31 06:36:00-05:00,2022-07-31 07:13:00-05:00,0.6166666666666667
August,08/01/2022,09:44:00,08/01/2022,09:45:00,Georgia: DeKalb County;,SERC,Damage or destruction of its Facility that results from actual or suspected intentional human action.,Vandalism,0,0,2022,,2022-08-01 09:44:00-05:00,2022-08-01 09:45:00-05:00,0.016666666666666666
August,08/01/2022,08:03:00,08/01/2022,09:00:00,California: Los Angeles County;,WECC,Damage or destruction of its Facility that results from actual or suspected intentional human action.,Actual Physical Attack,0,0,2022,,2022-08-01 08:03:00-05:00,2022-08-01 09:00:00-05:00,0.95
August,08/03/2022,02:00:00,08/03/2022,03:07:00,Texas: Cameron County;,TRE,"Physical threat to its Facility excluding weather or natural disaster related threats, which has the potential to degrade the normal operation of the Facility. Or suspicious device or activity at its Facility.",Suspicious Activity,0,0,2022,,2022-08-03 02:00:00-05:00,2022-08-03 03:07:00-05:00,1.1166666666666667
August,08/03/2022,02:30:00,Unknown,Unknown,Minnesota: Wisconsin:,MRO/RF,"Loss of electric service to more than 50,000 customers for 1 hour or more",Severe Weather,Unknown,80000,2022,,2022-08-03 02:30:00-05:00,,
August,08/03/2022,19:00:00,08/05/2022,08:53:00,"Michigan: Wayne County, Washtenaw County, St. Clair County, Macomb County, Monroe County, Oakland County;",RF,"Loss of electric service to more than 50,000 customers for 1 hour or more",Severe Weather,Unknown,71000,2022,,2022-08-03 19:00:00-05:00,2022-08-05 08:53:00-05:00,37.88333333333333
August,08/03/2022,17:00:00,08/03/2022,20:30:00,"Michigan: Allegan County, Van Buren County, Barry County, Kalamazoo County, Calhoun County, Jackson County, Calhoun County, Washtenaw County;",RF,"Loss of electric service to more than 50,000 customers for 1 hour or more",Severe Weather,Unknown,91264,2022,,2022-08-03 17:00:00-05:00,2022-08-03 20:30:00-05:00,3.5
August,08/04/2022,18:00:00,08/05/2022,02:00:00,"Maryland: Anne Arundel County, Baltimore County, Baltimore, City of[16];",RF,"Loss of electric service to more than 50,000 customers for 1 hour or more",Severe Weather,Unknown,75500,2022,,2022-08-04 18:00:00-05:00,2022-08-05 02:00:00-05:00,8.0
August,08/05/2022,14:52:00,08/05/2022,16:41:00,Washington: Lewis County;,WECC,Damage or destruction of its Facility that results from actual or suspected intentional human action.,Vandalism,0,0,2022,,2022-08-05 14:52:00-05:00,2022-08-05 16:41:00-05:00,1.8166666666666667
August,08/05/2022,02:00:00,08/05/2022,06:30:00,Washington:,WECC,"Physical threat to its Facility excluding weather or natural disaster related threats, which has the potential to degrade the normal operation of the Facility. Or suspicious device or activity at its Facility.",Actual Physical Attack,3,350,2022,,2022-08-05 02:00:00-05:00,2022-08-05 06:30:00-05:00,4.5
August,08/09/2022,15:18:00,08/09/2022,15:19:00,Washington: Kitsap County;,WECC,Damage or destruction of its Facility that results from actual or suspected intentional human action.,Vandalism,0,0,2022,,2022-08-09 15:18:00-05:00,2022-08-09 15:19:00-05:00,0.016666666666666666
August,08/09/2022,16:42:00,08/09/2022,22:12:00,Ohio:,RF,"Loss of electric service to more than 50,000 customers for 1 hour or more",System Operations,Unknown,62464,2022,,2022-08-09 16:42:00-05:00,2022-08-09 22:12:00-05:00,5.5
August,08/09/2022,02:29:00,08/09/2022,03:00:00,Missouri:,SERC,Complete loss of monitoring or control capability at its staffed Bulk Electric System control center for 30 continuous minutes or more.,System Operations,0,0,2022,,2022-08-09 02:29:00-05:00,2022-08-09 03:00:00-05:00,0.5166666666666667
August,08/09/2022,12:12:00,08/09/2022,13:08:00,Florida: Palm Beach County;,SERC,Unplanned evacuation from its Bulk Electric System control center facility for 30 continuous minutes or more.,System Operations,0,0,2022,,2022-08-09 12:12:00-05:00,2022-08-09 13:08:00-05:00,0.9333333333333333
August,08/09/2022,12:12:00,08/09/2022,13:08:00,Florida: Palm Beach County;,SERC,Unplanned evacuation from its Bulk Electric System control center facility for 30 continuous minutes or more.,System Operations,0,0,2022,,2022-08-09 12:12:00-05:00,2022-08-09 13:08:00-05:00,0.9333333333333333
August,08/10/2022,01:25:00,08/10/2022,01:30:00,Arkansas: Lawrence County;,SERC,"Unexpected Transmission loss within its area, contrary to design, of three or more Bulk Electric System Facilities caused by a common disturbance (excluding successful automatic reclosing).",Severe Weather,24,0,2022,,2022-08-10 01:25:00-05:00,2022-08-10 01:30:00-05:00,0.08333333333333333
August,08/10/2022,15:00:00,08/10/2022,15:01:00,Alabama: Jefferson County;,SERC,Damage or destruction of its Facility that results from actual or suspected intentional human action.,Vandalism,0,0,2022,,2022-08-10 15:00:00-05:00,2022-08-10 15:01:00-05:00,0.016666666666666666
August,08/10/2022,19:56:00,08/11/2022,20:00:00,Texas: Harris County;,TRE,"Loss of electric service to more than 50,000 customers for 1 hour or more",Severe Weather,Unknown,140464,2022,,2022-08-10 19:56:00-05:00,2022-08-11 20:00:00-05:00,24.066666666666666
August,08/12/2022,14:46:00,08/12/2022,14:47:00,Georgia: Sumter County;,SERC,Damage or destruction of its Facility that results from actual or suspected intentional human action.,Vandalism,0,0,2022,,2022-08-12 14:46:00-05:00,2022-08-12 14:47:00-05:00,0.016666666666666666
August,08/15/2022,23:43:00,08/16/2022,07:14:00,Wyoming: Nebraska:,WECC/MRO,"Unexpected Transmission loss within its area, contrary to design, of three or more Bulk Electric System Facilities caused by a common disturbance (excluding successful automatic reclosing).",Transmission Interruption,0,5000,2022,,2022-08-15 23:43:00-05:00,2022-08-16 07:14:00-05:00,7.516666666666667
August,08/15/2022,09:08:00,08/15/2022,09:10:00,Nevada: Clark County;,WECC,Damage or destruction of its Facility that results from actual or suspected intentional human action.,Vandalism,0,0,2022,,2022-08-15 09:08:00-05:00,2022-08-15 09:10:00-05:00,0.03333333333333333
August,08/15/2022,10:24:00,08/15/2022,12:49:00,New Jersey: Gloucester County;,RF,Physical attack that could potentially impact electric power system adequacy or reliability; or vandalism which targets components of any security systems,Transmission Interruption,Unknown,0,2022,,2022-08-15 10:24:00-05:00,2022-08-15 12:49:00-05:00,2.4166666666666665
August,08/18/2022,18:05:00,08/18/2022,21:39:00,Ohio: Franklin County;,RF,Complete loss of monitoring or control capability at its staffed Bulk Electric System control center for 30 continuous minutes or more.,System Operations,Unknown,Unknown,2022,,2022-08-18 18:05:00-05:00,2022-08-18 21:39:00-05:00,3.566666666666667
August,08/19/2022,17:40:00,08/19/2022,17:41:00,Massachusetts: Bristol County;,NPCC,Damage or destruction of its Facility that results from actual or suspected intentional human action.,Actual Physical Attack,0,0,2022,,2022-08-19 17:40:00-05:00,2022-08-19 17:41:00-05:00,0.016666666666666666
August,08/19/2022,22:00:00,08/20/2022,11:30:00,Washington: Clark County;,WECC,Cyber event that could potentially impact electric power system adequacy or reliability,Cyber Event,0,0,2022,,2022-08-19 22:00:00-05:00,2022-08-20 11:30:00-05:00,13.5
August,08/22/2022,09:47:00,08/22/2022,09:48:00,California: Los Angeles County;,WECC,Damage or destruction of its Facility that results from actual or suspected intentional human action.,Vandalism,0,0,2022,,2022-08-22 09:47:00-05:00,2022-08-22 09:48:00-05:00,0.016666666666666666
August,08/22/2022,12:46:00,08/22/2022,13:09:00,Texas: DeWitt County;,TRE,"Unexpected Transmission loss within its area, contrary to design, of three or more Bulk Electric System Facilities caused by a common disturbance (excluding successful automatic reclosing).",System Operations,24,6385,2022,,2022-08-22 12:46:00-05:00,2022-08-22 13:09:00-05:00,0.38333333333333336
August,08/22/2022,20:40:00,08/22/2022,21:57:00,Texas: El Paso County;,TRE,"Unexpected Transmission loss within its area, contrary to design, of three or more Bulk Electric System Facilities caused by a common disturbance (excluding successful automatic reclosing).",Severe Weather,0,0,2022,,2022-08-22 20:40:00-05:00,2022-08-22 21:57:00-05:00,1.2833333333333334
August,08/24/2022,14:20:00,08/24/2022,14:21:00,California: Los Angeles County;,WECC,Damage or destruction of its Facility that results from actual or suspected intentional human action.,Vandalism,0,0,2022,,2022-08-24 14:20:00-05:00,2022-08-24 14:21:00-05:00,0.016666666666666666
August,08/25/2022,00:59:00,08/25/2022,01:00:00,California: San Diego County;,WECC,Physical attack that could potentially impact electric power system adequacy or reliability; or vandalism which targets components of any security systems,Vandalism,0,0,2022,,2022-08-25 00:59:00-05:00,2022-08-25 01:00:00-05:00,0.016666666666666666
August,08/25/2022,00:59:00,08/25/2022,01:00:00,California: San Diego County;,WECC,Physical attack that could potentially impact electric power system adequacy or reliability; or vandalism which targets components of any security systems,Vandalism,0,0,2022,,2022-08-25 00:59:00-05:00,2022-08-25 01:00:00-05:00,0.016666666666666666
August,08/26/2022,11:09:00,08/26/2022,11:10:00,California: Los Angeles County;,WECC,Damage or destruction of its Facility that results from actual or suspected intentional human action.,Vandalism,0,0,2022,,2022-08-26 11:09:00-05:00,2022-08-26 11:10:00-05:00,0.016666666666666666
August,08/27/2022,02:21:00,08/27/2022,19:14:00,Maine:,NPCC,Complete loss of monitoring or control capability at its staffed Bulk Electric System control center for 30 continuous minutes or more.,System Operations,0,0,2022,,2022-08-27 02:21:00-05:00,2022-08-27 19:14:00-05:00,16.883333333333333
August,08/28/2022,04:59:00,08/28/2022,06:06:00,New York: Broome County;,NPCC,Complete loss of monitoring or control capability at its staffed Bulk Electric System control center for 30 continuous minutes or more.,System Operations,0,0,2022,,2022-08-28 04:59:00-05:00,2022-08-28 06:06:00-05:00,1.1166666666666667
August,08/29/2022,15:00:00,09/01/2022,09:00:00,"Michigan: Ottawa County, Allegan County, Van Buren County, Montcalm County, Kent County, Barry County, Kalamazoo County, St. Joseph County, Branch County, Hillsdale County, Calhoun County, Jackson County, Eaton County, Clinton County, Shiawassee County, Montcalm County, Isabella County, Mecosta County, Midland County;",RF,"Loss of electric service to more than 50,000 customers for 1 hour or more",Severe Weather,Unknown,197740,2022,,2022-08-29 15:00:00-05:00,2022-09-01 09:00:00-05:00,66.0
August,08/29/2022,17:50:00,Unknown,Unknown,Michigan:,RF,"Loss of electric service to more than 50,000 customers for 1 hour or more",Severe Weather,Unknown,Unknown,2022,,2022-08-29 17:50:00-05:00,,
August,08/29/2022,10:45:00,08/29/2022,11:45:00,Texas: Collin County;,TRE,"Physical threat to its Facility excluding weather or natural disaster related threats, which has the potential to degrade the normal operation of the Facility. Or suspicious device or activity at its Facility.",Suspicious Activity,0,0,2022,,2022-08-29 10:45:00-05:00,2022-08-29 11:45:00-05:00,1.0
August,08/31/2022,09:58:00,08/31/2022,12:15:00,Florida: Duval County;,SERC,"Physical threat to its Facility excluding weather or natural disaster related threats, which has the potential to degrade the normal operation of the Facility. Or suspicious device or activity at its Facility.",Vandalism,10,3000,2022,,2022-08-31 09:58:00-05:00,2022-08-31 12:15:00-05:00,2.283333333333333
September,09/01/2022,15:00:00,09/01/2022,21:00:00,California: Shasta County;,WECC,Public appeal to reduce the use of electricity for purposes of maintaining the continuity of the Bulk Electric System,Severe Weather,242,44000,2022,,2022-09-01 15:00:00-05:00,2022-09-01 21:00:00-05:00,6.0
September,09/04/2022,16:00:00,09/06/2022,08:00:00,"Texas: Tarrant County, Collin County, Dallas County, Ellis County, Kaufman County, Rockwall County, Williamson County, Denton County, Archer County;",TRE,"Loss of electric service to more than 50,000 customers for 1 hour or more",Severe Weather,Unknown,190000,2022,,2022-09-04 16:00:00-05:00,2022-09-06 08:00:00-05:00,40.0
September,09/04/2022,18:50:00,09/05/2022,02:45:00,California: Kings County;,WECC,Cyber event that could potentially impact electric power system adequacy or reliability,Cyber Event,0,0,2022,,2022-09-04 18:50:00-05:00,2022-09-05 02:45:00-05:00,7.916666666666667
September,09/05/2022,06:05:00,09/05/2022,21:00:00,California: Sacramento County;,WECC,Public appeal to reduce the use of electricity for purposes of maintaining the continuity of the Bulk Electric System,System Operations,Unknown,0,2022,,2022-09-05 06:05:00-05:00,2022-09-05 21:00:00-05:00,14.916666666666666
September,09/06/2022,16:30:00,09/07/2022,00:30:00,California: San Diego County;,WECC,Physical attack that could potentially impact electric power system adequacy or reliability; or vandalism which targets components of any security systems,Vandalism,0,0,2022,,2022-09-06 16:30:00-05:00,2022-09-07 00:30:00-05:00,8.0
September,09/06/2022,06:00:00,09/06/2022,06:22:00,Texas: Cameron County;,TRE,"Physical threat to its Facility excluding weather or natural disaster related threats, which has the potential to degrade the normal operation of the Facility. Or suspicious device or activity at its Facility.",Suspicious Activity,0,0,2022,,2022-09-06 06:00:00-05:00,2022-09-06 06:22:00-05:00,0.36666666666666664
September,09/06/2022,10:34:00,09/06/2022,21:00:00,California: Sacramento County;,WECC,Public appeal to reduce the use of electricity for purposes of maintaining the continuity of the Bulk Electric System,System Operations,Unknown,0,2022,,2022-09-06 10:34:00-05:00,2022-09-06 21:00:00-05:00,10.433333333333334
September,09/06/2022,16:00:00,09/06/2022,21:00:00,California: Shasta County;,WECC,Public appeal to reduce the use of electricity for purposes of maintaining the continuity of the Bulk Electric System,Severe Weather,272,44000,2022,,2022-09-06 16:00:00-05:00,2022-09-06 21:00:00-05:00,5.0
September,09/06/2022,19:20:00,09/06/2022,21:01:00,Idaho: Oregon:,WECC,Public appeal to reduce the use of electricity for purposes of maintaining the continuity of the Bulk Electric System,System Operations,Unknown,Unknown,2022,,2022-09-06 19:20:00-05:00,2022-09-06 21:01:00-05:00,1.6833333333333333
September,09/06/2022,17:00:00,09/06/2022,20:00:00,"Nevada: Clark County, Washoe County;",WECC,Public appeal to reduce the use of electricity for purposes of maintaining the continuity of the Bulk Electric System,System Operations,8800,1300000,2022,,2022-09-06 17:00:00-05:00,2022-09-06 20:00:00-05:00,3.0
September,09/07/2022,13:45:00,09/07/2022,19:00:00,Florida: Alachua County;,SERC,Complete loss of monitoring or control capability at its staffed Bulk Electric System control center for 30 continuous minutes or more.,Cyber Event,0,0,2022,,2022-09-07 13:45:00-05:00,2022-09-07 19:00:00-05:00,5.25
September,09/07/2022,11:31:00,09/07/2022,21:00:00,California: Sacramento County;,WECC,Public appeal to reduce the use of electricity for purposes of maintaining the continuity of the Bulk Electric System,System Operations,Unknown,0,2022,,2022-09-07 11:31:00-05:00,2022-09-07 21:00:00-05:00,9.483333333333333
September,09/07/2022,13:00:00,Unknown,Unknown,California: Imperial County;,WECC,Physical attack that could potentially impact electric power system adequacy or reliability; or vandalism which targets components of any security systems,Vandalism,0,0,2022,,2022-09-07 13:00:00-05:00,,
September,09/07/2022,17:00:00,09/07/2022,20:00:00,"Nevada: Clark County, Washoe County;",WECC,Public appeal to reduce the use of electricity for purposes of maintaining the continuity of the Bulk Electric System,System Operations,8600,1300000,2022,,2022-09-07 17:00:00-05:00,2022-09-07 20:00:00-05:00,3.0
September,09/07/2022,16:00:00,09/07/2022,21:00:00,California: Shasta County;,WECC,Public appeal to reduce the use of electricity for purposes of maintaining the continuity of the Bulk Electric System,Severe Weather,257,44000,2022,,2022-09-07 16:00:00-05:00,2022-09-07 21:00:00-05:00,5.0
September,09/08/2022,10:52:00,09/09/2022,21:00:00,California: Sacramento County;,WECC,Public appeal to reduce the use of electricity for purposes of maintaining the continuity of the Bulk Electric System,System Operations,Unknown,0,2022,,2022-09-08 10:52:00-05:00,2022-09-09 21:00:00-05:00,34.13333333333333
September,09/08/2022,11:54:00,09/08/2022,21:00:00,California: Shasta County;,WECC,Public appeal to reduce the use of electricity for purposes of maintaining the continuity of the Bulk Electric System,Severe Weather,258,44000,2022,,2022-09-08 11:54:00-05:00,2022-09-08 21:00:00-05:00,9.1
September,09/08/2022,17:00:00,09/08/2022,20:00:00,"Nevada: Clark County, Washoe County;",WECC,Public appeal to reduce the use of electricity for purposes of maintaining the continuity of the Bulk Electric System,System Operations,8250,1300000,2022,,2022-09-08 17:00:00-05:00,2022-09-08 20:00:00-05:00,3.0
September,09/09/2022,16:00:00,09/09/2022,21:00:00,California: Shasta County;,WECC,Public appeal to reduce the use of electricity for purposes of maintaining the continuity of the Bulk Electric System,Severe Weather,257,44000,2022,,2022-09-09 16:00:00-05:00,2022-09-09 21:00:00-05:00,5.0
September,09/10/2022,22:30:00,09/10/2022,22:31:00,Indiana: Spencer County;,RF,"Physical threat to its Facility excluding weather or natural disaster related threats, which has the potential to degrade the normal operation of the Facility. Or suspicious device or activity at its Facility.",Suspicious Activity,Unknown,Unknown,2022,,2022-09-10 22:30:00-05:00,2022-09-10 22:31:00-05:00,0.016666666666666666
September,09/11/2022,18:19:00,09/11/2022,22:28:00,Texas: Fayette County;,TRE,"Unexpected Transmission loss within its area, contrary to design, of three or more Bulk Electric System Facilities caused by a common disturbance (excluding successful automatic reclosing).",Transmission Interruption,0,0,2022,,2022-09-11 18:19:00-05:00,2022-09-11 22:28:00-05:00,4.15
September,09/13/2022,19:55:00,09/13/2022,20:01:00,Texas: El Paso County;,TRE,"Unexpected Transmission loss within its area, contrary to design, of three or more Bulk Electric System Facilities caused by a common disturbance (excluding successful automatic reclosing).",Severe Weather,0,0,2022,,2022-09-13 19:55:00-05:00,2022-09-13 20:01:00-05:00,0.1
September,09/15/2022,19:52:00,09/15/2022,21:31:00,Texas: Fayette County;,TRE,"Unexpected Transmission loss within its area, contrary to design, of three or more Bulk Electric System Facilities caused by a common disturbance (excluding successful automatic reclosing).",Transmission Interruption,0,0,2022,,2022-09-15 19:52:00-05:00,2022-09-15 21:31:00-05:00,1.65
September,09/16/2022,18:30:00,09/16/2022,23:15:00,Oregon: Multnomah County; Washington: Clark County;,WECC,Complete loss of Interpersonal Communication and Alternative Interpersonal Communication capability affecting its staffed Bulk Electric System control center for 30 continuous minutes or more.,Transmission Interruption,0,0,2022,,2022-09-16 18:30:00-05:00,2022-09-16 23:15:00-05:00,4.75
September,09/16/2022,18:00:00,09/16/2022,18:01:00,Utah:,WECC,Damage or destruction of its Facility that results from actual or suspected intentional human action.,Suspicious Activity,0,0,2022,,2022-09-16 18:00:00-05:00,2022-09-16 18:01:00-05:00,0.016666666666666666
September,09/21/2022,16:19:00,09/21/2022,18:01:00,Texas: Louisiana: Arkansas: Jefferson County; Mississippi:,TRE/SERC,Damage or destruction of its Facility that results from actual or suspected intentional human action.,Vandalism,Unknown,1521,2022,,2022-09-21 16:19:00-05:00,2022-09-21 18:01:00-05:00,1.7
September,09/22/2022,03:58:00,09/22/2022,04:00:00,"Florida: Pinellas County, Pasco County, Orange County, Lake County;",SERC,"Physical threat to its Facility excluding weather or natural disaster related threats, which has the potential to degrade the normal operation of the Facility. Or suspicious device or activity at its Facility.",Vandalism,Unknown,Unknown,2022,,2022-09-22 03:58:00-05:00,2022-09-22 04:00:00-05:00,0.03333333333333333
September,09/22/2022,10:02:00,09/22/2022,11:00:00,California: Los Angeles County;,WECC,Damage or destruction of its Facility that results from actual or suspected intentional human action.,Vandalism,1,0,2022,,2022-09-22 10:02:00-05:00,2022-09-22 11:00:00-05:00,0.9666666666666667
September,09/23/2022,10:10:00,09/23/2022,11:00:00,California: Los Angeles County;,WECC,Damage or destruction of its Facility that results from actual or suspected intentional human action.,Vandalism,2,0,2022,,2022-09-23 10:10:00-05:00,2022-09-23 11:00:00-05:00,0.8333333333333334
September,09/27/2022,08:42:00,09/27/2022,10:00:00,California: Los Angeles County;,WECC,Damage or destruction of its Facility that results from actual or suspected intentional human action.,Vandalism,1,0,2022,,2022-09-27 08:42:00-05:00,2022-09-27 10:00:00-05:00,1.3
September,09/28/2022,15:00:00,10/03/2022,15:53:00,"Florida: Alachua County, Bay County, Citrus County, Columbia County, Dixie County, Franklin County, Gilchrist County, Gulf County, Hamilton County, Hardee County, Hernando County, Highlands County, Jefferson County, Lafayette County, Lake County, Levy County, Madison County, Marion County, Orange County, Osceola County, Pasco County, Pinellas County, Polk County, Seminole County, Sumter County, Suwannee County, Taylor County, Volusia County, Wakulla County;",SERC,"Loss of electric service to more than 50,000 customers for 1 hour or more",Severe Weather,Unknown,676000,2022,,2022-09-28 15:00:00-05:00,2022-10-03 15:53:00-05:00,120.88333333333334
September,09/28/2022,18:00:00,09/30/2022,15:20:00,Florida:,SERC,"Loss of electric service to more than 50,000 customers for 1 hour or more",Severe Weather,1000,116937,2022,,2022-09-28 18:00:00-05:00,2022-09-30 15:20:00-05:00,45.333333333333336
September,09/28/2022,15:00:00,Unknown,Unknown,"Florida: Hillsborough County, Polk County, Pasco County, Pinellas County;",SERC,"Loss of electric service to more than 50,000 customers for 1 hour or more",Severe Weather,750,291361,2022,,2022-09-28 15:00:00-05:00,,
September,09/29/2022,04:00:00,10/03/2022,00:00:00,"Florida: Orange County, Osceola County;",SERC,"Loss of electric service to more than 50,000 customers for 1 hour or more",Severe Weather,0,0,2022,,2022-09-29 04:00:00-05:00,2022-10-03 00:00:00-05:00,92.0
September,09/29/2022,03:27:00,Unknown,Unknown,Florida: Polk County;,SERC,"Loss of electric service to more than 50,000 customers for 1 hour or more",Severe Weather,150,15797,2022,,2022-09-29 03:27:00-05:00,,
September,09/30/2022,18:30:00,10/01/2022,18:36:00,North Carolina: South Carolina:,SERC,"Loss of electric service to more than 50,000 customers for 1 hour or more",Severe Weather,Unknown,154100,2022,,2022-09-30 18:30:00-05:00,2022-10-01 18:36:00-05:00,24.1
September,09/30/2022,13:46:00,09/30/2022,18:09:00,South Carolina:,SERC,"Loss of electric service to more than 50,000 customers for 1 hour or more",Severe Weather,Unknown,108930,2022,,2022-09-30 13:46:00-05:00,2022-09-30 18:09:00-05:00,4.383333333333334
September,09/30/2022,02:45:00,10/01/2022,16:15:00,North Carolina:,SERC,"Loss of electric service to more than 50,000 customers for 1 hour or more",Severe Weather,Unknown,48323,2022,,2022-09-30 02:45:00-05:00,2022-10-01 16:15:00-05:00,37.5
September,09/30/2022,11:00:00,09/30/2022,12:00:00,California: Los Angeles County;,WECC,Damage or destruction of its Facility that results from actual or suspected intentional human action.,Vandalism,2,0,2022,,2022-09-30 11:00:00-05:00,2022-09-30 12:00:00-05:00,1.0
October,10/03/2022,06:00:00,10/04/2022,07:00:00,Alabama: Barbour County; Virginia:,SERC,Damage or destruction of its Facility that results from actual or suspected intentional human action.,Suspicious activity,0,0,2022,,2022-10-03 06:00:00-05:00,2022-10-04 07:00:00-05:00,25.0
October,10/03/2022,13:45:00,10/03/2022,14:30:00,California: Los Angeles County;,WECC,Damage or destruction of its Facility that results from actual or suspected intentional human action.,Vandalism,1,0,2022,,2022-10-03 13:45:00-05:00,2022-10-03 14:30:00-05:00,0.75
October,10/08/2022,16:23:00,10/08/2022,16:50:00,New York: Queens County;,NPCC,"Physical threat to its Bulk Electric System control center, excluding weather or natural disaster related threats, which has the potential to degrade the normal operation of the control center. Or suspicious device or activity at its Bulk Electric System control center.",Suspicious activity,100,0,2022,,2022-10-08 16:23:00-05:00,2022-10-08 16:50:00-05:00,0.45
October,10/10/2022,15:50:00,10/10/2022,16:05:00,Texas: Louisiana: Arkansas: Pope County; Mississippi:,TRE/SERC,Damage or destruction of its Facility that results from actual or suspected intentional human action.,Vandalism,Unknown,0,2022,,2022-10-10 15:50:00-05:00,2022-10-10 16:05:00-05:00,0.25
October,10/13/2022,10:00:00,10/13/2022,11:00:00,California: Los Angeles County;,WECC,Damage or destruction of its Facility that results from actual or suspected intentional human action.,Vandalism,1,0,2022,,2022-10-13 10:00:00-05:00,2022-10-13 11:00:00-05:00,1.0
October,10/14/2022,13:15:00,10/14/2022,17:45:00,Connecticut: Massachusetts: Maine: Rhode Island: New Hampshire: Vermont:,NPCC,"Loss of electric service to more than 50,000 customers for 1 hour or more",Sever Weather,Unknown,76388,2022,,2022-10-14 13:15:00-05:00,2022-10-14 17:45:00-05:00,4.5
October,10/14/2022,13:30:00,Unknown ,Unknown,Texas: Bee County;,RE ,Reportable Cyber Security Incident,Cyber Event,0,0,2022,,2022-10-14 13:30:00-05:00,,
October,10/15/2022,09:52:00,10/15/2022,10:23:00,Arizona: Maricopa County;,WECC,Unplanned evacuation from its Bulk Electric System control center facility for 30 continuous minutes or more.,System Operations,0,0,2022,,2022-10-15 09:52:00-05:00,2022-10-15 10:23:00-05:00,0.5166666666666667
October,10/15/2022,20:04:00,10/18/2022,16:03:00,Louisiana: Lafourche Parish;,SERC,"Unexpected Transmission loss within its area, contrary to design, of three or more Bulk Electric System Facilities caused by a common disturbance (excluding successful automatic reclosing).",System Operations,69,16225,2022,,2022-10-15 20:04:00-05:00,2022-10-18 16:03:00-05:00,67.98333333333333
October,10/18/2022,15:12:00,Unknown ,Unknown,Texas: Louisiana: Arkansas: Pope County; Mississippi:,TRE/SERC,Damage or destruction of its Facility that results from actual or suspected intentional human action.,Vandalism,Unknown,Unknown,2022,,2022-10-18 15:12:00-05:00,,
October,10/21/2022,11:15:00,10/21/2022,11:18:00,California: Trinity County;,WECC,"Physical threat to its Facility excluding weather or natural disaster related threats, which has the potential to degrade the normal operation of the Facility. Or suspicious device or activity at its Facility.",Suspicious activity,0,0,2022,,2022-10-21 11:15:00-05:00,2022-10-21 11:18:00-05:00,0.05
October,10/24/2022,00:00:00,10/28/2022,00:00:00,Massachusetts: Essex County[13];,NPCC,Reportable Cyber Security Incident,Cyber Event,0,0,2022,,2022-10-24 00:00:00-05:00,2022-10-28 00:00:00-05:00,96.0
October,10/24/2022,16:29:00,10/24/2022,18:05:00,Texas: New Mexico: Chaves County;,TRE/WECC,"Unexpected Transmission loss within its area, contrary to design, of three or more Bulk Electric System Facilities caused by a common disturbance (excluding successful automatic reclosing).",System Operations,34,7551,2022,,2022-10-24 16:29:00-05:00,2022-10-24 18:05:00-05:00,1.6
October,10/25/2022,01:45:00,10/25/2022,13:50:00,Texas: Harris County;,TRE,"Loss of electric service to more than 50,000 customers for 1 hour or more",System Operations,Unknown,109865,2022,,2022-10-25 01:45:00-05:00,2022-10-25 13:50:00-05:00,12.083333333333334
October,10/26/2022,19:32:00,10/26/2022,20:38:00,Texas:,TRE,Complete loss of monitoring or control capability at its staffed Bulk Electric System control center for 30 continuous minutes or more.,System Operations,0,0,2022,,2022-10-26 19:32:00-05:00,2022-10-26 20:38:00-05:00,1.1
October,10/27/2022,00:01:00,10/27/2022,13:00:00,Arkansas:,SERC,Damage or destruction of its Facility that results from actual or suspected intentional human action.,Vandalism,Unknown,0,2022,,2022-10-27 00:01:00-05:00,2022-10-27 13:00:00-05:00,12.983333333333333
October,10/28/2022,14:16:00,10/28/2022,15:00:00,California: Los Angeles County;,WECC,Damage or destruction of its Facility that results from actual or suspected intentional human action.,Vandalism,2,0,2022,,2022-10-28 14:16:00-05:00,2022-10-28 15:00:00-05:00,0.7333333333333333
October,10/31/2022,21:14:00,10/31/2022,22:14:00,Louisiana:,SERC,Damage or destruction of its Facility that results from actual or suspected intentional human action.,Suspicious activity,Unknown,0,2022,,2022-10-31 21:14:00-05:00,2022-10-31 22:14:00-05:00,1.0
November,11/02/2022,15:11:00,11/02/2022,15:25:00,Texas: Cameron County;,TRE,"Physical threat to its Facility excluding weather or natural disaster related threats, which has the potential to degrade the normal operation of the Facility. Or suspicious device or activity at its Facility.",Suspicious Activity,0,0,2022,,2022-11-02 15:11:00-05:00,2022-11-02 15:25:00-05:00,0.23333333333333334
November,11/03/2022,12:07:00,11/03/2022,14:24:00,Washington: Douglas County;,WECC,"Unexpected Transmission loss within its area, contrary to design, of three or more Bulk Electric System Facilities caused by a common disturbance (excluding successful automatic reclosing).",Transmission Interruption,0,0,2022,,2022-11-03 12:07:00-05:00,2022-11-03 14:24:00-05:00,2.283333333333333
November,11/04/2022,20:05:00,11/07/2022,09:00:00,"Washington: Island County, King County, Kittitas County, Thurston County, Kitsap County, Pierce County, Skagit County, Whatcom County;",WECC,"Loss of electric service to more than 50,000 customers for 1 hour or more",Severe Weather,Unknown,214000,2022,,2022-11-04 20:05:00-05:00,2022-11-07 09:00:00-06:00,61.916666666666664
November,11/05/2022,13:00:00,11/08/2022,07:00:00,"Michigan: Kalamazoo County, Kent County, Calhoun County, Genesee County, Ottawa County, Muskegon County, Eaton County, Saginaw County, Van Buren County, Hillsdale County, Shiawassee County, Jackson County, Lenawee County, Branch County, Montcalm County, Monroe County, Manistee County, Roscommon County, Clinton County, Ingham County, Gladwin County, Arenac County, Ogemaw County, Iosco County, Alcona County;",RF,"Loss of electric service to more than 50,000 customers for 1 hour or more",Severe Weather,Unknown,158450,2022,,2022-11-05 13:00:00-05:00,2022-11-08 07:00:00-06:00,67.0
November,11/05/2022,19:57:00,Unknown,Unknown,"Michigan: Oakland County, Wayne County, Monroe County, Lapeer County, St. Clair County, Washtenaw County, Macomb County, Tuscola County, Sanilac County, Huron County;",RF,"Loss of electric service to more than 50,000 customers for 1 hour or more",Severe Weather,Unknown,53000,2022,,2022-11-05 19:57:00-05:00,,
November,11/05/2022,19:00:00,Unknown,Unknown,Wisconsin:,MRO/RF,"Loss of electric service to more than 50,000 customers for 1 hour or more",Severe Weather,Unknown,50000,2022,,2022-11-05 19:00:00-05:00,,
November,11/08/2022,15:48:00,11/08/2022,16:21:00,Texas: Hockley County;,TRE,"Unexpected Transmission loss within its area, contrary to design, of three or more Bulk Electric System Facilities caused by a common disturbance (excluding successful automatic reclosing).",Transmission Interruption,0,0,2022,,2022-11-08 15:48:00-06:00,2022-11-08 16:21:00-06:00,0.55
November,11/10/2022,11:07:00,11/10/2022,12:00:00,Arkansas: Pulaski County;,SERC,Unplanned evacuation from its Bulk Electric System control center facility for 30 continuous minutes or more.,Generation Inadequacy,0,0,2022,,2022-11-10 11:07:00-06:00,2022-11-10 12:00:00-06:00,0.8833333333333333
November,11/10/2022,06:00:00,11/11/2022,08:47:00,"Florida: Alachua County, Bay County, Citrus County, Columbia County, Dixie County, Franklin County, Gilchrist County, Gulf County, Hamilton County, Hardee County, Hernando County, Highlands County, Jefferson County, Lafayette County, Lake County, Levy County, Madison County, Marion County, Orange County, Osceola County, Pasco County, Pinellas County, Polk County, Seminole County, Sumter County, Suwannee County, Taylor County, Volusia County, Wakulla County;",SERC,"Loss of electric service to more than 50,000 customers for 1 hour or more",Severe Weather,Unknown,160000,2022,,2022-11-10 06:00:00-06:00,2022-11-11 08:47:00-06:00,26.783333333333335
November,11/11/2022,01:00:00,11/11/2022,05:00:00,California: San Bernardino County;,WECC,Damage or destruction of its Facility that results from actual or suspected intentional human action.,Vandalism,Unknown,Unknown,2022,,2022-11-11 01:00:00-06:00,2022-11-11 05:00:00-06:00,4.0
November,11/11/2022,01:41:00,11/14/2022,14:00:00,Ohio: Knox County;,RF,Damage or destruction of its Facility that results from actual or suspected intentional human action.,Actual Physical Attack/Vandalism,7,1775,2022,,2022-11-11 01:41:00-06:00,2022-11-14 14:00:00-06:00,84.31666666666666
November,11/15/2022,10:17:00,11/15/2022,11:06:00,Massachusetts: Hampden County[13];,NPCC,Complete loss of monitoring or control capability at its staffed Bulk Electric System control center for 30 continuous minutes or more.,System Operations,0,0,2022,,2022-11-15 10:17:00-06:00,2022-11-15 11:06:00-06:00,0.8166666666666667
November,11/15/2022,01:00:00,11/15/2022,06:00:00,Oregon: Josephine County; Washington: Idaho: Utah: Wyoming:,WECC,Damage or destruction of its Facility that results from actual or suspected intentional human action.,Vandalism,0,0,2022,,2022-11-15 01:00:00-06:00,2022-11-15 06:00:00-06:00,5.0
November,11/18/2022,04:30:00,11/18/2022,04:59:00,Washington: Cowlitz County;,WECC,Damage or destruction of its Facility that results from actual or suspected intentional human action.,Actual Physical Attack/Vandalism,3,1454,2022,,2022-11-18 04:30:00-06:00,2022-11-18 04:59:00-06:00,0.48333333333333334
November,11/22/2022,10:01:00,11/22/2022,10:43:00,Maine: Penobscot County;,NPCC,Complete loss of monitoring or control capability at its staffed Bulk Electric System control center for 30 continuous minutes or more.,System Operations,0,0,2022,,2022-11-22 10:01:00-06:00,2022-11-22 10:43:00-06:00,0.7
November,11/23/2022,07:03:00,11/23/2022,08:57:00,Texas: Cameron County;,TRE,"Physical threat to its Facility excluding weather or natural disaster related threats, which has the potential to degrade the normal operation of the Facility. Or suspicious device or activity at its Facility.",Suspicious Activity,0,0,2022,,2022-11-23 07:03:00-06:00,2022-11-23 08:57:00-06:00,1.9
November,11/23/2022,10:15:00,11/23/2022,14:09:00,Washington: Pierce County;,WECC,Physical attack that could potentially impact electric power system adequacy or reliability; or vandalism which targets components of any security systems,Actual Physical Attack/Vandalism,0,0,2022,,2022-11-23 10:15:00-06:00,2022-11-23 14:09:00-06:00,3.9
November,11/23/2022,12:46:00,11/23/2022,13:19:00,Michigan:,RF,Complete loss of monitoring or control capability at its staffed Bulk Electric System control center for 30 continuous minutes or more.,System Operations,0,0,2022,,2022-11-23 12:46:00-06:00,2022-11-23 13:19:00-06:00,0.55
November,11/23/2022,09:30:00,Unknown,Unknown,Maryland: Delaware: New Jersey: Pennsylvania: Illinois: District of Columbia:,RF,Cyber event that could potentially impact electric power system adequacy or reliability,Cyber Event,Unknown,Unknown,2022,,2022-11-23 09:30:00-06:00,,
November,11/24/2022,01:40:00,11/24/2022,01:45:00,Oregon: Clackamas County;,WECC,Damage or destruction of its Facility that results from actual or suspected intentional human action.,Vandalism,0,0,2022,,2022-11-24 01:40:00-06:00,2022-11-24 01:45:00-06:00,0.08333333333333333
November,11/25/2022,05:00:00,11/25/2022,08:00:00,California: Riverside County;,WECC,Damage or destruction of its Facility that results from actual or suspected intentional human action.,Actual Physical Attack/Vandalism,0,0,2022,,2022-11-25 05:00:00-06:00,2022-11-25 08:00:00-06:00,3.0
November,11/27/2022,17:28:00,11/27/2022,23:58:00,Maryland: Montgomery County;,RF,"Loss of electric service to more than 50,000 customers for 1 hour or more",Transmission Interruption,190,87500,2022,,2022-11-27 17:28:00-06:00,2022-11-27 23:58:00-06:00,6.5
November,11/28/2022,01:08:00,11/28/2022,02:24:00,Oregon: Clackamas County;,WECC,Physical attack that could potentially impact electric power system adequacy or reliability; or vandalism which targets components of any security systems,Actual Physical Attack/Vandalism,Unknown,6337,2022,,2022-11-28 01:08:00-06:00,2022-11-28 02:24:00-06:00,1.2666666666666666
November,11/30/2022,18:45:00,12/02/2022,04:00:00,Maine: Massachusetts: Connecticut: Rhode Island: Vermont: New Hampshire:,NPCC,"Loss of electric service to more than 50,000 customers for 1 hour or more",Severe Weather,113,113000,2022,,2022-11-30 18:45:00-06:00,2022-12-02 04:00:00-06:00,33.25
November,11/30/2022,02:37:00,11/30/2022,06:10:00,New York: Broome County;,NPCC,Complete loss of monitoring or control capability at its staffed Bulk Electric System control center for 30 continuous minutes or more.,System Operations,0,0,2022,,2022-11-30 02:37:00-06:00,2022-11-30 06:10:00-06:00,3.55
November,11/30/2022,03:35:00,11/30/2022,09:10:00,Alabama: Mississippi: Georgia:,SERC,"Loss of electric service to more than 50,000 customers for 1 hour or more",Severe Weather,386,54110,2022,,2022-11-30 03:35:00-06:00,2022-11-30 09:10:00-06:00,5.583333333333333
December,12/03/2022,19:51:00,Unknown,Unknown,North Carolina: Moore County;,SERC,Physical attack that could potentially impact electric power system adequacy or reliability; or vandalism which targets components of any security systems.,Vandalism,99,45000,2022,,2022-12-03 19:51:00-06:00,,
December,12/05/2022,18:20:00,12/05/2022,18:55:00,Pennsylvania: York County;,RF,"Physical threat to its Facility excluding weather or natural disaster related threats, which has the potential to degrade the normal operation of the Facility. Or suspicious device or activity at its Facility.",Suspicious Activity,0,0,2022,,2022-12-05 18:20:00-06:00,2022-12-05 18:55:00-06:00,0.5833333333333334
December,12/05/2022,09:00:00,12/05/2022,13:00:00,New York: Orange County;,NPCC,Physical attack that could potentially impact electric power system adequacy or reliability; or vandalism which targets components of any security systems.,Vandalism,0,0,2022,,2022-12-05 09:00:00-06:00,2022-12-05 13:00:00-06:00,4.0
December,12/06/2022,09:25:00,Unknown,Unknown,California: Sacramento County;,WECC,"Physical threat to its Facility excluding weather or natural disaster related threats, which has the potential to degrade the normal operation of the Facility. Or suspicious device or activity at its Facility.",Suspicious Activity,0,0,2022,,2022-12-06 09:25:00-06:00,,
December,12/06/2022,08:26:00,12/06/2022,08:30:00,Kentucky: Jefferson County;,SERC,"Physical threat to its Facility excluding weather or natural disaster related threats, which has the potential to degrade the normal operation of the Facility. Or suspicious device or activity at its Facility.",Vandalism,0,0,2022,,2022-12-06 08:26:00-06:00,2022-12-06 08:30:00-06:00,0.06666666666666667
December,12/06/2022,00:00:00,12/06/2022,00:01:00,Georgia: Heard County;,SERC,"Physical threat to its Facility excluding weather or natural disaster related threats, which has the potential to degrade the normal operation of the Facility. Or suspicious device or activity at its Facility.",Suspicious Activity,0,0,2022,,2022-12-06 00:00:00-06:00,2022-12-06 00:01:00-06:00,0.016666666666666666
December,12/06/2022,00:00:00,12/06/2022,00:01:00,Georgia: Bartow County;,SERC,"Physical threat to its Facility excluding weather or natural disaster related threats, which has the potential to degrade the normal operation of the Facility. Or suspicious device or activity at its Facility.",Suspicious Activity,0,0,2022,,2022-12-06 00:00:00-06:00,2022-12-06 00:01:00-06:00,0.016666666666666666
December,12/06/2022,12:45:00,Unknown,Unknown,Ohio:,RF,"Physical threat to its Facility excluding weather or natural disaster related threats, which has the potential to degrade the normal operation of the Facility. Or suspicious device or activity at its Facility.",Suspicious Activity,2600,Unknown,2022,,2022-12-06 12:45:00-06:00,,
December,12/06/2022,08:15:00,12/06/2022,12:15:00,Pennsylvania:,RF,"Physical threat to its Facility excluding weather or natural disaster related threats, which has the potential to degrade the normal operation of the Facility. Or suspicious device or activity at its Facility.",Suspicious Activity,1883,Unknown,2022,,2022-12-06 08:15:00-06:00,2022-12-06 12:15:00-06:00,4.0
December,12/07/2022,13:35:00,12/07/2022,13:40:00,Illinois: Cook County;,SERC/RF,"Physical threat to its Facility excluding weather or natural disaster related threats, which has the potential to degrade the normal operation of the Facility. Or suspicious device or activity at its Facility.",Suspicious Activity,0,0,2022,,2022-12-07 13:35:00-06:00,2022-12-07 13:40:00-06:00,0.08333333333333333
December,12/07/2022,16:42:00,12/07/2022,21:00:00,North Carolina: South Carolina:,SERC,"Physical threat to its Facility excluding weather or natural disaster related threats, which has the potential to degrade the normal operation of the Facility. Or suspicious device or activity at its Facility.",Suspicious Activity,0,0,2022,,2022-12-07 16:42:00-06:00,2022-12-07 21:00:00-06:00,4.3
December,12/08/2022,12:36:00,Unknown,Unknown,Indiana: Vigo County;,RF,"Physical threat to its Facility excluding weather or natural disaster related threats, which has the potential to degrade the normal operation of the Facility. Or suspicious device or activity at its Facility.",Suspicious Activity,0,0,2022,,2022-12-08 12:36:00-06:00,,
December,12/10/2022,01:14:00,12/10/2022,02:02:00,Massachusetts: Suffolk County[13];,NPCC,Unplanned evacuation from its Bulk Electric System control center facility for 30 continuous minutes or more.,Transmission Interruption,0,0,2022,,2022-12-10 01:14:00-06:00,2022-12-10 02:02:00-06:00,0.8
December,12/10/2022,11:00:00,12/12/2022,06:00:00,"Missouri: Greene County, Dunklin County;",SERC,"Physical threat to its Facility excluding weather or natural disaster related threats, which has the potential to degrade the normal operation of the Facility. Or suspicious device or activity at its Facility.",Suspicious Activity,0,0,2022,,2022-12-10 11:00:00-06:00,2022-12-12 06:00:00-06:00,43.0
December,12/13/2022,23:59:00,12/14/2022,03:39:00,Washington: Spokane County;,WECC,Damage or destruction of its Facility that results from actual or suspected intentional human action.,Vandalism,10,583,2022,,2022-12-13 23:59:00-06:00,2022-12-14 03:39:00-06:00,3.6666666666666665
December,12/14/2022,10:42:00,12/14/2022,12:05:00,Florida: Hillsborough County;,SERC,Complete loss of monitoring or control capability at its staffed Bulk Electric System control center for 30 continuous minutes or more.,System Operations,0,0,2022,,2022-12-14 10:42:00-06:00,2022-12-14 12:05:00-06:00,1.3833333333333333
December,12/14/2022,11:23:00,Unknown,Unknown,Indiana:,RF,Damage or destruction of its Facility that results from actual or suspected intentional human action.,Vandalism,0,0,2022,,2022-12-14 11:23:00-06:00,,
December,12/14/2022,12:52:00,Unknown,Unknown,Montana: Richland County;,WECC,"Physical threat to its Facility excluding weather or natural disaster related threats, which has the potential to degrade the normal operation of the Facility. Or suspicious device or activity at its Facility.",Suspicious Activity,Unknown,Unknown,2022,,2022-12-14 12:52:00-06:00,,
December,12/15/2022,05:30:00,12/15/2022,05:31:00,Utah: Salt Lake County;,WECC,Damage or destruction of its Facility that results from actual or suspected intentional human action.,Vandalism,0,0,2022,,2022-12-15 05:30:00-06:00,2022-12-15 05:31:00-06:00,0.016666666666666666
December,12/16/2022,23:30:00,12/18/2022,23:21:00,Massachusetts: Vermont: New Hampshire: Maine:,NPCC,"Loss of electric service to more than 50,000 customers for 1 hour or more.",Severe Weather,Unknown,36600,2022,,2022-12-16 23:30:00-06:00,2022-12-18 23:21:00-06:00,47.85
December,12/17/2022,19:45:00,12/17/2022,19:46:00,Texas: Kaufman County;,TRE,"Physical threat to its Facility excluding weather or natural disaster related threats, which has the potential to degrade the normal operation of the Facility. Or suspicious device or activity at its Facility.",Suspicious Activity,0,0,2022,,2022-12-17 19:45:00-06:00,2022-12-17 19:46:00-06:00,0.016666666666666666
December,12/22/2022,09:04:00,12/25/2022,00:00:00,Tennessee: Alabama: Mississippi: Kentucky:,SERC,Firm load shedding of 100 Megawatts or more implemented under emergency operational policy.,Transmission Interruption,3200,Unknown,2022,,2022-12-22 09:04:00-06:00,2022-12-25 00:00:00-06:00,62.93333333333333
December,12/22/2022,21:04:00,12/22/2022,21:42:00,Texas: Montgomery County;,TRE,Unplanned evacuation from its Bulk Electric System control center facility for 30 continuous minutes or more.,System Operations,0,0,2022,,2022-12-22 21:04:00-06:00,2022-12-22 21:42:00-06:00,0.6333333333333333
December,12/23/2022,06:04:00,12/23/2022,06:40:00,Texas: Cameron County;,TRE,"Physical threat to its Facility excluding weather or natural disaster related threats, which has the potential to degrade the normal operation of the Facility. Or suspicious device or activity at its Facility.",Suspicious Activity,0,0,2022,,2022-12-23 06:04:00-06:00,2022-12-23 06:40:00-06:00,0.6
December,12/23/2022,14:30:00,Unknown,Unknown,New York:,NPCC,"Loss of electric service to more than 50,000 customers for 1 hour or more.",Severe Weather,Unknown,57000,2022,,2022-12-23 14:30:00-06:00,,
December,12/23/2022,05:20:00,Unknown,Unknown,Connecticut: Rhode Island: Massachusetts: Vermont: New Hampshire: Maine:,NPCC,"Loss of electric service to more than 50,000 customers for 1 hour or more.",Severe Weather,Unknown,500000,2022,,2022-12-23 05:20:00-06:00,,
December,12/23/2022,09:45:00,12/23/2022,17:00:00,North Carolina:,SERC,"Loss of electric service to more than 50,000 customers for 1 hour or more.",Severe Weather,Unknown,66519,2022,,2022-12-23 09:45:00-06:00,2022-12-23 17:00:00-06:00,7.25
December,12/23/2022,07:30:00,12/23/2022,22:13:00,North Carolina: South Carolina:,SERC,"Loss of electric service to more than 50,000 customers for 1 hour or more.",Severe Weather,Unknown,108900,2022,,2022-12-23 07:30:00-06:00,2022-12-23 22:13:00-06:00,14.716666666666667
December,12/23/2022,08:31:00,Unknown,Unknown,Tennessee: Shelby County;,SERC,Firm load shedding of 100 Megawatts or more implemented under emergency operational policy.,Severe Weather,Unknown,Unknown,2022,,2022-12-23 08:31:00-06:00,,
December,12/23/2022,03:03:00,12/23/2022,12:30:00,Alabama: Georgia: Mississippi:,SERC,"Loss of electric service to more than 50,000 customers for 1 hour or more.",Severe Weather,236,33010,2022,,2022-12-23 03:03:00-06:00,2022-12-23 12:30:00-06:00,9.45
December,12/23/2022,07:19:00,12/23/2022,07:41:00,Missouri: Jasper County;,SERC,Public appeal to reduce the use of electricity for purposes of maintaining the continuity of the Bulk Electric System.,Severe Weather,0,0,2022,,2022-12-23 07:19:00-06:00,2022-12-23 07:41:00-06:00,0.36666666666666664
December,12/24/2022,06:15:00,12/25/2022,09:00:00,South Carolina:,SERC,System-wide voltage reductions of 3 percent or more.,Severe Weather,4615,17600,2022,,2022-12-24 06:15:00-06:00,2022-12-25 09:00:00-06:00,26.75
December,12/24/2022,06:35:00,12/24/2022,16:10:00,North Carolina:,SERC,Firm load shedding of 100 Megawatts or more implemented under emergency operational policy.,System Operations,960,130000,2022,,2022-12-24 06:35:00-06:00,2022-12-24 16:10:00-06:00,9.583333333333334
December,12/24/2022,04:45:00,12/24/2022,15:45:00,North Carolina: South Carolina:,SERC,Firm load shedding of 100 Megawatts or more implemented under emergency operational policy.,Severe Weather,1000,295000,2022,,2022-12-24 04:45:00-06:00,2022-12-24 15:45:00-06:00,11.0
December,12/24/2022,09:00:00,12/24/2022,11:15:00,Alabama: Georgia: Mississippi:,SERC,"Loss of electric service to more than 50,000 customers for 1 hour or more.",Severe Weather,160,22436,2022,,2022-12-24 09:00:00-06:00,2022-12-24 11:15:00-06:00,2.25
December,12/25/2022,19:25:00,12/25/2022,20:07:00,Washington: Pierce County;,WECC,Damage or destruction of its Facility that results from actual or suspected intentional human action.,Vandalism,32,13500,2022,,2022-12-25 19:25:00-06:00,2022-12-25 20:07:00-06:00,0.7
December,12/25/2022,02:42:00,12/25/2022,04:55:00,Washington: Pierce County;,WECC,Damage or destruction of its Facility that results from actual or suspected intentional human action.,Vandalism,14,8000,2022,,2022-12-25 02:42:00-06:00,2022-12-25 04:55:00-06:00,2.216666666666667
December,12/26/2022,06:54:00,12/26/2022,08:19:00,Washington:,WECC,Damage or destruction of its Facility that results from actual or suspected intentional human action.,Vandalism,Unknown,Unknown,2022,,2022-12-26 06:54:00-06:00,2022-12-26 08:19:00-06:00,1.4166666666666667
December,12/26/2022,08:30:00,12/28/2022,21:00:00,"Washington: King County, Island County, Kittitas County, Kitsap County, Pierce County, Skagit County, Thurston County, Whatcom County;",WECC,"Loss of electric service to more than 50,000 customers for 1 hour or more.",Severe Weather,Unknown,230000,2022,,2022-12-26 08:30:00-06:00,2022-12-28 21:00:00-06:00,60.5
December,12/27/2022,08:00:00,12/27/2022,08:30:00,Washington: Lewis County;,WECC,Damage or destruction of its Facility that results from actual or suspected intentional human action.,Vandalism,0,0,2022,,2022-12-27 08:00:00-06:00,2022-12-27 08:30:00-06:00,0.5
December,12/27/2022,13:30:00,12/27/2022,21:16:00,California: San Diego County;,WECC,Damage or destruction of its Facility that results from actual or suspected intentional human action.,Vandalism,0,0,2022,,2022-12-27 13:30:00-06:00,2022-12-27 21:16:00-06:00,7.766666666666667
December,12/27/2022,10:12:00,Unknown,Unknown,"Oregon: Clackamas County, Columbia County, Marion County, Multnomah County, Polk County;",WECC,"Loss of electric service to more than 50,000 customers for 1 hour or more.",Severe Weather,Unknown,83060,2022,,2022-12-27 10:12:00-06:00,,
December,12/27/2022,20:40:00,12/27/2022,20:41:00,Washington: King County;,WECC,Electrical System Separation (Islanding) where part or parts of a power grid remain(s) operational in an otherwise blacked out area or within the partial failure of an integrated electrical system.,Severe Weather,11,11600,2022,,2022-12-27 20:40:00-06:00,2022-12-27 20:41:00-06:00,0.016666666666666666
December,12/27/2022,07:07:00,12/29/2022,11:10:00,California: Sacramento County;,WECC,"Physical threat to its Facility excluding weather or natural disaster related threats, which has the potential to degrade the normal operation of the Facility. Or suspicious device or activity at its Facility.",Suspicious Activity,Unknown,Unknown,2022,,2022-12-27 07:07:00-06:00,2022-12-29 11:10:00-06:00,52.05
December,12/27/2022,07:20:00,12/27/2022,11:22:00,California: Sacramento County;,WECC,Physical attack that could potentially impact electric power system adequacy or reliability; or vandalism which targets components of any security systems.,Vandalism,0,0,2022,,2022-12-27 07:20:00-06:00,2022-12-27 11:22:00-06:00,4.033333333333333
December,12/29/2022,13:14:00,12/29/2022,13:55:00,Washington: King County;,WECC,Damage or destruction of its Facility that results from actual or suspected intentional human action.,Vandalism,0,0,2022,,2022-12-29 13:14:00-06:00,2022-12-29 13:55:00-06:00,0.6833333333333333
December,12/29/2022,16:00:00,Unknown,Unknown,Ohio:,RF,"Physical threat to its Facility excluding weather or natural disaster related threats, which has the potential to degrade the normal operation of the Facility. Or suspicious device or activity at its Facility.",Vandalism,2600,Unknown,2022,,2022-12-29 16:00:00-06:00,,
December,12/30/2022,05:25:00,12/30/2022,14:17:00,Oregon: Sherman County;,WECC,"Unexpected Transmission loss within its area, contrary to design, of three or more Bulk Electric System Facilities caused by a common disturbance (excluding successful automatic reclosing).",Transmission Interruption,0,0,2022,,2022-12-30 05:25:00-06:00,2022-12-30 14:17:00-06:00,8.866666666666667
December,12/30/2022,17:04:00,Unknown,Unknown,Minnesota: Washington County;,MRO,"Unexpected Transmission loss within its area, contrary to design, of three or more Bulk Electric System Facilities caused by a common disturbance (excluding successful automatic reclosing).",Transmission Interruption,Unknown,Unknown,2022,,2022-12-30 17:04:00-06:00,,
December,12/31/2022,20:00:00,01/03/2023,00:00:00,Nevada:,WECC,"Loss of electric service to more than 50,000 customers for 1 hour or more.",Severe Weather,Unknown,3500,2022,,2022-12-31 20:00:00-06:00,2023-01-03 00:00:00-06:00,52.0
December,12/31/2022,19:00:00,01/01/2023,06:00:00,California: Sacramento County;,WECC,"Loss of electric service to more than 50,000 customers for 1 hour or more.",Severe Weather,Unknown,161000,2022,,2022-12-31 19:00:00-06:00,2023-01-01 06:00:00-06:00,11.0
,01/01/2023,00:06:00,01/01/2023,03:57:00,California: Riverside County;,WECC,Damage or destruction of its Facility that results from actual or suspected intentional human action.,Vandalism,0,0,2023,January,2023-01-01 00:06:00-06:00,2023-01-01 03:57:00-06:00,3.85
,01/01/2023,09:55:00,01/01/2023,10:30:00,California: Sacramento County;,WECC,Complete loss of monitoring or control capability at its staffed Bulk Electric System control center for 30 continuous minutes or more.,System Operations,0,0,2023,January,2023-01-01 09:55:00-06:00,2023-01-01 10:30:00-06:00,0.5833333333333334
,01/01/2023,14:47:00,01/01/2023,16:50:00,Florida: Citrus County;,SERC,Physical attack that could potentially impact electric power system adequacy or reliability; or vandalism which targets components of any security systems,Vandalism,19,3509,2023,January,2023-01-01 14:47:00-06:00,2023-01-01 16:50:00-06:00,2.05
,01/02/2023,16:12:00,01/03/2023,09:30:00,Texas: Dallas County;,TRE,Damage or destruction of its Facility that results from actual or suspected intentional human action.,Vandalism,0,0,2023,January,2023-01-02 16:12:00-06:00,2023-01-03 09:30:00-06:00,17.3
,01/02/2023,03:16:00,01/02/2023,16:46:00,New Mexico:,WECC,Physical attack that causes major interruptions or impacts to critical infrastructure or to operations,Vandalism,432,0,2023,January,2023-01-02 03:16:00-06:00,2023-01-02 16:46:00-06:00,13.5
,01/02/2023,18:22:00,01/02/2023,22:27:00,Arkansas: Union County; Louisiana: Ouachita Parish;,SERC,"Unexpected Transmission loss within its area, contrary to design, of three or more Bulk Electric System Facilities caused by a common disturbance (excluding successful automatic reclosing).",Severe Weather,20,6849,2023,January,2023-01-02 18:22:00-06:00,2023-01-02 22:27:00-06:00,4.083333333333333
,01/03/2023,11:45:00,01/03/2023,12:00:00,Michigan: Ingham County;,RF,Damage or destruction of its Facility that results from actual or suspected intentional human action.,Vandalism,0,0,2023,January,2023-01-03 11:45:00-06:00,2023-01-03 12:00:00-06:00,0.25
,01/05/2023,08:19:00,01/05/2023,08:20:00,Louisiana: Concordia Parish;,SERC,Electrical System Separation (Islanding) where part or parts of a power grid remain(s) operational in an otherwise blacked out area or within the partial failure of an integrated electrical system,Transmission Interruption,23,1631,2023,January,2023-01-05 08:19:00-06:00,2023-01-05 08:20:00-06:00,0.016666666666666666
,01/05/2023,07:30:00,01/05/2023,09:30:00,Washington: Lewis County;,WECC,"Physical threat to its Facility excluding weather or natural disaster related threats, which has the potential to degrade the normal operation of the Facility. Or suspicious device or activity at its Facility.",Suspicious Activity,0,0,2023,January,2023-01-05 07:30:00-06:00,2023-01-05 09:30:00-06:00,2.0
,01/06/2023,09:30:00,01/06/2023,11:30:00,Ohio: Sandusky County;,RF,"Physical threat to its Facility excluding weather or natural disaster related threats, which has the potential to degrade the normal operation of the Facility. Or suspicious device or activity at its Facility.",Suspicious Activity,Unknown,Unknown,2023,January,2023-01-06 09:30:00-06:00,2023-01-06 11:30:00-06:00,2.0
,01/07/2023,22:00:00,01/08/2023,21:00:00,California: Sacramento County;,WECC,"Loss of electric service to more than 50,000 customers for 1 hour or more",Severe Weather,458,185434,2023,January,2023-01-07 22:00:00-06:00,2023-01-08 21:00:00-06:00,23.0
,01/07/2023,23:44:00,01/08/2023,02:29:00,"Texas: Jasper County, Tyler County;",TRE,"Unexpected Transmission loss within its area, contrary to design, of three or more Bulk Electric System Facilities caused by a common disturbance (excluding successful automatic reclosing).",Transmission Interruption,20,9823,2023,January,2023-01-07 23:44:00-06:00,2023-01-08 02:29:00-06:00,2.75
,01/08/2023,18:40:00,01/08/2023,18:54:00,Texas: Bowie County;,TRE,Damage or destruction of its Facility that results from actual or suspected intentional human action.,Vandalism,0,0,2023,January,2023-01-08 18:40:00-06:00,2023-01-08 18:54:00-06:00,0.23333333333333334
,01/12/2023,10:00:00,Unkonwn,Unknown,California: Sacramento County;,WECC,"Physical threat to its Facility excluding weather or natural disaster related threats, which has the potential to degrade the normal operation of the Facility. Or suspicious device or activity at its Facility.",Suspicious Activity,0,0,2023,January,2023-01-12 10:00:00-06:00,,
,01/12/2023,14:00:00,01/13/2023,03:00:00,Alabama: Georgia:,SERC,"Loss of electric service to more than 50,000 customers for 1 hour or more",Severe Weather,1158,162000,2023,January,2023-01-12 14:00:00-06:00,2023-01-13 03:00:00-06:00,13.0
,01/12/2023,11:58:00,01/12/2023,12:30:00,Washington: King County;,WECC,Damage or destruction of its Facility that results from actual or suspected intentional human action.,Vandalism,Unknown,Unknown,2023,January,2023-01-12 11:58:00-06:00,2023-01-12 12:30:00-06:00,0.5333333333333333
,01/13/2023,00:00:00,01/13/2023,01:00:00,Texas: Fayette County;,TRE,"Physical threat to its Facility excluding weather or natural disaster related threats, which has the potential to degrade the normal operation of the Facility. Or suspicious device or activity at its Facility.",Suspicious Activity,0,0,2023,January,2023-01-13 00:00:00-06:00,2023-01-13 01:00:00-06:00,1.0
,01/19/2023,11:00:00,01/19/2023,13:00:00,South Carolina: Sumter County;,SERC,"Physical threat to its Facility excluding weather or natural disaster related threats, which has the potential to degrade the normal operation of the Facility. Or suspicious device or activity at its Facility.",Suspicious Activity,Unknown,Unknown,2023,January,2023-01-19 11:00:00-06:00,2023-01-19 13:00:00-06:00,2.0
,01/20/2023,10:45:00,Unknown,Unknown,Michigan: Oakland County;,RF,Damage or destruction of its Facility that results from actual or suspected intentional human action.,Vandalism,Unknown,0,2023,January,2023-01-20 10:45:00-06:00,,
,01/23/2023,07:05:00,01/24/2023,17:17:00,Connecticut: Rhode Island: Massachusetts: Vermont: New Hampshire: Maine:,NPCC,"Loss of electric service to more than 50,000 customers for 1 hour or more",Severe Weather,Unknown,41000,2023,January,2023-01-23 07:05:00-06:00,2023-01-24 17:17:00-06:00,34.2
,01/23/2023,17:00:00,Unknown,Unknown,California: Sacramento County;,WECC,"Physical threat to its Facility excluding weather or natural disaster related threats, which has the potential to degrade the normal operation of the Facility. Or suspicious device or activity at its Facility.",Suspicious Activity,Unknown,Unknown,2023,January,2023-01-23 17:00:00-06:00,,
,01/23/2023,09:21:00,Unknown,Unknown,California: Sacramento County;,WECC,"Physical threat to its Facility excluding weather or natural disaster related threats, which has the potential to degrade the normal operation of the Facility. Or suspicious device or activity at its Facility.",Suspicious Activity,Unknown,Unknown,2023,January,2023-01-23 09:21:00-06:00,,
,01/24/2023,14:00:00,01/24/2023,15:00:00,Louisiana:,SERC,Damage or destruction of its Facility that results from actual or suspected intentional human action.,Vandalism,0,0,2023,January,2023-01-24 14:00:00-06:00,2023-01-24 15:00:00-06:00,1.0
,01/24/2023,17:10:00,01/24/2023,17:20:00,New York: Queens County;,NPCC,"Physical threat to its Facility excluding weather or natural disaster related threats, which has the potential to degrade the normal operation of the Facility. Or suspicious device or activity at its Facility.",Suspicious Activity,0,0,2023,January,2023-01-24 17:10:00-06:00,2023-01-24 17:20:00-06:00,0.16666666666666666
,01/24/2023,15:25:00,01/26/2023,20:20:00,Texas: Harris County;,TRE,"Loss of electric service to more than 50,000 customers for 1 hour or more",Severe Weather,Unknown,100731,2023,January,2023-01-24 15:25:00-06:00,2023-01-26 20:20:00-06:00,52.916666666666664
,01/25/2023,22:30:00,01/26/2023,00:01:00,Washington: Kitsap County;,WECC,Physical attack that could potentially impact electric power system adequacy or reliability; or vandalism which targets components of any security systems,Vandalism,0,0,2023,January,2023-01-25 22:30:00-06:00,2023-01-26 00:01:00-06:00,1.5166666666666666
,01/25/2023,15:57:00,01/25/2023,17:38:00,Texas: Cameron County;,TRE,"Physical threat to its Facility excluding weather or natural disaster related threats, which has the potential to degrade the normal operation of the Facility. Or suspicious device or activity at its Facility.",Suspicious Activity,0,0,2023,January,2023-01-25 15:57:00-06:00,2023-01-25 17:38:00-06:00,1.6833333333333333
,01/25/2023,03:30:00,01/25/2023,13:00:00,Arkansas: Texas: Louisiana: Mississippi:,SERC,"Loss of electric service to more than 50,000 customers for 1 hour or more",Severe Weather,Unknown,60958,2023,January,2023-01-25 03:30:00-06:00,2023-01-25 13:00:00-06:00,9.5
,01/26/2023,07:00:00,01/26/2023,14:46:00,Washington: King County;,WECC,Damage or destruction of its Facility that results from actual or suspected intentional human action.,Vandalism,0,0,2023,January,2023-01-26 07:00:00-06:00,2023-01-26 14:46:00-06:00,7.766666666666667
,01/28/2023,04:00:00,01/28/2023,05:00:00,Illinois: Franklin County;,SERC/RF,Damage or destruction of its Facility that results from actual or suspected intentional human action.,Suspicious Activity,0,0,2023,January,2023-01-28 04:00:00-06:00,2023-01-28 05:00:00-06:00,1.0
,01/29/2023,08:19:00,01/29/2023,11:07:00,Kentucky:,SERC,Complete loss of monitoring or control capability at its staffed Bulk Electric System control center for 30 continuous minutes or more.,System Operations,0,0,2023,January,2023-01-29 08:19:00-06:00,2023-01-29 11:07:00-06:00,2.8
,01/30/2023,10:30:00,Unknown,Unknown,Minnesota:,MRO,"Physical threat to its Bulk Electric System control center, excluding weather or natural disaster related threats, which has the potential to degrade the normal operation of the control center. Or suspicious device or activity at its Bulk Electric System control center.",Suspicious Activity,Unknown,Unknown,2023,January,2023-01-30 10:30:00-06:00,,
,01/31/2023,08:15:00,02/06/2023,17:00:00,"Texas: Dallas County, Anderson County, Bosque County, Collin County, Comanche County, Cooke County, Delta County, Denton County, Ellis County, Erath County, Fannin County, Freestone County, Hamilton County, Henderson County, Hill County, Hood County, Hopkins County, Hunt County, Jack County, Johnson County, Kaufman County, Lamar County, Navarro County, Palo Pinto County, Parker County, Rains County, Red River County, Rockwall County, Somervell County, Tarrant County, Van Zandt County, Wichita County, Wise County;",TRE,"Loss of electric service to more than 50,000 customers for 1 hour or more",Severe Weather,Unknown,360000,2023,January,2023-01-31 08:15:00-06:00,2023-02-06 17:00:00-06:00,152.75
,02/01/2023,05:00:00,02/04/2023,22:39:00,Texas: Travis County;,TRE,"Loss of electric service to more than 50,000 customers for 1 hour or more",Severe Weather,370,173879,2023,February,2023-02-01 05:00:00-06:00,2023-02-04 22:39:00-06:00,89.65
,02/02/2023,22:07:00,02/03/2023,16:08:00,Colorado:,WECC,Damage or destruction of its Facility that results from actual or suspected intentional human action.,Vandalism,0,0,2023,February,2023-02-02 22:07:00-06:00,2023-02-03 16:08:00-06:00,18.016666666666666
,02/02/2023,11:00:00,Unknown,Unknown,Pennsylvania: Westmoreland County;,RF,"Physical threat to its Facility excluding weather or natural disaster related threats, which has the potential to degrade the normal operation of the Facility. Or suspicious device or activity at its Facility.",Suspicious Activity,0,0,2023,February,2023-02-02 11:00:00-06:00,,
,02/02/2023,08:15:00,02/02/2023,19:45:00,Arkansas: Mississippi: Texas:,SERC,"Loss of electric service to more than 50,000 customers for 1 hour or more",Severe Weather,Unknown,74426,2023,February,2023-02-02 08:15:00-06:00,2023-02-02 19:45:00-06:00,11.5
,02/02/2023,14:37:00,02/02/2023,14:47:00,Maryland: Cecil County;,RF,"Physical threat to its Facility excluding weather or natural disaster related threats, which has the potential to degrade the normal operation of the Facility. Or suspicious device or activity at its Facility.",Suspicious Activity,0,0,2023,February,2023-02-02 14:37:00-06:00,2023-02-02 14:47:00-06:00,0.16666666666666666
,02/03/2023,16:00:00,02/03/2023,16:45:00,Oregon: Washington: Yakima County; Idaho: Utah: Wyoming:,WECC,Physical attack that could potentially impact electric power system adequacy or reliability; or vandalism which targets components of any security systems,Vandalism,0,0,2023,February,2023-02-03 16:00:00-06:00,2023-02-03 16:45:00-06:00,0.75
,02/04/2023,11:14:00,02/04/2023,12:55:00,Ohio: Gallia County;,RF,Physical attack that could potentially impact electric power system adequacy or reliability; or vandalism which targets components of any security systems,Vandalism,2000,Unknown,2023,February,2023-02-04 11:14:00-06:00,2023-02-04 12:55:00-06:00,1.6833333333333333
,02/06/2023,17:06:00,02/06/2023,17:31:00,Florida: Hillsborough County;,SERC,Complete loss of monitoring or control capability at its staffed Bulk Electric System control center for 30 continuous minutes or more.,System Operations,0,0,2023,February,2023-02-06 17:06:00-06:00,2023-02-06 17:31:00-06:00,0.4166666666666667
,02/06/2023,10:00:00,02/06/2023,10:02:00,Maryland:,RF,"Physical threat to its Facility excluding weather or natural disaster related threats, which has the potential to degrade the normal operation of the Facility. Or suspicious device or activity at its Facility.",Suspicious Activity,0,0,2023,February,2023-02-06 10:00:00-06:00,2023-02-06 10:02:00-06:00,0.03333333333333333
,02/07/2023,13:34:00,02/07/2023,14:06:00,Wisconsin: La Crosse County;,MRO,Unplanned evacuation from its Bulk Electric System control center facility for 30 continuous minutes or more.,System Operations,0,0,2023,February,2023-02-07 13:34:00-06:00,2023-02-07 14:06:00-06:00,0.5333333333333333
,02/07/2023,06:15:00,02/07/2023,06:20:00,Illinois: DuPage County;,SERC,"Physical threat to its Facility excluding weather or natural disaster related threats, which has the potential to degrade the normal operation of the Facility. Or suspicious device or activity at its Facility.",Suspicious Activity,0,0,2023,February,2023-02-07 06:15:00-06:00,2023-02-07 06:20:00-06:00,0.08333333333333333
,02/07/2023,08:30:00,Unknown,Unknown,New York: Queens County;,NPCC,"Physical threat to its Facility excluding weather or natural disaster related threats, which has the potential to degrade the normal operation of the Facility. Or suspicious device or activity at its Facility.",Suspicious Activity,0,0,2023,February,2023-02-07 08:30:00-06:00,,
,02/08/2023,13:30:00,02/08/2023,14:00:00,Pennsylvania: Lawrence County;,RF,"Physical threat to its Facility excluding weather or natural disaster related threats, which has the potential to degrade the normal operation of the Facility. Or suspicious device or activity at its Facility.",Suspicious Activity,0,0,2023,February,2023-02-08 13:30:00-06:00,2023-02-08 14:00:00-06:00,0.5
,02/11/2023,11:17:00,02/11/2023,18:20:00,Texas: Taylor County;,TRE,"Unexpected Transmission loss within its area, contrary to design, of three or more Bulk Electric System Facilities caused by a common disturbance (excluding successful automatic reclosing).",Transmission Interruption,0,0,2023,February,2023-02-11 11:17:00-06:00,2023-02-11 18:20:00-06:00,7.05
,02/13/2023,21:50:00,02/14/2023,02:24:00,California: San Diego County;,WECC,Physical attack that could potentially impact electric power system adequacy or reliability; or vandalism which targets components of any security systems,Suspicious Activity,0,0,2023,February,2023-02-13 21:50:00-06:00,2023-02-14 02:24:00-06:00,4.566666666666666
,02/13/2023,05:27:00,02/13/2023,15:00:00,Wisconsin: Chippewa County;,MRO,Damage or destruction of its Facility that results from actual or suspected intentional human action.,Vandalism,0,0,2023,February,2023-02-13 05:27:00-06:00,2023-02-13 15:00:00-06:00,9.55
,02/15/2023,14:25:00,02/15/2023,14:30:00,Florida: Clay County;,SERC,"Physical threat to its Facility excluding weather or natural disaster related threats, which has the potential to degrade the normal operation of the Facility. Or suspicious device or activity at its Facility.",Suspicious Activity,0,0,2023,February,2023-02-15 14:25:00-06:00,2023-02-15 14:30:00-06:00,0.08333333333333333
,02/18/2023,00:00:00,02/18/2023,00:05:00,Oklahoma: Kay County;,MRO,"Physical threat to its Facility excluding weather or natural disaster related threats, which has the potential to degrade the normal operation of the Facility. Or suspicious device or activity at its Facility.",Suspicious Activity,0,0,2023,February,2023-02-18 00:00:00-06:00,2023-02-18 00:05:00-06:00,0.08333333333333333
,02/19/2023,08:18:00,02/19/2023,12:15:00,California: Riverside County;,WECC,Damage or destruction of its Facility that results from actual or suspected intentional human action.,Vandalism,0,0,2023,February,2023-02-19 08:18:00-06:00,2023-02-19 12:15:00-06:00,3.95
,02/21/2023,09:45:00,Unknown,Unknown,Texas: Cameron County;,TRE,Cyber event that could potentially impact electric power system adequacy or reliability,Cyber Event,0,0,2023,February,2023-02-21 09:45:00-06:00,,
,02/21/2023,05:27:00,02/21/2023,06:41:00,Florida: Hillsborough County;,SERC,"Unexpected Transmission loss within its area, contrary to design, of three or more Bulk Electric System Facilities caused by a common disturbance (excluding successful automatic reclosing).",Transmission Interruption,0,0,2023,February,2023-02-21 05:27:00-06:00,2023-02-21 06:41:00-06:00,1.2333333333333334
,02/21/2023,13:14:00,02/21/2023,14:36:00,Florida: Orange County;,SERC,Physical attack that could potentially impact electric power system adequacy or reliability; or vandalism which targets components of any security systems,Actual Physical Attack/Vandalism,Unknown,2547,2023,February,2023-02-21 13:14:00-06:00,2023-02-21 14:36:00-06:00,1.3666666666666667
,02/22/2023,18:41:00,02/25/2023,16:12:00,"Michigan: Van Buren County, Kalamazoo County, St. Joseph County, Calhoun County, Branch County, Hillsdale County, Jackson County, Washtenaw County, Monroe County, Lenawee County, Ingham County, Barry County, Allegan County, Ottawa County, Eaton County, Ingham County, Shiawassee County, Clinton County;",RF,"Loss of electric service to more than 50,000 customers for 1 hour or more",Severe Weather,Unknown,261043,2023,February,2023-02-22 18:41:00-06:00,2023-02-25 16:12:00-06:00,69.51666666666667
,02/22/2023,18:30:00,Unknown,Unknown,Michigan:,RF,"Loss of electric service to more than 50,000 customers for 1 hour or more",Severe Weather,6200,623358,2023,February,2023-02-22 18:30:00-06:00,,
,02/22/2023,16:00:00,02/22/2023,16:01:00,South Dakota:,MRO,"Physical threat to its Facility excluding weather or natural disaster related threats, which has the potential to degrade the normal operation of the Facility. Or suspicious device or activity at its Facility.",Suspicious Activity,0,0,2023,February,2023-02-22 16:00:00-06:00,2023-02-22 16:01:00-06:00,0.016666666666666666
,02/23/2023,04:30:00,02/23/2023,13:00:00,"Wisconsin: Kenosha County, Racine County, Milwaukee County, Walworth County, Jefferson County, Waukesha County; Michigan:",MRO,"Loss of electric service to more than 50,000 customers for 1 hour or more",Severe Weather,143,57000,2023,February,2023-02-23 04:30:00-06:00,2023-02-23 13:00:00-06:00,8.5
,02/23/2023,08:50:00,02/23/2023,12:38:00,Colorado: Larimer County;,WECC,Fuel supply emergencies that could impact electric power system adequacy or reliability,System Operations,0,0,2023,February,2023-02-23 08:50:00-06:00,2023-02-23 12:38:00-06:00,3.8
,02/24/2023,12:29:00,02/24/2023,12:45:00,Florida: Pasco County;,SERC,"Physical threat to its Facility excluding weather or natural disaster related threats, which has the potential to degrade the normal operation of the Facility. Or suspicious device or activity at its Facility.",Suspicious Activity,0,0,2023,February,2023-02-24 12:29:00-06:00,2023-02-24 12:45:00-06:00,0.26666666666666666
,02/25/2023,00:08:00,02/26/2023,18:08:00,California: Los Angeles County;,WECC,"Loss of electric service to more than 50,000 customers for 1 hour or more",Severe Weather,Unknown,153555,2023,February,2023-02-25 00:08:00-06:00,2023-02-26 18:08:00-06:00,42.0
,02/26/2023,14:08:00,02/26/2023,15:13:00,North Carolina:,SERC,Physical attack that could potentially impact electric power system adequacy or reliability; or vandalism which targets components of any security systems,Actual Physical Attack/Vandalism,Unknown,Unknown,2023,February,2023-02-26 14:08:00-06:00,2023-02-26 15:13:00-06:00,1.0833333333333333
,02/27/2023,13:25:00,02/27/2023,23:59:00,"Michigan: Newaygo County, Oceana County, Ionia County, Montcalm County, Jackson County, Van Buren County, Washtenaw County, Hillsdale County, Lenawee County;",RF,"Loss of electric service to more than 50,000 customers for 1 hour or more",Severe Weather,Unknown,76000,2023,February,2023-02-27 13:25:00-06:00,2023-02-27 23:59:00-06:00,10.566666666666666
,02/28/2023,08:00:00,02/28/2023,08:30:00,Wisconsin: Outagamie County;,MRO,Physical attack that could potentially impact electric power system adequacy or reliability; or vandalism which targets components of any security systems,Vandalism,14,0,2023,February,2023-02-28 08:00:00-06:00,2023-02-28 08:30:00-06:00,0.5
,03/01/2023,00:00:00,03/01/2023,00:41:00,Indiana: Hamilton County;,MRO,Complete loss of monitoring or control capability at its staffed Bulk Electric System control center for 30 continuous minutes or more.,System Operations,0,0,2023,March,2023-03-01 00:00:00-06:00,2023-03-01 00:41:00-06:00,0.6833333333333333
,03/02/2023,19:00:00,03/04/2023,23:00:00,"Texas: Montague County, Cooke County, Grayson County, Fannin County, Lamar County, Young County, Jack County, Wise County, Denton County, Collin County, Hunt County, Delta County, Hopkins County, Stephens County, Palo Pinto County, Parker County, Tarrant County, Dallas County, Rockwall County, Kaufman County, Van Zandt County, Rains County, Eastland County, Erath County, Hood County, Somervell County, Johnson County, Ellis County, Henderson County, Comanche County, Mills County, Hamilton County, Bosque County, Hill County, Navarro County, Freestone County, Anderson County, Lampasas County, Coryell County, Bell County, McLennan County, Falls County, Limestone County, Leon County, Milam County, Robertson County;",TRE,"Loss of electric service to more than 50,000 customers for 1 hour or more",Severe Weather,Unknown,470000,2023,March,2023-03-02 19:00:00-06:00,2023-03-04 23:00:00-06:00,52.0
,03/03/2023,13:45:00,03/03/2023,13:50:00,Illinois: Cook County;,SERC/RF,"Physical threat to its Facility excluding weather or natural disaster related threats, which has the potential to degrade the normal operation of the Facility. Or suspicious device or activity at its Facility.",Suspicious Activity,0,0,2023,March,2023-03-03 13:45:00-06:00,2023-03-03 13:50:00-06:00,0.08333333333333333
,03/03/2023,09:45:00,03/03/2023,09:50:00,Mississippi:,SERC,"Unexpected Transmission loss within its area, contrary to design, of three or more Bulk Electric System Facilities caused by a common disturbance (excluding successful automatic reclosing).",System Operations,38,12014,2023,March,2023-03-03 09:45:00-06:00,2023-03-03 09:50:00-06:00,0.08333333333333333
,03/03/2023,08:00:00,03/03/2023,08:01:00,Texas: Tarrant County;,TRE,Damage or destruction of its Facility that results from actual or suspected intentional human action.,Suspicious Activity,0,0,2023,March,2023-03-03 08:00:00-06:00,2023-03-03 08:01:00-06:00,0.016666666666666666
,03/03/2023,15:40:00,Unknown,Unknown,"Kentucky: Oldham County, Jefferson County, Fayette County, Franklin County, Hardin County, Hart County, Hopkins County, Jessamine County, Muhlenberg County, Nelson County, Scott County, Shelby County, Spencer County, Washington County, Woodford County, Bullitt County, Meade County, Lyon County, LaRue County, Henry County, Grayson County, Boyle County, Christian County, Anderson County; Virginia: Wise County;",SERC,"Loss of electric service to more than 50,000 customers for 1 hour or more",Severe Weather,Unknown,346000,2023,March,2023-03-03 15:40:00-06:00,,
,03/03/2023,19:28:00,03/03/2023,20:54:00,Ohio: Kentucky:,RF,"Loss of electric service to more than 50,000 customers for 1 hour or more",Severe Weather,Unknown,57186,2023,March,2023-03-03 19:28:00-06:00,2023-03-03 20:54:00-06:00,1.4333333333333333
,03/03/2023,14:00:00,03/04/2023,04:00:00,Tennessee: Davidson County;,SERC,"Loss of electric service to more than 50,000 customers for 1 hour or more",Severe Weather,Unknown,115000,2023,March,2023-03-03 14:00:00-06:00,2023-03-04 04:00:00-06:00,14.0
,03/03/2023,17:50:00,03/05/2023,12:01:00,Michigan:,RF,"Loss of electric service to more than 50,000 customers for 1 hour or more",Severe Weather,0,200000,2023,March,2023-03-03 17:50:00-06:00,2023-03-05 12:01:00-06:00,42.18333333333333
,03/03/2023,12:45:00,03/03/2023,22:42:00,Alabama: Georgia: Mississippi:,SERC,"Loss of electric service to more than 50,000 customers for 1 hour or more",Severe Weather,346,48384,2023,March,2023-03-03 12:45:00-06:00,2023-03-03 22:42:00-06:00,9.95
,03/03/2023,15:40:00,Unknown,Unknown,"Kentucky: Oldham County, Jefferson County, Fayette County, Franklin County, Hardin County, Hart County, Hopkins County, Jessamine County, Muhlenberg County, Nelson County, Scott County, Shelby County, Spencer County, Washington County, Woodford County, Bullitt County, Meade County, Lyon County, LaRue County, Henry County, Grayson County, Boyle County, Christian County, Anderson County; Virginia: Williamsburg, City of[23], Wise County;",SERC,"Loss of electric service to more than 50,000 customers for 1 hour or more",Severe Weather,Unknown,Unknown,2023,March,2023-03-03 15:40:00-06:00,,
,03/04/2023,07:05:00,03/04/2023,07:06:00,Louisiana:,SERC,Uncontrolled loss of 300 Megawatts or more of firm system loads for 15 minutes or more from a single incident,Transmission Interruption,965,33,2023,March,2023-03-04 07:05:00-06:00,2023-03-04 07:06:00-06:00,0.016666666666666666
,03/04/2023,07:05:00,03/04/2023,07:06:00,Louisiana:,SERC,Uncontrolled loss of 300 Megawatts or more of firm system loads for 15 minutes or more from a single incident,Transmission Interruption,800,Unknown,2023,March,2023-03-04 07:05:00-06:00,2023-03-04 07:06:00-06:00,0.016666666666666666
,03/05/2023,20:03:00,03/06/2023,15:38:00,Georgia: Fulton County;,SERC,"Physical threat to its Facility excluding weather or natural disaster related threats, which has the potential to degrade the normal operation of the Facility. Or suspicious device or activity at its Facility.",Suspicious Activity,0,0,2023,March,2023-03-05 20:03:00-06:00,2023-03-06 15:38:00-06:00,19.583333333333332
,03/05/2023,11:53:00,03/06/2023,07:51:00,"West Virginia: Randolph County, Barbour County;",RF,Damage or destruction of its Facility that results from actual or suspected intentional human action.,Vandalism,0,0,2023,March,2023-03-05 11:53:00-06:00,2023-03-06 07:51:00-06:00,19.966666666666665
,03/06/2023,16:18:00,03/06/2023,17:30:00,Virginia: Orange County;,SERC,Damage or destruction of its Facility that results from actual or suspected intentional human action.,Actual Physical Attack/Vandalism,1,0,2023,March,2023-03-06 16:18:00-06:00,2023-03-06 17:30:00-06:00,1.2
,03/07/2023,11:00:00,03/07/2023,15:45:00,Texas: Lubbock County; New Mexico:,TRE,"Physical threat to its Facility excluding weather or natural disaster related threats, which has the potential to degrade the normal operation of the Facility. Or suspicious device or activity at its Facility.",Vandalism,0,0,2023,March,2023-03-07 11:00:00-06:00,2023-03-07 15:45:00-06:00,4.75
,03/07/2023,10:26:00,03/07/2023,14:42:00,Texas: Lubbock County;,TRE,"Physical threat to its Facility excluding weather or natural disaster related threats, which has the potential to degrade the normal operation of the Facility. Or suspicious device or activity at its Facility.",Vandalism,0,0,2023,March,2023-03-07 10:26:00-06:00,2023-03-07 14:42:00-06:00,4.266666666666667
,03/08/2023,00:02:00,Unknown,Unknown,Texas: Bee County;,TRE,Damage or destruction of its Facility that results from actual or suspected intentional human action.,Vandalism,0,0,2023,March,2023-03-08 00:02:00-06:00,,
,03/08/2023,01:00:00,03/08/2023,02:00:00,Indiana: Hendricks County;,RF,Damage or destruction of its Facility that results from actual or suspected intentional human action.,Vandalism,0,0,2023,March,2023-03-08 01:00:00-06:00,2023-03-08 02:00:00-06:00,1.0
,03/09/2023,18:00:00,03/10/2023,18:00:00,"Wisconsin: Walworth County, Waukesha County, Milwaukee County, Racine County, Ozaukee County, Kenosha County;",MRO/RF,"Loss of electric service to more than 50,000 customers for 1 hour or more",Severe Weather,250,100000,2023,March,2023-03-09 18:00:00-06:00,2023-03-10 18:00:00-06:00,24.0
,03/10/2023,04:48:00,03/10/2023,13:07:00,"Texas: Webb County, Hidalgo County;",TRE,"Unexpected Transmission loss within its area, contrary to design, of three or more Bulk Electric System Facilities caused by a common disturbance (excluding successful automatic reclosing).",System Operations,0,0,2023,March,2023-03-10 04:48:00-06:00,2023-03-10 13:07:00-06:00,8.316666666666666
,03/10/2023,08:00:00,03/10/2023,08:56:00,Idaho: Ada County;,WECC,Damage or destruction of its Facility that results from actual or suspected intentional human action.,Vandalism,0,0,2023,March,2023-03-10 08:00:00-06:00,2023-03-10 08:56:00-06:00,0.9333333333333333
,03/14/2023,08:00:00,03/16/2023,08:20:00,Connecticut: Massachusetts: Vermont: Rhode Island: New Hampshire: Maine:,NPCC,"Loss of electric service to more than 50,000 customers for 1 hour or more",Severe Weather,Unknown,83000,2023,March,2023-03-14 08:00:00-05:00,2023-03-16 08:20:00-05:00,48.333333333333336
,03/14/2023,09:25:00,03/15/2023,15:00:00,New York:,NPCC,"Loss of electric service to more than 50,000 customers for 1 hour or more",Severe Weather,Unknown,Unknown,2023,March,2023-03-14 09:25:00-05:00,2023-03-15 15:00:00-05:00,29.583333333333332
,03/16/2023,10:34:00,03/16/2023,14:26:00,Texas: Lubbock County;,TRE,"Physical threat to its Facility excluding weather or natural disaster related threats, which has the potential to degrade the normal operation of the Facility. Or suspicious device or activity at its Facility.",Suspicious Activity,0,0,2023,March,2023-03-16 10:34:00-05:00,2023-03-16 14:26:00-05:00,3.8666666666666667
,03/22/2023,05:45:00,03/22/2023,05:46:00,Pennsylvania: Greene County;,RF,"Physical threat to its Facility excluding weather or natural disaster related threats, which has the potential to degrade the normal operation of the Facility. Or suspicious device or activity at its Facility.",Suspicious Activity,621,0,2023,March,2023-03-22 05:45:00-05:00,2023-03-22 05:46:00-05:00,0.016666666666666666
,03/23/2023,17:19:00,03/23/2023,18:06:00,Washington: King County;,WECC,Complete loss of monitoring or control capability at its staffed Bulk Electric System control center for 30 continuous minutes or more.,Cyber Event,0,0,2023,March,2023-03-23 17:19:00-05:00,2023-03-23 18:06:00-05:00,0.7833333333333333
,03/23/2023,11:37:00,03/23/2023,11:38:00,Texas: Tarrant County;,TRE,Damage or destruction of its Facility that results from actual or suspected intentional human action.,Vandalism,0,0,2023,March,2023-03-23 11:37:00-05:00,2023-03-23 11:38:00-05:00,0.016666666666666666
,03/23/2023,00:39:00,03/23/2023,00:40:00,Nevada: Clark County;,WECC,Physical attack that could potentially impact electric power system adequacy or reliability; or vandalism which targets components of any security systems,Actual Physical Attack/Vandalism,24,11479,2023,March,2023-03-23 00:39:00-05:00,2023-03-23 00:40:00-05:00,0.016666666666666666
,03/25/2023,16:13:00,03/27/2023,18:30:00,Michigan:,RF,"Loss of electric service to more than 50,000 customers for 1 hour or more",Severe Weather,5800,67893,2023,March,2023-03-25 16:13:00-05:00,2023-03-27 18:30:00-05:00,50.28333333333333
,03/25/2023,16:12:00,Unknown,Unknown,Ohio: West Virginia: Virginia:,RF,"Loss of electric service to more than 50,000 customers for 1 hour or more",Severe Weather,Unknown,160801,2023,March,2023-03-25 16:12:00-05:00,,
,03/26/2023,12:52:00,03/26/2023,13:54:00,Washington: Oregon: Josephine County; California: Idaho: Utah: Wyoming: Montana:,WECC ,"Physical threat to its Facility excluding weather or natural disaster related threats, which has the potential to degrade the normal operation of the Facility. Or suspicious device or activity at its Facility.",Vandalism,34,Unknown,2023,March,2023-03-26 12:52:00-05:00,2023-03-26 13:54:00-05:00,1.0333333333333334
,2023-03-28 00:00:00,18:03:00,03/28/2023,20:08:00,Texas: Cameron County;,TRE,"Physical threat to its Facility excluding weather or natural disaster related threats, which has the potential to degrade the normal operation of the Facility. Or suspicious device or activity at its Facility.",Suspicious Activity,0,0,2023,March,,2023-03-28 20:08:00-05:00,
,03/28/2023,05:22:00,03/28/2023,06:57:00,Texas: Montgomery County;,TRE,Unplanned evacuation from its Bulk Electric System control center facility for 30 continuous minutes or more.,System Operations,0,0,2023,March,2023-03-28 05:22:00-05:00,2023-03-28 06:57:00-05:00,1.5833333333333333
,03/28/2023,10:05:00,Unknown,Unknown,Texas: Hartley County;,TRE,Physical attack that could potentially impact electric power system adequacy or reliability; or vandalism which targets components of any security systems,Vandalism,0,0,2023,March,2023-03-28 10:05:00-05:00,,
,03/29/2023,05:26:00,03/29/2023,07:23:00,Nebraska: Kearney County;,MRO,"Unexpected Transmission loss within its area, contrary to design, of three or more Bulk Electric System Facilities caused by a common disturbance (excluding successful automatic reclosing).",System Operations,0,0,2023,March,2023-03-29 05:26:00-05:00,2023-03-29 07:23:00-05:00,1.95
,03/29/2023,17:37:00,03/29/2023,19:15:00,Wisconsin: Michigan:,MRO / RF,Complete loss of monitoring or control capability at its staffed Bulk Electric System control center for 30 continuous minutes or more.,System Operations,0,0,2023,March,2023-03-29 17:37:00-05:00,2023-03-29 19:15:00-05:00,1.6333333333333333
,03/30/2023,09:13:00,03/30/2023,09:15:00,Washington: Kitsap County;,WECC,Damage or destruction of its Facility that results from actual or suspected intentional human action.,Vandalism,0,0,2023,March,2023-03-30 09:13:00-05:00,2023-03-30 09:15:00-05:00,0.03333333333333333
,03/30/2023,18:28:00,03/30/2023,22:13:00,Colorado: Larimer County;,WECC,Electrical System Separation (Islanding) where part or parts of a power grid remain(s) operational in an otherwise blacked out area or within the partial failure of an integrated electrical system,Transmission Interruption,18,Unknown,2023,March,2023-03-30 18:28:00-05:00,2023-03-30 22:13:00-05:00,3.75
,03/30/2023,09:40:00,03/30/2023,10:00:00,Kentucky:,SERC,Damage or destruction of its Facility that results from actual or suspected intentional human action.,Vandalism,0,0,2023,March,2023-03-30 09:40:00-05:00,2023-03-30 10:00:00-05:00,0.3333333333333333
,03/30/2023,19:21:00,Unknown,Unknown,Colorado: Larimer County;,WECC,Electrical System Separation (Islanding) where part or parts of a power grid remain(s) operational in an otherwise blacked out area or within the partial failure of an integrated electrical system,Transmission Interruption,Unknown,Unknown,2023,March,2023-03-30 19:21:00-05:00,,
,03/30/2023,05:00:00,03/30/2023,14:20:00,Pennsylvania: Indiana County;,RF,Damage or destruction of its Facility that results from actual or suspected intentional human action.,Vandalism,1711,0,2023,March,2023-03-30 05:00:00-05:00,2023-03-30 14:20:00-05:00,9.333333333333334
,03/31/2023,18:00:00,03/31/2023,20:45:00,Arkansas:,SERC,"Loss of electric service to more than 50,000 customers for 1 hour or more",Severe Weather,Unknown,58368,2023,March,2023-03-31 18:00:00-05:00,2023-03-31 20:45:00-05:00,2.75
,03/31/2023,23:00:00,04/01/2023,16:15:00,"Minnesota: Ramsey County, Hennepin County, Dakota County, Washington County;",MRO,"Loss of electric service to more than 50,000 customers for 1 hour or more",Severe Weather,Unknown,80000,2023,March,2023-03-31 23:00:00-05:00,2023-04-01 16:15:00-05:00,17.25
,03/31/2023,20:49:00,Unknown,Unknown,Illinois:,SERC / RF,"Loss of electric service to more than 50,000 customers for 1 hour or more",Severe Weather,Unknown,65000,2023,March,2023-03-31 20:49:00-05:00,,
,04/01/2023,14:00:00,04/03/2023,10:47:00,Ohio: West Virginia: Virginia:,RF/SERC,"Loss of electric service to more than 50,000 customers for 1 hour or more",Severe Weather,Unknown,118000,2023,April,2023-04-01 14:00:00-05:00,2023-04-03 10:47:00-05:00,44.78333333333333
,04/03/2023,12:06:00,04/03/2023,12:54:00,Alabama: Walker County;,SERC,"Physical threat to its Facility excluding weather or natural disaster related threats, which has the potential to degrade the normal operation of the Facility. Or suspicious device or activity at its Facility.",Actual Physical Attack/Vandalism,0,0,2023,April,2023-04-03 12:06:00-05:00,2023-04-03 12:54:00-05:00,0.8
,04/03/2023,18:50:00,04/03/2023,19:26:00,Colorado: Wyoming: Nebraska: Arizona: New Mexico: Utah: California:,WECC/MRO,Complete loss of monitoring or control capability at its staffed Bulk Electric System control center for 30 continuous minutes or more.,Transmission Interruption,Unknown,0,2023,April,2023-04-03 18:50:00-05:00,2023-04-03 19:26:00-05:00,0.6
,04/08/2023,04:30:00,04/08/2023,05:05:00,Texas: Cameron County;,TRE,"Physical threat to its Facility excluding weather or natural disaster related threats, which has the potential to degrade the normal operation of the Facility. Or suspicious device or activity at its Facility.",Suspicious Activity,0,0,2023,April,2023-04-08 04:30:00-05:00,2023-04-08 05:05:00-05:00,0.5833333333333334
,04/11/2023,08:11:00,Unknown,Unknown,Ohio: Kentucky:,RF,Damage or destruction of its Facility that results from actual or suspected intentional human action.,Vandalism,0,0,2023,April,2023-04-11 08:11:00-05:00,,
,04/14/2023,05:30:00,Unknown,Unknown,Florida: Orange County;,SERC, Cyber event that could potentially impact electric power system adequacy or reliability,Cyber Event,0,0,2023,April,2023-04-14 05:30:00-05:00,,
,04/15/2023,16:30:00,04/15/2023,17:18:00,Texas: Kentucky: New Mexico: Washington: Oregon: Arizona: California: Nebraska: Pennsylvania: Ohio:,TRE,Unplanned evacuation from its Bulk Electric System control center facility for 30 continuous minutes or more.,System Operations,0,0,2023,April,2023-04-15 16:30:00-05:00,2023-04-15 17:18:00-05:00,0.8
,04/16/2023,07:17:00,04/16/2023,14:00:00,Texas: Louisiana: Arkansas: Mississippi:,TRE,Damage or destruction of its Facility that results from actual or suspected intentional human action.,Suspicious Activity,Unknown,3900,2023,April,2023-04-16 07:17:00-05:00,2023-04-16 14:00:00-05:00,6.716666666666667
,04/17/2023,05:30:00,04/17/2023,14:00:00,Florida: Alachua County;,SERC,Damage or destruction of its Facility that results from actual or suspected intentional human action.,Suspicious Activity,0,0,2023,April,2023-04-17 05:30:00-05:00,2023-04-17 14:00:00-05:00,8.5
,04/17/2023,12:17:00,04/17/2023,17:12:00,South Carolina: Aiken County;,SERC,Damage or destruction of its Facility that results from actual or suspected intentional human action.,Actual Physical Attack/Vandalism,39,8,2023,April,2023-04-17 12:17:00-05:00,2023-04-17 17:12:00-05:00,4.916666666666667
,04/18/2023,08:00:00,04/18/2023,08:01:00,Texas: Travis County;,TRE,Damage or destruction of its Facility that results from actual or suspected intentional human action.,Actual Physical Attack/Vandalism,0,0,2023,April,2023-04-18 08:00:00-05:00,2023-04-18 08:01:00-05:00,0.016666666666666666
,04/18/2023,03:41:00,04/18/2023,04:00:00,Washington: King County;,WECC,Damage or destruction of its Facility that results from actual or suspected intentional human action.,Vandalism,0,0,2023,April,2023-04-18 03:41:00-05:00,2023-04-18 04:00:00-05:00,0.31666666666666665
,04/18/2023,10:36:00,04/19/2023,11:08:00,South Dakota: Stanley County;,MRO,"Unexpected Transmission loss within its area, contrary to design, of three or more Bulk Electric System Facilities caused by a common disturbance (excluding successful automatic reclosing).",System Operations,4,1,2023,April,2023-04-18 10:36:00-05:00,2023-04-19 11:08:00-05:00,24.533333333333335
,04/19/2023,15:15:00,04/19/2023,15:59:00,Washington: Snohomish County;,WECC,Damage or destruction of its Facility that results from actual or suspected intentional human action.,Vandalism,0,0,2023,April,2023-04-19 15:15:00-05:00,2023-04-19 15:59:00-05:00,0.7333333333333333
,04/19/2023,23:13:00,04/20/2023,17:24:00,Texas: Calhoun County;,TRE,Electrical System Separation (Islanding) where part or parts of a power grid remain(s) operational in an otherwise blacked out area or within the partial failure of an integrated electrical system,Transmission Interruption,Unknown,Unknown,2023,April,2023-04-19 23:13:00-05:00,2023-04-20 17:24:00-05:00,18.183333333333334
,04/21/2023,06:02:00,Unknown,Unknown,California:,WECC,Fuel supply emergencies that could impact electric power system adequacy or reliability,System Operations,0,0,2023,April,2023-04-21 06:02:00-05:00,,
,04/23/2023,09:22:00,04/24/2023,17:49:00,Washington: Mason County;,WECC,Damage or destruction of its Facility that results from actual or suspected intentional human action.,System Operations,25,Unknown,2023,April,2023-04-23 09:22:00-05:00,2023-04-24 17:49:00-05:00,32.45
,04/25/2023,10:33:00,04/25/2023,15:43:00,Arizona: Maricopa County;,WECC,Physical attack that could potentially impact electric power system adequacy or reliability; or vandalism which targets components of any security systems,System Operations,0,0,2023,April,2023-04-25 10:33:00-05:00,2023-04-25 15:43:00-05:00,5.166666666666667
,04/26/2023,12:31:00,04/26/2023,14:15:00,Idaho: Bonner County;,WECC,Damage or destruction of its Facility that results from actual or suspected intentional human action.,Vandalism,0,0,2023,April,2023-04-26 12:31:00-05:00,2023-04-26 14:15:00-05:00,1.7333333333333334
,04/27/2023,11:00:00,04/27/2023,11:14:00,Texas: Blanco County;,TRE,"Physical threat to its Facility excluding weather or natural disaster related threats, which has the potential to degrade the normal operation of the Facility. Or suspicious device or activity at its Facility.",Vandalism,0,0,2023,April,2023-04-27 11:00:00-05:00,2023-04-27 11:14:00-05:00,0.23333333333333334
,04/27/2023,04:01:00,04/28/2023,12:28:00,California: Stanislaus County;,WECC,Damage or destruction of its Facility that results from actual or suspected intentional human action.,Vandalism,0,0,2023,April,2023-04-27 04:01:00-05:00,2023-04-28 12:28:00-05:00,32.45
,04/29/2023,00:00:00,04/29/2023,20:00:00,"Texas: Hidalgo County, Cameron County, Willacy County, Starr County;",TRE,"Loss of electric service to more than 50,000 customers for 1 hour or more",Severe Weather,Unknown,168419,2023,April,2023-04-29 00:00:00-05:00,2023-04-29 20:00:00-05:00,20.0
,2023-05-01 00:00:00,05:16:00,2023-05-01 00:00:00,09:31:00,Connecticut: Massachusetts: Rhode Island: Maine: New Hampshire: Vermont:,NPCC,"Loss of electric service to more than 50,000 customers for 1 hour or more",Severe Weather,Unknown,54000,2023,May,,,
,2023-05-02 00:00:00,10:00:00,2023-05-02 00:00:00,10:01:00,Texas:,TRE,Damage or destruction of its Facility that results from actual or suspected intentional human action.,Actual Physical Attack/Vandalism,0,0,2023,May,,,
,2023-05-02 00:00:00,11:29:00,2023-05-02 00:00:00,15:36:00,Ohio: Kentucky:,RF/SERC,Damage or destruction of its Facility that results from actual or suspected intentional human action.,Suspicious Activity,0,0,2023,May,,,
,2023-05-04 00:00:00,18:00:00,2023-05-04 00:00:00,18:01:00,Texas: San Patricio County;,TRE,Damage or destruction of its Facility that results from actual or suspected intentional human action.,Vandalism,0,0,2023,May,,,
,2023-05-11 00:00:00,00:15:00,2023-05-18 00:00:00,09:27:00,Michigan: Eaton County;,RF ,Physical attack that could potentially impact electric power system adequacy or reliability; or vandalism which targets components of any security systems,Suspicious Activity,Unknown,378,2023,May,,,
,2023-05-11 00:00:00,12:00:00,2023-05-11 00:00:00,12:01:00,Texas: Tarrant County;,TRE,Damage or destruction of its Facility that results from actual or suspected intentional human action.,Vandalism,0,0,2023,May,,,
,2023-05-12 00:00:00,13:00:00,2023-05-12 00:00:00,23:00:00,Kentucky: Jefferson County;,SERC,Damage or destruction of its Facility that results from actual or suspected intentional human action.,Vandalism,0,0,2023,May,,,
,2023-05-12 00:00:00,11:43:00,2023-05-12 00:00:00,12:00:00,New York: Broome County;,NPCC,"Physical threat to its Bulk Electric System control center, excluding weather or natural disaster related threats, which has the potential to degrade the normal operation of the control center. Or suspicious device or activity at its Bulk Electric System control center.",Suspicious Activity,0,0,2023,May,,,
,2023-05-13 00:00:00,07:25:00,2023-05-13 00:00:00,12:10:00,North Dakota: Williams County;,MRO,Physical attack that could potentially impact electric power system adequacy or reliability; or vandalism which targets components of any security systems,Actual Physical Attack/Vandalism,8,327,2023,May,,,
,2023-05-13 00:00:00,06:27:00,2023-05-13 00:00:00,15:27:00,North Dakota: Williams County;,MRO,Damage or destruction of its Facility that results from actual or suspected intentional human action.,Actual Physical Attack/Vandalism,64,2,2023,May,,,
,2023-05-13 00:00:00,05:27:00,Unknown,Unknown,North Dakota: Williams County;,MRO,Damage or destruction of its Facility that results from actual or suspected intentional human action.,Actual Physical Attack/Vandalism,166,327,2023,May,,,
,2023-05-16 00:00:00,14:45:00,2023-05-16 00:00:00,15:10:00,Oregon: Multnomah County;,WECC,Physical attack that could potentially impact electric power system adequacy or reliability; or vandalism which targets components of any security systems,Suspicious Activity,0,0,2023,May,,,
,2023-05-21 00:00:00,15:30:00,2023-05-21 00:00:00,15:40:00,Washington: Whatcom County;,WECC,"Physical threat to its Facility excluding weather or natural disaster related threats, which has the potential to degrade the normal operation of the Facility. Or suspicious device or activity at its Facility.",Suspicious Activity,0,0,2023,May,,,
,2023-05-22 00:00:00,15:39:00,2023-05-22 00:00:00,18:00:00,Florida: Putnam County;,SERC,"Unexpected Transmission loss within its area, contrary to design, of three or more Bulk Electric System Facilities caused by a common disturbance (excluding successful automatic reclosing).",Severe Weather,0,0,2023,May,,,
,2023-05-23 00:00:00,14:00:00,Unknown,Unknown,North Dakota:,MRO,Damage or destruction of its Facility that results from actual or suspected intentional human action.,Vandalism,0,0,2023,May,,,
,2023-05-24 00:00:00,07:45:00,2023-05-24 00:00:00,18:52:00,North Dakota:,MRO,"Unexpected Transmission loss within its area, contrary to design, of three or more Bulk Electric System Facilities caused by a common disturbance (excluding successful automatic reclosing).",Transmission Interruption,0,0,2023,May,,,
,2023-05-24 00:00:00,09:16:00,Unknown,Unknown,Iowa: Minnesota:,MRO,Complete operational failure or shut down of the transmission and/or distribution electrical system,System Operations,2200,Unknown,2023,May,,,
,2023-05-26 00:00:00,07:41:00,2023-05-26 00:00:00,14:19:00,Georgia: Gwinnett County;,SERC,Damage or destruction of its Facility that results from actual or suspected intentional human action.,Vandalism,0,0,2023,May,,,
,2023-05-28 00:00:00,09:15:00,2023-05-28 00:00:00,09:16:00,Alabama: Tuscaloosa County;,SERC,Damage or destruction of its Facility that results from actual or suspected intentional human action.,Actual Physical Attack/Vandalism,0,0,2023,May,,,
,2023-05-30 00:00:00,08:00:00,2023-05-30 00:00:00,08:01:00,Massachusetts: Hampden County[13];,NPCC,"Physical threat to its Bulk Electric System control center, excluding weather or natural disaster related threats, which has the potential to degrade the normal operation of the control center. Or suspicious device or activity at its Bulk Electric System control center.",Actual Physical Attack/Vandalism,0,0,2023,May,,,
,2023-05-31 00:00:00,11:00:00,2023-05-31 00:00:00,23:48:00,Florida: Alachua County;,SERC,Complete loss of Interpersonal Communication and Alternative Interpersonal Communication capability affecting its staffed Bulk Electric System control center for 30 continuous minutes or more.,System Operations,0,0,2023,May,,,
,2023-06-25 00:00:00,06:45:00,Unknown,Unknown,Tennessee,SERC,"Loss of electric service to more than 50,000 customers for 1 hour or more",- Weather or natural disaster,Unknown,120000,2023,June,,,
,2023-06-24 00:00:00,18:17:00,2023-06-24 00:00:00,23:25:00,Michigan,RF,- 10. Suspected Physical Attack,- Vandalism - Theft,5,5200,2023,June,,,
,2023-06-25 00:00:00,17:30:00,2023-06-26 00:00:00,15:31:00,"Georgia, Alabama",SERC,"Loss of electric service to more than 50,000 customers for 1 hour or more",- Weather or natural disaster,Unknown,Unknown,2023,June,,,
,2023-06-25 00:00:00,04:00:00,Unknown,Unknown,"Wisconsin, Michigan",MRO/RF,"Loss of electric service to more than 50,000 customers for 1 hour or more",- Weather or natural disaster,175,70000,2023,June,,,
,2023-06-25 00:00:00,19:00:00,Unknown,Unknown,Michigan,RF,"Loss of electric service to more than 50,000 customers for 1 hour or more.",- Weather or natural disaster,Unknown,Unknown,2023,June,,,
,2023-06-27 00:00:00,13:43:00,2023-06-27 00:00:00,13:44:00,California,WECC,Damage or destruction of its Facility that results from actual or suspected intentional human action.,- Vandalism,0,0,2023,June,,,
,2023-06-25 00:00:00,19:30:00,2023-06-26 00:00:00,17:45:00,"Arkansas, Mississippi",SERC,"Loss of electric service to more than 50,000 customers for 1 hour or more",- Weather or natural disaster,Unknown,64732,2023,June,,,
,2023-06-27 00:00:00,17:37:00,2023-06-27 00:00:00,21:30:00,"Washington, Idaho, Montana",WECC,"Unexpected Transmission loss within its area, contrary to design, of three or more Bulk Electric System Facilities caused by a common disturbance (excluding successful automatic reclosing).",- Failure at high voltage substation or switchyard,0,0,2023,June,,,
,2023-06-29 00:00:00,15:42:00,Unknown,Unknown,Indiana,RF,"Loss of electric service to more than 50,000 customers for 1 hour or more.",- Weather or natural disaster,Unknown,140000,2023,June,,,
,2023-06-28 00:00:00,11:01:00,2023-06-28 00:00:00,11:03:00,Georgia,SERC,Damage or destruction of its Facility that results from actual or suspected intentional human action.,- Vandalism - Theft,0,0,2023,June,,,
,2023-06-22 00:00:00,02:30:00,2023-06-22 00:00:00,02:38:00,Louisiana,SERC,"Unexpected Transmission loss within its area, contrary to design, of three or more Bulk Electric System Facilities caused by a common disturbance (excluding successful automatic reclosing).",- Transmission equipment failure,17,6242,2023,June,,,
,2023-06-20 00:00:00,17:48:00,2023-06-20 00:00:00,20:52:00,Louisiana,SERC,"Unexpected Transmission loss within its area, contrary to design, of three or more Bulk Electric System Facilities caused by a common disturbance (excluding successful automatic reclosing).",- Transmission equipment failure,0,0,2023,June,,,
,2023-06-30 00:00:00,12:13:00,Unknown,Unknown,Connecticut,NPCC,Complete loss of monitoring or control capability at its staffed Bulk Electric System control center for 30 continuous minutes or more.,- Unknown,0,0,2023,June,,,
,2023-07-01 00:00:00,14:58:00,2023-07-01 00:00:00,17:07:00,Illinois:,SERC/RF,Complete loss of monitoring or control capability at its staffed Bulk Electric System control center for 30 continuous minutes or more.,- Other,0,0,2023,July,,,
,2023-07-06 00:00:00,09:02:00,2023-07-06 00:00:00,10:49:00,Texas: El Paso County;,TRE,"Unexpected Transmission loss within its area, contrary to design, of three or more Bulk Electric System Facilities caused by a common disturbance (excluding successful automatic reclosing).",- Failure at high voltage substation or switchyard - Other,Unknown,Unknown,2023,July,,,
,2023-07-06 00:00:00,13:38:00,2023-07-06 00:00:00,15:04:00,Nebraska: Sarpy County;,MRO,"Physical threat to its Facility excluding weather or natural disaster related threats, which has the potential to degrade the normal operation of the Facility. Or suspicious device or activity at its Facility.",- Suspicious activity,0,0,2023,July,,,
,2023-07-06 00:00:00,19:01:00,2023-07-06 00:00:00,21:11:00,Florida: Hillsborough County;,SERC,Complete loss of monitoring or control capability at its staffed Bulk Electric System control center for 30 continuous minutes or more.,- Other,0,0,2023,July,,,
,2023-07-07 00:00:00,07:00:00,2023-07-07 00:00:00,08:00:00,California: San Diego County;,WECC,Damage or destruction of its Facility that results from actual or suspected intentional human action.,- Vandalism,0,0,2023,July,,,
,2023-07-07 00:00:00,17:43:00,2023-07-11 00:00:00,13:27:00,Texas: Randall County; New Mexico:,TRE,"Unexpected Transmission loss within its area, contrary to design, of three or more Bulk Electric System Facilities caused by a common disturbance (excluding successful automatic reclosing).",- Weather or natural disaster,0,0,2023,July,,,
,2023-07-09 00:00:00,01:28:00,2023-07-12 00:00:00,22:30:00,Oregon: Lane County;,WECC,Damage or destruction of its Facility that results from actual or suspected intentional human action.,- Vandalism - Theft,0,0,2023,July,,,
,2023-07-09 00:00:00,01:28:00,Unknown,Unknown,Oregon: Lane County;,WECC,Damage or destruction of its Facility that results from actual or suspected intentional human action.,- Vandalism - Theft,0,0,2023,July,,,
,2023-07-10 00:00:00,03:32:00,2023-07-10 00:00:00,17:46:00,Texas: El Paso County;,TRE,"Unexpected Transmission loss within its area, contrary to design, of three or more Bulk Electric System Facilities caused by a common disturbance (excluding successful automatic reclosing).",- Transmission equipment failure,0,0,2023,July,,,
,2023-07-14 00:00:00,15:00:00,Unknown,Unknown,Missouri: Kansas:,SERC,"Loss of electric service to more than 50,000 customers for 1 hour or more.",- Weather or natural disaster,Unknown,163156,2023,July,,,
,2023-07-16 00:00:00,10:29:00,2023-07-16 00:00:00,10:56:00,California: Sacramento County;,WECC,Damage or destruction of its Facility that results from actual or suspected intentional human action.,- Vandalism,0,0,2023,July,,,
,2023-07-17 00:00:00,09:46:00,2023-07-17 00:00:00,11:00:00,New York: Broome County;,NPCC,Damage or destruction of its Facility that results from actual or suspected intentional human action.,- Vandalism,0,642,2023,July,,,
,2023-07-18 00:00:00,17:50:00,2023-07-25 00:00:00,14:00:00,Tennessee: Shelby County;,SERC,Uncontrolled loss of 300 Megawatts or more of firm system loads for 15 minutes or more from a single incident.,- Weather or natural disaster,1200,216000,2023,July,,,
,2023-07-18 00:00:00,13:30:00,2023-07-18 00:00:00,14:30:00,Missouri:,SERC,"Physical threat to its Facility excluding weather or natural disaster related threats, which has the potential to degrade the normal operation of the Facility. Or suspicious device or activity at its Facility.",- Suspicious activity,0,0,2023,July,,,
,2023-07-20 00:00:00,10:05:00,2023-07-20 00:00:00,10:06:00,Georgia: DeKalb County;,SERC,Damage or destruction of its Facility that results from actual or suspected intentional human action.,- Vandalism,0,0,2023,July,,,
,2023-07-20 00:00:00,15:30:00,2023-07-21 00:00:00,12:00:00,Michigan:,RF,"Loss of electric service to more than 50,000 customers for 1 hour or more.",- Weather or natural disaster,Unknown,90354,2023,July,,,
,2023-07-20 00:00:00,16:30:00,2023-07-22 00:00:00,12:17:00,Georgia:,SERC,"Loss of electric service to more than 50,000 customers for 1 hour or more.",- Weather or natural disaster,640,35257,2023,July,,,
,2023-07-22 00:00:00,14:52:00,2023-07-22 00:00:00,14:53:00,"Mississippi: Washington County, Sharkey County, Sunflower County;",SERC,"Unexpected Transmission loss within its area, contrary to design, of three or more Bulk Electric System Facilities caused by a common disturbance (excluding successful automatic reclosing).",- Other,130,32781,2023,July,,,
,2023-07-25 00:00:00,18:52:00,2023-07-25 00:00:00,19:00:00,Tennessee: Shelby County;,SERC,Uncontrolled loss of 300 Megawatts or more of firm system loads for 15 minutes or more from a single incident.,- Unknown - Failure at high voltage substation or switchyard,820,Unknown,2023,July,,,
,2023-07-26 00:00:00,14:51:00,2023-07-26 00:00:00,17:23:00,"Michigan: Oakland County, Wayne County, Macomb County, Washtenaw County, Livingston County;",RF,"Loss of electric service to more than 50,000 customers for 1 hour or more.",- Weather or natural disaster,Unknown,246000,2023,July,,,
,2023-07-26 00:00:00,13:31:00,2023-07-26 00:00:00,14:00:00,Idaho: Kootenai County;,WECC,Physical attack that could potentially impact electric power system adequacy or reliability; or vandalism which targets components of any security systems.,- Physical attack - Vandalism - Suspicious activity,0,0,2023,July,,,
,2023-07-28 00:00:00,00:15:00,2023-07-28 00:00:00,05:06:00,Nebraska: Scotts Bluff County;,SERC,"Unexpected Transmission loss within its area, contrary to design, of three or more Bulk Electric System Facilities caused by a common disturbance (excluding successful automatic reclosing).",- Failure at high voltage substation or switchyard - Weather or natural disaster,0,0,2023,July,,,
,2023-07-28 00:00:00,12:16:00,2023-07-28 00:00:00,12:17:00,Washington: King County;,WECC,Physical attack that could potentially impact electric power system adequacy or reliability; or vandalism which targets components of any security systems.,- Physical attack - Vandalism - Other,0,0,2023,July,,,
,2023-07-28 00:00:00,22:58:00,2023-07-29 00:00:00,Unknown,"Wisconsin: Jefferson County, Waukesha County, Milwaukee County, Sheboygan County, Washington County, Ozaukee County, Walworth County, Kenosha County, Racine County; Michigan:",MRO/RF,"Loss of electric service to more than 50,000 customers for 1 hour or more.",- Weather or natural disaster,213,85000,2023,July,,,
,2023-07-28 00:00:00,21:00:00,2023-07-30 00:00:00,10:00:00,"Illinois: Winnebago County, Cook County, Will County, DeKalb County, Kendall County;",MRO/RF,"Loss of electric service to more than 50,000 customers for 1 hour or more.",- Weather or natural disaster,Unknown,122921,2023,July,,,
,2023-07-28 00:00:00,18:00:00,2023-07-30 00:00:00,07:45:00,West Virginia: Virginia:,RF,"Loss of electric service to more than 50,000 customers for 1 hour or more.",- Weather or natural disaster,Unknown,52098,2023,July,,,
,2023-07-28 00:00:00,21:00:00,Unknown,Unknown,Maryland: Harford County;,RF,"Loss of electric service to more than 50,000 customers for 1 hour or more.",- Weather or natural disaster,Unknown,61000,2023,July,,,
,2023-07-28 00:00:00,12:16:00,2023-07-28 00:00:00,12:17:00,Washington: Skagit County;,WECC,Physical attack that could potentially impact electric power system adequacy or reliability; or vandalism which targets components of any security systems.,- Physical attack - Vandalism,0,0,2023,July,,,
,2023-07-29 00:00:00,16:00:00,2023-08-01 00:00:00,07:00:00,Maryland:,RF,"Loss of electric service to more than 50,000 customers for 1 hour or more.",- Weather or natural disaster,Unknown,53630,2023,July,,,
,2023-07-29 00:00:00,16:25:00,2023-07-29 00:00:00,16:28:00,Maryland: Montgomery County;,RF,"Loss of electric service to more than 50,000 customers for 1 hour or more.",- Weather or natural disaster,Unknown,54158,2023,July,,,
,2023-07-29 00:00:00,16:00:00,2023-07-29 00:00:00,16:01:00,Massachusetts: Franklin County[13];,NPCC,"Physical threat to its Facility excluding weather or natural disaster related threats, which has the potential to degrade the normal operation of the Facility. Or suspicious device or activity at its Facility. Physical threat to its Bulk Electric System control center, excluding weather or natural disaster related threats, which has the potential to degrade the normal operation of the control center. Or suspicious device or activity at its Bulk Electric System control center.",- Threat of physical attack,0,0,2023,July,,,
,2023-07-30 00:00:00,20:30:00,Unknown,Unknown,Missouri: Kansas:,"SERC,MRO","Loss of electric service to more than 50,000 customers for 1 hour or more.",- Weather or natural disaster,Unknown,72173,2023,July,,,
,,14:58:00,2023-07-01 00:00:00,17:07:00,Illinois:,SERC/RF,Complete loss of monitoring or control capability at its staffed Bulk Electric System control center for 30 continuous minutes or more.,- Other,0,0,2023,August,,,
,,09:02:00,2023-07-06 00:00:00,10:49:00,Texas: El Paso County;,TRE,"Unexpected Transmission loss within its area, contrary to design, of three or more Bulk Electric System Facilities caused by a common disturbance (excluding successful automatic reclosing).",- Failure at high voltage substation or switchyard - Other,Unknown,Unknown,2023,August,,,
,,13:38:00,2023-07-06 00:00:00,15:04:00,Nebraska: Sarpy County;,MRO,"Physical threat to its Facility excluding weather or natural disaster related threats, which has the potential to degrade the normal operation of the Facility. Or suspicious device or activity at its Facility.",- Suspicious activity,0,0,2023,August,,,
,,19:01:00,2023-07-06 00:00:00,21:11:00,Florida: Hillsborough County;,SERC,Complete loss of monitoring or control capability at its staffed Bulk Electric System control center for 30 continuous minutes or more.,- Other,0,0,2023,August,,,
,,07:00:00,2023-07-07 00:00:00,08:00:00,California: San Diego County;,WECC,Damage or destruction of its Facility that results from actual or suspected intentional human action.,- Vandalism,0,0,2023,August,,,
,,17:43:00,2023-07-11 00:00:00,13:27:00,Texas: Randall County; New Mexico:,TRE,"Unexpected Transmission loss within its area, contrary to design, of three or more Bulk Electric System Facilities caused by a common disturbance (excluding successful automatic reclosing).",- Weather or natural disaster,0,0,2023,August,,,
,,01:28:00,2023-07-12 00:00:00,22:30:00,Oregon: Lane County;,WECC,Damage or destruction of its Facility that results from actual or suspected intentional human action.,- Vandalism - Theft,0,0,2023,August,,,
,,01:28:00,Unknown,Unknown,Oregon: Lane County;,WECC,Damage or destruction of its Facility that results from actual or suspected intentional human action.,- Vandalism - Theft,0,0,2023,August,,,
,,03:32:00,2023-07-10 00:00:00,17:46:00,Texas: El Paso County;,TRE,"Unexpected Transmission loss within its area, contrary to design, of three or more Bulk Electric System Facilities caused by a common disturbance (excluding successful automatic reclosing).",- Transmission equipment failure,0,0,2023,August,,,
,,15:00:00,Unknown,Unknown,Missouri: Kansas:,SERC,"Loss of electric service to more than 50,000 customers for 1 hour or more.",- Weather or natural disaster,Unknown,163156,2023,August,,,
,,10:29:00,2023-07-16 00:00:00,10:56:00,California: Sacramento County;,WECC,Damage or destruction of its Facility that results from actual or suspected intentional human action.,- Vandalism,0,0,2023,August,,,
,,09:46:00,2023-07-17 00:00:00,11:00:00,New York: Broome County;,NPCC,Damage or destruction of its Facility that results from actual or suspected intentional human action.,- Vandalism,0,642,2023,August,,,
,,17:50:00,2023-07-25 00:00:00,14:00:00,Tennessee: Shelby County;,SERC,Uncontrolled loss of 300 Megawatts or more of firm system loads for 15 minutes or more from a single incident.,- Weather or natural disaster,1200,216000,2023,August,,,
,,13:30:00,2023-07-18 00:00:00,14:30:00,Missouri:,SERC,"Physical threat to its Facility excluding weather or natural disaster related threats, which has the potential to degrade the normal operation of the Facility. Or suspicious device or activity at its Facility.",- Suspicious activity,0,0,2023,August,,,
,,10:05:00,2023-07-20 00:00:00,10:06:00,Georgia: DeKalb County;,SERC,Damage or destruction of its Facility that results from actual or suspected intentional human action.,- Vandalism,0,0,2023,August,,,
,,15:30:00,2023-07-21 00:00:00,12:00:00,Michigan:,RF,"Loss of electric service to more than 50,000 customers for 1 hour or more.",- Weather or natural disaster,Unknown,90354,2023,August,,,
,,16:30:00,2023-07-22 00:00:00,12:17:00,Georgia:,SERC,"Loss of electric service to more than 50,000 customers for 1 hour or more.",- Weather or natural disaster,640,35257,2023,August,,,
,,14:52:00,2023-07-22 00:00:00,14:53:00,"Mississippi: Washington County, Sharkey County, Sunflower County;",SERC,"Unexpected Transmission loss within its area, contrary to design, of three or more Bulk Electric System Facilities caused by a common disturbance (excluding successful automatic reclosing).",- Other,130,32781,2023,August,,,
,,18:52:00,2023-07-25 00:00:00,19:00:00,Tennessee: Shelby County;,SERC,Uncontrolled loss of 300 Megawatts or more of firm system loads for 15 minutes or more from a single incident.,- Unknown - Failure at high voltage substation or switchyard,820,Unknown,2023,August,,,
,,14:51:00,2023-07-26 00:00:00,17:23:00,"Michigan: Oakland County, Wayne County, Macomb County, Washtenaw County, Livingston County;",RF,"Loss of electric service to more than 50,000 customers for 1 hour or more.",- Weather or natural disaster,Unknown,246000,2023,August,,,
,,13:31:00,2023-07-26 00:00:00,14:00:00,Idaho: Kootenai County;,WECC,Physical attack that could potentially impact electric power system adequacy or reliability; or vandalism which targets components of any security systems.,- Physical attack - Vandalism - Suspicious activity,0,0,2023,August,,,
,,00:15:00,2023-07-28 00:00:00,05:06:00,Nebraska: Scotts Bluff County;,SERC,"Unexpected Transmission loss within its area, contrary to design, of three or more Bulk Electric System Facilities caused by a common disturbance (excluding successful automatic reclosing).",- Failure at high voltage substation or switchyard - Weather or natural disaster,0,0,2023,August,,,
,,12:16:00,2023-07-28 00:00:00,12:17:00,Washington: King County;,WECC,Physical attack that could potentially impact electric power system adequacy or reliability; or vandalism which targets components of any security systems.,- Physical attack - Vandalism - Other,0,0,2023,August,,,
,,22:58:00,2023-07-29 00:00:00,Unknown,"Wisconsin: Jefferson County, Waukesha County, Milwaukee County, Sheboygan County, Washington County, Ozaukee County, Walworth County, Kenosha County, Racine County; Michigan:",MRO/RF,"Loss of electric service to more than 50,000 customers for 1 hour or more.",- Weather or natural disaster,213,85000,2023,August,,,
,,21:00:00,2023-07-30 00:00:00,10:00:00,"Illinois: Winnebago County, Cook County, Will County, DeKalb County, Kendall County;",MRO/RF,"Loss of electric service to more than 50,000 customers for 1 hour or more.",- Weather or natural disaster,Unknown,122921,2023,August,,,
,,18:00:00,2023-07-30 00:00:00,07:45:00,West Virginia: Virginia:,RF,"Loss of electric service to more than 50,000 customers for 1 hour or more.",- Weather or natural disaster,Unknown,52098,2023,August,,,
,,21:00:00,Unknown,Unknown,Maryland: Harford County;,RF,"Loss of electric service to more than 50,000 customers for 1 hour or more.",- Weather or natural disaster,Unknown,61000,2023,August,,,
,,12:16:00,2023-07-28 00:00:00,12:17:00,Washington: Skagit County;,WECC,Physical attack that could potentially impact electric power system adequacy or reliability; or vandalism which targets components of any security systems.,- Physical attack - Vandalism,0,0,2023,August,,,
,,16:00:00,2023-08-01 00:00:00,07:00:00,Maryland:,RF,"Loss of electric service to more than 50,000 customers for 1 hour or more.",- Weather or natural disaster,Unknown,53630,2023,August,,,
,,16:25:00,2023-07-29 00:00:00,16:28:00,Maryland: Montgomery County;,RF,"Loss of electric service to more than 50,000 customers for 1 hour or more.",- Weather or natural disaster,Unknown,54158,2023,August,,,
,,16:00:00,2023-07-29 00:00:00,16:01:00,Massachusetts: Franklin County[13];,NPCC,"Physical threat to its Facility excluding weather or natural disaster related threats, which has the potential to degrade the normal operation of the Facility. Or suspicious device or activity at its Facility. Physical threat to its Bulk Electric System control center, excluding weather or natural disaster related threats, which has the potential to degrade the normal operation of the control center. Or suspicious device or activity at its Bulk Electric System control center.",- Threat of physical attack,0,0,2023,August,,,
,,20:30:00,Unknown,Unknown,Missouri: Kansas:,"SERC,MRO","Loss of electric service to more than 50,000 customers for 1 hour or more.",- Weather or natural disaster,Unknown,72173,2023,August,,,
,2023-09-29 00:00:00,22:16:00,09/29/2023,22:18:00,California: Butte County;,WECC,Electrical System Separation (Islanding) where part or parts of a power grid remain(s) operational in an otherwise blacked out area or within the partial failure of an integrated electrical system,- Weather or natural disaster,18,9082,2023,September,,2023-09-29 22:18:00-05:00,
,09/29/2023,23:49:00,09/30/2023,03:10:00,Texas: New Mexico: Lea County;,"TRE,WECC"," Unexpected Transmission loss within its area, contrary to design, of three or more Bulk Electric System Facilities caused by a common disturbance (excluding successful automatic reclosing).",- Weather or natural disaster,0,0,2023,September,2023-09-29 23:49:00-05:00,2023-09-30 03:10:00-05:00,3.35
,09/29/2023,11:31:00,09/29/2023,12:07:00,Pennsylvania:,RF,Complete loss of monitoring or control capability at its staffed Bulk Electric System control center for 30 continuous minutes or more.,- Other,0,0,2023,September,2023-09-29 11:31:00-05:00,2023-09-29 12:07:00-05:00,0.6
,09/28/2023,13:06:00,09/28/2023,16:30:00,Massachusetts: Rhode Island:,NPCC,Complete loss of monitoring or control capability at its staffed Bulk Electric System control center for 30 continuous minutes or more.,- Other,0,0,2023,September,2023-09-28 13:06:00-05:00,2023-09-28 16:30:00-05:00,3.4
,09/25/2023,05:12:00,09/25/2023,06:41:00,Louisiana: East Baton Rouge Parish;,SERC," Unexpected Transmission loss within its area, contrary to design, of three or more Bulk Electric System Facilities caused by a common disturbance (excluding successful automatic reclosing).",- Transmission equipment failure,103,23380,2023,September,2023-09-25 05:12:00-05:00,2023-09-25 06:41:00-05:00,1.4833333333333334
,09/29/2023,06:30:00,09/29/2023,07:01:00,Pennsylvania:,RF,Complete loss of monitoring or control capability at its staffed Bulk Electric System control center for 30 continuous minutes or more.,- Other,0,0,2023,September,2023-09-29 06:30:00-05:00,2023-09-29 07:01:00-05:00,0.5166666666666667
,09/28/2023,13:06:00,09/28/2023,16:30:00,Massachusetts: Rhode Island:,NPCC,Complete loss of monitoring or control capability at its staffed Bulk Electric System control center for 30 continuous minutes or more.,- Other,0,0,2023,September,2023-09-28 13:06:00-05:00,2023-09-28 16:30:00-05:00,3.4
,09/24/2023,23:44:00,09/26/2023,20:45:00,"Texas: Dallas County, Tarrant County, McLennan County, Angelina County, Bell County, Williamson County, Smith County;",TRE,"Loss of electric service to more than 50,000 customers for 1 hour or more",- Weather or natural disaster,Unknown,130000,2023,September,2023-09-24 23:44:00-05:00,2023-09-26 20:45:00-05:00,45.016666666666666
,09/18/2023,08:53:00,09/18/2023,10:26:00,Texas: Cameron County;,TRE,"Physical threat to its Facility excluding weather or natural disaster related threats, which has the potential to degrade the normal operation of the Facility. Or suspicious device or activity at its Facility.",- Suspicious activity,0,0,2023,September,2023-09-18 08:53:00-05:00,2023-09-18 10:26:00-05:00,1.55
,09/20/2023,12:41:00,09/20/2023,23:25:00,Oklahoma:,MRO,"Damage or destruction of a Facility within its Reliability Coordinator Area, Balancing Authority Area or Transmission Operator Area that results in action(s) to avoid a Bulk Electric System Emergency",- Unknown,51,Unknown,2023,September,2023-09-20 12:41:00-05:00,2023-09-20 23:25:00-05:00,10.733333333333333
,09/16/2023,00:59:00,09/16/2023,09:59:00,New York: Suffolk County;,NPCC,Damage or destruction of its Facility that results from actual or suspected intentional human action.,- Vandalism,0,0,2023,September,2023-09-16 00:59:00-05:00,2023-09-16 09:59:00-05:00,9.0
,09/15/2023,16:30:00,09/15/2023,17:00:00,Illinois: Grundy County;,SERC,"Physical threat to its Facility excluding weather or natural disaster related threats, which has the potential to degrade the normal operation of the Facility. Or suspicious device or activity at its Facility.",- Suspicious activity,0,0,2023,September,2023-09-15 16:30:00-05:00,2023-09-15 17:00:00-05:00,0.5
,09/16/2023,10:35:00,09/17/2023,01:00:00,Connecticut: Massachusetts: Maine: Rhode Island: Vermont: New Hampshire:,NPCC,"Loss of electric service to more than 50,000 customers for 1 hour or more",- Weather or natural disaster,Unknown,75000,2023,September,2023-09-16 10:35:00-05:00,2023-09-17 01:00:00-05:00,14.416666666666666
,09/13/2023,09:15:00,09/13/2023,18:16:00,Texas: Hidalgo County;,TRE,Damage or destruction of its Facility that results from actual or suspected intentional human action.,- Physical attack,0,0,2023,September,2023-09-13 09:15:00-05:00,2023-09-13 18:16:00-05:00,9.016666666666667
,09/08/2023,23:44:00,09/10/2023,19:00:00,"Texas: Tarrant County, Dallas County;",TRE,"Loss of electric service to more than 50,000 customers for 1 hour or more",- Weather or natural disaster,Unknown,190000,2023,September,2023-09-08 23:44:00-05:00,2023-09-10 19:00:00-05:00,43.266666666666666
,09/08/2023,06:30:00,09/08/2023,09:00:00,Washington: King County;,WECC,Damage or destruction of its Facility that results from actual or suspected intentional human action.,- Vandalism,0,0,2023,September,2023-09-08 06:30:00-05:00,2023-09-08 09:00:00-05:00,2.5
,09/08/2023,18:06:00,09/08/2023,18:51:00,Massachusetts: Essex County[13];,NPCC,Unplanned evacuation from its Bulk Electric System control center facility for 30 continuous minutes or more.,- Other,0,0,2023,September,2023-09-08 18:06:00-05:00,2023-09-08 18:51:00-05:00,0.75
,09/08/2023,15:15:00,09/09/2023,22:05:00,Connecticut: Massachusetts: Maine: Rhode Island: Vermont: New Hampshire:,NPCC,"Loss of electric service to more than 50,000 customers for 1 hour or more",- Weather or natural disaster,Unknown,114000,2023,September,2023-09-08 15:15:00-05:00,2023-09-09 22:05:00-05:00,30.833333333333332
,09/09/2023,10:31:00,09/09/2023,10:51:00,New York: Queens County;,NPCC,"Physical threat to its Facility excluding weather or natural disaster related threats, which has the potential to degrade the normal operation of the Facility. Or suspicious device or activity at its Facility.",- Suspicious activity,0,0,2023,September,2023-09-09 10:31:00-05:00,2023-09-09 10:51:00-05:00,0.3333333333333333
,09/07/2023,13:00:00,09/07/2023,13:15:00,Texas: Fayette County;,TRE,"Physical threat to its Facility excluding weather or natural disaster related threats, which has the potential to degrade the normal operation of the Facility. Or suspicious device or activity at its Facility.",- Suspicious activity,0,0,2023,September,2023-09-07 13:00:00-05:00,2023-09-07 13:15:00-05:00,0.25
,09/08/2023,06:30:00,09/08/2023,09:00:00,Washington: King County;,WECC,Damage or destruction of its Facility that results from actual or suspected intentional human action.,- Vandalism,0,0,2023,September,2023-09-08 06:30:00-05:00,2023-09-08 09:00:00-05:00,2.5
,09/07/2023,10:45:00,09/07/2023,21:00:00,Texas:,TRE,Public appeal to reduce the use of electricity for purposes of maintaining the continuity of the Bulk Electric System,- Weather or natural disaster - Other,Unknown,Unknown,2023,September,2023-09-07 10:45:00-05:00,2023-09-07 21:00:00-05:00,10.25
,09/06/2023,16:30:00,09/06/2023,21:00:00,Texas:,TRE,Public appeal to reduce the use of electricity for purposes of maintaining the continuity of the Bulk Electric System,- Weather or natural disaster - Other,Unknown,Unknown,2023,September,2023-09-06 16:30:00-05:00,2023-09-06 21:00:00-05:00,4.5
,09/06/2023,00:00:00,Unknown ,Unknown ,Michigan: Gratiot County;,RF,Damage or destruction of its Facility that results from actual or suspected intentional human action.,Weather or natural disaster - Other,Unknown,0,2023,September,2023-09-06 00:00:00-05:00,,
,09/05/2023,01:38:00,09/05/2023,05:39:00,Maine: Kennebec County;,NPCC,Complete loss of monitoring or control capability at its staffed Bulk Electric System control center for 30 continuous minutes or more.,- Other,0,0,2023,September,2023-09-05 01:38:00-05:00,2023-09-05 05:39:00-05:00,4.016666666666667
,10/03/2023,00:55:00,10/03/2023,01:13:00,Missouri: St. Louis County;,SERC,Damage or destruction of its Facility that results from actual or suspected intentional human action.,- Vandalism - Theft - Suspicious activity,Unknown,Unknown,2023,October ,2023-10-03 00:55:00-05:00,2023-10-03 01:13:00-05:00,0.3
,10/03/2023,16:00:00,10/03/2023,18:50:00,North Carolina: South Carolina:,SERC,"Physical threat to its Facility excluding weather or natural disaster related threats, which has the potential to degrade the normal operation of the Facility. Or suspicious device or activity at its Facility.",- Suspicious activity,Unknown,Unknown,2023,October ,2023-10-03 16:00:00-05:00,2023-10-03 18:50:00-05:00,2.8333333333333335
,10/03/2023,23:44:00,10/04/2023,00:21:00,Pennsylvania:,RF,Complete loss of monitoring or control capability at its staffed Bulk Electric System control center for 30 continuous minutes or more.,- Unknown,0,0,2023,October,2023-10-03 23:44:00-05:00,2023-10-04 00:21:00-05:00,0.6166666666666667
,10/04/2023,22:01:00,10/06/2023,04:15:00,Texas:,RE,"Loss of electric service to more than 50,000 customers for 1 hour or more",- Weather or natural disaster,Unknown,153000,2023,October,2023-10-04 22:01:00-05:00,2023-10-06 04:15:00-05:00,30.233333333333334
,10/05/2023,18:38:00,10/05/2023,19:02:00,"Texas: New Mexico: Lea County, Eddy County;","RE,WECC","Unexpected Transmission loss within its area, contrary to design, of three or more Bulk Electric System Facilities caused by a common disturbance (excluding successful automatic reclosing).",- Other,0,0,2023,October,2023-10-05 18:38:00-05:00,2023-10-05 19:02:00-05:00,0.4
,10/06/2023,02:42:00,10/06/2023,03:13:00,Texas: Cameron County;,RE,"Physical threat to its Facility excluding weather or natural disaster related threats, which has the potential to degrade the normal operation of the Facility. Or suspicious device or activity at its Facility.",- Suspicious activity,0,0,2023,October,2023-10-06 02:42:00-05:00,2023-10-06 03:13:00-05:00,0.5166666666666667
,10/07/2023,08:04:00,10/08/2023,02:32:00,New Jersey:,RF,Damage or destruction of its Facility that results from actual or suspected intentional human action.,- Vandalism - Suspicious activity,0,0,2023,October,2023-10-07 08:04:00-05:00,2023-10-08 02:32:00-05:00,18.466666666666665
,10/07/2023,14:04:00,Unknown ,Unknown ,California: Contra Costa County;,WECC,Damage or destruction of its Facility that results from actual or suspected intentional human action.,- Vandalism - Theft,0,0,2023,October,2023-10-07 14:04:00-05:00,,
,10/07/2023,08:49:00,10/08/2023,02:32:00,New Jersey: Essex County;,RF,Damage or destruction of its Facility that results from actual or suspected intentional human action.,- Suspicious activity,Unknown,Unknown,2023,October,2023-10-07 08:49:00-05:00,2023-10-08 02:32:00-05:00,17.716666666666665
,10/12/2023,14:37:00,10/12/2023,15:37:00,Pennsylvania: Armstrong County;,RF,"Physical threat to its Facility excluding weather or natural disaster related threats, which has the potential to degrade the normal operation of the Facility. Or suspicious device or activity at its Facility.",- Suspicious activity,Unknown,Unknown,2023,October,2023-10-12 14:37:00-05:00,2023-10-12 15:37:00-05:00,1.0
,10/12/2023,12:18:00,10/12/2023,12:19:00,Texas: Travis County;,RE,Damage or destruction of its Facility that results from actual or suspected intentional human action.,- Physical attack - Other,0,0,2023,October,2023-10-12 12:18:00-05:00,2023-10-12 12:19:00-05:00,0.016666666666666666
,10/12/2023,14:37:00,10/12/2023,15:37:00,Pennsylvania: Armstrong County;,RF,"Physical threat to its Facility excluding weather or natural disaster related threats, which has the potential to degrade the normal operation of the Facility. Or suspicious device or activity at its Facility.",- Suspicious activity,Unknown,Unknown,2023,October,2023-10-12 14:37:00-05:00,2023-10-12 15:37:00-05:00,1.0
,10/14/2023,07:10:00,Unknown ,Unknown ,California: Alameda County;,WECC,Damage or destruction of its Facility that results from actual or suspected intentional human action.,- Unknown - Vandalism,Unknown,Unknown,2023,October,2023-10-14 07:10:00-05:00,,
,10/14/2023,12:47:00,10/16/2023,09:43:00,"North Dakota: Mountrail County, Williams County;",MRO,Damage or destruction of its Facility that results from actual or suspected intentional human action.,- Vandalism - Theft,0,0,2023,October,2023-10-14 12:47:00-05:00,2023-10-16 09:43:00-05:00,44.93333333333333
,10/15/2023,07:16:00,10/15/2023,12:52:00,California: Sacramento County;,WECC,"Unexpected Transmission loss within its area, contrary to design, of three or more Bulk Electric System Facilities caused by a common disturbance (excluding successful automatic reclosing).",- Other,72,6,2023,October,2023-10-15 07:16:00-05:00,2023-10-15 12:52:00-05:00,5.6
,10/18/2023,10:38:00,10/19/2023,18:00:00,Florida: Hillsborough County;,SERC,Unplanned evacuation from its Bulk Electric System control center facility for 30 continuous minutes or more.,- Unknown,0,0,2023,October,2023-10-18 10:38:00-05:00,2023-10-19 18:00:00-05:00,31.366666666666667
,10/19/2023,10:30:00,10/19/2023,10:52:00,Texas: Lamb County; New Mexico:,RE,"Unexpected Transmission loss within its area, contrary to design, of three or more Bulk Electric System Facilities caused by a common disturbance (excluding successful automatic reclosing).",- Other,0,0,2023,October,2023-10-19 10:30:00-05:00,2023-10-19 10:52:00-05:00,0.36666666666666664
,10/19/2023,11:10:00,Unknown ,Unknown ,Minnesota: Goodhue County;,MRO,"Unexpected Transmission loss within its area, contrary to design, of three or more Bulk Electric System Facilities caused by a common disturbance (excluding successful automatic reclosing).",- Unknown,0,0,2023,October,2023-10-19 11:10:00-05:00,,
,10/19/2023,09:40:00,10/19/2023,09:45:00,Pennsylvania: Greene County;,RF,"Physical threat to its Facility excluding weather or natural disaster related threats, which has the potential to degrade the normal operation of the Facility. Or suspicious device or activity at its Facility.",- Suspicious activity,0,0,2023,October,2023-10-19 09:40:00-05:00,2023-10-19 09:45:00-05:00,0.08333333333333333
,10/21/2023,08:04:00,10/21/2023,08:05:00,California: San Joaquin County;,RE,Damage or destruction of its Facility that results from actual or suspected intentional human action.,- Vandalism,0,0,2023,October,2023-10-21 08:04:00-05:00,2023-10-21 08:05:00-05:00,0.016666666666666666
,10/22/2023,02:10:00,10/23/2023,17:00:00,Texas: Jasper County;,WECC,"Physical threat to its Facility excluding weather or natural disaster related threats, which has the potential to degrade the normal operation of the Facility. Or suspicious device or activity at its Facility.",- Physical attack - Vandalism - Theft - Suspicious activity,0,0,2023,October,2023-10-22 02:10:00-05:00,2023-10-23 17:00:00-05:00,38.833333333333336
,10/25/2023,23:39:00,10/29/2023,19:11:00,Oklahoma: Texas County;,RE,Damage or destruction of its Facility that results from actual or suspected intentional human action.,- Physical attack - Generator loss or failure,0,0,2023,October,2023-10-25 23:39:00-05:00,2023-10-29 19:11:00-05:00,91.53333333333333
,10/26/2023,11:21:00,10/26/2023,11:22:00,Texas: Orange County;,MRO,"Unexpected Transmission loss within its area, contrary to design, of three or more Bulk Electric System Facilities caused by a common disturbance (excluding successful automatic reclosing).",- Transmission equipment failure,Unknown,26,2023,October,2023-10-26 11:21:00-05:00,2023-10-26 11:22:00-05:00,0.016666666666666666
,10/26/2023,10:05:00,10/26/2023,10:20:00,Illinois: Cook County;,RE,"Physical threat to its Facility excluding weather or natural disaster related threats, which has the potential to degrade the normal operation of the Facility. Or suspicious device or activity at its Facility.",- Suspicious activity,0,0,2023,October,2023-10-26 10:05:00-05:00,2023-10-26 10:20:00-05:00,0.25
,10/26/2023,12:41:00,10/26/2023,14:01:00,Oregon: Jefferson County;,SERC,"Unexpected Transmission loss within its area, contrary to design, of three or more Bulk Electric System Facilities caused by a common disturbance (excluding successful automatic reclosing).",- Other,140,0,2023,October,2023-10-26 12:41:00-05:00,2023-10-26 14:01:00-05:00,1.3333333333333333
,10/26/2023,10:05:00,10/26/2023,10:20:00,Illinois: Cook County;,WECC,"Physical threat to its Facility excluding weather or natural disaster related threats, which has the potential to degrade the normal operation of the Facility. Or suspicious device or activity at its Facility.",- Suspicious activity,0,0,2023,October,2023-10-26 10:05:00-05:00,2023-10-26 10:20:00-05:00,0.25
,10/29/2023,04:00:00,10/30/2023,16:00:00,Nevada:,WECC,"Physical threat to its Facility excluding weather or natural disaster related threats, which has the potential to degrade the normal operation of the Facility. Or suspicious device or activity at its Facility.",- Suspicious activity,0,0,2023,October,2023-10-29 04:00:00-05:00,2023-10-30 16:00:00-05:00,36.0
,2023-11-01 00:00:00,14:37:00,Unknown,Unknown,Texas: Cameron County;,RE,Damage or destruction of its Facility that results from actual or suspected intentional human action.,- Physical attack,0,0,2023,November,,,
,11/02/2023,20:00:00,11/02/2023,20:06:00,South Carolina: Oconee County;,SERC,"Physical threat to its Facility excluding weather or natural disaster related threats, which has the potential to degrade the normal operation of the Facility. Or suspicious device or activity at its Facility.",- Suspicious activity,0,0,2023,November,2023-11-02 20:00:00-05:00,2023-11-02 20:06:00-05:00,0.1
,11/02/2023,11:10:00,11/02/2023,11:20:00,Oregon: Washington: Idaho: Bannock County; Utah: Wyoming:,WECC,Physical attack that could potentially impact electric power system adequacy or reliability; or vandalism which targets components of any security systems,- Theft,0,0,2023,November,2023-11-02 11:10:00-05:00,2023-11-02 11:20:00-05:00,0.16666666666666666
,11/06/2023,16:00:00,11/06/2023,17:00:00,Arkansas:,WECC,Damage or destruction of its Facility that results from actual or suspected intentional human action.,- Vandalism - Suspicious activity,0,0,2023,November,2023-11-06 16:00:00-06:00,2023-11-06 17:00:00-06:00,1.0
,11/09/2023,13:35:00,2023-11-09 00:00:00,14:35:00,Oklahoma: Louisiana: Texas:,MRO/SERC/RE,Unplanned evacuation from its Bulk Electric System control center facility for 30 continuous minutes or more.,- Other,0,0,2023,November,2023-11-09 13:35:00-06:00,,
,11/09/2023,03:00:00,11/09/2023,03:15:00,California: Fresno County;,WECC,Physical attack that could potentially impact electric power system adequacy or reliability; or vandalism which targets components of any security systems,- Vandalism - Theft,0,0,2023,November,2023-11-09 03:00:00-06:00,2023-11-09 03:15:00-06:00,0.25
,11/10/2023,18:10:00,11/10/2023,19:58:00,Maryland: Baltimore County;,RF,Physical attack that could potentially impact electric power system adequacy or reliability; or vandalism which targets components of any security systems,- Suspicious activity,0,0,2023,November,2023-11-10 18:10:00-06:00,2023-11-10 19:58:00-06:00,1.8
,11/10/2023,18:10:00,11/10/2023,19:58:00,Pennsylvania: Montgomery County;,RF,"Physical threat to its Facility excluding weather or natural disaster related threats, which has the potential to degrade the normal operation of the Facility. Or suspicious device or activity at its Facility.",- Suspicious activity,0,0,2023,November,2023-11-10 18:10:00-06:00,2023-11-10 19:58:00-06:00,1.8
,11/10/2023,08:00:00,11/10/2023,08:01:00,Nevada:,WECC,"Physical threat to its Facility excluding weather or natural disaster related threats, which has the potential to degrade the normal operation of the Facility. Or suspicious device or activity at its Facility.",- Vandalism - Theft - Suspicious activity,0,0,2023,November,2023-11-10 08:00:00-06:00,2023-11-10 08:01:00-06:00,0.016666666666666666
,11/11/2023,00:45:00,11/11/2023,01:11:00,Utah: Salt Lake County; California: Oregon:,WECC,Physical attack that could potentially impact electric power system adequacy or reliability; or vandalism which targets components of any security systems,- Vandalism,0,0,2023,November,2023-11-11 00:45:00-06:00,2023-11-11 01:11:00-06:00,0.43333333333333335
,11/12/2023,06:45:00,11/12/2023,08:59:00,Washington: King County;,WECC,Damage or destruction of its Facility that results from actual or suspected intentional human action.,- Other,0,0,2023,November,2023-11-12 06:45:00-06:00,2023-11-12 08:59:00-06:00,2.2333333333333334
,11/13/2023,16:16:00,11/13/2023,16:36:00,North Dakota: Burleigh County;,MRO,"Unexpected Transmission loss within its area, contrary to design, of three or more Bulk Electric System Facilities caused by a common disturbance (excluding successful automatic reclosing).",- Other,0,0,2023,November,2023-11-13 16:16:00-06:00,2023-11-13 16:36:00-06:00,0.3333333333333333
,11/15/2023,20:00:00,11/16/2023,20:30:00,California: Imperial County;,WECC,Fuel supply emergencies that could impact electric power system adequacy or reliability,- Fuel supply emergency,0,0,2023,November,2023-11-15 20:00:00-06:00,2023-11-16 20:30:00-06:00,24.5
,11/16/2023,03:18:00,Unknown,Unknown,"Florida: Miami-Dade County, Broward County;",SERC,"Loss of electric service to more than 50,000 customers for 1 hour or more",- Weather or natural disaster,0,0,2023,November,2023-11-16 03:18:00-06:00,,
,11/17/2023,01:43:00,11/17/2023,03:33:00,California: Contra Costa County;,WECC,"Physical threat to its Facility excluding weather or natural disaster related threats, which has the potential to degrade the normal operation of the Facility. Or suspicious device or activity at its Facility.",- Other,0,0,2023,November,2023-11-17 01:43:00-06:00,2023-11-17 03:33:00-06:00,1.8333333333333333
,11/17/2023,16:30:00,2023-11-17 00:00:00,16:41,Texas: Cameron County;,RE,Damage or destruction of its Facility that results from actual or suspected intentional human action.,- Unknown,0,0,2023,November,2023-11-17 16:30:00-06:00,,
,11/17/2023,04:07:00,11/17/2023,04:21:00,Colorado: Douglas County;,WECC,"Unexpected Transmission loss within its area, contrary to design, of three or more Bulk Electric System Facilities caused by a common disturbance (excluding successful automatic reclosing).",- Other,0,0,2023,November,2023-11-17 04:07:00-06:00,2023-11-17 04:21:00-06:00,0.23333333333333334
,11/19/2023,04:39:00,Unknown,Unknown,California: San Joaquin County;,WECC,Damage or destruction of its Facility that results from actual or suspected intentional human action.,- Vandalism,0,0,2023,November,2023-11-19 04:39:00-06:00,,
,11/19/2023,14:00:00,11/19/2023,14:10:00,Illinois: Grundy County;,SERC,"Physical threat to its Facility excluding weather or natural disaster related threats, which has the potential to degrade the normal operation of the Facility. Or suspicious device or activity at its Facility.",- Suspicious activity,0,0,2023,November,2023-11-19 14:00:00-06:00,2023-11-19 14:10:00-06:00,0.16666666666666666
,11/19/2023,03:00:00,11/19/2023,03:30:00,New Jersey: Gloucester County;,RF,"Physical threat to its Facility excluding weather or natural disaster related threats, which has the potential to degrade the normal operation of the Facility. Or suspicious device or activity at its Facility.",- Theft,0,0,2023,November,2023-11-19 03:00:00-06:00,2023-11-19 03:30:00-06:00,0.5
,11/20/2023,00:00:00,2023-11-20 00:00:00,02:00:00,Nevada:,WECC,"Physical threat to its Facility excluding weather or natural disaster related threats, which has the potential to degrade the normal operation of the Facility. Or suspicious device or activity at its Facility.",- Theft - Suspicious activity,0,0,2023,November,2023-11-20 00:00:00-06:00,,
,11/21/2023,09:29:00,11/21/2023,09:30:00,California: San Joaquin County;,WECC,Damage or destruction of its Facility that results from actual or suspected intentional human action.,- Theft,0,0,2023,November,2023-11-21 09:29:00-06:00,2023-11-21 09:30:00-06:00,0.016666666666666666
,11/25/2023,10:20:00,Unknown,Unknown,California: San Bernardino County;,WECC,Cyber event that is not a Reportable Cyber Security Incident that causes interruptions of electrical system operations.,- Unknown,0,0,2023,November,2023-11-25 10:20:00-06:00,,
,11/26/2023,01:00:00,11/26/2023,02:00:00,California: Sutter County;,WECC,Damage or destruction of its Facility that results from actual or suspected intentional human action.,- Theft - Other,0,0,2023,November,2023-11-26 01:00:00-06:00,2023-11-26 02:00:00-06:00,1.0
,11/27/2023,06:00:00,11/27/2023,13:00:00,Connecticut: Massachusetts: Maine: Rhode Island: Vermont: New Hampshire:,NPCC,"Loss of electric service to more than 50,000 customers for 1 hour or more",- Weather or natural disaster,0,0,2023,November,2023-11-27 06:00:00-06:00,2023-11-27 13:00:00-06:00,7.0
,11/27/2023,11:53:00,11/27/2023,13:53:00,Colorado:,WECC,"Unexpected Transmission loss within its area, contrary to design, of three or more Bulk Electric System Facilities caused by a common disturbance (excluding successful automatic reclosing).",- Other,0,0,2023,November,2023-11-27 11:53:00-06:00,2023-11-27 13:53:00-06:00,2.0
,11/29/2023,09:00:00,Unknown,Unknown,Texas: Callahan County;,RE,Damage or destruction of its Facility that results from actual or suspected intentional human action.,- Physical attack - Vandalism - Suspicious activity,0,0,2023,November,2023-11-29 09:00:00-06:00,,
,2023-12-01 00:00:00,10:28:00,2023-12-01 00:00:00,10:29:00,Pacificorp,WECC,Damage or destruction of its Facility that results from actual or suspected intentional human action.,- Vandalism - Theft,0,0,2023,December,,,
,2023-12-02 00:00:00,10:07:00,2023-12-02 00:00:00,10:40:00,Tampa Electric Company,SERC,Complete loss of monitoring or control capability at its staffed Bulk Electric System control center for 30 continuous minutes or more.,- Other,0,0,2023,December,,,
,2023-12-03 00:00:00,04:27:00,- Unknown,- Unknown,Pacific Gas & Electric Co,WECC,Damage or destruction of its Facility that results from actual or suspected intentional human action.,- Vandalism - Theft,0,0,2023,December,,,
,2023-12-03 00:00:00,04:27:00,2023-12-07 00:00:00,18:00:00,Pacific Gas and Electric,WECC,Damage or destruction of its Facility that results from actual or suspected intentional human action.,- Vandalism - Theft,0,0,2023,December,,,
,2023-12-04 00:00:00,00:00:00,- Unknown,- Unknown,Tucson Electric Power,WECC,Damage or destruction of its Facility that results from actual or suspected intentional human action.,- Vandalism - Theft,0,0,2023,December,,,
,2023-12-04 00:00:00,10:23:00,2023-12-04 00:00:00,13:46:00,Seminole Electric Cooperative Inc,SERC,Cyber Security Incident that was an attempt to compromise a High or Medium Impact Bulk Electric System Cyber System or their associated Electronic Access Control or Monitoring Systems,- Cyber event (information technology),0,0,2023,December,,,
,2023-12-05 00:00:00,23:11:00,2023-12-06 00:00:00,00:12:00,GenOn Energy – New Castle Power LLC,RF,"Physical threat to its Facility excluding weather or natural disaster related threats, which has the potential to degrade the normal operation of the Facility. Or suspicious device or activity at its Facility",- Vandalism - Theft,0,0,2023,December,,,
,2023-12-07 00:00:00,09:52:00,2023-12-07 00:00:00,09:53:00,Orsted Americas,SERC,Damage or destruction of its Facility that results from actual or suspected intentional human action.,- Vandalism - Suspicious activity,0,0,2023,December,,,
,2023-12-07 00:00:00,10:29:00,2023-12-07 00:00:00,13:05:00,New York State Electric & Gas,NPCC,Complete loss of monitoring or control capability at its staffed Bulk Electric System control center for 30 continuous minutes or more.,- Other,0,0,2023,December,,,
,2023-12-09 00:00:00,11:08:00,2023-12-09 00:00:00,11:12:00,"WEC Energy Group (WEPCO, WPSC, UMERC, WEP-MIUP)",MRO/RF,"Physical threat to its Facility excluding weather or natural disaster related threats, which has the potential to degrade the normal operation of the Facility. Or suspicious device or activity at its Facility.",- Suspicious activity,0,0,2023,December,,,
,2023-12-11 00:00:00,00:00:00,2023-12-11 00:00:00,12:00:00,Apex Generating Station,WECC,"Physical threat to its Bulk Electric System control center, excluding weather or natural disaster related threats, which has the potential to degrade the normal operation of the control center. Or suspicious device or activity at its Bulk Electric System control center.",- Vandalism - Theft - Suspicious activity - Other,0,0,2023,December,,,
,2023-12-11 00:00:00,14:04:00,2023-12-12 00:00:00,14:35:00,Bonneville Power Administration,WECC,Damage or destruction of its Facility that results from actual or suspected intentional human action.,- Vandalism,0,0,2023,December,,,
,2023-12-11 00:00:00,14:04:00,2023-12-12 00:00:00,14:35:00,Bonneville Power Administration,WECC,Damage or destruction of its Facility that results from actual or suspected intentional human action.,- Vandalism,0,0,2023,December,,,
,2023-12-12 00:00:00,12:20:00,2023-12-12 00:00:00,12:21:00,Austin Energy,Texas RE,Damage or destruction of its Facility that results from actual or suspected intentional human action.,- Other,0,0,2023,December,,,
,2023-12-12 00:00:00,09:30:00,2023-12-13 00:00:00,05:02:00,Oncor Electric Delivery Company LLC,Texas RE,Damage or destruction of its Facility that results from actual or suspected intentional human action.,- Vandalism,0,0,2023,December,,,
,2023-12-12 00:00:00,12:20:00,2023-12-12 00:00:00,1/0/1900,Austin Energy,Texas RE,Damage or destruction of its Facility that results from actual or suspected intentional human action.,- Other,0,0,2023,December,,,
,2023-12-14 00:00:00,10:45:00,2023-12-14 00:00:00,11:06:00,Western Area Power Administration - Upper Great Plains Region - (NCR01036),WECC,"Unexpected Transmission loss within its area, contrary to design, of three or more Bulk Electric System Facilities caused by a common disturbance (excluding successful automatic reclosing).",- Unknown,20,1,2023,December,,,
,2023-12-14 00:00:00,23:54:00,- Unknown,- Unknown,"Consolidated Edison of New York, Inc.",MPCC,"Unexpected Transmission loss within its area, contrary to design, of three or more Bulk Electric System Facilities caused by a common disturbance (excluding successful automatic reclosing).",- Failure at high voltage substation or switchyard,0,0,2023,December,,,
,2023-12-15 00:00:00,12:46:00,2023-12-15 00:00:00,16:00:00,Consumers Energy Co,RF,Physical attack that could potentially impact electric power system adequacy or reliability; or vandalism which targets components of any security systems,- Physical attack - Vandalism - Suspicious activity,Unknown,Unknown,2023,December,,,
,2023-12-15 00:00:00,12:46:00,2023-12-15 00:00:00,16:00:00,Consumers Energy Co,RF,Physical attack that could potentially impact electric power system adequacy or reliability; or vandalism which targets components of any security systems,- Physical attack - Vandalism - Suspicious activity,Unknown,Unknown,2023,December,,,
,2023-12-15 00:00:00,13:53:00,2023-12-15 00:00:00,14:17:00,LUMA Energy,,Firm load shedding of 100 Megawatts or more implemented under emergency operational policy,- Generator loss or failure,120,126197,2023,December,,,
,2023-12-16 00:00:00,02:05:00,2023-12-16 00:00:00,02:29:00,LUMA Energy,,Uncontrolled loss of 300 Megawatts or more of firm system loads for 15 minutes or more from a single incident,- Generator loss or failure,Unknown,Unknown,2023,December,,,
,2023-12-16 00:00:00,02:05:00,2023-12-16 00:00:00,02:29:00,LUMA Energy,,Uncontrolled loss of 300 Megawatts or more of firm system loads for 15 minutes or more from a single incident,- Generator loss or failure,220,230330,2023,December,,,
,2023-12-17 00:00:00,10:46:00,2023-12-17 00:00:00,10:57:00,LUMA Energy,,Firm load shedding of 100 Megawatts or more implemented under emergency operational policy,- Generator loss or failure,126,Unknown,2023,December,,,
,2023-12-17 00:00:00,10:46:00,2023-12-17 00:00:00,10:57:00,LUMA Energy,,Firm load shedding of 100 Megawatts or more implemented under emergency operational policy,- Generator loss or failure,80,127585,2023,December,,,
,2023-12-18 00:00:00,13:11:00,2023-12-18 00:00:00,13:23:00,LUMA Energy,,Firm load shedding of 100 Megawatts or more implemented under emergency operational policy,- Generator loss or failure,115,170316,2023,December,,,
,2023-12-18 00:00:00,05:45:00,- Unknown,- Unknown,ISO New England,WECC,"Loss of electric service to more than 50,000 customers for 1 hour or more",- Weather or natural disaster,Unknown,730000,2023,December,,,
,2023-12-18 00:00:00,10:55:00,2023-12-18 00:00:00,11:41:00,First Energy Solutions Corp.,RF,"Unexpected Transmission loss within its area, contrary to design, of three or more Bulk Electric System Facilities caused by a common disturbance (excluding successful automatic reclosing).",- Other,0,0,2023,December,,,
,2023-12-19 00:00:00,00:41:00,2023-12-19 00:00:00,00:47:00,LUMA Energy,,Firm load shedding of 100 Megawatts or more implemented under emergency operational policy,- Generator loss or failure,77,50204,2023,December,,,
,2023-12-22 00:00:00,13:55:00,2023-12-22 00:00:00,14:45:00,NV Energy,WECC,Complete loss of monitoring or control capability at its staffed Bulk Electric System control center for 30 continuous minutes or more.,- Unknown,0,0,2023,December,,,
,2023-12-23 00:00:00,00:43:00,2023-12-23 00:00:00,00:48:00,LUMA Energy,,Firm load shedding of 100 Megawatts or more implemented under emergency operational policy,- Generator loss or failure,65,37850,2023,December,,,
,2023-12-24 00:00:00,02:07:00,2023-12-24 00:00:00,13:39:00,Seminole Electric Cooperative Inc,SERC,Damage or destruction of its Facility that results from actual or suspected intentional human action.,- Vandalism,0,0,2023,December,,,
,2023-12-25 00:00:00,19:56:00,2023-12-25 00:00:00,20:01:00,LUMA Energy,,Firm load shedding of 100 Megawatts or more implemented under emergency operational policy,- Generator loss or failure,105,36100,2023,December,,,
,2023-12-25 00:00:00,08:35:00,2023-12-25 00:00:00,15:00:00,"Consolidated Edison of New York, Inc.",NPCC,Unplanned evacuation from its Bulk Electric System control center facility for 30 continuous minutes or more,- Other,0,0,2023,December,,,
,2023-12-27 00:00:00,14:44:00,2023-12-28 00:00:00,04:14:00,Otter Tail Power Co,MRO,Electrical System Separation (Islanding) where part or parts of a power grid remain(s) operational in an otherwise blacked out area or within the partial failure of an integrated electrical system,- Weather or natural disaster,14,8000,2023,December,,,
,2023-12-27 00:00:00,11:11:00,2023-12-27 00:00:00,11:12:00,Pacificorp,WECC,Physical attack that could potentially impact electric power system adequacy or reliability; or vandalism which targets components of any security systems,- Suspicious activity - Transmission equipment failure,0,0,2023,December,,,
,2023-12-30 00:00:00,21:00:00,2023-12-30 00:00:00,22:15:00,American Electric Power (Regulated Generation),RF,"Physical threat to its Facility excluding weather or natural disaster related threats, which has the potential to degrade the normal operation of the Facility. Or suspicious device or activity at its Facility.",- Suspicious activity,Unknown,Unknown,2023,December,,,
,2023-12-30 00:00:00,05:00:00,2023-12-30 00:00:00,06:48:00,Lower Colorado River Authority,Texas RE,"Physical threat to its Facility excluding weather or natural disaster related threats, which has the potential to degrade the normal operation of the Facility. Or suspicious device or activity at its Facility.",- Suspicious activity,0,0,2023,December,,,
