county,date,customers_out
Anderson,2021-01-01,25.0
Anderson,2021-01-02,
Anderson,2021-01-04,4.0
Bedford,2021-01-01,1.0
Bedford,2021-01-02,3.0
Bedford,2021-01-04,1.0
Bledsoe,2021-01-01,18.0
Bledsoe,2021-01-02,
Blount,2021-01-01,60.0
Blount,2021-01-02,31.0
Blount,2021-01-03,31.0
Blount,2021-01-04,46.0
Bradley,2021-01-01,43.0
Bradley,2021-01-02,3.0
Bradley,2021-01-03,1017.0
Bradley,2021-01-04,80.0
Campbell,2021-01-01,64.0
Campbell,2021-01-02,
Campbell,2021-01-03,6.0
Campbell,2021-01-04,3.0
Cannon,2021-01-01,2.0
Cannon,2021-01-03,3.0
Cannon,2021-01-04,2.0
Carter,2021-01-02,
Cheatham,2020-12-31,
Cheatham,2021-01-01,83.0
Cheatham,2021-01-02,1.0
Cheatham,2021-01-03,1434.0
Cheatham,2021-01-04,1.0
Chester,2021-01-01,49.0
Chester,2021-01-02,
Chester,2021-01-04,4.0
Claiborne,2021-01-01,104.0
Claiborne,2021-01-02,1.0
Claiborne,2021-01-03,43.0
Claiborne,2021-01-04,20.0
Clay,2021-01-01,44.0
Clay,2021-01-04,34.0
Cocke,2020-12-31,3.0
Cocke,2021-01-01,71.0
Cocke,2021-01-02,24.0
Cocke,2021-01-03,32.0
Cocke,2021-01-04,4.0
Coffee,2021-01-01,11.0
Coffee,2021-01-02,1.0
Coffee,2021-01-03,2.0
Coffee,2021-01-04,26.0
Crockett,2021-01-01,51.0
Crockett,2021-01-02,25.0
Crockett,2021-01-03,2.0
Cumberland,2021-01-01,175.0
Cumberland,2021-01-02,30.0
Cumberland,2021-01-03,15.0
Cumberland,2021-01-04,3.0
Davidson,2020-12-31,61.0
Davidson,2021-01-01,2877.0
Davidson,2021-01-02,69.0
Davidson,2021-01-03,711.0
Davidson,2021-01-04,2788.0
DeKalb,2021-01-04,1.0
Dickson,2020-12-31,
Dickson,2021-01-01,
Dickson,2021-01-04,
Fayette,2020-12-31,115.0
Fayette,2021-01-01,23.0
Fayette,2021-01-02,8.0
Fayette,2021-01-03,23.0
Fayette,2021-01-04,9.0
Fentress,2021-01-01,439.0
Franklin,2020-12-31,3.0
Franklin,2021-01-01,69.0
Franklin,2021-01-02,1.0
Franklin,2021-01-04,4.0
Gibson,2021-01-01,33.0
Gibson,2021-01-02,1.0
Gibson,2021-01-04,10.0
Giles,2021-01-01,86.0
Giles,2021-01-02,16.0
Giles,2021-01-03,311.0
Giles,2021-01-04,10.0
Grainger,2021-01-01,78.0
Grainger,2021-01-02,1.0
Greene,2021-01-01,56.0
Greene,2021-01-02,112.0
Greene,2021-01-03,2.0
Greene,2021-01-04,1.0
Grundy,2021-01-02,1.0
Grundy,2021-01-04,4.0
Hamblen,2021-01-01,
Hamblen,2021-01-02,2.0
Hamblen,2021-01-03,
Hamblen,2021-01-04,1.0
Hamilton,2021-01-02,17.0
Hamilton,2021-01-03,1.0
Hamilton,2021-01-04,3.0
Hancock,2020-12-31,1.0
Hancock,2021-01-01,42.0
Hancock,2021-01-02,1.0
Hancock,2021-01-03,2.0
Hancock,2021-01-04,1.0
Hardeman,2020-12-31,63.0
Hardeman,2021-01-01,7.0
Hardeman,2021-01-02,
Hawkins,2020-12-31,3.0
Hawkins,2021-01-01,129.0
Hawkins,2021-01-02,5.0
Hawkins,2021-01-03,31.0
Hawkins,2021-01-04,57.0
Haywood,2021-01-01,350.0
Haywood,2021-01-02,
Henderson,2021-01-02,
Henry,2021-01-01,53.0
Henry,2021-01-02,5.0
Henry,2021-01-03,1.0
Hickman,2021-01-04,
Jefferson,2021-01-01,15.0
Jefferson,2021-01-02,3.0
Jefferson,2021-01-04,7.0
Knox,2020-12-31,99.0
Knox,2021-01-01,99.0
Knox,2021-01-02,121.0
Knox,2021-01-03,210.0
Knox,2021-01-04,14.0
Lauderdale,2021-01-02,
Lawrence,2021-01-01,40.0
Lawrence,2021-01-04,24.0
Lincoln,2021-01-02,
Lincoln,2021-01-04,
Loudon,2020-12-31,2.0
Loudon,2021-01-01,891.0
Loudon,2021-01-02,2.0
Loudon,2021-01-03,2.0
Loudon,2021-01-04,22.0
Macon,2021-01-01,5.0
Macon,2021-01-02,5.0
Madison,2020-12-31,63.0
Madison,2021-01-01,67.0
Madison,2021-01-02,25.0
Madison,2021-01-03,9.0
Madison,2021-01-04,9.0
Marion,2020-12-31,2.0
Marion,2021-01-01,4.0
Marion,2021-01-02,110.0
Marion,2021-01-03,3.0
Marion,2021-01-04,7.0
Marshall,2021-01-01,68.0
Marshall,2021-01-04,2.0
Maury,2021-01-01,71.0
Maury,2021-01-02,247.0
Maury,2021-01-03,1.0
Maury,2021-01-04,2.0
McMinn,2021-01-01,1.0
McMinn,2021-01-02,1.0
McMinn,2021-01-04,1.0
Meigs,2021-01-01,1.0
Meigs,2021-01-03,46.0
Meigs,2021-01-04,76.0
Monroe,2021-01-01,4768.0
Monroe,2021-01-02,26.0
Monroe,2021-01-04,6.0
Montgomery,2020-12-31,1.0
Montgomery,2021-01-01,2958.0
Montgomery,2021-01-02,27.0
Montgomery,2021-01-03,14.0
Montgomery,2021-01-04,20.0
Moore,2021-01-04,1.0
Morgan,2021-01-02,
Obion,2021-01-01,27.0
Obion,2021-01-03,3.0
Overton,2021-01-04,1.0
Pickett,2021-01-01,
Pickett,2021-01-02,1.0
Pickett,2021-01-03,
Polk,2021-01-01,224.0
Polk,2021-01-03,38.0
Putnam,2021-01-01,80.0
Rhea,2021-01-01,66.0
Rhea,2021-01-02,
Rhea,2021-01-03,2.0
Roane,2021-01-01,20.0
Roane,2021-01-02,20.0
Roane,2021-01-04,736.0
Robertson,2020-12-31,
Robertson,2021-01-01,8.0
Robertson,2021-01-02,6.0
Robertson,2021-01-03,40.0
Robertson,2021-01-04,5.0
Rutherford,2020-12-31,2.0
Rutherford,2021-01-01,23.0
Rutherford,2021-01-02,7.0
Rutherford,2021-01-03,11.0
Rutherford,2021-01-04,9.0
Scott,2021-01-01,21.0
Scott,2021-01-02,
Scott,2021-01-03,
Sequatchie,2021-01-01,1.0
Sequatchie,2021-01-02,
Sevier,2020-12-31,1.0
Sevier,2021-01-01,1314.0
Sevier,2021-01-02,43.0
Sevier,2021-01-03,21.0
Sevier,2021-01-04,59.0
Shelby,2020-12-31,160.0
Shelby,2021-01-01,2020.0
Shelby,2021-01-02,1658.0
Shelby,2021-01-03,166.0
Shelby,2021-01-04,35.0
Smith,2021-01-04,
Stewart,2020-12-31,
Stewart,2021-01-01,1418.0
Stewart,2021-01-04,1.0
Sullivan,2020-12-31,4.0
Sullivan,2021-01-01,13.0
Sullivan,2021-01-02,10.0
Sullivan,2021-01-03,22.0
Sullivan,2021-01-04,5.0
Sumner,2020-12-31,1.0
Sumner,2021-01-01,104.0
Sumner,2021-01-02,23.0
Sumner,2021-01-03,16.0
Sumner,2021-01-04,14.0
Tipton,2020-12-31,756.0
Tipton,2021-01-01,5.0
Tipton,2021-01-02,13.0
Tipton,2021-01-03,1.0
Tipton,2021-01-04,2.0
Trousdale,2021-01-01,897.0
Trousdale,2021-01-04,
Unicoi,2021-01-02,5.0
Union,2021-01-01,29.0
Union,2021-01-02,40.0
Union,2021-01-03,29.0
Van Buren,2021-01-01,2.0
Van Buren,2021-01-02,1.0
Van Buren,2021-01-03,1.0
Van Buren,2021-01-04,1.0
Warren,2021-01-04,
Washington,2020-12-31,3.0
Washington,2021-01-01,130.0
Washington,2021-01-02,130.0
Washington,2021-01-03,8.0
Washington,2021-01-04,34.0
White,2021-01-01,1.0
White,2021-01-02,1.0
Williamson,2020-12-31,111.0
Williamson,2021-01-01,2581.0
Williamson,2021-01-02,2.0
Williamson,2021-01-03,2.0
Williamson,2021-01-04,1.0
Wilson,2021-01-01,211.0
Wilson,2021-01-02,42.0
Wilson,2021-01-03,4.0
Wilson,2021-01-04,6.0
Anderson,2021-01-05,
Anderson,2021-01-07,17.0
Bedford,2021-01-04,2.0
Bedford,2021-01-05,2.0
Bedford,2021-01-06,2.0
Bedford,2021-01-07,55.0
Bledsoe,2021-01-04,8.0
Bledsoe,2021-01-05,6.0
Bledsoe,2021-01-06,17.0
Blount,2021-01-04,532.0
Blount,2021-01-05,36.0
Blount,2021-01-06,58.0
Blount,2021-01-07,6.0
Bradley,2021-01-04,1.0
Bradley,2021-01-05,15.0
Bradley,2021-01-06,19.0
Bradley,2021-01-07,1.0
Campbell,2021-01-04,2.0
Campbell,2021-01-05,28.0
Campbell,2021-01-06,38.0
Campbell,2021-01-07,89.0
Cannon,2021-01-04,1.0
Cannon,2021-01-05,2.0
Cannon,2021-01-06,1.0
Cannon,2021-01-07,1.0
Cheatham,2021-01-04,3.0
Cheatham,2021-01-05,3.0
Cheatham,2021-01-06,1.0
Cheatham,2021-01-07,126.0
Chester,2021-01-05,3.0
Claiborne,2021-01-04,22.0
Claiborne,2021-01-05,12.0
Claiborne,2021-01-06,13.0
Claiborne,2021-01-07,17.0
Clay,2021-01-04,34.0
Clay,2021-01-05,1.0
Clay,2021-01-06,13.0
Clay,2021-01-07,27.0
Cocke,2021-01-04,17.0
Cocke,2021-01-05,22.0
Cocke,2021-01-06,16.0
Cocke,2021-01-07,10.0
Coffee,2021-01-04,52.0
Coffee,2021-01-05,2.0
Coffee,2021-01-06,4.0
Coffee,2021-01-07,5.0
Crockett,2021-01-06,2.0
Crockett,2021-01-07,4.0
Cumberland,2021-01-04,2.0
Cumberland,2021-01-05,1.0
Cumberland,2021-01-06,1.0
Cumberland,2021-01-07,27.0
Davidson,2021-01-04,30.0
Davidson,2021-01-05,6.0
Davidson,2021-01-06,26.0
Davidson,2021-01-07,243.0
DeKalb,2021-01-04,1.0
DeKalb,2021-01-06,
DeKalb,2021-01-07,
Dickson,2021-01-04,
Dickson,2021-01-06,
Dickson,2021-01-07,
Fayette,2021-01-04,1.0
Fayette,2021-01-05,1.0
Fayette,2021-01-06,1.0
Fayette,2021-01-07,1.0
Fentress,2021-01-05,41.0
Fentress,2021-01-06,1.0
Fentress,2021-01-07,1.0
Franklin,2021-01-04,2.0
Franklin,2021-01-05,5.0
Franklin,2021-01-06,7.0
Franklin,2021-01-07,34.0
Gibson,2021-01-04,4.0
Gibson,2021-01-05,2.0
Gibson,2021-01-06,20.0
Gibson,2021-01-07,3.0
Giles,2021-01-04,11.0
Giles,2021-01-05,4.0
Giles,2021-01-06,56.0
Giles,2021-01-07,66.0
Grainger,2021-01-05,1.0
Grainger,2021-01-06,1.0
Greene,2021-01-04,46.0
Greene,2021-01-05,59.0
Greene,2021-01-06,2.0
Greene,2021-01-07,5.0
Grundy,2021-01-04,5.0
Grundy,2021-01-05,5.0
Grundy,2021-01-06,174.0
Grundy,2021-01-07,
Hamblen,2021-01-04,3.0
Hamblen,2021-01-05,
Hamblen,2021-01-06,2.0
Hamblen,2021-01-07,32.0
Hamilton,2021-01-04,1.0
Hamilton,2021-01-05,1.0
Hamilton,2021-01-06,
Hamilton,2021-01-07,1.0
Hancock,2021-01-04,1.0
Hancock,2021-01-05,13.0
Hancock,2021-01-06,1.0
Hancock,2021-01-07,1.0
Hawkins,2021-01-04,16.0
Hawkins,2021-01-05,5.0
Hawkins,2021-01-06,6.0
Hawkins,2021-01-07,4.0
Hickman,2021-01-06,
Hickman,2021-01-07,
Jefferson,2021-01-04,3.0
Jefferson,2021-01-05,2.0
Jefferson,2021-01-07,2.0
Knox,2021-01-04,330.0
Knox,2021-01-05,85.0
Knox,2021-01-06,1155.0
Knox,2021-01-07,211.0
Lawrence,2021-01-04,2.0
Lawrence,2021-01-05,9.0
Lawrence,2021-01-06,6.0
Lawrence,2021-01-07,3868.0
Lewis,2021-01-04,
Lewis,2021-01-07,
Lincoln,2021-01-04,
Lincoln,2021-01-07,180.0
Loudon,2021-01-04,1.0
Loudon,2021-01-05,1.0
Loudon,2021-01-06,2.0
Loudon,2021-01-07,6.0
Macon,2021-01-05,2.0
Madison,2021-01-04,10.0
Madison,2021-01-06,1.0
Madison,2021-01-07,18.0
Marion,2021-01-04,1.0
Marion,2021-01-05,92.0
Marion,2021-01-07,6.0
Marshall,2021-01-04,2.0
Marshall,2021-01-05,3.0
Marshall,2021-01-06,2.0
Marshall,2021-01-07,
Maury,2021-01-04,1000.0
Maury,2021-01-05,19.0
Maury,2021-01-06,54.0
Maury,2021-01-07,169.0
McMinn,2021-01-04,1.0
McMinn,2021-01-06,
McMinn,2021-01-07,40.0
Meigs,2021-01-04,1.0
Meigs,2021-01-05,737.0
Meigs,2021-01-06,1.0
Meigs,2021-01-07,4.0
Monroe,2021-01-04,5.0
Monroe,2021-01-05,10.0
Monroe,2021-01-06,2.0
Monroe,2021-01-07,87.0
Montgomery,2021-01-04,40.0
Montgomery,2021-01-05,57.0
Montgomery,2021-01-06,470.0
Montgomery,2021-01-07,630.0
Moore,2021-01-04,
Moore,2021-01-06,5.0
Moore,2021-01-07,
Morgan,2021-01-06,
Morgan,2021-01-07,5.0
Obion,2021-01-06,2.0
Overton,2021-01-04,13.0
Overton,2021-01-06,
Pickett,2021-01-04,5.0
Pickett,2021-01-06,
Pickett,2021-01-07,
Polk,2021-01-04,1.0
Polk,2021-01-05,9.0
Polk,2021-01-06,174.0
Polk,2021-01-07,3.0
Putnam,2021-01-06,1.0
Rhea,2021-01-04,3.0
Rhea,2021-01-06,
Rhea,2021-01-07,3.0
Roane,2021-01-04,
Roane,2021-01-05,1.0
Roane,2021-01-06,4.0
Roane,2021-01-07,2.0
Robertson,2021-01-04,5.0
Robertson,2021-01-05,215.0
Robertson,2021-01-06,69.0
Robertson,2021-01-07,1.0
Rutherford,2021-01-04,8.0
Rutherford,2021-01-05,5.0
Rutherford,2021-01-06,121.0
Rutherford,2021-01-07,38.0
Scott,2021-01-04,
Scott,2021-01-06,
Scott,2021-01-07,
Sequatchie,2021-01-06,1.0
Sequatchie,2021-01-07,2.0
Sevier,2021-01-04,47.0
Sevier,2021-01-05,88.0
Sevier,2021-01-06,69.0
Sevier,2021-01-07,46.0
Shelby,2021-01-04,68.0
Shelby,2021-01-05,465.0
Shelby,2021-01-06,93.0
Shelby,2021-01-07,118.0
Smith,2021-01-06,
Smith,2021-01-07,1.0
Stewart,2021-01-04,
Stewart,2021-01-05,4.0
Sullivan,2021-01-04,15.0
Sullivan,2021-01-05,24.0
Sullivan,2021-01-06,90.0
Sullivan,2021-01-07,58.0
Sumner,2021-01-04,7.0
Sumner,2021-01-05,9.0
Sumner,2021-01-06,47.0
Sumner,2021-01-07,12.0
Tipton,2021-01-05,30.0
Tipton,2021-01-07,2.0
Trousdale,2021-01-05,4.0
Trousdale,2021-01-06,6.0
Trousdale,2021-01-07,
Unicoi,2021-01-04,
Unicoi,2021-01-05,
Unicoi,2021-01-06,
Union,2021-01-04,187.0
Union,2021-01-05,
Union,2021-01-06,3.0
Union,2021-01-07,
Warren,2021-01-06,
Warren,2021-01-07,
Washington,2021-01-04,2.0
Washington,2021-01-05,1013.0
Washington,2021-01-06,5.0
Washington,2021-01-07,14.0
White,2021-01-06,
Williamson,2021-01-04,4.0
Williamson,2021-01-05,5.0
Williamson,2021-01-06,9.0
Williamson,2021-01-07,27.0
Wilson,2021-01-04,5.0
Wilson,2021-01-05,10.0
Wilson,2021-01-06,7.0
Wilson,2021-01-07,4.0
Anderson,2021-01-08,2.0
Anderson,2021-01-09,2.0
Anderson,2021-01-10,3.0
Anderson,2021-01-11,7.0
Bedford,2021-01-07,4.0
Bedford,2021-01-08,6.0
Bedford,2021-01-09,
Bedford,2021-01-11,4.0
Bledsoe,2021-01-11,
Blount,2021-01-08,17.0
Blount,2021-01-09,25.0
Blount,2021-01-10,2.0
Blount,2021-01-11,74.0
Blount,2021-01-12,25.0
Bradley,2021-01-08,1.0
Bradley,2021-01-09,10.0
Bradley,2021-01-10,54.0
Bradley,2021-01-11,
Bradley,2021-01-12,1.0
Campbell,2021-01-07,89.0
Campbell,2021-01-08,89.0
Campbell,2021-01-09,27.0
Campbell,2021-01-10,20.0
Campbell,2021-01-11,6.0
Campbell,2021-01-12,
Cannon,2021-01-11,2.0
Cheatham,2021-01-08,3.0
Cheatham,2021-01-09,2.0
Cheatham,2021-01-10,1.0
Cheatham,2021-01-11,58.0
Chester,2021-01-10,3.0
Claiborne,2021-01-08,35.0
Claiborne,2021-01-09,3.0
Claiborne,2021-01-11,61.0
Claiborne,2021-01-12,
Clay,2021-01-08,46.0
Clay,2021-01-11,26.0
Cocke,2021-01-07,2.0
Cocke,2021-01-08,17.0
Cocke,2021-01-09,14.0
Cocke,2021-01-10,6.0
Cocke,2021-01-11,12.0
Cocke,2021-01-12,1.0
Coffee,2021-01-07,1.0
Coffee,2021-01-08,9.0
Coffee,2021-01-09,3.0
Coffee,2021-01-10,45.0
Coffee,2021-01-11,
Crockett,2021-01-08,553.0
Crockett,2021-01-09,4.0
Crockett,2021-01-10,1.0
Cumberland,2021-01-08,1.0
Cumberland,2021-01-10,133.0
Cumberland,2021-01-11,163.0
Davidson,2021-01-07,3.0
Davidson,2021-01-08,133.0
Davidson,2021-01-09,595.0
Davidson,2021-01-10,11.0
Davidson,2021-01-11,2778.0
Davidson,2021-01-12,44.0
DeKalb,2021-01-11,1.0
Dickson,2021-01-08,
Dickson,2021-01-11,
Fentress,2021-01-08,2.0
Fentress,2021-01-09,2.0
Fentress,2021-01-10,8.0
Fentress,2021-01-11,
Franklin,2021-01-07,34.0
Franklin,2021-01-08,109.0
Franklin,2021-01-09,4.0
Franklin,2021-01-10,1.0
Franklin,2021-01-11,1.0
Gibson,2021-01-08,4.0
Gibson,2021-01-09,1.0
Gibson,2021-01-10,1.0
Giles,2021-01-07,66.0
Giles,2021-01-08,66.0
Giles,2021-01-09,6.0
Giles,2021-01-10,1.0
Grainger,2021-01-08,
Greene,2021-01-08,1087.0
Greene,2021-01-09,1.0
Greene,2021-01-10,1.0
Greene,2021-01-11,7.0
Greene,2021-01-12,
Grundy,2021-01-08,17.0
Grundy,2021-01-09,
Grundy,2021-01-10,2.0
Grundy,2021-01-11,
Hamblen,2021-01-08,1.0
Hamblen,2021-01-09,
Hamblen,2021-01-10,
Hamblen,2021-01-11,
Hamblen,2021-01-12,
Hamilton,2021-01-08,1.0
Hamilton,2021-01-09,3.0
Hamilton,2021-01-10,16.0
Hamilton,2021-01-11,
Hancock,2021-01-07,1.0
Hancock,2021-01-08,49.0
Hancock,2021-01-09,1.0
Hancock,2021-01-10,5.0
Hancock,2021-01-11,1.0
Hancock,2021-01-12,1.0
Hawkins,2021-01-08,156.0
Hawkins,2021-01-09,1.0
Hawkins,2021-01-10,
Hawkins,2021-01-11,37.0
Hawkins,2021-01-12,
Henderson,2021-01-08,1.0
Henry,2021-01-08,6.0
Henry,2021-01-09,128.0
Henry,2021-01-10,1.0
Henry,2021-01-11,3.0
Henry,2021-01-12,1.0
Hickman,2021-01-11,
Jefferson,2021-01-08,61.0
Jefferson,2021-01-09,3.0
Jefferson,2021-01-11,1.0
Knox,2021-01-07,1.0
Knox,2021-01-08,286.0
Knox,2021-01-09,59.0
Knox,2021-01-10,101.0
Knox,2021-01-11,103.0
Knox,2021-01-12,1826.0
Lake,2021-01-10,62.0
Lake,2021-01-11,59.0
Lawrence,2021-01-08,3.0
Lawrence,2021-01-09,1.0
Lawrence,2021-01-11,1.0
Lawrence,2021-01-12,1.0
Lewis,2021-01-09,
Lincoln,2021-01-09,
Loudon,2021-01-08,1.0
Loudon,2021-01-11,1.0
Macon,2021-01-08,1.0
Macon,2021-01-11,1.0
Madison,2021-01-08,2.0
Madison,2021-01-09,37.0
Madison,2021-01-10,1.0
Madison,2021-01-11,1.0
Marion,2021-01-08,2.0
Marion,2021-01-09,1.0
Marion,2021-01-11,
Marshall,2021-01-08,60.0
Marshall,2021-01-09,4.0
Marshall,2021-01-11,1.0
Maury,2021-01-07,195.0
Maury,2021-01-08,648.0
Maury,2021-01-09,
Maury,2021-01-10,1.0
Maury,2021-01-11,1.0
McMinn,2021-01-07,1.0
McMinn,2021-01-08,1.0
McMinn,2021-01-11,1.0
Meigs,2021-01-08,1.0
Meigs,2021-01-10,1.0
Meigs,2021-01-11,1.0
Monroe,2021-01-10,6.0
Monroe,2021-01-11,5.0
Montgomery,2021-01-08,77.0
Montgomery,2021-01-09,23.0
Montgomery,2021-01-10,112.0
Montgomery,2021-01-11,31.0
Montgomery,2021-01-12,18.0
Moore,2021-01-09,2.0
Morgan,2021-01-11,
Obion,2021-01-09,9.0
Obion,2021-01-11,9.0
Overton,2021-01-11,
Pickett,2021-01-07,
Pickett,2021-01-08,1.0
Pickett,2021-01-09,
Pickett,2021-01-10,
Pickett,2021-01-11,
Pickett,2021-01-12,
Polk,2021-01-09,1.0
Polk,2021-01-11,
Putnam,2021-01-11,
Rhea,2021-01-11,
Rhea,2021-01-12,7.0
Roane,2021-01-08,4.0
Roane,2021-01-09,1.0
Roane,2021-01-11,
Robertson,2021-01-08,1.0
Robertson,2021-01-09,1.0
Robertson,2021-01-11,24.0
Rutherford,2021-01-08,5.0
Rutherford,2021-01-09,2.0
Rutherford,2021-01-10,4.0
Rutherford,2021-01-11,6.0
Rutherford,2021-01-12,17.0
Scott,2021-01-07,
Scott,2021-01-08,
Scott,2021-01-09,
Scott,2021-01-10,
Scott,2021-01-11,
Scott,2021-01-12,
Sequatchie,2021-01-08,5.0
Sequatchie,2021-01-09,1.0
Sequatchie,2021-01-10,3.0
Sequatchie,2021-01-11,
Sevier,2021-01-08,22.0
Sevier,2021-01-09,12.0
Sevier,2021-01-10,15.0
Sevier,2021-01-11,32.0
Sevier,2021-01-12,56.0
Shelby,2021-01-07,2.0
Shelby,2021-01-08,1028.0
Shelby,2021-01-09,59.0
Shelby,2021-01-10,700.0
Shelby,2021-01-11,51.0
Shelby,2021-01-12,79.0
Smith,2021-01-11,
Stewart,2021-01-08,1.0
Stewart,2021-01-11,1.0
Stewart,2021-01-12,2.0
Sullivan,2021-01-08,241.0
Sullivan,2021-01-09,6.0
Sullivan,2021-01-10,86.0
Sullivan,2021-01-11,15.0
Sullivan,2021-01-12,5.0
Sumner,2021-01-08,14.0
Sumner,2021-01-09,5.0
Sumner,2021-01-11,14.0
Tipton,2021-01-08,2.0
Tipton,2021-01-09,1.0
Tipton,2021-01-12,5.0
Trousdale,2021-01-11,
Union,2021-01-08,28.0
Union,2021-01-09,47.0
Union,2021-01-10,2.0
Union,2021-01-11,2.0
Union,2021-01-12,
Van Buren,2021-01-11,
Warren,2021-01-11,
Washington,2021-01-08,107.0
Washington,2021-01-09,57.0
Washington,2021-01-10,4.0
Washington,2021-01-11,9.0
Washington,2021-01-12,1.0
White,2021-01-10,1.0
White,2021-01-11,
Williamson,2021-01-07,27.0
Williamson,2021-01-08,176.0
Williamson,2021-01-09,6.0
Williamson,2021-01-10,8.0
Williamson,2021-01-11,6.0
Williamson,2021-01-12,4.0
Wilson,2021-01-08,2.0
Wilson,2021-01-09,4.0
Wilson,2021-01-11,1026.0
Wilson,2021-01-12,1.0
Anderson,2021-01-12,
Anderson,2021-01-13,
Anderson,2021-01-14,
Bedford,2021-01-12,4.0
Bedford,2021-01-13,5.0
Bedford,2021-01-14,5.0
Bedford,2021-01-15,10.0
Bledsoe,2021-01-14,24.0
Blount,2021-01-12,25.0
Blount,2021-01-13,9.0
Blount,2021-01-14,33.0
Blount,2021-01-15,1.0
Bradley,2021-01-13,1.0
Bradley,2021-01-14,8.0
Campbell,2021-01-12,128.0
Campbell,2021-01-13,23.0
Campbell,2021-01-14,88.0
Campbell,2021-01-15,28.0
Cannon,2021-01-12,3.0
Cannon,2021-01-13,1.0
Cannon,2021-01-14,1.0
Cannon,2021-01-15,1.0
Cheatham,2021-01-12,1.0
Cheatham,2021-01-13,5.0
Cheatham,2021-01-14,6.0
Cheatham,2021-01-15,
Chester,2021-01-12,2.0
Claiborne,2021-01-12,5.0
Claiborne,2021-01-13,43.0
Claiborne,2021-01-14,14.0
Claiborne,2021-01-15,21.0
Clay,2021-01-13,16.0
Clay,2021-01-14,45.0
Cocke,2021-01-12,12.0
Cocke,2021-01-13,21.0
Cocke,2021-01-14,8.0
Cocke,2021-01-15,10.0
Coffee,2021-01-12,2.0
Coffee,2021-01-13,5.0
Coffee,2021-01-14,87.0
Coffee,2021-01-15,23.0
Crockett,2021-01-14,8.0
Cumberland,2021-01-12,1.0
Cumberland,2021-01-13,1.0
Cumberland,2021-01-14,1.0
Cumberland,2021-01-15,9.0
Davidson,2021-01-12,81.0
Davidson,2021-01-13,155.0
Davidson,2021-01-14,937.0
Davidson,2021-01-15,111.0
DeKalb,2021-01-12,
DeKalb,2021-01-13,2.0
Dickson,2021-01-12,
Fayette,2021-01-12,3.0
Fayette,2021-01-13,1.0
Fayette,2021-01-14,27.0
Fayette,2021-01-15,6.0
Fentress,2021-01-12,6.0
Franklin,2021-01-12,2.0
Franklin,2021-01-13,4.0
Franklin,2021-01-14,3.0
Franklin,2021-01-15,1.0
Gibson,2021-01-12,1.0
Gibson,2021-01-13,10.0
Giles,2021-01-12,14.0
Giles,2021-01-13,1651.0
Giles,2021-01-14,5.0
Giles,2021-01-15,5.0
Grainger,2021-01-12,
Grainger,2021-01-14,
Greene,2021-01-12,4.0
Greene,2021-01-13,9.0
Greene,2021-01-14,18.0
Greene,2021-01-15,2.0
Hamblen,2021-01-12,1.0
Hamblen,2021-01-13,
Hamblen,2021-01-14,
Hamblen,2021-01-15,
Hamilton,2021-01-12,1557.0
Hamilton,2021-01-14,3.0
Hancock,2021-01-12,1.0
Hancock,2021-01-13,1.0
Hancock,2021-01-14,1.0
Hancock,2021-01-15,1.0
Hardeman,2021-01-12,
Hardeman,2021-01-13,380.0
Hawkins,2021-01-12,5.0
Hawkins,2021-01-13,11.0
Hawkins,2021-01-14,42.0
Hawkins,2021-01-15,7.0
Haywood,2021-01-12,
Haywood,2021-01-13,380.0
Haywood,2021-01-14,2.0
Henry,2021-01-12,1.0
Henry,2021-01-13,10.0
Henry,2021-01-14,2.0
Henry,2021-01-15,3.0
Hickman,2021-01-12,
Jefferson,2021-01-12,
Jefferson,2021-01-13,1.0
Jefferson,2021-01-14,7.0
Jefferson,2021-01-15,7.0
Knox,2021-01-12,4163.0
Knox,2021-01-13,24.0
Knox,2021-01-14,99.0
Knox,2021-01-15,1664.0
Lawrence,2021-01-12,4.0
Lawrence,2021-01-13,697.0
Lawrence,2021-01-14,26.0
Lawrence,2021-01-15,3.0
Loudon,2021-01-12,1.0
Loudon,2021-01-13,16.0
Loudon,2021-01-14,28.0
Loudon,2021-01-15,
Macon,2021-01-13,14.0
Macon,2021-01-14,2.0
Macon,2021-01-15,8.0
Madison,2021-01-14,4.0
Marion,2021-01-12,1.0
Marion,2021-01-13,7.0
Marion,2021-01-14,3.0
Marion,2021-01-15,3.0
Marshall,2021-01-12,1.0
Marshall,2021-01-13,3.0
Marshall,2021-01-14,2.0
Marshall,2021-01-15,4.0
Maury,2021-01-12,2.0
Maury,2021-01-13,1.0
Maury,2021-01-14,4.0
Maury,2021-01-15,2.0
McMinn,2021-01-12,1.0
McMinn,2021-01-13,1.0
McMinn,2021-01-14,3.0
McMinn,2021-01-15,15.0
Meigs,2021-01-12,1.0
Meigs,2021-01-13,9.0
Monroe,2021-01-12,7.0
Monroe,2021-01-13,293.0
Monroe,2021-01-14,3.0
Monroe,2021-01-15,251.0
Montgomery,2021-01-12,61.0
Montgomery,2021-01-13,73.0
Montgomery,2021-01-14,38.0
Montgomery,2021-01-15,69.0
Morgan,2021-01-12,
Morgan,2021-01-13,
Obion,2021-01-13,41.0
Obion,2021-01-14,2.0
Obion,2021-01-15,2.0
Overton,2021-01-15,6.0
Pickett,2021-01-12,
Pickett,2021-01-13,
Polk,2021-01-12,5.0
Polk,2021-01-13,1.0
Polk,2021-01-15,3.0
Putnam,2021-01-13,1.0
Rhea,2021-01-14,2.0
Rhea,2021-01-15,3.0
Roane,2021-01-12,4.0
Roane,2021-01-13,
Roane,2021-01-14,
Roane,2021-01-15,1.0
Robertson,2021-01-12,5.0
Robertson,2021-01-13,218.0
Robertson,2021-01-14,49.0
Robertson,2021-01-15,30.0
Rutherford,2021-01-12,40.0
Rutherford,2021-01-13,741.0
Rutherford,2021-01-14,25.0
Rutherford,2021-01-15,244.0
Scott,2021-01-12,
Scott,2021-01-13,
Sequatchie,2021-01-12,1.0
Sequatchie,2021-01-13,18.0
Sequatchie,2021-01-14,47.0
Sequatchie,2021-01-15,51.0
Sevier,2021-01-12,4.0
Sevier,2021-01-13,40.0
Sevier,2021-01-14,10.0
Sevier,2021-01-15,764.0
Shelby,2021-01-12,1464.0
Shelby,2021-01-13,209.0
Shelby,2021-01-14,1856.0
Shelby,2021-01-15,28.0
Smith,2021-01-12,
Smith,2021-01-15,1.0
Stewart,2021-01-12,1491.0
Stewart,2021-01-13,6.0
Stewart,2021-01-14,121.0
Stewart,2021-01-15,2.0
Sullivan,2021-01-12,649.0
Sullivan,2021-01-13,27.0
Sullivan,2021-01-14,13.0
Sullivan,2021-01-15,1.0
Sumner,2021-01-12,4.0
Sumner,2021-01-13,14.0
Sumner,2021-01-14,3.0
Sumner,2021-01-15,46.0
Tipton,2021-01-12,1.0
Tipton,2021-01-13,4.0
Tipton,2021-01-15,18.0
Trousdale,2021-01-12,
Trousdale,2021-01-13,2.0
Trousdale,2021-01-14,1.0
Unicoi,2021-01-14,1.0
Union,2021-01-12,
Union,2021-01-13,2.0
Union,2021-01-14,
Van Buren,2021-01-14,1.0
Van Buren,2021-01-15,1.0
Warren,2021-01-12,
Washington,2021-01-12,15.0
Washington,2021-01-13,12.0
Washington,2021-01-14,35.0
Washington,2021-01-15,67.0
White,2021-01-13,1.0
Williamson,2021-01-12,44.0
Williamson,2021-01-13,216.0
Williamson,2021-01-14,59.0
Williamson,2021-01-15,12.0
Wilson,2021-01-12,21.0
Wilson,2021-01-13,32.0
Wilson,2021-01-14,6.0
Wilson,2021-01-15,441.0
Anderson,2021-01-15,7.0
Anderson,2021-01-16,4.0
Anderson,2021-01-17,1.0
Anderson,2021-01-18,1.0
Bedford,2021-01-15,146.0
Bedford,2021-01-16,146.0
Bedford,2021-01-17,1.0
Bedford,2021-01-18,9.0
Bedford,2021-01-19,2.0
Blount,2021-01-15,7.0
Blount,2021-01-16,1.0
Blount,2021-01-17,43.0
Blount,2021-01-18,19.0
Blount,2021-01-19,536.0
Bradley,2021-01-16,1.0
Bradley,2021-01-17,38.0
Bradley,2021-01-18,20.0
Bradley,2021-01-19,43.0
Campbell,2021-01-15,18.0
Campbell,2021-01-19,10.0
Cannon,2021-01-18,2.0
Cannon,2021-01-19,2.0
Cheatham,2021-01-16,17.0
Cheatham,2021-01-17,57.0
Cheatham,2021-01-18,1.0
Chester,2021-01-15,1.0
Claiborne,2021-01-18,1.0
Claiborne,2021-01-19,1.0
Clay,2021-01-18,2.0
Cocke,2021-01-15,2.0
Cocke,2021-01-16,2.0
Cocke,2021-01-17,148.0
Cocke,2021-01-18,3.0
Cocke,2021-01-19,354.0
Coffee,2021-01-17,3.0
Coffee,2021-01-18,4.0
Coffee,2021-01-19,88.0
Crockett,2021-01-17,6.0
Crockett,2021-01-19,2.0
Cumberland,2021-01-15,9.0
Cumberland,2021-01-16,2.0
Cumberland,2021-01-17,19.0
Cumberland,2021-01-18,341.0
Cumberland,2021-01-19,18.0
Davidson,2021-01-15,110.0
Davidson,2021-01-16,37.0
Davidson,2021-01-17,138.0
Davidson,2021-01-18,17.0
Davidson,2021-01-19,37.0
DeKalb,2021-01-15,1.0
DeKalb,2021-01-18,
DeKalb,2021-01-19,32.0
Dickson,2021-01-16,
Dickson,2021-01-18,
Dyer,2021-01-16,11.0
Fayette,2021-01-15,
Fayette,2021-01-16,15.0
Fayette,2021-01-17,1.0
Fayette,2021-01-18,
Fayette,2021-01-19,
Fentress,2021-01-16,4.0
Fentress,2021-01-17,6.0
Fentress,2021-01-18,11.0
Franklin,2021-01-18,3.0
Franklin,2021-01-19,1.0
Gibson,2021-01-15,1.0
Gibson,2021-01-17,1.0
Gibson,2021-01-18,53.0
Gibson,2021-01-19,502.0
Giles,2021-01-16,1671.0
Giles,2021-01-17,1.0
Giles,2021-01-18,115.0
Giles,2021-01-19,4.0
Grainger,2021-01-18,706.0
Grainger,2021-01-19,2.0
Greene,2021-01-15,2.0
Greene,2021-01-16,8.0
Greene,2021-01-17,1.0
Greene,2021-01-18,1.0
Greene,2021-01-19,10.0
Grundy,2021-01-16,1549.0
Grundy,2021-01-17,1549.0
Grundy,2021-01-18,10.0
Grundy,2021-01-19,129.0
Hamblen,2021-01-15,1.0
Hamblen,2021-01-16,
Hamblen,2021-01-17,
Hamblen,2021-01-18,
Hamblen,2021-01-19,
Hamilton,2021-01-15,1.0
Hamilton,2021-01-17,9.0
Hamilton,2021-01-18,4.0
Hancock,2021-01-15,1.0
Hancock,2021-01-16,1.0
Hancock,2021-01-17,1.0
Hancock,2021-01-18,1.0
Hancock,2021-01-19,1.0
Hardeman,2021-01-15,
Hardeman,2021-01-17,
Hardeman,2021-01-18,
Hardeman,2021-01-19,
Hawkins,2021-01-15,2.0
Hawkins,2021-01-16,220.0
Hawkins,2021-01-17,
Hawkins,2021-01-18,17.0
Hawkins,2021-01-19,56.0
Haywood,2021-01-15,
Haywood,2021-01-17,
Haywood,2021-01-18,
Haywood,2021-01-19,
Henry,2021-01-15,1.0
Henry,2021-01-16,21.0
Henry,2021-01-17,10.0
Henry,2021-01-18,36.0
Henry,2021-01-19,4.0
Hickman,2021-01-18,
Jefferson,2021-01-15,6.0
Jefferson,2021-01-18,2.0
Jefferson,2021-01-19,1.0
Knox,2021-01-15,1175.0
Knox,2021-01-16,28.0
Knox,2021-01-17,97.0
Knox,2021-01-18,161.0
Knox,2021-01-19,539.0
Lawrence,2021-01-15,1.0
Lawrence,2021-01-16,59.0
Lawrence,2021-01-17,17.0
Lawrence,2021-01-18,8.0
Lawrence,2021-01-19,7.0
Loudon,2021-01-16,
Loudon,2021-01-18,2.0
Loudon,2021-01-19,3.0
Macon,2021-01-18,2.0
Macon,2021-01-19,7.0
Madison,2021-01-16,1.0
Marion,2021-01-16,2.0
Marion,2021-01-17,5.0
Marion,2021-01-18,8.0
Marion,2021-01-19,7.0
Marshall,2021-01-15,
Marshall,2021-01-17,
Marshall,2021-01-18,11.0
Marshall,2021-01-19,23.0
Maury,2021-01-16,6.0
Maury,2021-01-17,2.0
Maury,2021-01-18,7.0
Maury,2021-01-19,2.0
McMinn,2021-01-15,1.0
McMinn,2021-01-16,1.0
Meigs,2021-01-16,14.0
Meigs,2021-01-17,1.0
Meigs,2021-01-18,5.0
Meigs,2021-01-19,1.0
Monroe,2021-01-15,1.0
Monroe,2021-01-16,2.0
Monroe,2021-01-17,50.0
Monroe,2021-01-18,1.0
Monroe,2021-01-19,643.0
Montgomery,2021-01-15,25.0
Montgomery,2021-01-16,1.0
Montgomery,2021-01-17,29.0
Montgomery,2021-01-18,13.0
Montgomery,2021-01-19,35.0
Moore,2021-01-16,3.0
Morgan,2021-01-16,1.0
Morgan,2021-01-17,19.0
Obion,2021-01-16,4.0
Obion,2021-01-19,1.0
Pickett,2021-01-16,1.0
Pickett,2021-01-17,1.0
Polk,2021-01-18,1.0
Polk,2021-01-19,1.0
Rhea,2021-01-15,1.0
Rhea,2021-01-16,1.0
Rhea,2021-01-18,1.0
Rhea,2021-01-19,916.0
Roane,2021-01-16,
Roane,2021-01-17,1.0
Roane,2021-01-19,
Robertson,2021-01-15,1.0
Robertson,2021-01-16,1.0
Robertson,2021-01-17,1.0
Robertson,2021-01-18,46.0
Robertson,2021-01-19,10.0
Rutherford,2021-01-15,115.0
Rutherford,2021-01-16,3.0
Rutherford,2021-01-17,404.0
Rutherford,2021-01-18,404.0
Rutherford,2021-01-19,1773.0
Sevier,2021-01-15,3.0
Sevier,2021-01-16,5.0
Sevier,2021-01-17,27.0
Sevier,2021-01-18,13.0
Sevier,2021-01-19,58.0
Shelby,2021-01-15,1427.0
Shelby,2021-01-16,52.0
Shelby,2021-01-17,918.0
Shelby,2021-01-18,942.0
Shelby,2021-01-19,1154.0
Smith,2021-01-18,
Stewart,2021-01-16,
Stewart,2021-01-17,74.0
Stewart,2021-01-18,1.0
Stewart,2021-01-19,1.0
Sullivan,2021-01-16,1548.0
Sullivan,2021-01-17,4.0
Sullivan,2021-01-18,10.0
Sullivan,2021-01-19,86.0
Sumner,2021-01-15,6.0
Sumner,2021-01-16,1.0
Sumner,2021-01-17,1.0
Sumner,2021-01-18,6.0
Sumner,2021-01-19,28.0
Tipton,2021-01-15,1.0
Tipton,2021-01-16,3.0
Tipton,2021-01-17,26.0
Tipton,2021-01-18,4.0
Tipton,2021-01-19,14.0
Trousdale,2021-01-18,5.0
Unicoi,2021-01-18,
Union,2021-01-16,3.0
Union,2021-01-17,4.0
Union,2021-01-18,111.0
Union,2021-01-19,2.0
Warren,2021-01-18,
Washington,2021-01-15,4.0
Washington,2021-01-16,330.0
Washington,2021-01-17,10.0
Washington,2021-01-18,209.0
Washington,2021-01-19,43.0
Williamson,2021-01-15,1.0
Williamson,2021-01-16,13.0
Williamson,2021-01-17,3.0
Williamson,2021-01-18,6.0
Williamson,2021-01-19,5.0
Wilson,2021-01-15,441.0
Wilson,2021-01-16,1.0
Wilson,2021-01-17,5.0
Wilson,2021-01-18,16.0
Wilson,2021-01-19,34.0
Anderson,2021-01-20,
Anderson,2021-01-21,19.0
Anderson,2021-01-22,5250.0
Anderson,2021-01-23,
Bedford,2021-01-20,5.0
Bedford,2021-01-21,5.0
Bedford,2021-01-22,1.0
Bedford,2021-01-23,
Bledsoe,2021-01-20,1.0
Bledsoe,2021-01-21,1.0
Bledsoe,2021-01-23,2.0
Blount,2021-01-20,33.0
Blount,2021-01-21,86.0
Blount,2021-01-22,19.0
Blount,2021-01-23,
Bradley,2021-01-20,132.0
Bradley,2021-01-21,2.0
Bradley,2021-01-22,10.0
Bradley,2021-01-23,1.0
Campbell,2021-01-20,7.0
Campbell,2021-01-21,45.0
Campbell,2021-01-22,105.0
Campbell,2021-01-23,9.0
Cannon,2021-01-20,2.0
Cannon,2021-01-21,1.0
Cannon,2021-01-22,2.0
Cannon,2021-01-23,1.0
Cheatham,2021-01-20,1.0
Cheatham,2021-01-21,92.0
Cheatham,2021-01-22,3.0
Cheatham,2021-01-23,
Chester,2021-01-20,15.0
Claiborne,2021-01-20,6.0
Claiborne,2021-01-21,18.0
Claiborne,2021-01-22,3.0
Claiborne,2021-01-23,1.0
Cocke,2021-01-19,1.0
Cocke,2021-01-20,41.0
Cocke,2021-01-21,55.0
Cocke,2021-01-22,1.0
Cocke,2021-01-23,1.0
Coffee,2021-01-20,2.0
Coffee,2021-01-21,
Coffee,2021-01-22,5.0
Coffee,2021-01-23,
Crockett,2021-01-21,2.0
Crockett,2021-01-22,1.0
Crockett,2021-01-23,18.0
Cumberland,2021-01-20,2.0
Cumberland,2021-01-21,4.0
Cumberland,2021-01-22,700.0
Cumberland,2021-01-23,2.0
Davidson,2021-01-19,4.0
Davidson,2021-01-20,95.0
Davidson,2021-01-21,360.0
Davidson,2021-01-22,5.0
Davidson,2021-01-23,13.0
Davidson,2021-01-24,2.0
DeKalb,2021-01-23,
Dickson,2021-01-20,
Dickson,2021-01-23,
Dyer,2021-01-22,
Fayette,2021-01-19,1.0
Fayette,2021-01-20,1.0
Fayette,2021-01-21,1.0
Fayette,2021-01-22,1.0
Fayette,2021-01-23,24.0
Fentress,2021-01-19,1.0
Fentress,2021-01-20,1.0
Fentress,2021-01-21,1.0
Fentress,2021-01-23,1.0
Franklin,2021-01-20,11.0
Franklin,2021-01-21,18.0
Franklin,2021-01-22,3.0
Franklin,2021-01-23,2.0
Gibson,2021-01-21,86.0
Gibson,2021-01-22,
Gibson,2021-01-23,1.0
Giles,2021-01-20,53.0
Giles,2021-01-21,1.0
Giles,2021-01-22,4.0
Giles,2021-01-23,1.0
Grainger,2021-01-20,1.0
Grainger,2021-01-21,10.0
Grainger,2021-01-22,2.0
Grainger,2021-01-23,
Greene,2021-01-19,1.0
Greene,2021-01-20,1.0
Greene,2021-01-21,2.0
Greene,2021-01-22,
Greene,2021-01-23,1.0
Grundy,2021-01-21,31.0
Grundy,2021-01-22,1.0
Grundy,2021-01-23,8.0
Hamblen,2021-01-20,
Hamblen,2021-01-21,2.0
Hamblen,2021-01-22,40.0
Hamblen,2021-01-23,1.0
Hamilton,2021-01-21,10.0
Hamilton,2021-01-22,5.0
Hancock,2021-01-19,1.0
Hancock,2021-01-20,11.0
Hancock,2021-01-21,1.0
Hancock,2021-01-22,3.0
Hancock,2021-01-23,1.0
Hancock,2021-01-24,1.0
Hardeman,2021-01-19,
Hardeman,2021-01-20,
Hardeman,2021-01-23,
Hawkins,2021-01-20,526.0
Hawkins,2021-01-21,7.0
Hawkins,2021-01-22,39.0
Hawkins,2021-01-23,6.0
Haywood,2021-01-19,
Haywood,2021-01-20,
Haywood,2021-01-22,
Haywood,2021-01-23,
Henry,2021-01-20,47.0
Henry,2021-01-22,9.0
Henry,2021-01-23,10.0
Henry,2021-01-24,1.0
Hickman,2021-01-23,
Jefferson,2021-01-19,4.0
Jefferson,2021-01-20,
Knox,2021-01-19,18.0
Knox,2021-01-20,847.0
Knox,2021-01-21,59.0
Knox,2021-01-22,28.0
Knox,2021-01-23,29.0
Knox,2021-01-24,3.0
Lake,2021-01-21,4.0
Lake,2021-01-22,
Lauderdale,2021-01-22,
Lawrence,2021-01-19,1.0
Lawrence,2021-01-20,11.0
Lawrence,2021-01-21,6.0
Lawrence,2021-01-22,6.0
Lawrence,2021-01-23,459.0
Lewis,2021-01-21,
Lewis,2021-01-23,
Lincoln,2021-01-21,
Lincoln,2021-01-23,
Loudon,2021-01-20,35.0
Loudon,2021-01-21,
Loudon,2021-01-22,36.0
Loudon,2021-01-23,2115.0
Macon,2021-01-20,1.0
Macon,2021-01-22,8.0
Madison,2021-01-20,19.0
Madison,2021-01-21,30.0
Madison,2021-01-22,
Marion,2021-01-19,1.0
Marion,2021-01-20,30.0
Marion,2021-01-21,29.0
Marshall,2021-01-19,2.0
Marshall,2021-01-20,3.0
Marshall,2021-01-21,9.0
Marshall,2021-01-22,1.0
Marshall,2021-01-23,
Maury,2021-01-20,55.0
Maury,2021-01-21,409.0
Maury,2021-01-22,2.0
Maury,2021-01-23,1.0
McMinn,2021-01-20,8.0
McMinn,2021-01-22,17.0
McMinn,2021-01-23,1.0
Meigs,2021-01-22,2.0
Meigs,2021-01-23,1.0
Monroe,2021-01-20,11.0
Monroe,2021-01-21,3.0
Monroe,2021-01-22,2.0
Monroe,2021-01-23,54.0
Montgomery,2021-01-19,1.0
Montgomery,2021-01-20,46.0
Montgomery,2021-01-21,18.0
Montgomery,2021-01-22,22.0
Montgomery,2021-01-23,25.0
Moore,2021-01-20,15.0
Moore,2021-01-21,9.0
Moore,2021-01-22,3.0
Morgan,2021-01-21,3.0
Morgan,2021-01-22,3.0
Morgan,2021-01-23,
Obion,2021-01-20,2.0
Obion,2021-01-22,
Pickett,2021-01-21,1.0
Pickett,2021-01-22,1.0
Polk,2021-01-20,1.0
Polk,2021-01-22,1.0
Polk,2021-01-23,6.0
Putnam,2021-01-21,1.0
Putnam,2021-01-22,1.0
Putnam,2021-01-23,1.0
Rhea,2021-01-20,1.0
Rhea,2021-01-21,1.0
Rhea,2021-01-23,3.0
Roane,2021-01-20,1.0
Roane,2021-01-21,1.0
Roane,2021-01-22,905.0
Roane,2021-01-23,
Robertson,2021-01-19,1.0
Robertson,2021-01-20,8.0
Robertson,2021-01-21,5.0
Robertson,2021-01-22,6.0
Robertson,2021-01-23,65.0
Rutherford,2021-01-20,7.0
Rutherford,2021-01-21,11589.0
Rutherford,2021-01-22,5.0
Rutherford,2021-01-23,2106.0
Sequatchie,2021-01-20,1.0
Sequatchie,2021-01-21,3.0
Sequatchie,2021-01-23,21.0
Sevier,2021-01-19,2.0
Sevier,2021-01-20,7.0
Sevier,2021-01-21,4.0
Sevier,2021-01-22,49.0
Sevier,2021-01-23,1.0
Shelby,2021-01-19,9.0
Shelby,2021-01-20,226.0
Shelby,2021-01-21,482.0
Shelby,2021-01-22,79.0
Shelby,2021-01-23,681.0
Shelby,2021-01-24,1.0
Smith,2021-01-23,
Stewart,2021-01-20,4.0
Stewart,2021-01-21,9.0
Stewart,2021-01-22,1.0
Stewart,2021-01-23,
Sullivan,2021-01-19,4.0
Sullivan,2021-01-20,37.0
Sullivan,2021-01-21,237.0
Sullivan,2021-01-22,6.0
Sullivan,2021-01-23,7.0
Sullivan,2021-01-24,1.0
Sumner,2021-01-20,6.0
Sumner,2021-01-21,68.0
Sumner,2021-01-22,9.0
Sumner,2021-01-23,5.0
Tipton,2021-01-20,179.0
Tipton,2021-01-21,2.0
Tipton,2021-01-22,11.0
Tipton,2021-01-23,13.0
Trousdale,2021-01-23,
Unicoi,2021-01-21,7.0
Union,2021-01-19,2.0
Union,2021-01-20,2.0
Union,2021-01-21,1.0
Union,2021-01-22,127.0
Union,2021-01-23,4.0
Warren,2021-01-23,
Washington,2021-01-19,20.0
Washington,2021-01-20,12.0
Washington,2021-01-21,13.0
Washington,2021-01-22,54.0
Washington,2021-01-23,65.0
Washington,2021-01-24,1.0
Wayne,2021-01-23,
Weakley,2021-01-22,
Williamson,2021-01-19,2.0
Williamson,2021-01-20,16.0
Williamson,2021-01-21,2362.0
Williamson,2021-01-22,4.0
Williamson,2021-01-23,7.0
Wilson,2021-01-19,37.0
Wilson,2021-01-20,37.0
Wilson,2021-01-21,1.0
Wilson,2021-01-22,6.0
Wilson,2021-01-23,1.0
Anderson,2021-01-25,24.0
Anderson,2021-01-26,5253.0
Anderson,2021-01-27,32.0
Bedford,2021-01-24,22.0
Bedford,2021-01-25,71.0
Bedford,2021-01-26,18.0
Bedford,2021-01-27,18.0
Bledsoe,2021-01-25,
Bledsoe,2021-01-27,
Blount,2021-01-24,55.0
Blount,2021-01-25,72.0
Blount,2021-01-26,64.0
Blount,2021-01-27,43.0
Bradley,2021-01-24,1.0
Bradley,2021-01-25,17.0
Bradley,2021-01-26,767.0
Bradley,2021-01-27,11.0
Campbell,2021-01-24,2.0
Campbell,2021-01-25,112.0
Campbell,2021-01-26,19.0
Campbell,2021-01-27,107.0
Cannon,2021-01-25,1.0
Cannon,2021-01-26,11.0
Cannon,2021-01-27,3.0
Cheatham,2021-01-24,1.0
Cheatham,2021-01-25,1714.0
Cheatham,2021-01-26,24.0
Cheatham,2021-01-27,1.0
Chester,2021-01-25,
Chester,2021-01-26,
Chester,2021-01-27,
Claiborne,2021-01-24,19.0
Claiborne,2021-01-25,46.0
Claiborne,2021-01-26,72.0
Claiborne,2021-01-27,51.0
Clay,2021-01-27,18.0
Cocke,2021-01-24,6.0
Cocke,2021-01-25,2.0
Cocke,2021-01-26,25.0
Cocke,2021-01-27,27.0
Coffee,2021-01-24,1.0
Coffee,2021-01-25,1.0
Coffee,2021-01-26,1.0
Coffee,2021-01-27,3.0
Crockett,2021-01-25,
Crockett,2021-01-26,
Crockett,2021-01-27,43.0
Cumberland,2021-01-24,24.0
Cumberland,2021-01-25,28.0
Cumberland,2021-01-26,24.0
Cumberland,2021-01-27,1.0
Davidson,2021-01-24,801.0
Davidson,2021-01-25,1852.0
Davidson,2021-01-26,506.0
Davidson,2021-01-27,283.0
DeKalb,2021-01-25,
Dickson,2021-01-25,
Dyer,2021-01-26,2.0
Fayette,2021-01-24,24.0
Fayette,2021-01-25,28.0
Fayette,2021-01-26,1.0
Fayette,2021-01-27,
Fentress,2021-01-25,1.0
Fentress,2021-01-26,1.0
Fentress,2021-01-27,2.0
Franklin,2021-01-24,8.0
Franklin,2021-01-25,85.0
Franklin,2021-01-26,85.0
Franklin,2021-01-27,1.0
Gibson,2021-01-25,60.0
Gibson,2021-01-26,1.0
Giles,2021-01-24,12.0
Giles,2021-01-25,31.0
Giles,2021-01-26,2.0
Giles,2021-01-27,44.0
Grainger,2021-01-25,183.0
Greene,2021-01-24,1.0
Greene,2021-01-25,1.0
Greene,2021-01-26,2.0
Greene,2021-01-27,8.0
Grundy,2021-01-26,33.0
Hamblen,2021-01-24,
Hamblen,2021-01-25,4.0
Hamblen,2021-01-26,2.0
Hamblen,2021-01-27,2.0
Hamilton,2021-01-25,87.0
Hamilton,2021-01-26,1.0
Hamilton,2021-01-27,46.0
Hancock,2021-01-24,2.0
Hancock,2021-01-25,27.0
Hancock,2021-01-26,34.0
Hancock,2021-01-27,1.0
Hardeman,2021-01-25,2.0
Hardeman,2021-01-26,
Hardeman,2021-01-27,
Hawkins,2021-01-24,24.0
Hawkins,2021-01-25,124.0
Hawkins,2021-01-26,188.0
Hawkins,2021-01-27,48.0
Haywood,2021-01-25,
Haywood,2021-01-26,
Haywood,2021-01-27,
Henderson,2021-01-25,
Henderson,2021-01-26,
Henderson,2021-01-27,
Henry,2021-01-24,5.0
Henry,2021-01-25,50.0
Henry,2021-01-26,8.0
Henry,2021-01-27,6.0
Hickman,2021-01-25,
Knox,2021-01-24,257.0
Knox,2021-01-25,1366.0
Knox,2021-01-26,1369.0
Knox,2021-01-27,1744.0
Lauderdale,2021-01-25,
Lauderdale,2021-01-26,
Lauderdale,2021-01-27,
Lawrence,2021-01-24,320.0
Lawrence,2021-01-25,20.0
Lawrence,2021-01-26,21.0
Lawrence,2021-01-27,3.0
Loudon,2021-01-25,683.0
Loudon,2021-01-26,3.0
Loudon,2021-01-27,3.0
Macon,2021-01-24,8.0
Macon,2021-01-25,105.0
Madison,2021-01-24,6.0
Madison,2021-01-25,
Madison,2021-01-26,
Madison,2021-01-27,1.0
Marion,2021-01-24,5.0
Marion,2021-01-25,2.0
Marion,2021-01-26,4.0
Marion,2021-01-27,2.0
Marshall,2021-01-24,2.0
Marshall,2021-01-25,4.0
Marshall,2021-01-26,22.0
Marshall,2021-01-27,2.0
Maury,2021-01-24,1.0
Maury,2021-01-25,65.0
Maury,2021-01-26,8.0
Maury,2021-01-27,2.0
McMinn,2021-01-24,3.0
McMinn,2021-01-25,58.0
McMinn,2021-01-26,1.0
McMinn,2021-01-27,13.0
Meigs,2021-01-24,2.0
Meigs,2021-01-25,
Meigs,2021-01-26,39.0
Meigs,2021-01-27,15.0
Monroe,2021-01-24,3.0
Monroe,2021-01-25,838.0
Monroe,2021-01-26,15.0
Monroe,2021-01-27,86.0
Montgomery,2021-01-24,16.0
Montgomery,2021-01-25,159.0
Montgomery,2021-01-26,130.0
Montgomery,2021-01-27,18.0
Morgan,2021-01-25,
Morgan,2021-01-27,
Obion,2021-01-24,2.0
Obion,2021-01-25,207.0
Obion,2021-01-26,8.0
Obion,2021-01-27,1.0
Overton,2021-01-25,
Overton,2021-01-27,
Pickett,2021-01-25,3.0
Pickett,2021-01-26,
Pickett,2021-01-27,
Polk,2021-01-25,1.0
Polk,2021-01-26,14.0
Polk,2021-01-27,
Putnam,2021-01-25,
Putnam,2021-01-26,1.0
Putnam,2021-01-27,
Rhea,2021-01-24,9.0
Rhea,2021-01-25,1.0
Rhea,2021-01-26,1.0
Rhea,2021-01-27,
Roane,2021-01-25,3.0
Roane,2021-01-26,4002.0
Roane,2021-01-27,
Robertson,2021-01-24,3.0
Robertson,2021-01-25,443.0
Robertson,2021-01-26,10.0
Robertson,2021-01-27,6.0
Rutherford,2021-01-24,33.0
Rutherford,2021-01-25,27.0
Rutherford,2021-01-26,12.0
Rutherford,2021-01-27,213.0
Scott,2021-01-25,
Scott,2021-01-26,
Scott,2021-01-27,
Sequatchie,2021-01-26,8.0
Sevier,2021-01-24,1.0
Sevier,2021-01-25,90.0
Sevier,2021-01-26,121.0
Sevier,2021-01-27,11.0
Shelby,2021-01-24,11199.0
Shelby,2021-01-25,6455.0
Shelby,2021-01-26,399.0
Shelby,2021-01-27,1153.0
Smith,2021-01-25,
Stewart,2021-01-25,1286.0
Stewart,2021-01-26,1.0
Stewart,2021-01-27,1.0
Sullivan,2021-01-24,56.0
Sullivan,2021-01-25,62.0
Sullivan,2021-01-26,1039.0
Sullivan,2021-01-27,38.0
Sumner,2021-01-24,
Sumner,2021-01-25,1938.0
Sumner,2021-01-26,7.0
Sumner,2021-01-27,4.0
Tipton,2021-01-25,
Tipton,2021-01-26,
Tipton,2021-01-27,
Trousdale,2021-01-25,893.0
Trousdale,2021-01-27,5.0
Union,2021-01-25,28.0
Union,2021-01-26,16.0
Union,2021-01-27,
Warren,2021-01-25,
Washington,2021-01-24,9.0
Washington,2021-01-25,88.0
Washington,2021-01-26,430.0
Washington,2021-01-27,37.0
White,2021-01-25,
White,2021-01-27,
Williamson,2021-01-24,1.0
Williamson,2021-01-25,5388.0
Williamson,2021-01-26,93.0
Williamson,2021-01-27,6.0
Wilson,2021-01-24,1391.0
Wilson,2021-01-25,27.0
Wilson,2021-01-26,24.0
Wilson,2021-01-27,8.0
Anderson,2021-01-27,3.0
Anderson,2021-01-28,6.0
Anderson,2021-01-29,3.0
Anderson,2021-01-30,6.0
Anderson,2021-01-31,3.0
Bedford,2021-01-28,74.0
Bedford,2021-01-29,2.0
Bedford,2021-01-30,16.0
Bledsoe,2021-01-27,4.0
Bledsoe,2021-01-28,557.0
Bledsoe,2021-01-30,39.0
Bledsoe,2021-01-31,91.0
Blount,2021-01-28,199.0
Blount,2021-01-29,52.0
Blount,2021-01-30,14.0
Blount,2021-01-31,129.0
Bradley,2021-01-27,4.0
Bradley,2021-01-28,1.0
Bradley,2021-01-29,1.0
Bradley,2021-01-30,1075.0
Bradley,2021-01-31,16.0
Campbell,2021-01-28,879.0
Campbell,2021-01-29,61.0
Campbell,2021-01-30,27.0
Campbell,2021-01-31,20.0
Cannon,2021-01-28,3.0
Cannon,2021-01-29,1.0
Cannon,2021-01-31,6.0
Cheatham,2021-01-28,19.0
Cheatham,2021-01-29,3.0
Cheatham,2021-01-30,1.0
Cheatham,2021-01-31,1.0
Chester,2021-01-27,
Chester,2021-01-28,
Chester,2021-01-29,3.0
Claiborne,2021-01-28,36.0
Claiborne,2021-01-29,360.0
Claiborne,2021-01-30,2.0
Claiborne,2021-01-31,6.0
Cocke,2021-01-28,11.0
Cocke,2021-01-29,40.0
Cocke,2021-01-30,5.0
Cocke,2021-01-31,20.0
Coffee,2021-01-28,3.0
Coffee,2021-01-29,34.0
Coffee,2021-01-30,83.0
Coffee,2021-01-31,2.0
Crockett,2021-01-27,
Crockett,2021-01-28,
Crockett,2021-01-29,
Cumberland,2021-01-28,12.0
Cumberland,2021-01-29,3.0
Cumberland,2021-01-30,305.0
Cumberland,2021-01-31,1.0
Davidson,2021-01-27,2.0
Davidson,2021-01-28,12.0
Davidson,2021-01-29,1100.0
Davidson,2021-01-30,1786.0
Davidson,2021-01-31,736.0
DeKalb,2021-01-28,
Dickson,2021-01-28,
Fayette,2021-01-27,
Fayette,2021-01-28,1.0
Fayette,2021-01-29,
Fayette,2021-01-30,1.0
Fayette,2021-01-31,1.0
Fentress,2021-01-28,1.0
Fentress,2021-01-29,1.0
Fentress,2021-01-30,5.0
Franklin,2021-01-28,2.0
Franklin,2021-01-29,9.0
Franklin,2021-01-30,258.0
Franklin,2021-01-31,27.0
Gibson,2021-01-28,6.0
Gibson,2021-01-30,673.0
Giles,2021-01-28,1.0
Giles,2021-01-29,4.0
Giles,2021-01-30,94.0
Giles,2021-01-31,27.0
Grainger,2021-01-27,3.0
Grainger,2021-01-30,24.0
Grainger,2021-01-31,6.0
Greene,2021-01-28,5.0
Greene,2021-01-29,1.0
Greene,2021-01-30,
Greene,2021-01-31,31.0
Grundy,2021-01-28,1.0
Grundy,2021-01-30,53.0
Grundy,2021-01-31,8.0
Hamblen,2021-01-27,1.0
Hamblen,2021-01-28,
Hamblen,2021-01-29,1.0
Hamblen,2021-01-30,
Hamblen,2021-01-31,3.0
Hamilton,2021-01-28,1.0
Hamilton,2021-01-30,
Hamilton,2021-01-31,23.0
Hancock,2021-01-27,25.0
Hancock,2021-01-28,5.0
Hancock,2021-01-29,1.0
Hancock,2021-01-30,2.0
Hancock,2021-01-31,1.0
Hardeman,2021-01-27,
Hardeman,2021-01-28,
Hardeman,2021-01-29,
Hardeman,2021-01-30,
Hawkins,2021-01-28,21.0
Hawkins,2021-01-29,35.0
Hawkins,2021-01-30,30.0
Hawkins,2021-01-31,79.0
Haywood,2021-01-27,
Haywood,2021-01-28,
Haywood,2021-01-29,
Haywood,2021-01-30,2.0
Haywood,2021-01-31,8.0
Henderson,2021-01-27,
Henderson,2021-01-28,
Henderson,2021-01-29,
Henry,2021-01-27,7.0
Henry,2021-01-28,12.0
Henry,2021-01-29,20.0
Henry,2021-01-30,123.0
Henry,2021-01-31,50.0
Hickman,2021-01-28,
Jefferson,2021-01-29,
Jefferson,2021-01-30,16.0
Jefferson,2021-01-31,13.0
Knox,2021-01-27,4.0
Knox,2021-01-28,316.0
Knox,2021-01-29,310.0
Knox,2021-01-30,25.0
Knox,2021-01-31,90.0
Lauderdale,2021-01-27,
Lauderdale,2021-01-28,
Lauderdale,2021-01-29,
Lawrence,2021-01-28,289.0
Lawrence,2021-01-29,3.0
Lawrence,2021-01-30,7.0
Lawrence,2021-01-31,1.0
Lewis,2021-01-28,
Lincoln,2021-01-28,
Loudon,2021-01-28,1.0
Loudon,2021-01-29,7.0
Loudon,2021-01-30,2.0
Loudon,2021-01-31,
Macon,2021-01-29,2.0
Madison,2021-01-27,
Madison,2021-01-28,
Madison,2021-01-29,5.0
Madison,2021-01-30,2.0
Madison,2021-01-31,565.0
Marion,2021-01-28,2.0
Marion,2021-01-29,2.0
Marion,2021-01-30,25.0
Marion,2021-01-31,6.0
Marshall,2021-01-28,2.0
Marshall,2021-01-29,1.0
Marshall,2021-01-30,1.0
Maury,2021-01-27,
Maury,2021-01-28,2.0
Maury,2021-01-29,25.0
Maury,2021-01-30,6.0
Maury,2021-01-31,2.0
McMinn,2021-01-30,1.0
Meigs,2021-01-29,1.0
Monroe,2021-01-28,26.0
Monroe,2021-01-29,4.0
Monroe,2021-01-30,20.0
Monroe,2021-01-31,69.0
Montgomery,2021-01-28,10.0
Montgomery,2021-01-29,43.0
Montgomery,2021-01-30,235.0
Montgomery,2021-01-31,5.0
Moore,2021-01-28,
Morgan,2021-01-29,1.0
Obion,2021-01-29,1.0
Overton,2021-01-31,13.0
Pickett,2021-01-28,
Pickett,2021-01-29,
Pickett,2021-01-30,1.0
Pickett,2021-01-31,
Polk,2021-01-29,1.0
Polk,2021-01-31,8.0
Putnam,2021-01-30,67.0
Putnam,2021-01-31,9.0
Rhea,2021-01-28,41.0
Rhea,2021-01-30,
Robertson,2021-01-28,49.0
Robertson,2021-01-29,11.0
Robertson,2021-01-30,4.0
Rutherford,2021-01-27,2.0
Rutherford,2021-01-28,30.0
Rutherford,2021-01-29,12.0
Rutherford,2021-01-30,8.0
Rutherford,2021-01-31,88.0
Scott,2021-01-28,
Scott,2021-01-29,
Scott,2021-01-30,
Scott,2021-01-31,
Sequatchie,2021-01-30,2.0
Sevier,2021-01-28,31.0
Sevier,2021-01-29,14.0
Sevier,2021-01-30,28.0
Shelby,2021-01-27,850.0
Shelby,2021-01-28,272.0
Shelby,2021-01-29,2304.0
Shelby,2021-01-30,3728.0
Shelby,2021-01-31,2332.0
Smith,2021-01-28,
Stewart,2021-01-28,1.0
Stewart,2021-01-29,2.0
Stewart,2021-01-30,29.0
Sullivan,2021-01-28,12.0
Sullivan,2021-01-29,7.0
Sullivan,2021-01-30,7.0
Sullivan,2021-01-31,8.0
Sumner,2021-01-27,1.0
Sumner,2021-01-28,12.0
Sumner,2021-01-29,12.0
Sumner,2021-01-30,1.0
Sumner,2021-01-31,4.0
Tipton,2021-01-27,
Tipton,2021-01-28,
Tipton,2021-01-29,4.0
Tipton,2021-01-30,2.0
Trousdale,2021-01-28,4.0
Unicoi,2021-01-28,
Union,2021-01-28,7.0
Union,2021-01-29,2.0
Union,2021-01-30,
Van Buren,2021-01-30,
Warren,2021-01-28,
Washington,2021-01-27,3.0
Washington,2021-01-28,28.0
Washington,2021-01-29,19.0
Washington,2021-01-30,3.0
Washington,2021-01-31,472.0
Williamson,2021-01-27,
Williamson,2021-01-28,7.0
Williamson,2021-01-29,20.0
Williamson,2021-01-30,
Williamson,2021-01-31,18.0
Wilson,2021-01-28,13.0
Wilson,2021-01-29,6.0
Wilson,2021-01-30,4.0
Wilson,2021-01-31,1.0
Anderson,2021-01-31,1.0
Anderson,2021-02-01,9.0
Anderson,2021-02-02,1.0
Anderson,2021-02-03,25.0
Anderson,2021-02-04,
Bedford,2021-02-01,
Bedford,2021-02-02,3.0
Bedford,2021-02-03,24.0
Bedford,2021-02-04,647.0
Bledsoe,2021-02-01,1.0
Bledsoe,2021-02-04,13.0
Blount,2021-01-31,9.0
Blount,2021-02-01,9.0
Blount,2021-02-02,17.0
Blount,2021-02-03,198.0
Blount,2021-02-04,12.0
Bradley,2021-02-01,24.0
Bradley,2021-02-02,4.0
Bradley,2021-02-03,1.0
Bradley,2021-02-04,348.0
Campbell,2021-02-01,116.0
Campbell,2021-02-02,
Campbell,2021-02-03,44.0
Cannon,2021-02-01,4.0
Cannon,2021-02-02,1.0
Cannon,2021-02-03,3.0
Cannon,2021-02-04,1.0
Carter,2021-02-03,
Cheatham,2021-01-31,2.0
Cheatham,2021-02-01,1.0
Cheatham,2021-02-02,3.0
Cheatham,2021-02-03,203.0
Cheatham,2021-02-04,2.0
Chester,2021-02-03,3.0
Claiborne,2021-01-31,2.0
Claiborne,2021-02-01,1.0
Claiborne,2021-02-02,1.0
Claiborne,2021-02-03,13.0
Cocke,2021-02-01,37.0
Cocke,2021-02-02,1.0
Cocke,2021-02-03,6.0
Cocke,2021-02-04,52.0
Coffee,2021-02-01,2.0
Coffee,2021-02-02,2.0
Coffee,2021-02-03,1.0
Coffee,2021-02-04,3.0
Crockett,2021-02-01,18.0
Crockett,2021-02-03,949.0
Crockett,2021-02-04,38.0
Cumberland,2021-02-01,5.0
Cumberland,2021-02-02,1.0
Cumberland,2021-02-03,2.0
Cumberland,2021-02-04,100.0
Davidson,2021-01-31,47.0
Davidson,2021-02-01,130.0
Davidson,2021-02-02,235.0
Davidson,2021-02-03,45.0
Davidson,2021-02-04,12.0
DeKalb,2021-02-01,
Dickson,2021-02-01,
Fayette,2021-02-03,1.0
Fayette,2021-02-04,1.0
Fentress,2021-02-01,1.0
Fentress,2021-02-02,1.0
Fentress,2021-02-03,72.0
Franklin,2021-02-01,3.0
Franklin,2021-02-02,31.0
Franklin,2021-02-03,1147.0
Franklin,2021-02-04,562.0
Gibson,2021-01-31,3.0
Gibson,2021-02-01,5.0
Gibson,2021-02-02,6.0
Gibson,2021-02-03,4.0
Gibson,2021-02-04,1.0
Giles,2021-02-01,10.0
Giles,2021-02-02,2.0
Giles,2021-02-03,42.0
Grainger,2021-02-04,
Greene,2021-01-31,5.0
Greene,2021-02-01,1.0
Greene,2021-02-02,1.0
Greene,2021-02-03,7.0
Greene,2021-02-04,2.0
Grundy,2021-01-31,6.0
Grundy,2021-02-01,6.0
Grundy,2021-02-02,2.0
Hamblen,2021-02-01,1.0
Hamblen,2021-02-02,38.0
Hamblen,2021-02-03,4.0
Hamblen,2021-02-04,21.0
Hamilton,2021-02-01,173.0
Hamilton,2021-02-02,47.0
Hamilton,2021-02-03,47.0
Hamilton,2021-02-04,81.0
Hancock,2021-01-31,1.0
Hancock,2021-02-01,18.0
Hancock,2021-02-02,1.0
Hancock,2021-02-03,1.0
Hancock,2021-02-04,1.0
Hardeman,2021-02-03,
Hardeman,2021-02-04,
Hawkins,2021-02-01,2.0
Hawkins,2021-02-02,10.0
Hawkins,2021-02-03,27.0
Hawkins,2021-02-04,2.0
Haywood,2021-02-03,
Haywood,2021-02-04,
Henry,2021-02-01,59.0
Henry,2021-02-02,123.0
Henry,2021-02-03,23.0
Hickman,2021-02-01,
Jefferson,2021-02-04,
Knox,2021-01-31,102.0
Knox,2021-02-01,82.0
Knox,2021-02-02,114.0
Knox,2021-02-03,20.0
Knox,2021-02-04,22.0
Lawrence,2021-01-31,1.0
Lawrence,2021-02-01,1.0
Lawrence,2021-02-02,21.0
Lawrence,2021-02-03,3.0
Lawrence,2021-02-04,6.0
Lincoln,2021-02-02,
Loudon,2021-02-01,1.0
Loudon,2021-02-02,4.0
Loudon,2021-02-03,32.0
Loudon,2021-02-04,2.0
Macon,2021-02-03,50.0
Madison,2021-01-31,2.0
Madison,2021-02-01,2.0
Marion,2021-01-31,3.0
Marion,2021-02-01,43.0
Marion,2021-02-02,1.0
Marion,2021-02-03,14.0
Marion,2021-02-04,1.0
Marshall,2021-02-01,2.0
Marshall,2021-02-02,4.0
Marshall,2021-02-03,6.0
Marshall,2021-02-04,1183.0
Maury,2021-01-31,
Maury,2021-02-01,2.0
Maury,2021-02-02,2.0
Maury,2021-02-03,2.0
Maury,2021-02-04,1.0
McMinn,2021-02-01,1.0
McMinn,2021-02-02,70.0
McMinn,2021-02-03,483.0
Meigs,2021-02-01,
Meigs,2021-02-02,1602.0
Meigs,2021-02-03,1.0
Meigs,2021-02-04,79.0
Monroe,2021-02-01,4.0
Monroe,2021-02-02,6.0
Monroe,2021-02-03,568.0
Montgomery,2021-01-31,1.0
Montgomery,2021-02-01,15.0
Montgomery,2021-02-02,32.0
Montgomery,2021-02-03,115.0
Montgomery,2021-02-04,200.0
Moore,2021-02-01,1.0
Moore,2021-02-02,1.0
Moore,2021-02-03,1.0
Morgan,2021-02-01,
Morgan,2021-02-03,46.0
Obion,2021-01-31,5.0
Obion,2021-02-01,1.0
Obion,2021-02-02,29.0
Overton,2021-02-01,
Pickett,2021-02-01,
Pickett,2021-02-03,
Polk,2021-01-31,8.0
Polk,2021-02-01,
Polk,2021-02-02,38.0
Polk,2021-02-03,804.0
Polk,2021-02-04,1.0
Putnam,2021-02-01,
Putnam,2021-02-04,10.0
Rhea,2021-02-01,1.0
Rhea,2021-02-03,1.0
Rhea,2021-02-04,499.0
Roane,2021-02-01,
Roane,2021-02-03,
Robertson,2021-02-01,17.0
Robertson,2021-02-02,6.0
Robertson,2021-02-03,25.0
Robertson,2021-02-04,5.0
Rutherford,2021-01-31,2.0
Rutherford,2021-02-01,536.0
Rutherford,2021-02-02,12.0
Rutherford,2021-02-03,11.0
Rutherford,2021-02-04,340.0
Scott,2021-02-01,
Scott,2021-02-03,
Sequatchie,2021-02-01,361.0
Sequatchie,2021-02-02,1.0
Sevier,2021-01-31,1.0
Sevier,2021-02-01,46.0
Sevier,2021-02-02,1339.0
Sevier,2021-02-03,42.0
Sevier,2021-02-04,7.0
Shelby,2021-01-31,2810.0
Shelby,2021-02-01,178.0
Shelby,2021-02-02,2302.0
Shelby,2021-02-03,385.0
Shelby,2021-02-04,6.0
Smith,2021-02-01,
Stewart,2021-01-31,1.0
Stewart,2021-02-02,13.0
Stewart,2021-02-03,1.0
Sullivan,2021-01-31,7.0
Sullivan,2021-02-01,132.0
Sullivan,2021-02-02,109.0
Sullivan,2021-02-03,15.0
Sullivan,2021-02-04,5.0
Sumner,2021-02-01,65.0
Sumner,2021-02-02,3.0
Sumner,2021-02-03,469.0
Sumner,2021-02-04,12.0
Tipton,2021-02-01,2.0
Tipton,2021-02-02,1.0
Tipton,2021-02-03,29.0
Trousdale,2021-02-01,
Union,2021-02-02,12.0
Union,2021-02-03,1.0
Union,2021-02-04,
Warren,2021-02-01,
Washington,2021-02-01,18.0
Washington,2021-02-02,4.0
Washington,2021-02-03,158.0
Washington,2021-02-04,10.0
White,2021-02-01,
White,2021-02-02,22.0
Williamson,2021-01-31,3.0
Williamson,2021-02-01,13.0
Williamson,2021-02-02,50.0
Williamson,2021-02-03,8.0
Williamson,2021-02-04,23.0
Wilson,2021-01-31,1.0
Wilson,2021-02-01,3.0
Wilson,2021-02-02,10.0
Wilson,2021-02-03,332.0
Wilson,2021-02-04,8.0
Anderson,2021-02-04,23.0
Anderson,2021-02-05,2.0
Anderson,2021-02-06,1.0
Anderson,2021-02-07,244.0
Anderson,2021-02-08,1.0
Bedford,2021-02-04,23.0
Bedford,2021-02-05,2.0
Bedford,2021-02-06,29.0
Bedford,2021-02-07,286.0
Bedford,2021-02-08,1.0
Bledsoe,2021-02-04,30.0
Bledsoe,2021-02-05,3.0
Bledsoe,2021-02-06,1.0
Bledsoe,2021-02-07,338.0
Bledsoe,2021-02-08,68.0
Blount,2021-02-04,20.0
Blount,2021-02-05,16.0
Blount,2021-02-06,30.0
Blount,2021-02-07,541.0
Blount,2021-02-08,19.0
Bradley,2021-02-04,28.0
Bradley,2021-02-05,3.0
Bradley,2021-02-06,169.0
Bradley,2021-02-07,2.0
Bradley,2021-02-08,
Campbell,2021-02-05,90.0
Campbell,2021-02-07,2306.0
Campbell,2021-02-08,69.0
Cannon,2021-02-04,1.0
Cannon,2021-02-05,3.0
Cannon,2021-02-06,86.0
Cannon,2021-02-07,35.0
Cannon,2021-02-08,2.0
Carter,2021-02-05,
Cheatham,2021-02-04,1.0
Cheatham,2021-02-05,6.0
Cheatham,2021-02-07,
Cheatham,2021-02-08,
Claiborne,2021-02-04,6.0
Claiborne,2021-02-05,155.0
Claiborne,2021-02-06,26.0
Claiborne,2021-02-07,2917.0
Claiborne,2021-02-08,111.0
Clay,2021-02-04,3.0
Clay,2021-02-07,1.0
Cocke,2021-02-04,53.0
Cocke,2021-02-05,23.0
Cocke,2021-02-06,22.0
Cocke,2021-02-07,577.0
Cocke,2021-02-08,7.0
Coffee,2021-02-05,1.0
Coffee,2021-02-06,2.0
Coffee,2021-02-07,104.0
Coffee,2021-02-08,
Crockett,2021-02-08,5.0
Cumberland,2021-02-04,182.0
Cumberland,2021-02-05,12.0
Cumberland,2021-02-06,24.0
Cumberland,2021-02-07,3817.0
Cumberland,2021-02-08,
Davidson,2021-02-04,221.0
Davidson,2021-02-05,18.0
Davidson,2021-02-06,9.0
Davidson,2021-02-07,10.0
Davidson,2021-02-08,18.0
DeKalb,2021-02-05,1.0
DeKalb,2021-02-08,
Dickson,2021-02-08,
Dyer,2021-02-08,45.0
Fayette,2021-02-04,2.0
Fayette,2021-02-05,2.0
Fayette,2021-02-08,1.0
Fentress,2021-02-04,34.0
Fentress,2021-02-05,13.0
Fentress,2021-02-06,357.0
Fentress,2021-02-07,1669.0
Fentress,2021-02-08,
Franklin,2021-02-04,1.0
Franklin,2021-02-05,1.0
Franklin,2021-02-07,136.0
Franklin,2021-02-08,5.0
Gibson,2021-02-04,2.0
Gibson,2021-02-05,1.0
Gibson,2021-02-08,2.0
Giles,2021-02-04,2.0
Giles,2021-02-05,778.0
Giles,2021-02-06,299.0
Giles,2021-02-07,38.0
Grainger,2021-02-04,1.0
Grainger,2021-02-06,5.0
Grainger,2021-02-07,105.0
Greene,2021-02-04,2.0
Greene,2021-02-05,7.0
Greene,2021-02-06,49.0
Greene,2021-02-07,7.0
Greene,2021-02-08,3.0
Grundy,2021-02-05,1.0
Grundy,2021-02-06,22.0
Grundy,2021-02-07,145.0
Grundy,2021-02-08,112.0
Hamblen,2021-02-04,3.0
Hamblen,2021-02-05,10.0
Hamblen,2021-02-06,51.0
Hamblen,2021-02-07,
Hamblen,2021-02-08,1.0
Hamilton,2021-02-04,638.0
Hamilton,2021-02-05,2.0
Hamilton,2021-02-06,16.0
Hamilton,2021-02-07,28.0
Hamilton,2021-02-08,
Hancock,2021-02-04,2.0
Hancock,2021-02-05,1.0
Hancock,2021-02-06,1.0
Hancock,2021-02-07,257.0
Hancock,2021-02-08,1.0
Hardeman,2021-02-08,
Hawkins,2021-02-04,2.0
Hawkins,2021-02-05,4.0
Hawkins,2021-02-06,51.0
Hawkins,2021-02-07,143.0
Hawkins,2021-02-08,2.0
Haywood,2021-02-08,
Henry,2021-02-04,50.0
Henry,2021-02-05,292.0
Hickman,2021-02-08,
Jefferson,2021-02-04,
Jefferson,2021-02-06,1.0
Jefferson,2021-02-07,35.0
Jefferson,2021-02-08,2.0
Knox,2021-02-04,50.0
Knox,2021-02-05,360.0
Knox,2021-02-06,58.0
Knox,2021-02-07,2881.0
Knox,2021-02-08,36.0
Lawrence,2021-02-04,20.0
Lawrence,2021-02-05,6.0
Lawrence,2021-02-06,2.0
Lawrence,2021-02-07,4.0
Lawrence,2021-02-08,20.0
Loudon,2021-02-05,3.0
Loudon,2021-02-06,3.0
Loudon,2021-02-07,31.0
Loudon,2021-02-08,
Macon,2021-02-04,5.0
Macon,2021-02-06,15.0
Madison,2021-02-04,13.0
Madison,2021-02-06,19.0
Madison,2021-02-07,191.0
Madison,2021-02-08,1.0
Marion,2021-02-04,2.0
Marion,2021-02-05,17.0
Marion,2021-02-06,50.0
Marion,2021-02-07,177.0
Marion,2021-02-08,1.0
Marshall,2021-02-04,14.0
Marshall,2021-02-05,27.0
Marshall,2021-02-06,2.0
Marshall,2021-02-07,50.0
Marshall,2021-02-08,
Maury,2021-02-04,3.0
Maury,2021-02-05,1.0
Maury,2021-02-06,1.0
Maury,2021-02-08,1.0
McMinn,2021-02-04,72.0
McMinn,2021-02-05,1.0
McMinn,2021-02-07,1.0
McMinn,2021-02-08,
Meigs,2021-02-04,1.0
Meigs,2021-02-05,66.0
Meigs,2021-02-06,38.0
Meigs,2021-02-07,15.0
Meigs,2021-02-08,
Monroe,2021-02-04,12.0
Monroe,2021-02-05,4.0
Monroe,2021-02-07,73.0
Monroe,2021-02-08,
Montgomery,2021-02-04,179.0
Montgomery,2021-02-05,375.0
Montgomery,2021-02-06,993.0
Montgomery,2021-02-07,11.0
Montgomery,2021-02-08,14.0
Moore,2021-02-07,13.0
Morgan,2021-02-06,18.0
Morgan,2021-02-07,18.0
Morgan,2021-02-08,
Obion,2021-02-04,2.0
Obion,2021-02-05,1.0
Overton,2021-02-07,393.0
Overton,2021-02-08,
Pickett,2021-02-07,34.0
Pickett,2021-02-08,
Polk,2021-02-04,1.0
Polk,2021-02-05,1.0
Polk,2021-02-06,1.0
Polk,2021-02-07,
Polk,2021-02-08,
Putnam,2021-02-04,10.0
Putnam,2021-02-07,527.0
Putnam,2021-02-08,
Rhea,2021-02-04,44.0
Rhea,2021-02-05,1.0
Rhea,2021-02-07,86.0
Rhea,2021-02-08,
Roane,2021-02-04,1.0
Roane,2021-02-07,
Roane,2021-02-08,
Robertson,2021-02-04,20.0
Robertson,2021-02-05,12.0
Robertson,2021-02-06,1.0
Robertson,2021-02-07,21.0
Robertson,2021-02-08,21.0
Rutherford,2021-02-04,332.0
Rutherford,2021-02-05,6.0
Rutherford,2021-02-06,114.0
Rutherford,2021-02-07,62.0
Rutherford,2021-02-08,23.0
Scott,2021-02-07,64.0
Scott,2021-02-08,
Sequatchie,2021-02-04,1.0
Sequatchie,2021-02-05,1.0
Sequatchie,2021-02-06,1.0
Sequatchie,2021-02-07,48.0
Sevier,2021-02-04,813.0
Sevier,2021-02-05,813.0
Sevier,2021-02-06,2.0
Sevier,2021-02-07,210.0
Sevier,2021-02-08,28.0
Shelby,2021-02-04,3218.0
Shelby,2021-02-05,48.0
Shelby,2021-02-06,2590.0
Shelby,2021-02-07,2294.0
Shelby,2021-02-08,43.0
Smith,2021-02-08,
Stewart,2021-02-04,1.0
Stewart,2021-02-05,1.0
Stewart,2021-02-07,1.0
Stewart,2021-02-08,1.0
Sullivan,2021-02-04,10.0
Sullivan,2021-02-05,37.0
Sullivan,2021-02-06,12.0
Sullivan,2021-02-07,108.0
Sullivan,2021-02-08,76.0
Sumner,2021-02-04,12.0
Sumner,2021-02-05,6.0
Sumner,2021-02-06,3.0
Sumner,2021-02-07,10.0
Sumner,2021-02-08,8.0
Tipton,2021-02-04,12.0
Tipton,2021-02-05,5.0
Tipton,2021-02-07,51.0
Tipton,2021-02-08,19.0
Trousdale,2021-02-08,4.0
Union,2021-02-04,6.0
Union,2021-02-05,65.0
Union,2021-02-06,65.0
Union,2021-02-07,212.0
Union,2021-02-08,6.0
Van Buren,2021-02-07,28.0
Warren,2021-02-08,
Washington,2021-02-04,10.0
Washington,2021-02-05,613.0
Washington,2021-02-06,613.0
Washington,2021-02-07,26.0
Washington,2021-02-08,37.0
White,2021-02-04,1.0
White,2021-02-07,595.0
White,2021-02-08,
Williamson,2021-02-04,106.0
Williamson,2021-02-05,106.0
Williamson,2021-02-06,1.0
Williamson,2021-02-07,44.0
Williamson,2021-02-08,44.0
Wilson,2021-02-04,1783.0
Wilson,2021-02-05,11.0
Wilson,2021-02-06,1.0
Wilson,2021-02-07,2.0
Wilson,2021-02-08,3.0
Anderson,2021-02-08,2.0
Anderson,2021-02-09,6.0
Anderson,2021-02-10,495.0
Anderson,2021-02-11,40.0
Bedford,2021-02-09,5.0
Bedford,2021-02-10,161.0
Bedford,2021-02-11,2.0
Bledsoe,2021-02-08,2.0
Bledsoe,2021-02-09,1.0
Bledsoe,2021-02-10,4.0
Bledsoe,2021-02-11,
Bledsoe,2021-02-12,
Blount,2021-02-08,202.0
Blount,2021-02-09,141.0
Blount,2021-02-10,162.0
Blount,2021-02-11,8.0
Bradley,2021-02-08,
Bradley,2021-02-09,41.0
Bradley,2021-02-10,39.0
Bradley,2021-02-11,
Bradley,2021-02-12,
Campbell,2021-02-08,105.0
Campbell,2021-02-09,31.0
Campbell,2021-02-10,360.0
Campbell,2021-02-11,54.0
Campbell,2021-02-12,
Cannon,2021-02-08,8.0
Cannon,2021-02-09,6.0
Cannon,2021-02-10,7.0
Carter,2021-02-10,
Carter,2021-02-11,
Carter,2021-02-12,
Cheatham,2021-02-08,1.0
Cheatham,2021-02-09,2.0
Cheatham,2021-02-10,2.0
Cheatham,2021-02-11,3.0
Cheatham,2021-02-12,
Chester,2021-02-11,2.0
Claiborne,2021-02-08,32.0
Claiborne,2021-02-09,8.0
Claiborne,2021-02-10,1.0
Claiborne,2021-02-11,914.0
Claiborne,2021-02-12,1.0
Clay,2021-02-08,
Clay,2021-02-09,3.0
Clay,2021-02-10,9.0
Cocke,2021-02-08,32.0
Cocke,2021-02-09,22.0
Cocke,2021-02-10,310.0
Cocke,2021-02-11,15.0
Cocke,2021-02-12,216.0
Coffee,2021-02-09,3.0
Coffee,2021-02-10,28.0
Crockett,2021-02-10,1.0
Crockett,2021-02-11,215.0
Cumberland,2021-02-08,
Cumberland,2021-02-09,
Cumberland,2021-02-10,
Cumberland,2021-02-11,
Cumberland,2021-02-12,
Davidson,2021-02-08,30.0
Davidson,2021-02-09,314.0
Davidson,2021-02-10,23.0
Davidson,2021-02-11,10.0
Davidson,2021-02-12,
DeKalb,2021-02-09,1.0
DeKalb,2021-02-10,
Dickson,2021-02-10,
Fayette,2021-02-08,47.0
Fayette,2021-02-09,1.0
Fayette,2021-02-10,1.0
Fayette,2021-02-11,1887.0
Fayette,2021-02-12,383.0
Fentress,2021-02-08,
Fentress,2021-02-09,
Fentress,2021-02-10,
Fentress,2021-02-11,
Fentress,2021-02-12,
Franklin,2021-02-08,5.0
Franklin,2021-02-09,2.0
Franklin,2021-02-10,4.0
Franklin,2021-02-11,2.0
Gibson,2021-02-08,2.0
Gibson,2021-02-10,51.0
Gibson,2021-02-11,57.0
Giles,2021-02-08,53.0
Giles,2021-02-09,2.0
Giles,2021-02-10,25.0
Giles,2021-02-11,25.0
Grainger,2021-02-10,2.0
Grainger,2021-02-11,2.0
Greene,2021-02-08,12.0
Greene,2021-02-09,7.0
Greene,2021-02-10,7.0
Greene,2021-02-11,3.0
Greene,2021-02-12,112.0
Grundy,2021-02-08,1.0
Grundy,2021-02-09,
Hamblen,2021-02-09,3.0
Hamblen,2021-02-10,2835.0
Hamblen,2021-02-11,3.0
Hamilton,2021-02-08,1.0
Hamilton,2021-02-09,
Hamilton,2021-02-10,
Hamilton,2021-02-11,
Hamilton,2021-02-12,
Hancock,2021-02-08,29.0
Hancock,2021-02-09,29.0
Hancock,2021-02-10,1.0
Hancock,2021-02-11,2.0
Hancock,2021-02-12,1.0
Hardeman,2021-02-10,
Hardeman,2021-02-11,1.0
Hawkins,2021-02-08,24.0
Hawkins,2021-02-09,58.0
Hawkins,2021-02-10,147.0
Hawkins,2021-02-11,6.0
Haywood,2021-02-10,193.0
Haywood,2021-02-11,593.0
Henderson,2021-02-09,2.0
Henry,2021-02-08,289.0
Henry,2021-02-09,40.0
Henry,2021-02-10,6.0
Henry,2021-02-11,56.0
Hickman,2021-02-10,
Jackson,2021-02-08,
Jefferson,2021-02-08,
Jefferson,2021-02-09,1.0
Jefferson,2021-02-10,1.0
Jefferson,2021-02-11,1.0
Knox,2021-02-08,111.0
Knox,2021-02-09,188.0
Knox,2021-02-10,714.0
Knox,2021-02-11,2349.0
Knox,2021-02-12,8.0
Lake,2021-02-10,5.0
Lawrence,2021-02-08,20.0
Lawrence,2021-02-09,5.0
Lawrence,2021-02-10,26.0
Lawrence,2021-02-11,5.0
Lewis,2021-02-09,
Lincoln,2021-02-09,
Lincoln,2021-02-10,1.0
Loudon,2021-02-08,3.0
Loudon,2021-02-09,33.0
Loudon,2021-02-10,32.0
Loudon,2021-02-11,1.0
Loudon,2021-02-12,
Macon,2021-02-08,1.0
Madison,2021-02-08,2.0
Madison,2021-02-09,2.0
Madison,2021-02-10,3.0
Madison,2021-02-11,922.0
Madison,2021-02-12,3.0
Marion,2021-02-08,1.0
Marion,2021-02-09,3.0
Marion,2021-02-10,6.0
Marshall,2021-02-08,4.0
Marshall,2021-02-09,13.0
Marshall,2021-02-10,2.0
Marshall,2021-02-11,58.0
Marshall,2021-02-12,1.0
Maury,2021-02-08,26.0
Maury,2021-02-09,8.0
Maury,2021-02-10,7.0
Maury,2021-02-11,2.0
McMinn,2021-02-08,
McMinn,2021-02-09,
McMinn,2021-02-10,
McMinn,2021-02-11,
McMinn,2021-02-12,
Meigs,2021-02-08,
Meigs,2021-02-09,
Meigs,2021-02-10,
Meigs,2021-02-11,
Meigs,2021-02-12,
Monroe,2021-02-08,3.0
Monroe,2021-02-09,61.0
Monroe,2021-02-10,10.0
Monroe,2021-02-11,5.0
Monroe,2021-02-12,
Montgomery,2021-02-08,130.0
Montgomery,2021-02-09,73.0
Montgomery,2021-02-10,62.0
Montgomery,2021-02-11,519.0
Moore,2021-02-09,
Moore,2021-02-10,1.0
Morgan,2021-02-08,
Morgan,2021-02-09,
Morgan,2021-02-10,
Morgan,2021-02-11,
Morgan,2021-02-12,
Obion,2021-02-09,1.0
Obion,2021-02-10,5.0
Obion,2021-02-11,35.0
Overton,2021-02-08,
Overton,2021-02-09,
Overton,2021-02-10,
Overton,2021-02-11,
Overton,2021-02-12,
Pickett,2021-02-08,
Pickett,2021-02-09,
Pickett,2021-02-10,
Pickett,2021-02-11,
Pickett,2021-02-12,
Polk,2021-02-08,
Polk,2021-02-09,
Polk,2021-02-10,
Polk,2021-02-11,
Polk,2021-02-12,
Putnam,2021-02-08,
Putnam,2021-02-09,
Putnam,2021-02-10,
Putnam,2021-02-11,
Putnam,2021-02-12,
Rhea,2021-02-08,
Rhea,2021-02-09,
Rhea,2021-02-10,
Rhea,2021-02-11,
Rhea,2021-02-12,
Roane,2021-02-08,
Roane,2021-02-09,
Roane,2021-02-10,
Roane,2021-02-11,
Roane,2021-02-12,
Robertson,2021-02-08,34.0
Robertson,2021-02-09,13.0
Robertson,2021-02-10,30.0
Robertson,2021-02-11,21.0
Robertson,2021-02-12,
Rutherford,2021-02-08,23.0
Rutherford,2021-02-09,9.0
Rutherford,2021-02-10,18.0
Rutherford,2021-02-11,4.0
Rutherford,2021-02-12,3.0
Scott,2021-02-08,
Scott,2021-02-09,
Scott,2021-02-10,
Scott,2021-02-11,
Scott,2021-02-12,
Sequatchie,2021-02-08,1.0
Sequatchie,2021-02-11,1.0
Sevier,2021-02-08,118.0
Sevier,2021-02-09,8.0
Sevier,2021-02-10,25.0
Sevier,2021-02-11,347.0
Shelby,2021-02-08,65.0
Shelby,2021-02-09,93.0
Shelby,2021-02-10,1297.0
Shelby,2021-02-11,8487.0
Shelby,2021-02-12,4616.0
Smith,2021-02-08,2.0
Smith,2021-02-10,
Stewart,2021-02-09,1.0
Stewart,2021-02-11,80.0
Stewart,2021-02-12,1.0
Sullivan,2021-02-08,10.0
Sullivan,2021-02-09,10.0
Sullivan,2021-02-10,35.0
Sullivan,2021-02-11,11.0
Sullivan,2021-02-12,145.0
Sumner,2021-02-08,9.0
Sumner,2021-02-09,6.0
Sumner,2021-02-10,2.0
Sumner,2021-02-11,1.0
Sumner,2021-02-12,
Tipton,2021-02-08,19.0
Tipton,2021-02-09,30.0
Tipton,2021-02-10,790.0
Tipton,2021-02-11,790.0
Trousdale,2021-02-08,4.0
Trousdale,2021-02-09,18.0
Trousdale,2021-02-10,5.0
Union,2021-02-08,2.0
Union,2021-02-09,8.0
Union,2021-02-10,42.0
Union,2021-02-11,1.0
Union,2021-02-12,
Warren,2021-02-10,
Washington,2021-02-08,38.0
Washington,2021-02-09,26.0
Washington,2021-02-10,13.0
Washington,2021-02-11,
Washington,2021-02-12,
White,2021-02-08,
White,2021-02-09,
White,2021-02-10,
White,2021-02-11,
White,2021-02-12,
Williamson,2021-02-08,1043.0
Williamson,2021-02-09,8.0
Williamson,2021-02-10,6.0
Williamson,2021-02-11,825.0
Williamson,2021-02-12,
Wilson,2021-02-08,182.0
Wilson,2021-02-09,22.0
Wilson,2021-02-10,3240.0
Wilson,2021-02-11,2.0
Wilson,2021-02-12,
Anderson,2021-02-12,2.0
Anderson,2021-02-13,2.0
Anderson,2021-02-14,2.0
Bedford,2021-02-12,3.0
Bedford,2021-02-13,2.0
Bedford,2021-02-14,34.0
Bedford,2021-02-15,34.0
Bledsoe,2021-02-12,239.0
Bledsoe,2021-02-13,15.0
Bledsoe,2021-02-14,
Bledsoe,2021-02-15,
Blount,2021-02-12,1.0
Blount,2021-02-13,7.0
Blount,2021-02-14,16.0
Blount,2021-02-15,4.0
Bradley,2021-02-12,1.0
Bradley,2021-02-13,
Bradley,2021-02-14,
Bradley,2021-02-15,
Campbell,2021-02-12,266.0
Campbell,2021-02-14,40.0
Campbell,2021-02-15,30.0
Cannon,2021-02-14,
Cannon,2021-02-15,
Carter,2021-02-12,
Carter,2021-02-13,
Carter,2021-02-14,
Cheatham,2021-02-12,1.0
Cheatham,2021-02-13,30.0
Cheatham,2021-02-14,1.0
Cheatham,2021-02-15,
Chester,2021-02-12,3.0
Chester,2021-02-13,3.0
Chester,2021-02-14,25.0
Claiborne,2021-02-12,17.0
Claiborne,2021-02-13,4.0
Claiborne,2021-02-14,1.0
Claiborne,2021-02-15,1.0
Cocke,2021-02-12,216.0
Cocke,2021-02-13,3.0
Cocke,2021-02-14,20.0
Coffee,2021-02-12,3.0
Coffee,2021-02-13,61.0
Coffee,2021-02-14,43.0
Coffee,2021-02-15,
Crockett,2021-02-12,500.0
Crockett,2021-02-13,1435.0
Crockett,2021-02-14,14.0
Crockett,2021-02-15,7.0
Cumberland,2021-02-12,
Cumberland,2021-02-13,
Cumberland,2021-02-14,
Cumberland,2021-02-15,
Davidson,2021-02-12,260.0
Davidson,2021-02-13,144.0
Davidson,2021-02-14,1567.0
Davidson,2021-02-15,16.0
DeKalb,2021-02-14,
DeKalb,2021-02-15,
Dickson,2021-02-14,
Dickson,2021-02-15,
Fayette,2021-02-12,361.0
Fayette,2021-02-13,5.0
Fayette,2021-02-14,1.0
Fentress,2021-02-12,
Fentress,2021-02-13,
Fentress,2021-02-14,
Fentress,2021-02-15,
Franklin,2021-02-12,187.0
Franklin,2021-02-13,4.0
Franklin,2021-02-14,256.0
Franklin,2021-02-15,29.0
Gibson,2021-02-12,503.0
Gibson,2021-02-13,15.0
Gibson,2021-02-14,593.0
Gibson,2021-02-15,48.0
Giles,2021-02-12,11.0
Giles,2021-02-13,3.0
Giles,2021-02-14,3.0
Grainger,2021-02-12,1.0
Greene,2021-02-12,112.0
Greene,2021-02-13,47.0
Greene,2021-02-14,
Greene,2021-02-15,
Grundy,2021-02-13,115.0
Grundy,2021-02-14,160.0
Grundy,2021-02-15,40.0
Hamblen,2021-02-12,4.0
Hamblen,2021-02-13,
Hamblen,2021-02-14,3.0
Hamilton,2021-02-12,
Hamilton,2021-02-13,1.0
Hamilton,2021-02-14,
Hamilton,2021-02-15,
Hancock,2021-02-12,1.0
Hancock,2021-02-13,1.0
Hancock,2021-02-14,3.0
Hancock,2021-02-15,1.0
Hardeman,2021-02-12,
Hawkins,2021-02-12,4.0
Hawkins,2021-02-13,59.0
Hawkins,2021-02-14,3.0
Hawkins,2021-02-15,1.0
Haywood,2021-02-12,1.0
Haywood,2021-02-13,1.0
Haywood,2021-02-14,1.0
Henderson,2021-02-12,
Henderson,2021-02-14,1.0
Henry,2021-02-12,77.0
Henry,2021-02-13,516.0
Henry,2021-02-14,51.0
Henry,2021-02-15,
Hickman,2021-02-14,
Hickman,2021-02-15,
Jefferson,2021-02-14,93.0
Knox,2021-02-12,131.0
Knox,2021-02-13,480.0
Knox,2021-02-14,38.0
Knox,2021-02-15,1414.0
Lake,2021-02-13,1.0
Lake,2021-02-14,2.0
Lauderdale,2021-02-12,
Lawrence,2021-02-12,25.0
Lawrence,2021-02-13,7.0
Lawrence,2021-02-14,1017.0
Lewis,2021-02-14,
Lincoln,2021-02-14,
Lincoln,2021-02-15,138.0
Loudon,2021-02-12,749.0
Loudon,2021-02-13,
Loudon,2021-02-14,
Loudon,2021-02-15,
Macon,2021-02-13,2.0
Macon,2021-02-14,1.0
Madison,2021-02-12,425.0
Madison,2021-02-14,101.0
Madison,2021-02-15,3.0
Marion,2021-02-13,1.0
Marion,2021-02-14,3.0
Marion,2021-02-15,8.0
Marshall,2021-02-12,22.0
Marshall,2021-02-13,74.0
Marshall,2021-02-14,5.0
Marshall,2021-02-15,
Maury,2021-02-12,3.0
Maury,2021-02-13,1.0
Maury,2021-02-14,
Maury,2021-02-15,5.0
McMinn,2021-02-12,
McMinn,2021-02-13,
McMinn,2021-02-14,
McMinn,2021-02-15,
Meigs,2021-02-12,
Meigs,2021-02-13,
Meigs,2021-02-14,
Meigs,2021-02-15,
Monroe,2021-02-12,14.0
Monroe,2021-02-13,5.0
Monroe,2021-02-14,1.0
Monroe,2021-02-15,
Montgomery,2021-02-12,83.0
Montgomery,2021-02-13,98.0
Montgomery,2021-02-14,117.0
Montgomery,2021-02-15,
Moore,2021-02-12,9.0
Moore,2021-02-14,
Morgan,2021-02-12,
Morgan,2021-02-13,
Morgan,2021-02-14,
Morgan,2021-02-15,
Obion,2021-02-13,148.0
Obion,2021-02-14,677.0
Obion,2021-02-15,40.0
Overton,2021-02-12,
Overton,2021-02-13,
Overton,2021-02-14,
Overton,2021-02-15,
Pickett,2021-02-12,
Pickett,2021-02-13,
Pickett,2021-02-14,
Pickett,2021-02-15,
Polk,2021-02-12,
Polk,2021-02-13,
Polk,2021-02-14,
Polk,2021-02-15,
Putnam,2021-02-12,
Putnam,2021-02-13,
Putnam,2021-02-14,
Putnam,2021-02-15,
Rhea,2021-02-12,
Rhea,2021-02-13,1.0
Rhea,2021-02-14,
Rhea,2021-02-15,
Roane,2021-02-12,
Roane,2021-02-13,
Roane,2021-02-14,
Roane,2021-02-15,
Robertson,2021-02-12,2.0
Robertson,2021-02-13,2.0
Robertson,2021-02-14,40.0
Robertson,2021-02-15,1.0
Rutherford,2021-02-12,3.0
Rutherford,2021-02-13,1.0
Rutherford,2021-02-14,1701.0
Rutherford,2021-02-15,1631.0
Scott,2021-02-12,
Scott,2021-02-13,
Scott,2021-02-14,
Scott,2021-02-15,
Sequatchie,2021-02-12,5.0
Sequatchie,2021-02-13,1.0
Sequatchie,2021-02-15,7.0
Sevier,2021-02-12,22.0
Sevier,2021-02-13,408.0
Sevier,2021-02-14,1384.0
Shelby,2021-02-12,12564.0
Shelby,2021-02-13,3761.0
Shelby,2021-02-14,580.0
Shelby,2021-02-15,1231.0
Smith,2021-02-14,
Smith,2021-02-15,
Stewart,2021-02-12,1.0
Stewart,2021-02-14,2.0
Sullivan,2021-02-12,71.0
Sullivan,2021-02-13,4.0
Sullivan,2021-02-14,8.0
Sumner,2021-02-12,2.0
Sumner,2021-02-13,7.0
Sumner,2021-02-14,21.0
Tipton,2021-02-12,3.0
Tipton,2021-02-13,3.0
Tipton,2021-02-14,2.0
Trousdale,2021-02-14,
Trousdale,2021-02-15,
Unicoi,2021-02-12,2.0
Union,2021-02-12,2.0
Union,2021-02-14,2.0
Van Buren,2021-02-12,696.0
Van Buren,2021-02-14,1.0
Warren,2021-02-14,
Warren,2021-02-15,
Washington,2021-02-12,
Washington,2021-02-13,
Washington,2021-02-14,
White,2021-02-12,
White,2021-02-13,
White,2021-02-14,
White,2021-02-15,
Williamson,2021-02-12,29.0
Williamson,2021-02-13,447.0
Williamson,2021-02-14,21.0
Williamson,2021-02-15,12.0
Wilson,2021-02-12,5.0
Wilson,2021-02-13,2.0
Wilson,2021-02-14,2.0
Wilson,2021-02-15,3.0
Anderson,2021-02-15,589.0
Anderson,2021-02-16,20.0
Anderson,2021-02-17,257.0
Bedford,2021-02-15,4443.0
Bedford,2021-02-16,33277.0
Bedford,2021-02-17,1886.0
Bledsoe,2021-02-15,
Bledsoe,2021-02-16,
Bledsoe,2021-02-17,
Blount,2021-02-15,585.0
Blount,2021-02-16,13.0
Blount,2021-02-17,1.0
Bradley,2021-02-15,1.0
Bradley,2021-02-16,
Bradley,2021-02-17,
Campbell,2021-02-15,597.0
Campbell,2021-02-16,14.0
Campbell,2021-02-17,2.0
Cannon,2021-02-15,1211.0
Cannon,2021-02-16,789.0
Cannon,2021-02-17,6.0
Cheatham,2021-02-15,263.0
Cheatham,2021-02-16,3.0
Cheatham,2021-02-17,1.0
Chester,2021-02-15,2.0
Claiborne,2021-02-15,58.0
Claiborne,2021-02-16,2.0
Claiborne,2021-02-17,1.0
Clay,2021-02-15,38.0
Clay,2021-02-16,2.0
Cocke,2021-02-15,30.0
Cocke,2021-02-16,907.0
Cocke,2021-02-17,
Coffee,2021-02-15,4211.0
Coffee,2021-02-16,4982.0
Coffee,2021-02-17,1088.0
Crockett,2021-02-15,567.0
Crockett,2021-02-16,17.0
Cumberland,2021-02-15,
Cumberland,2021-02-16,
Cumberland,2021-02-17,
Davidson,2021-02-15,373.0
Davidson,2021-02-16,2006.0
Davidson,2021-02-17,1.0
DeKalb,2021-02-15,33.0
DeKalb,2021-02-16,2.0
DeKalb,2021-02-17,
Dickson,2021-02-17,
Dyer,2021-02-15,24.0
Fayette,2021-02-15,1.0
Fayette,2021-02-16,2.0
Fentress,2021-02-15,
Fentress,2021-02-16,
Fentress,2021-02-17,
Franklin,2021-02-15,1804.0
Franklin,2021-02-16,28.0
Gibson,2021-02-15,77.0
Gibson,2021-02-16,3.0
Gibson,2021-02-17,1.0
Giles,2021-02-15,886.0
Giles,2021-02-16,1525.0
Giles,2021-02-17,3.0
Grainger,2021-02-15,155.0
Grainger,2021-02-16,196.0
Greene,2021-02-15,43.0
Greene,2021-02-16,66.0
Grundy,2021-02-15,862.0
Grundy,2021-02-16,128.0
Hamblen,2021-02-15,
Hamblen,2021-02-16,42.0
Hamilton,2021-02-15,
Hamilton,2021-02-16,
Hamilton,2021-02-17,
Hancock,2021-02-15,1.0
Hancock,2021-02-16,180.0
Hancock,2021-02-17,1.0
Hardeman,2021-02-16,10.0
Hawkins,2021-02-15,5.0
Hawkins,2021-02-16,15.0
Henry,2021-02-15,14.0
Henry,2021-02-16,13.0
Hickman,2021-02-17,
Jefferson,2021-02-16,391.0
Knox,2021-02-15,2658.0
Knox,2021-02-16,213.0
Knox,2021-02-17,11.0
Lawrence,2021-02-15,121.0
Lawrence,2021-02-16,45.0
Lincoln,2021-02-15,97.0
Lincoln,2021-02-16,76.0
Lincoln,2021-02-17,76.0
Loudon,2021-02-15,38.0
Loudon,2021-02-16,2.0
Loudon,2021-02-17,
Macon,2021-02-15,845.0
Macon,2021-02-16,117.0
Madison,2021-02-15,677.0
Madison,2021-02-16,23.0
Madison,2021-02-17,2.0
Marion,2021-02-15,221.0
Marion,2021-02-16,3.0
Marshall,2021-02-15,392.0
Marshall,2021-02-16,265.0
Marshall,2021-02-17,4.0
Maury,2021-02-15,50.0
Maury,2021-02-16,1.0
Maury,2021-02-17,
McMinn,2021-02-15,
McMinn,2021-02-16,
McMinn,2021-02-17,
Meigs,2021-02-15,
Meigs,2021-02-16,
Meigs,2021-02-17,
Monroe,2021-02-15,842.0
Monroe,2021-02-16,3.0
Monroe,2021-02-17,
Montgomery,2021-02-15,388.0
Montgomery,2021-02-16,1896.0
Montgomery,2021-02-17,1.0
Moore,2021-02-15,1941.0
Moore,2021-02-16,1282.0
Moore,2021-02-17,586.0
Morgan,2021-02-15,11.0
Morgan,2021-02-16,
Morgan,2021-02-17,
Obion,2021-02-15,43.0
Obion,2021-02-17,308.0
Overton,2021-02-15,33.0
Overton,2021-02-16,33.0
Overton,2021-02-17,
Pickett,2021-02-15,166.0
Pickett,2021-02-16,101.0
Pickett,2021-02-17,
Polk,2021-02-15,
Polk,2021-02-16,
Polk,2021-02-17,
Putnam,2021-02-15,
Putnam,2021-02-16,
Putnam,2021-02-17,
Rhea,2021-02-15,
Rhea,2021-02-16,
Rhea,2021-02-17,
Roane,2021-02-15,18.0
Roane,2021-02-16,
Roane,2021-02-17,
Robertson,2021-02-15,272.0
Robertson,2021-02-16,34.0
Robertson,2021-02-17,34.0
Rutherford,2021-02-15,741.0
Rutherford,2021-02-16,102.0
Rutherford,2021-02-17,6116.0
Scott,2021-02-15,104.0
Scott,2021-02-16,151.0
Scott,2021-02-17,
Sequatchie,2021-02-15,8.0
Sevier,2021-02-15,172.0
Sevier,2021-02-16,2356.0
Sevier,2021-02-17,418.0
Shelby,2021-02-15,1230.0
Shelby,2021-02-16,959.0
Shelby,2021-02-17,47.0
Smith,2021-02-17,
Stewart,2021-02-15,1.0
Stewart,2021-02-16,1.0
Sullivan,2021-02-15,11.0
Sullivan,2021-02-16,30.0
Sullivan,2021-02-17,4.0
Sumner,2021-02-15,2.0
Sumner,2021-02-16,945.0
Sumner,2021-02-17,1.0
Tipton,2021-02-15,4.0
Tipton,2021-02-16,27.0
Trousdale,2021-02-16,847.0
Trousdale,2021-02-17,
Unicoi,2021-02-15,42.0
Unicoi,2021-02-17,
Union,2021-02-15,38.0
Union,2021-02-16,13.0
Union,2021-02-17,
Warren,2021-02-17,
Washington,2021-02-15,4.0
White,2021-02-15,
White,2021-02-16,
White,2021-02-17,
Williamson,2021-02-15,16.0
Williamson,2021-02-16,22.0
Williamson,2021-02-17,4.0
Wilson,2021-02-15,193.0
Wilson,2021-02-16,55.0
Wilson,2021-02-17,4.0
Anderson,2021-02-18,139.0
Bedford,2021-02-17,2031.0
Bedford,2021-02-18,3729.0
Bedford,2021-02-19,1549.0
Bledsoe,2021-02-17,
Bledsoe,2021-02-18,169.0
Bledsoe,2021-02-19,1.0
Blount,2021-02-17,21.0
Blount,2021-02-18,23.0
Blount,2021-02-19,5.0
Bradley,2021-02-17,
Bradley,2021-02-18,
Bradley,2021-02-19,29.0
Campbell,2021-02-17,12.0
Campbell,2021-02-18,205.0
Campbell,2021-02-19,1.0
Cannon,2021-02-17,76.0
Cannon,2021-02-18,1809.0
Cannon,2021-02-19,121.0
Cheatham,2021-02-17,4.0
Cheatham,2021-02-18,
Cheatham,2021-02-19,16.0
Chester,2021-02-19,1.0
Claiborne,2021-02-17,15.0
Claiborne,2021-02-18,293.0
Claiborne,2021-02-19,401.0
Clay,2021-02-18,26.0
Cocke,2021-02-17,15.0
Cocke,2021-02-18,1.0
Cocke,2021-02-19,18.0
Coffee,2021-02-17,1496.0
Coffee,2021-02-18,2675.0
Coffee,2021-02-19,756.0
Crockett,2021-02-18,1.0
Crockett,2021-02-19,81.0
Cumberland,2021-02-17,
Cumberland,2021-02-18,3.0
Cumberland,2021-02-19,1.0
Davidson,2021-02-17,88.0
Davidson,2021-02-18,114.0
Davidson,2021-02-19,333.0
DeKalb,2021-02-17,32.0
DeKalb,2021-02-18,4.0
Dyer,2021-02-17,9.0
Dyer,2021-02-19,45.0
Fayette,2021-02-17,1.0
Fayette,2021-02-18,11.0
Fayette,2021-02-19,
Fentress,2021-02-17,
Fentress,2021-02-18,1391.0
Fentress,2021-02-19,200.0
Franklin,2021-02-17,46.0
Franklin,2021-02-18,46.0
Franklin,2021-02-19,1.0
Gibson,2021-02-17,35.0
Gibson,2021-02-18,2.0
Giles,2021-02-17,7.0
Giles,2021-02-18,80.0
Giles,2021-02-19,45.0
Grainger,2021-02-17,3.0
Grainger,2021-02-19,1.0
Greene,2021-02-17,2.0
Greene,2021-02-18,1.0
Greene,2021-02-19,4.0
Grundy,2021-02-17,1.0
Grundy,2021-02-18,16.0
Grundy,2021-02-19,1.0
Hamblen,2021-02-17,
Hamblen,2021-02-18,2.0
Hamblen,2021-02-19,6.0
Hamilton,2021-02-17,
Hamilton,2021-02-18,29.0
Hamilton,2021-02-19,1.0
Hancock,2021-02-17,27.0
Hancock,2021-02-18,22.0
Hancock,2021-02-19,2.0
Hardeman,2021-02-18,1.0
Hardeman,2021-02-19,
Hawkins,2021-02-17,123.0
Hawkins,2021-02-18,8.0
Hawkins,2021-02-19,59.0
Haywood,2021-02-18,
Haywood,2021-02-19,
Henry,2021-02-17,1.0
Henry,2021-02-18,18.0
Jefferson,2021-02-18,3.0
Knox,2021-02-17,89.0
Knox,2021-02-18,69.0
Knox,2021-02-19,82.0
Lawrence,2021-02-17,2.0
Lawrence,2021-02-18,2.0
Lawrence,2021-02-19,2.0
Lincoln,2021-02-17,76.0
Lincoln,2021-02-18,100.0
Lincoln,2021-02-19,100.0
Loudon,2021-02-17,3.0
Loudon,2021-02-18,904.0
Loudon,2021-02-19,1.0
Macon,2021-02-18,2.0
Macon,2021-02-19,2.0
Madison,2021-02-17,4.0
Madison,2021-02-18,79.0
Marion,2021-02-17,27.0
Marion,2021-02-18,57.0
Marshall,2021-02-17,71.0
Marshall,2021-02-18,127.0
Marshall,2021-02-19,33.0
Maury,2021-02-17,1.0
Maury,2021-02-18,62.0
Maury,2021-02-19,1.0
McMinn,2021-02-17,
McMinn,2021-02-18,
McMinn,2021-02-19,32.0
Meigs,2021-02-17,
Meigs,2021-02-18,
Monroe,2021-02-17,4.0
Monroe,2021-02-18,31.0
Monroe,2021-02-19,1.0
Montgomery,2021-02-17,7.0
Montgomery,2021-02-18,13.0
Montgomery,2021-02-19,8.0
Moore,2021-02-17,638.0
Moore,2021-02-18,311.0
Moore,2021-02-19,129.0
Morgan,2021-02-17,
Morgan,2021-02-18,7.0
Obion,2021-02-19,288.0
Overton,2021-02-17,
Overton,2021-02-18,48.0
Overton,2021-02-19,35.0
Pickett,2021-02-17,
Pickett,2021-02-18,574.0
Pickett,2021-02-19,33.0
Polk,2021-02-17,
Polk,2021-02-18,1.0
Putnam,2021-02-17,
Putnam,2021-02-18,42.0
Putnam,2021-02-19,31.0
Rhea,2021-02-17,
Rhea,2021-02-18,1.0
Roane,2021-02-17,
Roane,2021-02-18,7.0
Robertson,2021-02-17,4.0
Robertson,2021-02-18,14.0
Robertson,2021-02-19,3.0
Rutherford,2021-02-17,131.0
Rutherford,2021-02-18,107.0
Rutherford,2021-02-19,8.0
Scott,2021-02-17,7.0
Scott,2021-02-18,95.0
Sequatchie,2021-02-18,940.0
Sevier,2021-02-17,44.0
Sevier,2021-02-18,67.0
Sevier,2021-02-19,8.0
Shelby,2021-02-17,1382.0
Shelby,2021-02-18,155.0
Shelby,2021-02-19,1942.0
Stewart,2021-02-18,1.0
Sullivan,2021-02-17,79.0
Sullivan,2021-02-18,7.0
Sullivan,2021-02-19,5.0
Sumner,2021-02-17,134.0
Sumner,2021-02-18,174.0
Sumner,2021-02-19,2.0
Tipton,2021-02-17,2.0
Tipton,2021-02-18,3.0
Tipton,2021-02-19,7.0
Unicoi,2021-02-17,4.0
Unicoi,2021-02-18,4.0
Unicoi,2021-02-19,
Union,2021-02-17,5.0
Union,2021-02-18,4.0
Union,2021-02-19,70.0
Van Buren,2021-02-18,2.0
Van Buren,2021-02-19,1.0
Warren,2021-02-18,1.0
Washington,2021-02-18,2.0
Washington,2021-02-19,66.0
Weakley,2021-02-17,1.0
White,2021-02-17,
White,2021-02-18,1.0
Williamson,2021-02-17,7.0
Williamson,2021-02-18,73.0
Williamson,2021-02-19,1104.0
Wilson,2021-02-17,4.0
Wilson,2021-02-18,25.0
Wilson,2021-02-19,23.0
Anderson,2021-02-19,905.0
Anderson,2021-02-20,2.0
Anderson,2021-02-21,24.0
Anderson,2021-02-22,42.0
Bedford,2021-02-19,1500.0
Bedford,2021-02-20,1177.0
Bedford,2021-02-21,317.0
Bedford,2021-02-22,147.0
Bledsoe,2021-02-20,112.0
Bledsoe,2021-02-21,1.0
Bledsoe,2021-02-22,3.0
Blount,2021-02-20,1163.0
Blount,2021-02-21,4.0
Blount,2021-02-22,141.0
Bradley,2021-02-21,113.0
Bradley,2021-02-22,836.0
Campbell,2021-02-20,78.0
Campbell,2021-02-21,59.0
Campbell,2021-02-22,146.0
Cannon,2021-02-19,22.0
Cannon,2021-02-20,293.0
Cannon,2021-02-21,73.0
Cannon,2021-02-22,71.0
Cheatham,2021-02-19,1.0
Cheatham,2021-02-20,1.0
Cheatham,2021-02-21,2.0
Cheatham,2021-02-22,3.0
Chester,2021-02-22,33.0
Claiborne,2021-02-19,39.0
Claiborne,2021-02-20,9.0
Claiborne,2021-02-21,5.0
Claiborne,2021-02-22,1.0
Clay,2021-02-19,
Clay,2021-02-20,11.0
Cocke,2021-02-19,1.0
Cocke,2021-02-20,4.0
Cocke,2021-02-21,10.0
Cocke,2021-02-22,14.0
Coffee,2021-02-19,200.0
Coffee,2021-02-20,646.0
Coffee,2021-02-21,286.0
Coffee,2021-02-22,35.0
Cumberland,2021-02-20,18.0
Cumberland,2021-02-21,123.0
Cumberland,2021-02-22,1517.0
Davidson,2021-02-19,134.0
Davidson,2021-02-20,16.0
Davidson,2021-02-21,10.0
Davidson,2021-02-22,598.0
DeKalb,2021-02-19,1.0
DeKalb,2021-02-21,533.0
DeKalb,2021-02-22,4.0
Dickson,2021-02-22,
Fayette,2021-02-19,
Fayette,2021-02-20,321.0
Fayette,2021-02-21,1.0
Fayette,2021-02-22,1.0
Fentress,2021-02-19,68.0
Fentress,2021-02-20,143.0
Fentress,2021-02-21,62.0
Fentress,2021-02-22,57.0
Franklin,2021-02-19,1.0
Franklin,2021-02-20,2.0
Franklin,2021-02-21,1.0
Franklin,2021-02-22,33.0
Gibson,2021-02-20,3.0
Giles,2021-02-19,68.0
Giles,2021-02-20,112.0
Giles,2021-02-22,30.0
Grainger,2021-02-19,29.0
Grainger,2021-02-20,464.0
Grainger,2021-02-22,16.0
Greene,2021-02-19,52.0
Greene,2021-02-20,1.0
Greene,2021-02-21,1.0
Greene,2021-02-22,18.0
Grundy,2021-02-20,1.0
Grundy,2021-02-21,1.0
Grundy,2021-02-22,7.0
Hamblen,2021-02-20,20.0
Hamblen,2021-02-21,
Hamblen,2021-02-22,
Hamilton,2021-02-20,3.0
Hamilton,2021-02-21,3.0
Hamilton,2021-02-22,2.0
Hancock,2021-02-19,1.0
Hancock,2021-02-20,1.0
Hancock,2021-02-21,1.0
Hancock,2021-02-22,1.0
Hardeman,2021-02-19,
Hardeman,2021-02-20,
Hardeman,2021-02-21,
Hardeman,2021-02-22,
Hawkins,2021-02-20,26.0
Hawkins,2021-02-21,
Hawkins,2021-02-22,110.0
Haywood,2021-02-19,
Haywood,2021-02-20,
Haywood,2021-02-21,1.0
Haywood,2021-02-22,
Henry,2021-02-20,33.0
Henry,2021-02-21,33.0
Henry,2021-02-22,33.0
Hickman,2021-02-22,
Jackson,2021-02-19,
Jefferson,2021-02-20,1.0
Jefferson,2021-02-21,1.0
Jefferson,2021-02-22,1.0
Knox,2021-02-19,111.0
Knox,2021-02-20,87.0
Knox,2021-02-21,59.0
Knox,2021-02-22,205.0
Lake,2021-02-21,1123.0
Lawrence,2021-02-19,1.0
Lawrence,2021-02-20,2.0
Lawrence,2021-02-21,2.0
Lawrence,2021-02-22,5.0
Lewis,2021-02-20,
Lincoln,2021-02-19,182.0
Lincoln,2021-02-20,79.0
Loudon,2021-02-20,3.0
Loudon,2021-02-21,1.0
Loudon,2021-02-22,330.0
Macon,2021-02-19,
Macon,2021-02-20,63.0
Macon,2021-02-22,1.0
Madison,2021-02-19,67.0
Madison,2021-02-20,67.0
Madison,2021-02-21,10.0
Madison,2021-02-22,414.0
Marion,2021-02-19,1.0
Marion,2021-02-20,1.0
Marion,2021-02-21,12.0
Marion,2021-02-22,1.0
Marshall,2021-02-19,2.0
Marshall,2021-02-20,110.0
Marshall,2021-02-21,1.0
Marshall,2021-02-22,6.0
Maury,2021-02-19,1.0
Maury,2021-02-20,1.0
Maury,2021-02-22,2.0
McMinn,2021-02-20,17.0
McMinn,2021-02-21,2.0
McMinn,2021-02-22,
Meigs,2021-02-19,1.0
Meigs,2021-02-21,1.0
Meigs,2021-02-22,
Monroe,2021-02-20,26.0
Monroe,2021-02-21,215.0
Monroe,2021-02-22,215.0
Montgomery,2021-02-19,9.0
Montgomery,2021-02-20,128.0
Montgomery,2021-02-21,29.0
Montgomery,2021-02-22,5.0
Moore,2021-02-19,22.0
Moore,2021-02-20,97.0
Moore,2021-02-21,16.0
Morgan,2021-02-21,12.0
Morgan,2021-02-22,60.0
Obion,2021-02-19,4.0
Obion,2021-02-21,1159.0
Obion,2021-02-22,1.0
Overton,2021-02-19,1.0
Overton,2021-02-20,1.0
Overton,2021-02-22,2.0
Pickett,2021-02-19,40.0
Pickett,2021-02-20,71.0
Pickett,2021-02-21,14.0
Pickett,2021-02-22,15.0
Polk,2021-02-20,8.0
Polk,2021-02-21,1.0
Polk,2021-02-22,634.0
Putnam,2021-02-22,72.0
Rhea,2021-02-20,98.0
Rhea,2021-02-21,1.0
Rhea,2021-02-22,50.0
Roane,2021-02-20,54.0
Roane,2021-02-21,5.0
Roane,2021-02-22,
Robertson,2021-02-19,1.0
Robertson,2021-02-20,40.0
Robertson,2021-02-21,
Robertson,2021-02-22,4.0
Rutherford,2021-02-19,54.0
Rutherford,2021-02-20,607.0
Rutherford,2021-02-21,17.0
Rutherford,2021-02-22,7.0
Scott,2021-02-22,
Sequatchie,2021-02-21,2.0
Sevier,2021-02-19,2.0
Sevier,2021-02-20,14.0
Sevier,2021-02-21,35.0
Sevier,2021-02-22,3863.0
Shelby,2021-02-19,1670.0
Shelby,2021-02-20,4869.0
Shelby,2021-02-21,3638.0
Shelby,2021-02-22,334.0
Smith,2021-02-19,
Smith,2021-02-21,84.0
Smith,2021-02-22,
Stewart,2021-02-19,1.0
Stewart,2021-02-20,1.0
Stewart,2021-02-21,4.0
Stewart,2021-02-22,1.0
Sullivan,2021-02-19,8.0
Sullivan,2021-02-20,4.0
Sullivan,2021-02-21,49.0
Sullivan,2021-02-22,11.0
Sumner,2021-02-19,1.0
Sumner,2021-02-20,33.0
Sumner,2021-02-21,2.0
Sumner,2021-02-22,55.0
Tipton,2021-02-19,3.0
Tipton,2021-02-20,3.0
Tipton,2021-02-21,8.0
Tipton,2021-02-22,41.0
Trousdale,2021-02-19,
Trousdale,2021-02-22,
Unicoi,2021-02-22,
Union,2021-02-19,6.0
Union,2021-02-20,2.0
Union,2021-02-21,2.0
Van Buren,2021-02-22,69.0
Warren,2021-02-22,
Washington,2021-02-19,3.0
Washington,2021-02-20,5.0
Washington,2021-02-21,5.0
Washington,2021-02-22,3397.0
White,2021-02-22,
Williamson,2021-02-19,1.0
Williamson,2021-02-20,2.0
Williamson,2021-02-21,20.0
Williamson,2021-02-22,1901.0
Wilson,2021-02-20,4.0
Wilson,2021-02-21,60.0
Wilson,2021-02-22,8.0
Anderson,2021-02-22,16.0
Anderson,2021-02-23,12.0
Anderson,2021-02-24,1.0
Anderson,2021-02-25,1.0
Bedford,2021-02-22,198.0
Bedford,2021-02-23,1.0
Bedford,2021-02-24,78.0
Bedford,2021-02-25,3.0
Bledsoe,2021-02-22,1.0
Bledsoe,2021-02-24,6.0
Blount,2021-02-22,65.0
Blount,2021-02-23,80.0
Blount,2021-02-24,25.0
Blount,2021-02-25,30.0
Bradley,2021-02-22,3.0
Bradley,2021-02-23,2.0
Bradley,2021-02-24,1.0
Campbell,2021-02-22,1.0
Campbell,2021-02-23,42.0
Campbell,2021-02-24,34.0
Campbell,2021-02-25,10.0
Cannon,2021-02-23,28.0
Cannon,2021-02-24,9.0
Cannon,2021-02-25,4.0
Cheatham,2021-02-22,2.0
Cheatham,2021-02-23,8.0
Cheatham,2021-02-24,21.0
Cheatham,2021-02-25,5.0
Chester,2021-02-24,60.0
Claiborne,2021-02-22,1.0
Claiborne,2021-02-23,8.0
Claiborne,2021-02-24,61.0
Claiborne,2021-02-25,1.0
Clay,2021-02-23,1.0
Cocke,2021-02-22,1.0
Cocke,2021-02-23,18.0
Cocke,2021-02-24,10.0
Cocke,2021-02-25,6.0
Coffee,2021-02-22,6.0
Coffee,2021-02-23,612.0
Coffee,2021-02-24,22.0
Coffee,2021-02-25,177.0
Crockett,2021-02-23,1.0
Crockett,2021-02-24,2.0
Crockett,2021-02-25,2.0
Cumberland,2021-02-23,57.0
Cumberland,2021-02-24,348.0
Cumberland,2021-02-25,31.0
Davidson,2021-02-22,129.0
Davidson,2021-02-23,188.0
Davidson,2021-02-24,44.0
Davidson,2021-02-25,5115.0
DeKalb,2021-02-23,1.0
DeKalb,2021-02-25,
Dickson,2021-02-25,
Fayette,2021-02-22,1.0
Fayette,2021-02-23,
Fayette,2021-02-24,85.0
Fayette,2021-02-25,26.0
Fentress,2021-02-22,1.0
Fentress,2021-02-23,56.0
Fentress,2021-02-24,7.0
Fentress,2021-02-25,1.0
Franklin,2021-02-22,13.0
Franklin,2021-02-23,20.0
Franklin,2021-02-24,3.0
Franklin,2021-02-25,3.0
Gibson,2021-02-22,20.0
Gibson,2021-02-23,59.0
Gibson,2021-02-24,2.0
Giles,2021-02-22,1.0
Giles,2021-02-23,16.0
Giles,2021-02-24,1326.0
Giles,2021-02-25,30.0
Grainger,2021-02-22,16.0
Grainger,2021-02-23,1.0
Grainger,2021-02-24,2.0
Grainger,2021-02-25,91.0
Greene,2021-02-23,1169.0
Greene,2021-02-24,3.0
Greene,2021-02-25,2.0
Grundy,2021-02-22,1.0
Grundy,2021-02-23,7.0
Hamblen,2021-02-23,10.0
Hamblen,2021-02-24,
Hamblen,2021-02-25,2.0
Hamilton,2021-02-23,47.0
Hamilton,2021-02-24,1.0
Hamilton,2021-02-25,1.0
Hancock,2021-02-22,1.0
Hancock,2021-02-23,27.0
Hancock,2021-02-24,2.0
Hancock,2021-02-25,1.0
Hardeman,2021-02-22,3.0
Hardeman,2021-02-23,
Hardeman,2021-02-24,
Hawkins,2021-02-23,123.0
Hawkins,2021-02-24,31.0
Hawkins,2021-02-25,31.0
Haywood,2021-02-22,
Haywood,2021-02-23,50.0
Haywood,2021-02-24,
Henderson,2021-02-24,1.0
Henry,2021-02-23,
Henry,2021-02-24,51.0
Henry,2021-02-25,5.0
Hickman,2021-02-25,
Knox,2021-02-22,70.0
Knox,2021-02-23,140.0
Knox,2021-02-24,275.0
Knox,2021-02-25,2538.0
Lawrence,2021-02-22,2.0
Lawrence,2021-02-23,24.0
Lawrence,2021-02-24,17.0
Lawrence,2021-02-25,2.0
Lewis,2021-02-22,
Lewis,2021-02-23,
Lincoln,2021-02-22,
Lincoln,2021-02-23,
Lincoln,2021-02-24,182.0
Loudon,2021-02-22,4.0
Loudon,2021-02-23,5.0
Loudon,2021-02-24,
Loudon,2021-02-25,21.0
Macon,2021-02-23,2.0
Macon,2021-02-24,1.0
Macon,2021-02-25,1.0
Madison,2021-02-22,4.0
Madison,2021-02-24,312.0
Madison,2021-02-25,1090.0
Marion,2021-02-22,1.0
Marion,2021-02-23,1.0
Marion,2021-02-24,4.0
Marion,2021-02-25,65.0
Marshall,2021-02-22,
Marshall,2021-02-23,8.0
Marshall,2021-02-24,4.0
Marshall,2021-02-25,3.0
Maury,2021-02-22,
Maury,2021-02-23,9.0
Maury,2021-02-24,1.0
Maury,2021-02-25,3.0
McMinn,2021-02-24,1.0
McMinn,2021-02-25,1.0
Meigs,2021-02-23,1.0
Meigs,2021-02-24,2.0
Meigs,2021-02-25,1.0
Monroe,2021-02-23,92.0
Monroe,2021-02-24,243.0
Monroe,2021-02-25,25.0
Montgomery,2021-02-22,1.0
Montgomery,2021-02-23,2125.0
Montgomery,2021-02-24,112.0
Montgomery,2021-02-25,3.0
Moore,2021-02-22,
Moore,2021-02-23,2.0
Moore,2021-02-24,1.0
Moore,2021-02-25,16.0
Morgan,2021-02-22,5.0
Morgan,2021-02-24,
Obion,2021-02-23,2.0
Obion,2021-02-24,8.0
Overton,2021-02-23,1.0
Overton,2021-02-24,
Pickett,2021-02-23,20.0
Pickett,2021-02-24,1.0
Polk,2021-02-23,1.0
Polk,2021-02-24,
Putnam,2021-02-22,1.0
Putnam,2021-02-24,
Rhea,2021-02-24,51.0
Roane,2021-02-23,3.0
Roane,2021-02-24,96.0
Roane,2021-02-25,1.0
Robertson,2021-02-22,1.0
Robertson,2021-02-23,4.0
Robertson,2021-02-24,63.0
Robertson,2021-02-25,17.0
Rutherford,2021-02-22,2.0
Rutherford,2021-02-23,13.0
Rutherford,2021-02-24,17.0
Rutherford,2021-02-25,7.0
Scott,2021-02-24,
Sequatchie,2021-02-22,1.0
Sequatchie,2021-02-23,1.0
Sequatchie,2021-02-24,67.0
Sevier,2021-02-22,522.0
Sevier,2021-02-23,28.0
Sevier,2021-02-24,51.0
Sevier,2021-02-25,31.0
Shelby,2021-02-22,253.0
Shelby,2021-02-23,817.0
Shelby,2021-02-24,267.0
Shelby,2021-02-25,1170.0
Smith,2021-02-25,
Stewart,2021-02-22,1.0
Stewart,2021-02-23,1.0
Stewart,2021-02-24,1.0
Stewart,2021-02-25,9.0
Sullivan,2021-02-22,8.0
Sullivan,2021-02-23,31.0
Sullivan,2021-02-24,30.0
Sullivan,2021-02-25,30.0
Sumner,2021-02-22,1.0
Sumner,2021-02-23,9.0
Sumner,2021-02-24,7.0
Sumner,2021-02-25,35.0
Tipton,2021-02-22,2.0
Tipton,2021-02-24,10.0
Trousdale,2021-02-23,1.0
Trousdale,2021-02-24,3.0
Trousdale,2021-02-25,3.0
Unicoi,2021-02-23,
Unicoi,2021-02-24,
Union,2021-02-23,
Union,2021-02-24,
Union,2021-02-25,1.0
Warren,2021-02-25,
Washington,2021-02-22,3.0
Washington,2021-02-23,101.0
Washington,2021-02-24,7.0
Washington,2021-02-25,16.0
White,2021-02-24,8.0
Williamson,2021-02-22,2.0
Williamson,2021-02-23,8.0
Williamson,2021-02-24,97.0
Williamson,2021-02-25,51.0
Wilson,2021-02-22,7.0
Wilson,2021-02-23,10.0
Wilson,2021-02-24,13.0
Wilson,2021-02-25,26.0
Anderson,2021-02-25,5.0
Anderson,2021-02-26,30.0
Anderson,2021-02-27,36.0
Anderson,2021-02-28,282.0
Anderson,2021-03-01,69.0
Bedford,2021-02-25,1.0
Bedford,2021-02-26,6.0
Bedford,2021-02-27,2.0
Bedford,2021-02-28,26649.0
Bedford,2021-03-01,168.0
Bledsoe,2021-02-25,1.0
Bledsoe,2021-02-26,1.0
Bledsoe,2021-02-27,12.0
Bledsoe,2021-02-28,5.0
Bledsoe,2021-03-01,76.0
Blount,2021-02-25,3.0
Blount,2021-02-26,96.0
Blount,2021-02-27,540.0
Blount,2021-02-28,540.0
Blount,2021-03-01,342.0
Bradley,2021-02-26,847.0
Bradley,2021-02-27,30.0
Bradley,2021-02-28,4.0
Bradley,2021-03-01,57.0
Campbell,2021-02-25,
Campbell,2021-02-26,207.0
Campbell,2021-02-27,199.0
Campbell,2021-02-28,140.0
Campbell,2021-03-01,236.0
Cannon,2021-02-26,1.0
Cannon,2021-02-27,1.0
Cannon,2021-02-28,4.0
Cannon,2021-03-01,
Cheatham,2021-02-25,5.0
Cheatham,2021-02-26,29.0
Cheatham,2021-02-27,29.0
Cheatham,2021-02-28,117.0
Cheatham,2021-03-01,514.0
Chester,2021-02-26,1.0
Chester,2021-02-27,2.0
Chester,2021-02-28,6.0
Chester,2021-03-01,6.0
Claiborne,2021-02-25,
Claiborne,2021-02-26,19.0
Claiborne,2021-02-27,57.0
Claiborne,2021-02-28,705.0
Claiborne,2021-03-01,38.0
Cocke,2021-02-26,4.0
Cocke,2021-02-27,2.0
Cocke,2021-02-28,38.0
Cocke,2021-03-01,11.0
Coffee,2021-02-25,
Coffee,2021-02-26,698.0
Coffee,2021-02-27,24.0
Coffee,2021-02-28,778.0
Coffee,2021-03-01,204.0
Crockett,2021-02-27,1.0
Crockett,2021-02-28,10.0
Cumberland,2021-02-25,7.0
Cumberland,2021-02-26,1.0
Cumberland,2021-02-27,13.0
Cumberland,2021-02-28,3.0
Cumberland,2021-03-01,5.0
Davidson,2021-02-25,5.0
Davidson,2021-02-26,567.0
Davidson,2021-02-27,2988.0
Davidson,2021-02-28,2241.0
Davidson,2021-03-01,804.0
DeKalb,2021-03-01,
Dickson,2021-03-01,
Dyer,2021-02-28,2.0
Fayette,2021-02-26,14.0
Fayette,2021-02-27,11.0
Fayette,2021-02-28,18.0
Fayette,2021-03-01,1.0
Fentress,2021-02-26,1.0
Fentress,2021-02-27,138.0
Fentress,2021-02-28,1.0
Fentress,2021-03-01,
Franklin,2021-02-25,1.0
Franklin,2021-02-26,2.0
Franklin,2021-02-27,21.0
Franklin,2021-02-28,37.0
Franklin,2021-03-01,37.0
Gibson,2021-02-26,4.0
Gibson,2021-02-27,497.0
Gibson,2021-02-28,618.0
Giles,2021-02-25,
Giles,2021-02-26,23.0
Giles,2021-02-27,1.0
Giles,2021-02-28,35.0
Giles,2021-03-01,35.0
Grainger,2021-02-26,25.0
Grainger,2021-02-27,
Grainger,2021-02-28,1132.0
Grainger,2021-03-01,1128.0
Greene,2021-02-26,3.0
Greene,2021-02-27,31.0
Greene,2021-02-28,82.0
Greene,2021-03-01,19.0
Grundy,2021-02-25,
Grundy,2021-02-27,91.0
Grundy,2021-02-28,26.0
Grundy,2021-03-01,32.0
Hamblen,2021-02-26,
Hamblen,2021-02-27,30.0
Hamblen,2021-02-28,577.0
Hamilton,2021-02-26,9.0
Hamilton,2021-03-01,4.0
Hancock,2021-02-25,1.0
Hancock,2021-02-26,7.0
Hancock,2021-02-27,8.0
Hancock,2021-02-28,99.0
Hancock,2021-03-01,1.0
Hawkins,2021-02-26,181.0
Hawkins,2021-02-27,7.0
Hawkins,2021-02-28,658.0
Hawkins,2021-03-01,4.0
Haywood,2021-02-27,236.0
Haywood,2021-02-28,989.0
Henderson,2021-02-28,1.0
Henry,2021-02-25,2.0
Henry,2021-02-26,1.0
Henry,2021-02-27,228.0
Henry,2021-02-28,136.0
Henry,2021-03-01,
Hickman,2021-03-01,
Jefferson,2021-02-25,31.0
Jefferson,2021-02-26,22.0
Jefferson,2021-02-27,30.0
Jefferson,2021-02-28,30.0
Jefferson,2021-03-01,42.0
Knox,2021-02-25,6929.0
Knox,2021-02-26,1526.0
Knox,2021-02-27,91.0
Knox,2021-02-28,1811.0
Knox,2021-03-01,5723.0
Lake,2021-02-26,6.0
Lake,2021-02-28,5.0
Lawrence,2021-02-25,3.0
Lawrence,2021-02-26,2.0
Lawrence,2021-02-27,1.0
Lawrence,2021-02-28,59.0
Lawrence,2021-03-01,58.0
Lewis,2021-02-25,
Lincoln,2021-02-25,
Loudon,2021-02-25,12.0
Loudon,2021-02-26,1.0
Loudon,2021-02-27,97.0
Loudon,2021-02-28,529.0
Loudon,2021-03-01,526.0
Macon,2021-02-27,138.0
Macon,2021-02-28,10.0
Macon,2021-03-01,8.0
Madison,2021-02-25,180.0
Madison,2021-02-26,4.0
Madison,2021-02-27,197.0
Madison,2021-02-28,483.0
Marion,2021-02-25,57.0
Marion,2021-02-26,2.0
Marion,2021-02-27,6.0
Marion,2021-02-28,6.0
Marion,2021-03-01,251.0
Marshall,2021-02-25,
Marshall,2021-02-26,69.0
Marshall,2021-02-27,27.0
Marshall,2021-02-28,39.0
Marshall,2021-03-01,40.0
Maury,2021-02-25,2.0
Maury,2021-02-26,25.0
Maury,2021-02-27,4.0
Maury,2021-02-28,49.0
Maury,2021-03-01,55.0
McMinn,2021-02-27,74.0
McMinn,2021-02-28,18.0
McMinn,2021-03-01,721.0
Meigs,2021-02-25,1.0
Meigs,2021-02-26,1.0
Meigs,2021-02-27,8.0
Meigs,2021-02-28,8.0
Meigs,2021-03-01,1159.0
Monroe,2021-02-26,11.0
Monroe,2021-02-27,44.0
Monroe,2021-02-28,466.0
Monroe,2021-03-01,265.0
Montgomery,2021-02-25,5.0
Montgomery,2021-02-26,21.0
Montgomery,2021-02-27,20.0
Montgomery,2021-02-28,212.0
Montgomery,2021-03-01,1.0
Moore,2021-02-25,
Moore,2021-03-01,6.0
Morgan,2021-03-01,
Obion,2021-02-25,5.0
Obion,2021-02-26,4.0
Obion,2021-02-27,3.0
Obion,2021-02-28,55.0
Obion,2021-03-01,4.0
Overton,2021-02-26,1.0
Overton,2021-02-27,285.0
Overton,2021-02-28,51.0
Overton,2021-03-01,
Pickett,2021-02-27,14.0
Pickett,2021-02-28,110.0
Pickett,2021-03-01,
Polk,2021-02-25,15.0
Polk,2021-02-26,1.0
Polk,2021-02-28,1.0
Polk,2021-03-01,4.0
Putnam,2021-02-26,1.0
Putnam,2021-02-27,26.0
Putnam,2021-03-01,
Rhea,2021-02-26,8.0
Rhea,2021-02-27,42.0
Rhea,2021-02-28,1382.0
Rhea,2021-03-01,51.0
Roane,2021-02-28,37.0
Roane,2021-03-01,795.0
Robertson,2021-02-25,1.0
Robertson,2021-02-26,207.0
Robertson,2021-02-27,509.0
Robertson,2021-02-28,100.0
Robertson,2021-03-01,5.0
Rutherford,2021-02-25,2.0
Rutherford,2021-02-26,31.0
Rutherford,2021-02-27,138.0
Rutherford,2021-02-28,8881.0
Rutherford,2021-03-01,223.0
Scott,2021-02-28,2.0
Scott,2021-03-01,
Sequatchie,2021-02-28,3.0
Sequatchie,2021-03-01,28.0
Sevier,2021-02-25,58.0
Sevier,2021-02-26,185.0
Sevier,2021-02-27,16.0
Sevier,2021-02-28,358.0
Sevier,2021-03-01,248.0
Shelby,2021-02-25,46.0
Shelby,2021-02-26,3149.0
Shelby,2021-02-27,4872.0
Shelby,2021-02-28,1674.0
Shelby,2021-03-01,187.0
Smith,2021-03-01,
Stewart,2021-02-26,2.0
Stewart,2021-02-28,64.0
Stewart,2021-03-01,27.0
Sullivan,2021-02-25,1.0
Sullivan,2021-02-26,4.0
Sullivan,2021-02-27,139.0
Sullivan,2021-02-28,139.0
Sullivan,2021-03-01,1.0
Sumner,2021-02-25,17.0
Sumner,2021-02-26,63.0
Sumner,2021-02-27,15.0
Sumner,2021-02-28,588.0
Sumner,2021-03-01,28.0
Tipton,2021-02-26,8.0
Tipton,2021-02-27,440.0
Tipton,2021-02-28,622.0
Tipton,2021-03-01,1.0
Trousdale,2021-02-27,63.0
Trousdale,2021-02-28,1.0
Trousdale,2021-03-01,
Unicoi,2021-02-26,
Unicoi,2021-02-27,
Unicoi,2021-03-01,
Union,2021-02-25,61.0
Union,2021-02-26,
Union,2021-02-27,
Union,2021-02-28,905.0
Union,2021-03-01,898.0
Van Buren,2021-02-28,13.0
Warren,2021-03-01,
Washington,2021-02-25,2.0
Washington,2021-02-26,1980.0
Washington,2021-02-27,2738.0
Washington,2021-02-28,2740.0
Washington,2021-03-01,5.0
Wayne,2021-02-25,
White,2021-03-01,
Williamson,2021-02-25,2.0
Williamson,2021-02-26,2.0
Williamson,2021-02-27,12.0
Williamson,2021-02-28,6.0
Williamson,2021-03-01,18.0
Wilson,2021-02-25,1.0
Wilson,2021-02-26,17.0
Wilson,2021-02-27,75.0
Wilson,2021-02-28,3.0
Wilson,2021-03-01,2.0
Anderson,2021-03-01,335.0
Anderson,2021-03-02,4.0
Anderson,2021-03-03,24.0
Bedford,2021-03-01,4.0
Bedford,2021-03-02,2.0
Bedford,2021-03-03,4.0
Bledsoe,2021-03-01,25.0
Bledsoe,2021-03-02,1.0
Blount,2021-03-01,111.0
Blount,2021-03-02,16.0
Blount,2021-03-03,46.0
Bradley,2021-03-01,57.0
Bradley,2021-03-02,2.0
Bradley,2021-03-03,53.0
Campbell,2021-03-01,52.0
Campbell,2021-03-02,101.0
Campbell,2021-03-03,81.0
Cannon,2021-03-01,1.0
Cannon,2021-03-02,12.0
Cannon,2021-03-03,15.0
Carter,2021-03-01,
Cheatham,2021-03-01,512.0
Cheatham,2021-03-02,2.0
Cheatham,2021-03-03,3.0
Claiborne,2021-03-01,23.0
Claiborne,2021-03-02,46.0
Claiborne,2021-03-03,47.0
Clay,2021-03-03,1.0
Cocke,2021-03-01,23.0
Cocke,2021-03-02,79.0
Cocke,2021-03-03,44.0
Cocke,2021-03-04,1.0
Coffee,2021-03-01,10.0
Coffee,2021-03-02,4.0
Coffee,2021-03-03,3.0
Cumberland,2021-03-01,112.0
Cumberland,2021-03-02,454.0
Cumberland,2021-03-03,1514.0
Davidson,2021-03-01,468.0
Davidson,2021-03-02,216.0
Davidson,2021-03-03,148.0
Davidson,2021-03-04,1.0
DeKalb,2021-03-01,1.0
DeKalb,2021-03-03,2.0
Fayette,2021-03-01,5.0
Fayette,2021-03-02,1.0
Fayette,2021-03-03,2.0
Fentress,2021-03-01,5.0
Fentress,2021-03-02,1187.0
Franklin,2021-03-01,22.0
Franklin,2021-03-02,6.0
Franklin,2021-03-03,3.0
Gibson,2021-03-01,3269.0
Gibson,2021-03-02,59.0
Giles,2021-03-01,7.0
Giles,2021-03-02,19.0
Giles,2021-03-03,2.0
Grainger,2021-03-01,3.0
Greene,2021-03-01,63.0
Greene,2021-03-02,5.0
Greene,2021-03-03,692.0
Grundy,2021-03-01,
Grundy,2021-03-02,1.0
Hamblen,2021-03-01,4.0
Hamblen,2021-03-02,4.0
Hamblen,2021-03-03,4.0
Hamilton,2021-03-01,33.0
Hamilton,2021-03-02,1.0
Hancock,2021-03-01,3.0
Hancock,2021-03-02,1.0
Hancock,2021-03-03,18.0
Hancock,2021-03-04,1.0
Hardeman,2021-03-01,
Hardeman,2021-03-02,3.0
Hardeman,2021-03-03,
Hawkins,2021-03-01,8.0
Hawkins,2021-03-02,11.0
Hawkins,2021-03-03,8.0
Haywood,2021-03-01,1.0
Haywood,2021-03-02,
Haywood,2021-03-03,1.0
Henry,2021-03-01,70.0
Henry,2021-03-02,29.0
Henry,2021-03-03,2.0
Jefferson,2021-03-01,10.0
Jefferson,2021-03-03,2.0
Knox,2021-03-01,2496.0
Knox,2021-03-02,68.0
Knox,2021-03-03,134.0
Knox,2021-03-04,5.0
Lake,2021-03-02,1.0
Lawrence,2021-03-01,2.0
Lawrence,2021-03-02,3.0
Lawrence,2021-03-03,24.0
Lewis,2021-03-01,
Lewis,2021-03-03,
Lincoln,2021-03-01,
Loudon,2021-03-01,41.0
Loudon,2021-03-02,2.0
Loudon,2021-03-03,5.0
Macon,2021-03-03,1.0
Madison,2021-03-01,55.0
Madison,2021-03-02,46.0
Madison,2021-03-03,2.0
Marion,2021-03-01,2.0
Marion,2021-03-02,1.0
Marion,2021-03-03,29.0
Marshall,2021-03-01,1.0
Marshall,2021-03-02,3.0
Marshall,2021-03-03,844.0
Maury,2021-03-01,1.0
Maury,2021-03-02,45.0
Maury,2021-03-03,5.0
McMinn,2021-03-01,74.0
McMinn,2021-03-03,1.0
Meigs,2021-03-01,271.0
Meigs,2021-03-03,5.0
Monroe,2021-03-01,262.0
Monroe,2021-03-02,22.0
Monroe,2021-03-03,12.0
Montgomery,2021-03-01,4.0
Montgomery,2021-03-02,534.0
Montgomery,2021-03-03,12.0
Moore,2021-03-01,6.0
Moore,2021-03-02,1.0
Moore,2021-03-03,3.0
Obion,2021-03-02,7.0
Overton,2021-03-01,52.0
Overton,2021-03-02,1.0
Pickett,2021-03-01,1.0
Pickett,2021-03-02,22.0
Pickett,2021-03-03,36.0
Polk,2021-03-01,34.0
Polk,2021-03-02,1.0
Polk,2021-03-03,23.0
Putnam,2021-03-03,1.0
Rhea,2021-03-01,16.0
Rhea,2021-03-02,1.0
Rhea,2021-03-03,1.0
Roane,2021-03-01,8.0
Roane,2021-03-02,29.0
Roane,2021-03-03,2.0
Robertson,2021-03-01,20.0
Robertson,2021-03-02,9.0
Robertson,2021-03-03,19.0
Robertson,2021-03-04,19.0
Rutherford,2021-03-01,10.0
Rutherford,2021-03-02,9.0
Rutherford,2021-03-03,38.0
Sequatchie,2021-03-01,1.0
Sequatchie,2021-03-03,1.0
Sevier,2021-03-01,915.0
Sevier,2021-03-02,15.0
Sevier,2021-03-03,41.0
Shelby,2021-03-01,48.0
Shelby,2021-03-02,251.0
Shelby,2021-03-03,197.0
Shelby,2021-03-04,9.0
Stewart,2021-03-01,22.0
Stewart,2021-03-02,1.0
Stewart,2021-03-03,8.0
Sullivan,2021-03-01,17.0
Sullivan,2021-03-02,24.0
Sullivan,2021-03-03,10.0
Sumner,2021-03-01,27.0
Sumner,2021-03-02,110.0
Sumner,2021-03-03,46.0
Tipton,2021-03-01,5.0
Tipton,2021-03-03,47.0
Trousdale,2021-03-01,3.0
Trousdale,2021-03-02,1.0
Trousdale,2021-03-03,19.0
Unicoi,2021-03-01,19.0
Unicoi,2021-03-02,
Unicoi,2021-03-03,
Union,2021-03-02,39.0
Union,2021-03-03,313.0
Van Buren,2021-03-01,1.0
Washington,2021-03-01,8.0
Washington,2021-03-02,13.0
Washington,2021-03-03,20.0
Washington,2021-03-04,2.0
Wayne,2021-03-03,
Williamson,2021-03-01,21.0
Williamson,2021-03-02,24.0
Williamson,2021-03-03,15.0
Wilson,2021-03-01,487.0
Wilson,2021-03-02,11.0
Wilson,2021-03-03,37.0
Anderson,2021-03-04,3.0
Anderson,2021-03-06,19.0
Anderson,2021-03-07,21.0
Bedford,2021-03-04,4.0
Bedford,2021-03-05,26559.0
Bedford,2021-03-06,1.0
Bedford,2021-03-07,1.0
Bedford,2021-03-08,
Bledsoe,2021-03-04,23.0
Bledsoe,2021-03-05,2.0
Bledsoe,2021-03-06,1.0
Bledsoe,2021-03-07,1.0
Bledsoe,2021-03-08,
Blount,2021-03-04,122.0
Blount,2021-03-05,4.0
Blount,2021-03-06,146.0
Blount,2021-03-07,3.0
Bradley,2021-03-04,57.0
Bradley,2021-03-05,10.0
Bradley,2021-03-06,24.0
Bradley,2021-03-07,651.0
Bradley,2021-03-08,
Campbell,2021-03-04,82.0
Campbell,2021-03-05,55.0
Campbell,2021-03-06,140.0
Campbell,2021-03-07,23.0
Campbell,2021-03-08,
Cannon,2021-03-04,6.0
Cannon,2021-03-05,2.0
Cannon,2021-03-07,
Cannon,2021-03-08,
Cheatham,2021-03-04,8.0
Cheatham,2021-03-05,2.0
Cheatham,2021-03-06,1.0
Cheatham,2021-03-07,5.0
Cheatham,2021-03-08,
Chester,2021-03-04,
Chester,2021-03-05,3.0
Chester,2021-03-07,2.0
Claiborne,2021-03-04,47.0
Claiborne,2021-03-05,6.0
Claiborne,2021-03-06,36.0
Claiborne,2021-03-07,8.0
Claiborne,2021-03-08,
Cocke,2021-03-04,18.0
Cocke,2021-03-05,30.0
Cocke,2021-03-06,20.0
Cocke,2021-03-07,4.0
Cocke,2021-03-08,1.0
Coffee,2021-03-04,78.0
Coffee,2021-03-05,21.0
Coffee,2021-03-06,3.0
Coffee,2021-03-07,3.0
Coffee,2021-03-08,
Crockett,2021-03-04,
Crockett,2021-03-05,1.0
Cumberland,2021-03-04,2.0
Cumberland,2021-03-05,2.0
Cumberland,2021-03-06,305.0
Cumberland,2021-03-07,12.0
Cumberland,2021-03-08,
Davidson,2021-03-04,404.0
Davidson,2021-03-05,7454.0
Davidson,2021-03-06,801.0
Davidson,2021-03-07,28.0
Davidson,2021-03-08,1.0
DeKalb,2021-03-04,
DeKalb,2021-03-07,
DeKalb,2021-03-08,
Dickson,2021-03-04,
Dickson,2021-03-07,
Dickson,2021-03-08,
Dyer,2021-03-04,
Dyer,2021-03-05,7.0
Fayette,2021-03-04,51.0
Fayette,2021-03-05,29.0
Fayette,2021-03-06,1.0
Fayette,2021-03-07,2.0
Fentress,2021-03-04,2.0
Fentress,2021-03-06,1.0
Fentress,2021-03-07,6.0
Fentress,2021-03-08,
Franklin,2021-03-04,2.0
Franklin,2021-03-05,1.0
Gibson,2021-03-04,3.0
Gibson,2021-03-05,7.0
Gibson,2021-03-07,1.0
Giles,2021-03-04,29.0
Giles,2021-03-05,7.0
Giles,2021-03-06,18.0
Giles,2021-03-07,29.0
Grainger,2021-03-04,29.0
Grainger,2021-03-06,8.0
Grainger,2021-03-07,6.0
Greene,2021-03-04,1.0
Greene,2021-03-05,30.0
Greene,2021-03-06,27.0
Greene,2021-03-07,1.0
Greene,2021-03-08,
Grundy,2021-03-06,13.0
Grundy,2021-03-07,2.0
Grundy,2021-03-08,2.0
Hamblen,2021-03-04,3.0
Hamblen,2021-03-05,4.0
Hamblen,2021-03-06,1.0
Hamblen,2021-03-07,
Hamilton,2021-03-04,1.0
Hamilton,2021-03-06,263.0
Hamilton,2021-03-08,
Hancock,2021-03-04,21.0
Hancock,2021-03-05,1.0
Hancock,2021-03-06,1.0
Hancock,2021-03-07,3.0
Hancock,2021-03-08,1.0
Hardeman,2021-03-04,
Hardeman,2021-03-05,
Hardeman,2021-03-07,
Hawkins,2021-03-04,37.0
Hawkins,2021-03-05,2.0
Hawkins,2021-03-06,35.0
Hawkins,2021-03-07,4.0
Haywood,2021-03-04,
Haywood,2021-03-05,
Haywood,2021-03-06,8.0
Haywood,2021-03-07,
Henderson,2021-03-04,35.0
Henry,2021-03-04,4.0
Henry,2021-03-05,48.0
Henry,2021-03-06,2.0
Henry,2021-03-07,237.0
Hickman,2021-03-04,
Hickman,2021-03-07,
Hickman,2021-03-08,
Jefferson,2021-03-04,1.0
Jefferson,2021-03-05,1.0
Jefferson,2021-03-06,1.0
Jefferson,2021-03-07,7.0
Knox,2021-03-04,995.0
Knox,2021-03-05,17.0
Knox,2021-03-06,2928.0
Knox,2021-03-07,123.0
Knox,2021-03-08,4.0
Lake,2021-03-04,
Lauderdale,2021-03-04,
Lawrence,2021-03-04,5.0
Lawrence,2021-03-05,10.0
Lawrence,2021-03-06,1.0
Lawrence,2021-03-07,1.0
Lincoln,2021-03-05,2.0
Loudon,2021-03-04,11.0
Loudon,2021-03-05,4.0
Loudon,2021-03-06,27.0
Loudon,2021-03-08,
Macon,2021-03-04,20.0
Macon,2021-03-05,10.0
Madison,2021-03-04,681.0
Madison,2021-03-05,5.0
Madison,2021-03-06,4.0
Madison,2021-03-07,7.0
Marion,2021-03-04,1.0
Marion,2021-03-07,26.0
Marshall,2021-03-04,30.0
Marshall,2021-03-05,
Marshall,2021-03-06,3.0
Marshall,2021-03-07,2.0
Marshall,2021-03-08,
Maury,2021-03-04,2.0
Maury,2021-03-05,2.0
Maury,2021-03-06,1.0
Maury,2021-03-07,2.0
Maury,2021-03-08,2.0
McMinn,2021-03-05,303.0
McMinn,2021-03-06,1.0
McMinn,2021-03-07,2.0
McMinn,2021-03-08,
Meigs,2021-03-04,2.0
Meigs,2021-03-05,7.0
Meigs,2021-03-06,1395.0
Meigs,2021-03-07,14.0
Meigs,2021-03-08,
Monroe,2021-03-04,14.0
Monroe,2021-03-06,1.0
Monroe,2021-03-07,2.0
Monroe,2021-03-08,
Montgomery,2021-03-04,63.0
Montgomery,2021-03-05,41.0
Montgomery,2021-03-06,1147.0
Montgomery,2021-03-07,37.0
Montgomery,2021-03-08,
Moore,2021-03-04,2.0
Moore,2021-03-06,25.0
Morgan,2021-03-08,
Obion,2021-03-04,4.0
Obion,2021-03-05,4.0
Obion,2021-03-06,5.0
Overton,2021-03-07,348.0
Overton,2021-03-08,
Pickett,2021-03-04,22.0
Pickett,2021-03-08,
Polk,2021-03-04,194.0
Polk,2021-03-05,1.0
Polk,2021-03-07,2.0
Polk,2021-03-08,
Putnam,2021-03-04,12.0
Putnam,2021-03-08,
Rhea,2021-03-04,1.0
Rhea,2021-03-05,1.0
Rhea,2021-03-06,1.0
Rhea,2021-03-08,
Roane,2021-03-04,40.0
Roane,2021-03-05,40.0
Roane,2021-03-06,1.0
Roane,2021-03-08,
Robertson,2021-03-04,1160.0
Robertson,2021-03-05,5.0
Robertson,2021-03-06,23.0
Robertson,2021-03-07,30.0
Rutherford,2021-03-04,187.0
Rutherford,2021-03-05,9.0
Rutherford,2021-03-06,69.0
Rutherford,2021-03-07,57.0
Rutherford,2021-03-08,1.0
Scott,2021-03-08,
Sequatchie,2021-03-04,2.0
Sequatchie,2021-03-05,1.0
Sequatchie,2021-03-06,1.0
Sequatchie,2021-03-07,10.0
Sevier,2021-03-04,22.0
Sevier,2021-03-05,125.0
Sevier,2021-03-06,23.0
Sevier,2021-03-07,16.0
Shelby,2021-03-04,1316.0
Shelby,2021-03-05,1494.0
Shelby,2021-03-06,384.0
Shelby,2021-03-07,48.0
Shelby,2021-03-08,40.0
Smith,2021-03-04,
Smith,2021-03-07,
Smith,2021-03-08,
Stewart,2021-03-04,1.0
Stewart,2021-03-05,1284.0
Sullivan,2021-03-04,140.0
Sullivan,2021-03-05,32.0
Sullivan,2021-03-08,4.0
Sumner,2021-03-04,27.0
Sumner,2021-03-05,14.0
Sumner,2021-03-06,182.0
Sumner,2021-03-07,5.0
Tipton,2021-03-04,
Tipton,2021-03-05,3.0
Tipton,2021-03-06,1.0
Tipton,2021-03-07,2.0
Trousdale,2021-03-04,11.0
Trousdale,2021-03-07,
Trousdale,2021-03-08,
Unicoi,2021-03-05,
Unicoi,2021-03-08,
Union,2021-03-04,310.0
Union,2021-03-06,2.0
Union,2021-03-08,
Warren,2021-03-04,
Warren,2021-03-07,
Warren,2021-03-08,
Washington,2021-03-04,20.0
Washington,2021-03-05,934.0
Washington,2021-03-06,16.0
Washington,2021-03-07,2.0
Washington,2021-03-08,1.0
Weakley,2021-03-04,
White,2021-03-08,
Williamson,2021-03-04,17.0
Williamson,2021-03-05,156.0
Williamson,2021-03-06,2.0
Williamson,2021-03-07,3.0
Williamson,2021-03-08,1.0
Wilson,2021-03-04,8.0
Wilson,2021-03-05,16.0
Wilson,2021-03-07,1.0
Wilson,2021-03-08,
Anderson,2021-03-09,9.0
Anderson,2021-03-10,
Anderson,2021-03-11,9.0
Bedford,2021-03-08,25.0
Bedford,2021-03-09,26.0
Bedford,2021-03-10,5.0
Bedford,2021-03-11,2.0
Bledsoe,2021-03-08,305.0
Bledsoe,2021-03-09,1.0
Bledsoe,2021-03-10,3.0
Blount,2021-03-08,46.0
Blount,2021-03-09,63.0
Blount,2021-03-10,159.0
Blount,2021-03-11,24.0
Bradley,2021-03-08,1.0
Bradley,2021-03-09,35.0
Bradley,2021-03-10,72.0
Bradley,2021-03-11,2.0
Campbell,2021-03-08,80.0
Campbell,2021-03-09,140.0
Campbell,2021-03-10,241.0
Campbell,2021-03-11,8.0
Cannon,2021-03-08,25.0
Cannon,2021-03-09,8.0
Cannon,2021-03-10,1.0
Cannon,2021-03-11,4.0
Carter,2021-03-09,
Carter,2021-03-10,
Carter,2021-03-11,
Cheatham,2021-03-08,21.0
Cheatham,2021-03-09,1.0
Cheatham,2021-03-10,1426.0
Cheatham,2021-03-11,12.0
Chester,2021-03-08,1.0
Claiborne,2021-03-09,52.0
Claiborne,2021-03-10,52.0
Claiborne,2021-03-11,
Clay,2021-03-09,2.0
Clay,2021-03-10,5.0
Clay,2021-03-11,10.0
Cocke,2021-03-08,21.0
Cocke,2021-03-09,17.0
Cocke,2021-03-10,31.0
Cocke,2021-03-11,11.0
Coffee,2021-03-08,28.0
Coffee,2021-03-09,63.0
Coffee,2021-03-10,18.0
Crockett,2021-03-10,9.0
Cumberland,2021-03-08,1905.0
Cumberland,2021-03-09,1.0
Cumberland,2021-03-10,2.0
Cumberland,2021-03-11,4.0
Davidson,2021-03-08,240.0
Davidson,2021-03-09,782.0
Davidson,2021-03-10,
Davidson,2021-03-11,
DeKalb,2021-03-09,1.0
Dickson,2021-03-09,
Fayette,2021-03-08,17.0
Fayette,2021-03-09,72.0
Fayette,2021-03-10,1.0
Fentress,2021-03-08,2.0
Fentress,2021-03-09,1.0
Fentress,2021-03-10,137.0
Franklin,2021-03-08,4.0
Franklin,2021-03-09,6.0
Franklin,2021-03-10,8.0
Franklin,2021-03-11,5.0
Gibson,2021-03-08,1.0
Gibson,2021-03-10,4.0
Giles,2021-03-08,1.0
Giles,2021-03-09,7941.0
Giles,2021-03-10,502.0
Giles,2021-03-11,4.0
Grainger,2021-03-09,2335.0
Grainger,2021-03-10,
Grainger,2021-03-11,1.0
Greene,2021-03-08,58.0
Greene,2021-03-09,9.0
Greene,2021-03-10,7.0
Greene,2021-03-11,23.0
Grundy,2021-03-08,2.0
Grundy,2021-03-09,16.0
Grundy,2021-03-10,3.0
Hamblen,2021-03-08,39.0
Hamblen,2021-03-09,1.0
Hamblen,2021-03-10,375.0
Hamblen,2021-03-11,2.0
Hamilton,2021-03-08,4.0
Hamilton,2021-03-10,
Hancock,2021-03-08,17.0
Hancock,2021-03-09,2.0
Hancock,2021-03-10,82.0
Hancock,2021-03-11,1.0
Hardeman,2021-03-09,1.0
Hardeman,2021-03-10,
Hawkins,2021-03-08,42.0
Hawkins,2021-03-09,12.0
Hawkins,2021-03-10,526.0
Hawkins,2021-03-11,
Haywood,2021-03-08,2.0
Haywood,2021-03-09,4.0
Haywood,2021-03-10,
Henderson,2021-03-09,2.0
Henry,2021-03-08,160.0
Henry,2021-03-09,69.0
Henry,2021-03-10,1.0
Henry,2021-03-11,56.0
Jefferson,2021-03-09,3.0
Jefferson,2021-03-10,
Knox,2021-03-08,1722.0
Knox,2021-03-09,6294.0
Knox,2021-03-10,1742.0
Knox,2021-03-11,129.0
Lake,2021-03-09,7.0
Lake,2021-03-10,1.0
Lawrence,2021-03-08,55.0
Lawrence,2021-03-09,21.0
Lawrence,2021-03-10,5.0
Lawrence,2021-03-11,13.0
Lincoln,2021-03-08,1.0
Loudon,2021-03-08,4.0
Loudon,2021-03-09,2.0
Loudon,2021-03-10,6.0
Loudon,2021-03-11,3.0
Macon,2021-03-08,3.0
Macon,2021-03-09,1.0
Macon,2021-03-10,2.0
Macon,2021-03-11,1.0
Madison,2021-03-08,4.0
Madison,2021-03-09,2.0
Madison,2021-03-10,5.0
Marion,2021-03-08,1.0
Marion,2021-03-09,23.0
Marion,2021-03-10,1.0
Marion,2021-03-11,3.0
Marshall,2021-03-08,2.0
Marshall,2021-03-09,31.0
Marshall,2021-03-10,7.0
Maury,2021-03-08,378.0
Maury,2021-03-09,3.0
Maury,2021-03-10,1.0
Maury,2021-03-11,1.0
McMinn,2021-03-08,130.0
McMinn,2021-03-10,
Meigs,2021-03-08,1.0
Meigs,2021-03-10,1.0
Monroe,2021-03-08,54.0
Monroe,2021-03-09,52.0
Monroe,2021-03-10,13.0
Monroe,2021-03-11,24.0
Montgomery,2021-03-08,106.0
Montgomery,2021-03-09,42.0
Montgomery,2021-03-10,28.0
Montgomery,2021-03-11,10.0
Moore,2021-03-09,2.0
Moore,2021-03-10,1.0
Morgan,2021-03-10,
Obion,2021-03-10,37.0
Overton,2021-03-10,
Pickett,2021-03-09,1.0
Pickett,2021-03-10,1.0
Polk,2021-03-08,1.0
Polk,2021-03-10,676.0
Putnam,2021-03-08,12.0
Putnam,2021-03-10,
Rhea,2021-03-08,3.0
Rhea,2021-03-09,31.0
Rhea,2021-03-10,1377.0
Rhea,2021-03-11,5.0
Roane,2021-03-08,2.0
Roane,2021-03-09,40.0
Roane,2021-03-10,
Robertson,2021-03-08,94.0
Robertson,2021-03-09,39.0
Robertson,2021-03-10,13.0
Robertson,2021-03-11,14.0
Rutherford,2021-03-08,76.0
Rutherford,2021-03-09,22.0
Rutherford,2021-03-10,10.0
Rutherford,2021-03-11,48.0
Scott,2021-03-10,
Sequatchie,2021-03-10,4.0
Sevier,2021-03-08,46.0
Sevier,2021-03-09,55.0
Sevier,2021-03-10,8.0
Sevier,2021-03-11,2.0
Shelby,2021-03-08,218.0
Shelby,2021-03-09,1804.0
Shelby,2021-03-10,1363.0
Shelby,2021-03-11,11.0
Stewart,2021-03-08,1283.0
Stewart,2021-03-09,2.0
Stewart,2021-03-10,1.0
Stewart,2021-03-11,5.0
Sullivan,2021-03-08,11.0
Sullivan,2021-03-09,24.0
Sullivan,2021-03-10,1339.0
Sullivan,2021-03-11,7.0
Sumner,2021-03-08,32.0
Sumner,2021-03-09,2100.0
Sumner,2021-03-10,1988.0
Sumner,2021-03-11,2.0
Tipton,2021-03-09,4.0
Tipton,2021-03-10,13.0
Tipton,2021-03-11,1110.0
Trousdale,2021-03-08,7.0
Trousdale,2021-03-10,18.0
Unicoi,2021-03-09,25.0
Unicoi,2021-03-10,1.0
Union,2021-03-08,1.0
Union,2021-03-09,5289.0
Union,2021-03-10,1.0
Union,2021-03-11,2.0
Washington,2021-03-08,160.0
Washington,2021-03-09,971.0
Washington,2021-03-10,
Washington,2021-03-11,
White,2021-03-09,4.0
White,2021-03-10,380.0
Williamson,2021-03-08,20.0
Williamson,2021-03-09,29.0
Williamson,2021-03-10,418.0
Williamson,2021-03-11,182.0
Wilson,2021-03-08,73.0
Wilson,2021-03-09,73.0
Wilson,2021-03-10,14.0
Wilson,2021-03-11,8.0
Anderson,2021-03-11,7.0
Anderson,2021-03-12,34.0
Anderson,2021-03-14,3.0
Bedford,2021-03-11,3.0
Bedford,2021-03-12,4.0
Bedford,2021-03-14,45.0
Bledsoe,2021-03-11,
Bledsoe,2021-03-12,229.0
Bledsoe,2021-03-14,
Blount,2021-03-11,7.0
Blount,2021-03-12,6.0
Blount,2021-03-13,20.0
Blount,2021-03-14,77.0
Bradley,2021-03-11,1.0
Bradley,2021-03-13,5.0
Bradley,2021-03-14,80.0
Campbell,2021-03-11,72.0
Campbell,2021-03-12,226.0
Campbell,2021-03-13,8.0
Campbell,2021-03-14,30.0
Cannon,2021-03-11,2.0
Cannon,2021-03-13,4.0
Cannon,2021-03-14,2.0
Carter,2021-03-11,
Carter,2021-03-13,
Cheatham,2021-03-11,12.0
Cheatham,2021-03-12,99.0
Cheatham,2021-03-13,9.0
Cheatham,2021-03-14,223.0
Chester,2021-03-11,
Chester,2021-03-13,1.0
Claiborne,2021-03-11,58.0
Claiborne,2021-03-12,47.0
Claiborne,2021-03-13,24.0
Claiborne,2021-03-14,1.0
Clay,2021-03-11,10.0
Cocke,2021-03-11,75.0
Cocke,2021-03-12,1360.0
Cocke,2021-03-13,20.0
Cocke,2021-03-14,55.0
Coffee,2021-03-11,2.0
Coffee,2021-03-12,24.0
Coffee,2021-03-13,2.0
Coffee,2021-03-14,35.0
Crockett,2021-03-11,
Crockett,2021-03-12,20.0
Crockett,2021-03-14,42.0
Cumberland,2021-03-11,4.0
Cumberland,2021-03-12,450.0
Cumberland,2021-03-13,27.0
Cumberland,2021-03-14,9.0
Davidson,2021-03-11,14.0
Davidson,2021-03-12,1847.0
Davidson,2021-03-13,381.0
Davidson,2021-03-14,7435.0
DeKalb,2021-03-11,
Dickson,2021-03-11,
Fayette,2021-03-11,1.0
Fayette,2021-03-12,13.0
Fayette,2021-03-13,22.0
Fayette,2021-03-14,41.0
Fentress,2021-03-11,1.0
Fentress,2021-03-12,1.0
Fentress,2021-03-13,1.0
Fentress,2021-03-14,3.0
Franklin,2021-03-11,5.0
Franklin,2021-03-12,10.0
Franklin,2021-03-14,3.0
Gibson,2021-03-12,1.0
Gibson,2021-03-14,2.0
Giles,2021-03-11,2.0
Giles,2021-03-12,35.0
Giles,2021-03-13,119.0
Giles,2021-03-14,10.0
Grainger,2021-03-11,
Grainger,2021-03-12,16.0
Grainger,2021-03-14,16.0
Greene,2021-03-11,59.0
Greene,2021-03-12,64.0
Greene,2021-03-13,1.0
Greene,2021-03-14,69.0
Grundy,2021-03-11,
Grundy,2021-03-12,1.0
Grundy,2021-03-13,1.0
Grundy,2021-03-14,
Hamblen,2021-03-11,
Hamblen,2021-03-12,4.0
Hamblen,2021-03-13,34.0
Hamblen,2021-03-14,2.0
Hamilton,2021-03-11,1.0
Hamilton,2021-03-12,7.0
Hamilton,2021-03-14,15.0
Hancock,2021-03-11,1.0
Hancock,2021-03-12,4.0
Hancock,2021-03-13,62.0
Hancock,2021-03-14,20.0
Hardeman,2021-03-11,
Hardeman,2021-03-12,
Hardeman,2021-03-13,22.0
Hawkins,2021-03-11,12.0
Hawkins,2021-03-12,19.0
Hawkins,2021-03-13,34.0
Hawkins,2021-03-14,5.0
Haywood,2021-03-11,
Haywood,2021-03-12,
Henderson,2021-03-11,
Henderson,2021-03-12,5.0
Henry,2021-03-11,115.0
Henry,2021-03-12,1.0
Henry,2021-03-13,36.0
Henry,2021-03-14,27.0
Hickman,2021-03-11,
Jackson,2021-03-11,
Jefferson,2021-03-11,
Jefferson,2021-03-12,31.0
Jefferson,2021-03-14,3.0
Knox,2021-03-11,178.0
Knox,2021-03-12,761.0
Knox,2021-03-13,1200.0
Knox,2021-03-14,34.0
Lake,2021-03-12,7.0
Lake,2021-03-14,5.0
Lauderdale,2021-03-11,
Lawrence,2021-03-11,5.0
Lawrence,2021-03-12,8.0
Lawrence,2021-03-13,70.0
Lawrence,2021-03-14,1.0
Lewis,2021-03-11,
Lincoln,2021-03-11,
Loudon,2021-03-11,6.0
Loudon,2021-03-12,4.0
Loudon,2021-03-13,2.0
Loudon,2021-03-14,12.0
Macon,2021-03-11,2.0
Macon,2021-03-12,4.0
Macon,2021-03-13,14.0
Macon,2021-03-14,2.0
Madison,2021-03-11,46.0
Madison,2021-03-12,18.0
Madison,2021-03-13,26.0
Marion,2021-03-11,4.0
Marion,2021-03-12,11.0
Marion,2021-03-13,4.0
Marion,2021-03-14,1.0
Marshall,2021-03-11,3.0
Marshall,2021-03-12,4.0
Marshall,2021-03-14,3.0
Maury,2021-03-11,1.0
Maury,2021-03-12,75.0
Maury,2021-03-13,34.0
Maury,2021-03-14,50.0
McMinn,2021-03-11,1.0
McMinn,2021-03-12,1.0
McMinn,2021-03-13,131.0
McMinn,2021-03-14,1.0
Meigs,2021-03-11,2.0
Meigs,2021-03-12,1.0
Meigs,2021-03-13,38.0
Monroe,2021-03-11,33.0
Monroe,2021-03-12,2.0
Monroe,2021-03-13,5.0
Monroe,2021-03-14,9.0
Montgomery,2021-03-11,16.0
Montgomery,2021-03-12,10.0
Montgomery,2021-03-13,3.0
Montgomery,2021-03-14,84.0
Moore,2021-03-11,
Morgan,2021-03-11,
Obion,2021-03-14,2.0
Overton,2021-03-11,
Overton,2021-03-14,808.0
Pickett,2021-03-11,
Pickett,2021-03-13,24.0
Pickett,2021-03-14,5.0
Polk,2021-03-11,
Polk,2021-03-12,1.0
Polk,2021-03-13,1.0
Putnam,2021-03-11,4.0
Putnam,2021-03-14,25.0
Rhea,2021-03-11,
Rhea,2021-03-13,1.0
Rhea,2021-03-14,1.0
Roane,2021-03-11,
Roane,2021-03-12,3.0
Roane,2021-03-13,1.0
Robertson,2021-03-11,17.0
Robertson,2021-03-12,285.0
Robertson,2021-03-13,2.0
Rutherford,2021-03-11,52.0
Rutherford,2021-03-12,33.0
Rutherford,2021-03-13,5.0
Rutherford,2021-03-14,57.0
Scott,2021-03-11,
Sequatchie,2021-03-11,2.0
Sequatchie,2021-03-12,1.0
Sequatchie,2021-03-13,1.0
Sequatchie,2021-03-14,
Sevier,2021-03-11,49.0
Sevier,2021-03-12,40.0
Sevier,2021-03-13,18.0
Sevier,2021-03-14,9.0
Shelby,2021-03-11,35.0
Shelby,2021-03-12,925.0
Shelby,2021-03-13,1579.0
Shelby,2021-03-14,1153.0
Smith,2021-03-11,
Stewart,2021-03-11,81.0
Stewart,2021-03-12,2.0
Stewart,2021-03-13,1.0
Sullivan,2021-03-11,86.0
Sullivan,2021-03-12,76.0
Sullivan,2021-03-13,65.0
Sullivan,2021-03-14,4.0
Sumner,2021-03-11,54.0
Sumner,2021-03-12,3.0
Sumner,2021-03-13,1303.0
Sumner,2021-03-14,19.0
Tipton,2021-03-11,1145.0
Tipton,2021-03-13,3.0
Tipton,2021-03-14,967.0
Trousdale,2021-03-11,4.0
Unicoi,2021-03-11,
Unicoi,2021-03-12,
Unicoi,2021-03-13,
Union,2021-03-11,
Union,2021-03-12,2.0
Union,2021-03-13,1.0
Van Buren,2021-03-11,
Van Buren,2021-03-14,
Warren,2021-03-11,
Washington,2021-03-11,4.0
Washington,2021-03-12,45.0
Washington,2021-03-13,25.0
Washington,2021-03-14,1.0
White,2021-03-11,
Williamson,2021-03-11,11.0
Williamson,2021-03-12,156.0
Williamson,2021-03-13,13.0
Williamson,2021-03-14,1.0
Wilson,2021-03-11,9.0
Wilson,2021-03-12,7.0
Wilson,2021-03-13,1.0
Anderson,2021-03-17,9.0
Bedford,2021-03-15,4.0
Bedford,2021-03-16,4.0
Bedford,2021-03-17,3.0
Bledsoe,2021-03-16,7.0
Bledsoe,2021-03-17,23.0
Blount,2021-03-15,51.0
Blount,2021-03-16,522.0
Blount,2021-03-17,83.0
Bradley,2021-03-15,140.0
Bradley,2021-03-16,177.0
Bradley,2021-03-17,1384.0
Campbell,2021-03-15,599.0
Campbell,2021-03-16,175.0
Campbell,2021-03-17,46.0
Cannon,2021-03-15,1.0
Cannon,2021-03-16,2.0
Cannon,2021-03-17,5.0
Cheatham,2021-03-15,
Cheatham,2021-03-16,14.0
Cheatham,2021-03-17,1.0
Chester,2021-03-16,
Chester,2021-03-17,42.0
Claiborne,2021-03-15,7.0
Claiborne,2021-03-16,
Claiborne,2021-03-17,155.0
Cocke,2021-03-14,3.0
Cocke,2021-03-15,16.0
Cocke,2021-03-16,91.0
Cocke,2021-03-17,51.0
Coffee,2021-03-15,25.0
Coffee,2021-03-16,2.0
Coffee,2021-03-17,1.0
Crockett,2021-03-16,19.0
Crockett,2021-03-17,21.0
Cumberland,2021-03-15,1.0
Cumberland,2021-03-16,498.0
Cumberland,2021-03-17,32.0
Davidson,2021-03-14,3.0
Davidson,2021-03-15,283.0
Davidson,2021-03-16,3817.0
Davidson,2021-03-17,144.0
DeKalb,2021-03-15,1.0
DeKalb,2021-03-17,
Dickson,2021-03-15,
Dickson,2021-03-17,
Dyer,2021-03-17,2.0
Fayette,2021-03-14,41.0
Fayette,2021-03-15,2.0
Fayette,2021-03-16,1.0
Fayette,2021-03-17,36.0
Fentress,2021-03-14,3.0
Fentress,2021-03-15,1.0
Fentress,2021-03-16,10.0
Fentress,2021-03-17,1.0
Franklin,2021-03-15,4.0
Franklin,2021-03-16,4.0
Franklin,2021-03-17,
Gibson,2021-03-15,3.0
Gibson,2021-03-16,5.0
Gibson,2021-03-17,212.0
Giles,2021-03-14,1.0
Giles,2021-03-15,2.0
Giles,2021-03-16,69.0
Giles,2021-03-17,55.0
Grainger,2021-03-14,16.0
Greene,2021-03-15,15.0
Greene,2021-03-16,24.0
Greene,2021-03-17,61.0
Grundy,2021-03-16,1.0
Grundy,2021-03-17,3.0
Hamblen,2021-03-15,
Hamblen,2021-03-16,1.0
Hamblen,2021-03-17,
Hamilton,2021-03-14,1.0
Hamilton,2021-03-15,1.0
Hamilton,2021-03-17,20.0
Hancock,2021-03-14,1.0
Hancock,2021-03-15,3.0
Hancock,2021-03-16,25.0
Hancock,2021-03-17,1.0
Hardeman,2021-03-15,
Hardeman,2021-03-16,
Hardeman,2021-03-17,2.0
Hawkins,2021-03-15,26.0
Hawkins,2021-03-16,58.0
Hawkins,2021-03-17,48.0
Haywood,2021-03-15,
Haywood,2021-03-16,1.0
Haywood,2021-03-17,12.0
Henderson,2021-03-16,
Henry,2021-03-15,51.0
Henry,2021-03-17,448.0
Hickman,2021-03-15,
Hickman,2021-03-17,
Jefferson,2021-03-15,2.0
Jefferson,2021-03-16,59.0
Jefferson,2021-03-17,6.0
Knox,2021-03-14,1.0
Knox,2021-03-15,69.0
Knox,2021-03-16,170.0
Knox,2021-03-17,6982.0
Lauderdale,2021-03-16,
Lawrence,2021-03-15,1.0
Lawrence,2021-03-16,1692.0
Lawrence,2021-03-17,548.0
Lewis,2021-03-16,
Lewis,2021-03-17,
Lincoln,2021-03-17,
Loudon,2021-03-15,36.0
Loudon,2021-03-16,4.0
Loudon,2021-03-17,2.0
Macon,2021-03-15,2.0
Macon,2021-03-16,7.0
Madison,2021-03-15,6.0
Madison,2021-03-16,11.0
Madison,2021-03-17,42.0
Marion,2021-03-15,1.0
Marion,2021-03-16,1.0
Marion,2021-03-17,6.0
Marshall,2021-03-15,6.0
Marshall,2021-03-16,19.0
Marshall,2021-03-17,5.0
Maury,2021-03-15,1.0
Maury,2021-03-16,12.0
Maury,2021-03-17,49.0
McMinn,2021-03-15,5.0
McMinn,2021-03-16,1.0
McMinn,2021-03-17,25.0
Meigs,2021-03-16,39.0
Meigs,2021-03-17,26.0
Monroe,2021-03-14,2.0
Monroe,2021-03-15,47.0
Monroe,2021-03-16,17.0
Monroe,2021-03-17,17.0
Montgomery,2021-03-15,42.0
Montgomery,2021-03-16,28.0
Montgomery,2021-03-17,32.0
Moore,2021-03-15,3.0
Moore,2021-03-16,5.0
Moore,2021-03-17,
Morgan,2021-03-17,
Obion,2021-03-16,2.0
Obion,2021-03-17,5.0
Overton,2021-03-14,808.0
Overton,2021-03-17,
Pickett,2021-03-17,
Polk,2021-03-15,675.0
Polk,2021-03-17,58.0
Putnam,2021-03-14,25.0
Putnam,2021-03-17,
Rhea,2021-03-14,1.0
Rhea,2021-03-15,6.0
Rhea,2021-03-17,8.0
Roane,2021-03-17,26.0
Robertson,2021-03-15,1.0
Robertson,2021-03-16,7.0
Robertson,2021-03-17,11.0
Rutherford,2021-03-14,22.0
Rutherford,2021-03-15,8.0
Rutherford,2021-03-16,36.0
Rutherford,2021-03-17,13.0
Scott,2021-03-17,
Sequatchie,2021-03-14,1.0
Sequatchie,2021-03-15,1.0
Sequatchie,2021-03-16,50.0
Sequatchie,2021-03-17,6.0
Sevier,2021-03-14,5.0
Sevier,2021-03-15,1673.0
Sevier,2021-03-16,1665.0
Sevier,2021-03-17,1257.0
Shelby,2021-03-14,58.0
Shelby,2021-03-15,3277.0
Shelby,2021-03-16,1999.0
Shelby,2021-03-17,3321.0
Smith,2021-03-15,85.0
Smith,2021-03-17,
Stewart,2021-03-17,238.0
Sullivan,2021-03-14,6.0
Sullivan,2021-03-15,432.0
Sullivan,2021-03-16,17.0
Sullivan,2021-03-17,77.0
Sumner,2021-03-14,1.0
Sumner,2021-03-15,75.0
Sumner,2021-03-16,22.0
Sumner,2021-03-17,18.0
Tipton,2021-03-16,
Tipton,2021-03-17,402.0
Trousdale,2021-03-15,220.0
Trousdale,2021-03-17,
Unicoi,2021-03-15,3.0
Unicoi,2021-03-16,2.0
Union,2021-03-15,43.0
Union,2021-03-16,20.0
Union,2021-03-17,85.0
Warren,2021-03-15,
Warren,2021-03-17,
Washington,2021-03-14,1.0
Washington,2021-03-15,25.0
Washington,2021-03-16,16.0
Washington,2021-03-17,48.0
Wayne,2021-03-16,2.0
White,2021-03-15,2.0
White,2021-03-17,
Williamson,2021-03-15,2.0
Williamson,2021-03-16,1678.0
Williamson,2021-03-17,1034.0
Wilson,2021-03-15,5884.0
Wilson,2021-03-16,15.0
Wilson,2021-03-17,7.0
Anderson,2021-03-17,21.0
Anderson,2021-03-18,18.0
Anderson,2021-03-19,33.0
Bedford,2021-03-18,23.0
Bedford,2021-03-19,8.0
Bledsoe,2021-03-17,74.0
Bledsoe,2021-03-18,109.0
Bledsoe,2021-03-19,1.0
Bledsoe,2021-03-20,1.0
Blount,2021-03-17,25.0
Blount,2021-03-18,812.0
Blount,2021-03-19,8.0
Blount,2021-03-20,66.0
Bradley,2021-03-17,1443.0
Bradley,2021-03-18,1383.0
Bradley,2021-03-19,130.0
Bradley,2021-03-20,2.0
Campbell,2021-03-17,1.0
Campbell,2021-03-18,98.0
Campbell,2021-03-19,32.0
Campbell,2021-03-20,29.0
Cannon,2021-03-18,1.0
Cannon,2021-03-19,2.0
Cheatham,2021-03-18,5.0
Cheatham,2021-03-19,5.0
Cheatham,2021-03-20,4.0
Chester,2021-03-17,43.0
Chester,2021-03-18,288.0
Claiborne,2021-03-17,3.0
Claiborne,2021-03-18,81.0
Claiborne,2021-03-19,2.0
Claiborne,2021-03-20,5.0
Clay,2021-03-19,3.0
Cocke,2021-03-17,1.0
Cocke,2021-03-18,23.0
Cocke,2021-03-19,7.0
Cocke,2021-03-20,5.0
Coffee,2021-03-18,2.0
Coffee,2021-03-19,2.0
Coffee,2021-03-20,2.0
Crockett,2021-03-20,1.0
Cumberland,2021-03-17,1.0
Cumberland,2021-03-18,28.0
Cumberland,2021-03-19,1.0
Davidson,2021-03-17,71.0
Davidson,2021-03-18,1599.0
Davidson,2021-03-19,386.0
Davidson,2021-03-20,3494.0
Dickson,2021-03-18,
Dickson,2021-03-19,
Fayette,2021-03-18,
Fayette,2021-03-19,1.0
Fayette,2021-03-20,1.0
Fentress,2021-03-17,1.0
Fentress,2021-03-18,151.0
Fentress,2021-03-19,4.0
Franklin,2021-03-17,1.0
Franklin,2021-03-18,82.0
Franklin,2021-03-19,25.0
Franklin,2021-03-20,1.0
Gibson,2021-03-17,1.0
Gibson,2021-03-18,37.0
Gibson,2021-03-19,2.0
Giles,2021-03-17,18.0
Giles,2021-03-18,20.0
Giles,2021-03-19,8.0
Giles,2021-03-20,81.0
Grainger,2021-03-18,181.0
Greene,2021-03-17,142.0
Greene,2021-03-18,1031.0
Greene,2021-03-19,6.0
Greene,2021-03-20,
Grundy,2021-03-18,1.0
Grundy,2021-03-19,1.0
Grundy,2021-03-20,74.0
Hamblen,2021-03-18,2.0
Hamblen,2021-03-19,3.0
Hamblen,2021-03-20,66.0
Hamilton,2021-03-17,20.0
Hamilton,2021-03-18,98.0
Hancock,2021-03-17,1.0
Hancock,2021-03-18,39.0
Hancock,2021-03-19,7.0
Hancock,2021-03-20,1.0
Hardeman,2021-03-17,13.0
Hardeman,2021-03-18,
Hardeman,2021-03-19,
Hardeman,2021-03-20,
Hawkins,2021-03-18,570.0
Hawkins,2021-03-19,8.0
Hawkins,2021-03-20,25.0
Haywood,2021-03-18,
Haywood,2021-03-19,
Haywood,2021-03-20,
Henry,2021-03-17,25.0
Henry,2021-03-18,27.0
Henry,2021-03-19,51.0
Henry,2021-03-20,3.0
Jefferson,2021-03-17,1.0
Jefferson,2021-03-18,2.0
Jefferson,2021-03-20,1.0
Knox,2021-03-17,175.0
Knox,2021-03-18,1997.0
Knox,2021-03-19,3026.0
Knox,2021-03-20,117.0
Lawrence,2021-03-17,3.0
Lawrence,2021-03-18,15.0
Lawrence,2021-03-19,3.0
Lawrence,2021-03-20,1.0
Loudon,2021-03-17,60.0
Loudon,2021-03-18,132.0
Loudon,2021-03-19,720.0
Macon,2021-03-19,36.0
Madison,2021-03-17,5.0
Madison,2021-03-18,22.0
Madison,2021-03-19,50.0
Madison,2021-03-20,8.0
Marion,2021-03-17,15.0
Marion,2021-03-18,20.0
Marion,2021-03-20,1.0
Marshall,2021-03-18,2.0
Marshall,2021-03-19,2.0
Marshall,2021-03-20,1.0
Maury,2021-03-17,135.0
Maury,2021-03-18,4.0
Maury,2021-03-19,2.0
Maury,2021-03-20,2.0
McMinn,2021-03-18,423.0
McMinn,2021-03-19,54.0
McMinn,2021-03-20,8.0
Meigs,2021-03-18,35.0
Meigs,2021-03-19,2.0
Meigs,2021-03-20,3.0
Monroe,2021-03-18,129.0
Monroe,2021-03-19,4.0
Monroe,2021-03-20,53.0
Montgomery,2021-03-17,1699.0
Montgomery,2021-03-18,25.0
Montgomery,2021-03-19,262.0
Montgomery,2021-03-20,160.0
Moore,2021-03-18,2.0
Morgan,2021-03-18,2.0
Obion,2021-03-18,687.0
Obion,2021-03-20,405.0
Polk,2021-03-17,8.0
Polk,2021-03-18,45.0
Polk,2021-03-19,17.0
Rhea,2021-03-18,1368.0
Rhea,2021-03-20,3.0
Roane,2021-03-18,869.0
Roane,2021-03-19,5.0
Robertson,2021-03-17,1.0
Robertson,2021-03-18,577.0
Robertson,2021-03-19,6.0
Robertson,2021-03-20,10.0
Rutherford,2021-03-17,37.0
Rutherford,2021-03-18,158.0
Rutherford,2021-03-19,20.0
Rutherford,2021-03-20,6.0
Sequatchie,2021-03-18,26.0
Sevier,2021-03-17,1261.0
Sevier,2021-03-18,890.0
Sevier,2021-03-19,106.0
Sevier,2021-03-20,23.0
Shelby,2021-03-17,1334.0
Shelby,2021-03-18,3029.0
Shelby,2021-03-19,556.0
Shelby,2021-03-20,1319.0
Stewart,2021-03-18,54.0
Stewart,2021-03-19,
Stewart,2021-03-20,38.0
Sullivan,2021-03-17,1.0
Sullivan,2021-03-18,1069.0
Sullivan,2021-03-19,32.0
Sullivan,2021-03-20,14.0
Sumner,2021-03-18,8.0
Sumner,2021-03-19,896.0
Sumner,2021-03-20,468.0
Tipton,2021-03-17,16.0
Tipton,2021-03-18,2.0
Tipton,2021-03-19,1.0
Trousdale,2021-03-19,1.0
Unicoi,2021-03-18,1.0
Unicoi,2021-03-19,2.0
Unicoi,2021-03-20,1.0
Union,2021-03-17,236.0
Union,2021-03-18,126.0
Union,2021-03-19,10.0
Union,2021-03-20,6.0
Washington,2021-03-17,2.0
Washington,2021-03-18,12.0
Washington,2021-03-19,37.0
Washington,2021-03-20,3.0
White,2021-03-19,1.0
Williamson,2021-03-17,1035.0
Williamson,2021-03-18,961.0
Williamson,2021-03-19,1.0
Williamson,2021-03-20,123.0
Wilson,2021-03-17,1.0
Wilson,2021-03-18,8.0
Wilson,2021-03-19,128.0
Wilson,2021-03-20,2.0
Anderson,2021-03-21,5.0
Anderson,2021-03-23,8.0
Bedford,2021-03-21,1.0
Bedford,2021-03-22,2617.0
Bedford,2021-03-23,4.0
Bedford,2021-03-24,
Bledsoe,2021-03-20,4.0
Bledsoe,2021-03-21,4.0
Bledsoe,2021-03-22,13.0
Bledsoe,2021-03-23,3.0
Bledsoe,2021-03-24,
Blount,2021-03-20,1.0
Blount,2021-03-21,19.0
Blount,2021-03-22,27.0
Blount,2021-03-23,26.0
Blount,2021-03-24,20.0
Bradley,2021-03-20,1384.0
Bradley,2021-03-21,28.0
Bradley,2021-03-22,
Bradley,2021-03-23,5.0
Bradley,2021-03-24,
Campbell,2021-03-21,32.0
Campbell,2021-03-22,7.0
Campbell,2021-03-23,86.0
Campbell,2021-03-24,
Cannon,2021-03-21,1.0
Cannon,2021-03-22,3.0
Cannon,2021-03-23,6.0
Cannon,2021-03-24,1.0
Cheatham,2021-03-21,13.0
Cheatham,2021-03-22,10.0
Cheatham,2021-03-23,49.0
Cheatham,2021-03-24,34.0
Chester,2021-03-21,1370.0
Chester,2021-03-22,55.0
Claiborne,2021-03-21,113.0
Claiborne,2021-03-22,32.0
Claiborne,2021-03-23,47.0
Claiborne,2021-03-24,6.0
Clay,2021-03-23,
Clay,2021-03-24,42.0
Cocke,2021-03-20,1.0
Cocke,2021-03-21,9.0
Cocke,2021-03-22,14.0
Cocke,2021-03-23,441.0
Cocke,2021-03-24,11.0
Coffee,2021-03-21,5.0
Coffee,2021-03-22,5.0
Coffee,2021-03-23,24.0
Coffee,2021-03-24,
Crockett,2021-03-21,30.0
Crockett,2021-03-23,1.0
Cumberland,2021-03-20,1.0
Cumberland,2021-03-21,23.0
Cumberland,2021-03-22,96.0
Cumberland,2021-03-23,67.0
Cumberland,2021-03-24,
Davidson,2021-03-20,5.0
Davidson,2021-03-21,46.0
Davidson,2021-03-22,18.0
Davidson,2021-03-23,60.0
Davidson,2021-03-24,203.0
DeKalb,2021-03-22,
DeKalb,2021-03-23,1.0
DeKalb,2021-03-24,
Dickson,2021-03-22,
Dickson,2021-03-24,
Fayette,2021-03-20,
Fayette,2021-03-21,41.0
Fayette,2021-03-22,15.0
Fayette,2021-03-23,349.0
Fentress,2021-03-20,1.0
Fentress,2021-03-21,4.0
Fentress,2021-03-22,
Fentress,2021-03-23,439.0
Fentress,2021-03-24,
Franklin,2021-03-22,63.0
Franklin,2021-03-23,3.0
Franklin,2021-03-24,4.0
Gibson,2021-03-22,1.0
Gibson,2021-03-23,2.0
Giles,2021-03-21,4.0
Giles,2021-03-22,3.0
Giles,2021-03-23,6.0
Giles,2021-03-24,2.0
Grainger,2021-03-21,1.0
Greene,2021-03-21,3.0
Greene,2021-03-22,3.0
Greene,2021-03-23,6.0
Greene,2021-03-24,
Grundy,2021-03-20,573.0
Grundy,2021-03-21,85.0
Grundy,2021-03-22,9.0
Grundy,2021-03-23,2.0
Grundy,2021-03-24,
Hamblen,2021-03-21,1.0
Hamblen,2021-03-22,4.0
Hamblen,2021-03-23,
Hamblen,2021-03-24,42.0
Hamilton,2021-03-20,17.0
Hamilton,2021-03-22,3.0
Hamilton,2021-03-23,10.0
Hamilton,2021-03-24,
Hancock,2021-03-20,1.0
Hancock,2021-03-21,1.0
Hancock,2021-03-22,1.0
Hancock,2021-03-23,20.0
Hancock,2021-03-24,1.0
Hardeman,2021-03-20,
Hardeman,2021-03-21,
Hardeman,2021-03-22,2.0
Hardeman,2021-03-23,85.0
Hawkins,2021-03-21,38.0
Hawkins,2021-03-22,15.0
Hawkins,2021-03-23,2.0
Hawkins,2021-03-24,39.0
Haywood,2021-03-20,
Haywood,2021-03-21,
Haywood,2021-03-22,
Haywood,2021-03-23,11.0
Henry,2021-03-22,1.0
Henry,2021-03-23,165.0
Hickman,2021-03-22,
Hickman,2021-03-24,
Jackson,2021-03-23,
Jefferson,2021-03-22,9.0
Knox,2021-03-20,11.0
Knox,2021-03-21,59.0
Knox,2021-03-22,95.0
Knox,2021-03-23,5882.0
Knox,2021-03-24,151.0
Lauderdale,2021-03-23,1.0
Lawrence,2021-03-21,1.0
Lawrence,2021-03-22,166.0
Lawrence,2021-03-23,21.0
Lawrence,2021-03-24,3.0
Lewis,2021-03-22,2.0
Lewis,2021-03-24,
Lincoln,2021-03-24,
Loudon,2021-03-21,4.0
Loudon,2021-03-22,36.0
Loudon,2021-03-23,2.0
Loudon,2021-03-24,558.0
Macon,2021-03-22,7.0
Macon,2021-03-23,4.0
Madison,2021-03-20,1.0
Madison,2021-03-22,7.0
Madison,2021-03-23,62.0
Marion,2021-03-20,1.0
Marion,2021-03-21,15.0
Marion,2021-03-22,1.0
Marion,2021-03-23,1.0
Marion,2021-03-24,7.0
Marshall,2021-03-20,1.0
Marshall,2021-03-21,2.0
Marshall,2021-03-22,4.0
Marshall,2021-03-23,55.0
Marshall,2021-03-24,
Maury,2021-03-20,2.0
Maury,2021-03-21,5.0
Maury,2021-03-22,6.0
Maury,2021-03-23,26.0
Maury,2021-03-24,
McMinn,2021-03-22,1.0
McMinn,2021-03-23,814.0
McMinn,2021-03-24,8.0
Meigs,2021-03-21,9.0
Meigs,2021-03-22,1.0
Meigs,2021-03-23,9.0
Meigs,2021-03-24,
Monroe,2021-03-20,53.0
Monroe,2021-03-21,4.0
Monroe,2021-03-22,4.0
Monroe,2021-03-23,6.0
Monroe,2021-03-24,1.0
Montgomery,2021-03-20,1.0
Montgomery,2021-03-21,5.0
Montgomery,2021-03-22,86.0
Montgomery,2021-03-23,1417.0
Montgomery,2021-03-24,19.0
Moore,2021-03-21,2.0
Moore,2021-03-22,2.0
Moore,2021-03-23,3.0
Moore,2021-03-24,
Morgan,2021-03-21,9.0
Morgan,2021-03-22,
Morgan,2021-03-24,
Obion,2021-03-22,3.0
Overton,2021-03-22,4.0
Overton,2021-03-23,
Overton,2021-03-24,
Pickett,2021-03-22,
Pickett,2021-03-24,
Polk,2021-03-20,1.0
Polk,2021-03-22,1.0
Polk,2021-03-23,1.0
Polk,2021-03-24,
Putnam,2021-03-21,20.0
Putnam,2021-03-22,
Putnam,2021-03-24,
Rhea,2021-03-22,495.0
Rhea,2021-03-24,
Roane,2021-03-21,1.0
Roane,2021-03-22,
Roane,2021-03-24,
Robertson,2021-03-21,13.0
Robertson,2021-03-22,38.0
Robertson,2021-03-23,355.0
Robertson,2021-03-24,6.0
Rutherford,2021-03-21,7.0
Rutherford,2021-03-22,19.0
Rutherford,2021-03-23,22.0
Rutherford,2021-03-24,4.0
Scott,2021-03-22,2.0
Scott,2021-03-23,21.0
Scott,2021-03-24,
Sequatchie,2021-03-22,3.0
Sevier,2021-03-21,1.0
Sevier,2021-03-22,2.0
Sevier,2021-03-23,28.0
Sevier,2021-03-24,4.0
Shelby,2021-03-20,1.0
Shelby,2021-03-21,3386.0
Shelby,2021-03-22,1364.0
Shelby,2021-03-23,549.0
Shelby,2021-03-24,110.0
Smith,2021-03-22,
Smith,2021-03-23,
Smith,2021-03-24,
Stewart,2021-03-21,1.0
Stewart,2021-03-22,
Stewart,2021-03-23,1.0
Stewart,2021-03-24,1.0
Sullivan,2021-03-20,11.0
Sullivan,2021-03-21,99.0
Sullivan,2021-03-22,401.0
Sullivan,2021-03-23,10.0
Sullivan,2021-03-24,5.0
Sumner,2021-03-21,4.0
Sumner,2021-03-22,7.0
Sumner,2021-03-23,11.0
Sumner,2021-03-24,33.0
Tipton,2021-03-21,3.0
Tipton,2021-03-22,3.0
Trousdale,2021-03-22,
Trousdale,2021-03-23,2.0
Trousdale,2021-03-24,1.0
Unicoi,2021-03-22,2.0
Unicoi,2021-03-23,
Unicoi,2021-03-24,1.0
Union,2021-03-22,188.0
Union,2021-03-23,1096.0
Union,2021-03-24,63.0
Warren,2021-03-22,
Warren,2021-03-24,
Washington,2021-03-21,1.0
Washington,2021-03-22,65.0
Washington,2021-03-23,7.0
Washington,2021-03-24,38.0
White,2021-03-21,39.0
White,2021-03-22,1.0
White,2021-03-24,
Williamson,2021-03-21,5.0
Williamson,2021-03-22,1396.0
Williamson,2021-03-23,37.0
Williamson,2021-03-24,9.0
Wilson,2021-03-21,20.0
Wilson,2021-03-22,2530.0
Wilson,2021-03-23,71.0
Wilson,2021-03-24,1.0
Anderson,2021-03-25,31.0
Anderson,2021-03-26,4.0
Bedford,2021-03-24,91.0
Bedford,2021-03-25,19.0
Bedford,2021-03-26,3.0
Bledsoe,2021-03-25,1.0
Bledsoe,2021-03-26,15.0
Blount,2021-03-24,55.0
Blount,2021-03-25,28.0
Blount,2021-03-26,40.0
Blount,2021-03-27,3.0
Bradley,2021-03-25,103.0
Bradley,2021-03-26,72.0
Campbell,2021-03-24,3824.0
Campbell,2021-03-25,136.0
Campbell,2021-03-26,114.0
Campbell,2021-03-27,4.0
Cannon,2021-03-24,4.0
Cannon,2021-03-25,3.0
Cannon,2021-03-26,23.0
Cheatham,2021-03-24,1.0
Cheatham,2021-03-25,2.0
Cheatham,2021-03-26,35.0
Chester,2021-03-25,10.0
Claiborne,2021-03-24,7.0
Claiborne,2021-03-25,284.0
Claiborne,2021-03-26,157.0
Clay,2021-03-24,42.0
Cocke,2021-03-24,19.0
Cocke,2021-03-25,78.0
Cocke,2021-03-26,26.0
Cocke,2021-03-27,6.0
Coffee,2021-03-24,78.0
Coffee,2021-03-25,121.0
Coffee,2021-03-26,3.0
Crockett,2021-03-25,9.0
Cumberland,2021-03-24,3.0
Cumberland,2021-03-25,662.0
Cumberland,2021-03-26,6.0
Davidson,2021-03-24,738.0
Davidson,2021-03-25,11636.0
Davidson,2021-03-26,5534.0
Davidson,2021-03-27,1279.0
Fayette,2021-03-24,1.0
Fayette,2021-03-25,38.0
Fayette,2021-03-26,10.0
Fentress,2021-03-24,17.0
Fentress,2021-03-25,122.0
Fentress,2021-03-26,17.0
Franklin,2021-03-24,4.0
Franklin,2021-03-25,79.0
Franklin,2021-03-26,6.0
Gibson,2021-03-25,1266.0
Gibson,2021-03-26,1.0
Giles,2021-03-24,6.0
Giles,2021-03-25,2816.0
Giles,2021-03-26,84.0
Giles,2021-03-27,84.0
Grainger,2021-03-25,53.0
Grainger,2021-03-26,54.0
Greene,2021-03-24,16.0
Greene,2021-03-25,3065.0
Greene,2021-03-26,3064.0
Grundy,2021-03-24,1.0
Grundy,2021-03-25,1.0
Grundy,2021-03-26,51.0
Hamblen,2021-03-24,42.0
Hamblen,2021-03-25,16.0
Hamblen,2021-03-26,1.0
Hamilton,2021-03-24,332.0
Hamilton,2021-03-25,698.0
Hamilton,2021-03-26,194.0
Hancock,2021-03-24,1.0
Hancock,2021-03-25,1.0
Hancock,2021-03-26,1.0
Hancock,2021-03-27,1.0
Hardeman,2021-03-25,20.0
Hardeman,2021-03-26,1.0
Hawkins,2021-03-24,16.0
Hawkins,2021-03-25,41.0
Hawkins,2021-03-26,192.0
Haywood,2021-03-25,2.0
Henry,2021-03-24,1.0
Henry,2021-03-25,91.0
Henry,2021-03-26,
Jefferson,2021-03-25,66.0
Jefferson,2021-03-26,2.0
Knox,2021-03-24,3814.0
Knox,2021-03-25,157.0
Knox,2021-03-26,677.0
Knox,2021-03-27,96.0
Lauderdale,2021-03-25,2.0
Lawrence,2021-03-24,9.0
Lawrence,2021-03-25,60.0
Lawrence,2021-03-26,28.0
Lawrence,2021-03-27,1.0
Lewis,2021-03-25,4.0
Lewis,2021-03-26,4.0
Loudon,2021-03-24,2.0
Loudon,2021-03-25,8.0
Loudon,2021-03-26,39.0
Macon,2021-03-24,2.0
Macon,2021-03-25,14.0
Macon,2021-03-26,358.0
Madison,2021-03-24,15.0
Madison,2021-03-25,385.0
Madison,2021-03-26,10.0
Madison,2021-03-27,9.0
Marion,2021-03-24,10.0
Marion,2021-03-25,4.0
Marion,2021-03-26,509.0
Marshall,2021-03-24,1.0
Marshall,2021-03-25,615.0
Marshall,2021-03-26,58.0
Maury,2021-03-24,5.0
Maury,2021-03-25,53.0
Maury,2021-03-26,42.0
Maury,2021-03-27,8.0
McMinn,2021-03-24,1.0
McMinn,2021-03-25,228.0
McMinn,2021-03-26,37.0
Meigs,2021-03-24,223.0
Meigs,2021-03-25,52.0
Meigs,2021-03-26,5.0
Monroe,2021-03-24,27.0
Monroe,2021-03-25,843.0
Monroe,2021-03-26,45.0
Montgomery,2021-03-24,3.0
Montgomery,2021-03-25,1517.0
Montgomery,2021-03-26,99.0
Moore,2021-03-25,117.0
Moore,2021-03-26,2.0
Morgan,2021-03-26,3.0
Obion,2021-03-25,679.0
Overton,2021-03-25,1.0
Overton,2021-03-26,2.0
Pickett,2021-03-25,70.0
Pickett,2021-03-26,8.0
Polk,2021-03-25,1318.0
Polk,2021-03-26,986.0
Polk,2021-03-27,1.0
Putnam,2021-03-25,1.0
Putnam,2021-03-26,4.0
Rhea,2021-03-24,38.0
Rhea,2021-03-25,1.0
Rhea,2021-03-26,1.0
Roane,2021-03-24,6.0
Roane,2021-03-25,19.0
Roane,2021-03-26,1.0
Robertson,2021-03-24,243.0
Robertson,2021-03-25,22.0
Robertson,2021-03-26,96.0
Robertson,2021-03-27,21.0
Rutherford,2021-03-24,25.0
Rutherford,2021-03-25,961.0
Rutherford,2021-03-26,9.0
Sequatchie,2021-03-24,1.0
Sequatchie,2021-03-26,5.0
Sequatchie,2021-03-27,1.0
Sevier,2021-03-24,76.0
Sevier,2021-03-25,139.0
Sevier,2021-03-26,126.0
Sevier,2021-03-27,
Shelby,2021-03-24,4056.0
Shelby,2021-03-25,5225.0
Shelby,2021-03-26,318.0
Shelby,2021-03-27,71.0
Stewart,2021-03-24,6.0
Stewart,2021-03-25,253.0
Stewart,2021-03-26,1.0
Sullivan,2021-03-24,37.0
Sullivan,2021-03-25,1329.0
Sullivan,2021-03-26,26.0
Sullivan,2021-03-27,5.0
Sumner,2021-03-24,10.0
Sumner,2021-03-25,797.0
Sumner,2021-03-26,189.0
Tipton,2021-03-26,3.0
Trousdale,2021-03-24,2.0
Trousdale,2021-03-26,20.0
Unicoi,2021-03-24,1.0
Unicoi,2021-03-26,12.0
Union,2021-03-24,1.0
Union,2021-03-25,188.0
Union,2021-03-26,1.0
Van Buren,2021-03-25,13.0
Van Buren,2021-03-26,13.0
Washington,2021-03-24,26.0
Washington,2021-03-25,152.0
Washington,2021-03-26,946.0
Washington,2021-03-27,2.0
Wayne,2021-03-25,14.0
Wayne,2021-03-26,14.0
White,2021-03-25,462.0
Williamson,2021-03-24,2204.0
Williamson,2021-03-25,1538.0
Williamson,2021-03-26,68.0
Wilson,2021-03-24,18.0
Wilson,2021-03-25,64.0
Wilson,2021-03-26,41.0
Anderson,2021-03-27,608.0
Anderson,2021-03-28,137.0
Anderson,2021-03-29,12.0
Bedford,2021-03-27,120.0
Bedford,2021-03-28,34.0
Bedford,2021-03-29,20.0
Bledsoe,2021-03-27,70.0
Bledsoe,2021-03-28,59.0
Bledsoe,2021-03-29,
Blount,2021-03-27,282.0
Blount,2021-03-28,186.0
Blount,2021-03-29,158.0
Bradley,2021-03-27,22.0
Bradley,2021-03-28,1981.0
Bradley,2021-03-29,2.0
Campbell,2021-03-27,243.0
Campbell,2021-03-28,265.0
Campbell,2021-03-29,760.0
Cannon,2021-03-27,20.0
Cannon,2021-03-28,4.0
Cannon,2021-03-29,2.0
Cheatham,2021-03-27,64.0
Cheatham,2021-03-28,451.0
Cheatham,2021-03-29,2.0
Chester,2021-03-27,805.0
Chester,2021-03-28,733.0
Chester,2021-03-29,2.0
Claiborne,2021-03-27,410.0
Claiborne,2021-03-28,289.0
Claiborne,2021-03-29,79.0
Clay,2021-03-27,45.0
Clay,2021-03-28,38.0
Cocke,2021-03-27,526.0
Cocke,2021-03-28,480.0
Cocke,2021-03-29,7.0
Coffee,2021-03-27,2.0
Coffee,2021-03-28,71.0
Coffee,2021-03-29,3.0
Crockett,2021-03-27,92.0
Crockett,2021-03-28,2.0
Cumberland,2021-03-27,38.0
Cumberland,2021-03-28,455.0
Cumberland,2021-03-29,359.0
Davidson,2021-03-27,16567.0
Davidson,2021-03-28,6273.0
Davidson,2021-03-29,1096.0
DeKalb,2021-03-27,1.0
DeKalb,2021-03-29,1.0
Dickson,2021-03-29,
Fayette,2021-03-27,1841.0
Fayette,2021-03-28,1512.0
Fayette,2021-03-29,2.0
Fentress,2021-03-27,60.0
Fentress,2021-03-28,22.0
Fentress,2021-03-29,1.0
Franklin,2021-03-27,5.0
Franklin,2021-03-28,5.0
Franklin,2021-03-29,1.0
Gibson,2021-03-27,926.0
Gibson,2021-03-28,97.0
Gibson,2021-03-29,4.0
Giles,2021-03-27,18.0
Giles,2021-03-28,212.0
Giles,2021-03-29,7.0
Grainger,2021-03-27,417.0
Grainger,2021-03-28,64.0
Grainger,2021-03-29,2.0
Greene,2021-03-27,1805.0
Greene,2021-03-28,380.0
Greene,2021-03-29,76.0
Grundy,2021-03-27,
Grundy,2021-03-28,3.0
Grundy,2021-03-29,2.0
Hamblen,2021-03-27,74.0
Hamblen,2021-03-28,1.0
Hamblen,2021-03-29,1.0
Hamilton,2021-03-27,2.0
Hamilton,2021-03-28,28.0
Hamilton,2021-03-29,1.0
Hancock,2021-03-27,119.0
Hancock,2021-03-28,145.0
Hancock,2021-03-29,79.0
Hardeman,2021-03-27,6.0
Hardeman,2021-03-28,95.0
Hardeman,2021-03-29,
Hawkins,2021-03-27,530.0
Hawkins,2021-03-28,1098.0
Hawkins,2021-03-29,13.0
Haywood,2021-03-27,654.0
Haywood,2021-03-28,9.0
Haywood,2021-03-29,
Henderson,2021-03-27,1219.0
Henderson,2021-03-28,78.0
Henry,2021-03-27,131.0
Henry,2021-03-28,555.0
Henry,2021-03-29,37.0
Hickman,2021-03-29,
Jefferson,2021-03-27,81.0
Jefferson,2021-03-28,1.0
Jefferson,2021-03-29,
Knox,2021-03-27,1426.0
Knox,2021-03-28,1575.0
Knox,2021-03-29,56.0
Lawrence,2021-03-27,17.0
Lawrence,2021-03-28,793.0
Lawrence,2021-03-29,5.0
Lewis,2021-03-27,4.0
Lewis,2021-03-28,1.0
Lincoln,2021-03-27,
Lincoln,2021-03-28,179.0
Loudon,2021-03-27,32.0
Loudon,2021-03-28,102.0
Loudon,2021-03-29,41.0
Macon,2021-03-27,2.0
Macon,2021-03-28,33.0
Macon,2021-03-29,33.0
Madison,2021-03-27,503.0
Madison,2021-03-28,446.0
Madison,2021-03-29,64.0
Marion,2021-03-27,5.0
Marion,2021-03-28,50.0
Marion,2021-03-29,4.0
Marshall,2021-03-27,568.0
Marshall,2021-03-28,723.0
Marshall,2021-03-29,
Maury,2021-03-27,1799.0
Maury,2021-03-28,147.0
Maury,2021-03-29,162.0
McMinn,2021-03-27,304.0
McMinn,2021-03-28,889.0
McMinn,2021-03-29,425.0
Meigs,2021-03-27,
Meigs,2021-03-28,3.0
Meigs,2021-03-29,2.0
Monroe,2021-03-27,952.0
Monroe,2021-03-28,121.0
Monroe,2021-03-29,66.0
Montgomery,2021-03-27,2816.0
Montgomery,2021-03-28,346.0
Montgomery,2021-03-29,4.0
Moore,2021-03-27,
Moore,2021-03-28,2.0
Morgan,2021-03-27,27.0
Morgan,2021-03-29,
Obion,2021-03-27,65.0
Obion,2021-03-28,2.0
Obion,2021-03-29,1.0
Overton,2021-03-27,14.0
Overton,2021-03-28,2.0
Overton,2021-03-29,3.0
Pickett,2021-03-27,475.0
Pickett,2021-03-28,8.0
Pickett,2021-03-29,
Polk,2021-03-27,13.0
Polk,2021-03-28,2490.0
Polk,2021-03-29,18.0
Putnam,2021-03-27,13.0
Putnam,2021-03-28,80.0
Putnam,2021-03-29,
Rhea,2021-03-27,52.0
Rhea,2021-03-28,20.0
Rhea,2021-03-29,1.0
Roane,2021-03-27,1.0
Roane,2021-03-28,67.0
Roane,2021-03-29,3.0
Robertson,2021-03-27,3820.0
Robertson,2021-03-28,86.0
Robertson,2021-03-29,524.0
Rutherford,2021-03-27,412.0
Rutherford,2021-03-28,2111.0
Rutherford,2021-03-29,13.0
Scott,2021-03-27,
Scott,2021-03-29,
Sequatchie,2021-03-27,68.0
Sequatchie,2021-03-28,2.0
Sevier,2021-03-27,2057.0
Sevier,2021-03-28,331.0
Sevier,2021-03-29,372.0
Shelby,2021-03-27,9611.0
Shelby,2021-03-28,4006.0
Shelby,2021-03-29,22695.0
Smith,2021-03-29,
Stewart,2021-03-27,1287.0
Stewart,2021-03-28,743.0
Stewart,2021-03-29,6.0
Sullivan,2021-03-27,3341.0
Sullivan,2021-03-28,371.0
Sullivan,2021-03-29,105.0
Sumner,2021-03-27,223.0
Sumner,2021-03-28,1705.0
Sumner,2021-03-29,13.0
Tipton,2021-03-27,1042.0
Tipton,2021-03-28,930.0
Tipton,2021-03-29,27.0
Trousdale,2021-03-27,49.0
Trousdale,2021-03-28,9.0
Trousdale,2021-03-29,3.0
Unicoi,2021-03-27,67.0
Unicoi,2021-03-28,879.0
Unicoi,2021-03-29,
Union,2021-03-27,984.0
Union,2021-03-28,426.0
Union,2021-03-29,22.0
Van Buren,2021-03-27,2.0
Warren,2021-03-29,
Washington,2021-03-27,690.0
Washington,2021-03-28,74.0
Washington,2021-03-29,34.0
Wayne,2021-03-27,14.0
White,2021-03-27,1.0
White,2021-03-28,1.0
White,2021-03-29,
Williamson,2021-03-27,3619.0
Williamson,2021-03-28,2109.0
Williamson,2021-03-29,15.0
Wilson,2021-03-27,377.0
Wilson,2021-03-28,2807.0
Wilson,2021-03-29,13.0
Anderson,2021-03-30,21.0
Anderson,2021-03-31,43.0
Bedford,2021-03-29,15.0
Bedford,2021-03-30,6.0
Bedford,2021-03-31,2.0
Bedford,2021-04-01,22.0
Bledsoe,2021-03-30,8.0
Bledsoe,2021-03-31,8.0
Blount,2021-03-29,911.0
Blount,2021-03-30,39.0
Blount,2021-03-31,775.0
Blount,2021-04-01,734.0
Bradley,2021-03-29,20.0
Bradley,2021-03-30,1102.0
Bradley,2021-03-31,907.0
Bradley,2021-04-01,35.0
Campbell,2021-03-29,5.0
Campbell,2021-03-30,495.0
Campbell,2021-03-31,66.0
Campbell,2021-04-01,16.0
Cannon,2021-03-30,50.0
Cannon,2021-03-31,13.0
Cheatham,2021-03-29,2.0
Cheatham,2021-03-30,3.0
Cheatham,2021-03-31,25.0
Cheatham,2021-04-01,14.0
Chester,2021-03-30,3.0
Chester,2021-03-31,2.0
Chester,2021-04-01,1.0
Claiborne,2021-03-30,95.0
Claiborne,2021-03-31,79.0
Claiborne,2021-04-01,2.0
Clay,2021-03-30,1.0
Cocke,2021-03-29,34.0
Cocke,2021-03-30,34.0
Cocke,2021-03-31,9.0
Cocke,2021-04-01,16.0
Coffee,2021-03-30,3.0
Coffee,2021-03-31,4.0
Coffee,2021-04-01,19.0
Crockett,2021-03-30,1.0
Cumberland,2021-03-30,565.0
Cumberland,2021-03-31,40.0
Cumberland,2021-04-01,1.0
Davidson,2021-03-29,349.0
Davidson,2021-03-30,186.0
Davidson,2021-03-31,271.0
Davidson,2021-04-01,208.0
DeKalb,2021-03-29,1.0
Dickson,2021-03-29,
Dickson,2021-03-30,
Fayette,2021-03-29,1.0
Fayette,2021-03-30,106.0
Fayette,2021-03-31,48.0
Fayette,2021-04-01,1.0
Fentress,2021-03-29,1.0
Fentress,2021-03-30,1.0
Fentress,2021-03-31,13.0
Franklin,2021-03-30,4.0
Franklin,2021-03-31,10.0
Franklin,2021-04-01,2393.0
Gibson,2021-03-31,7.0
Giles,2021-03-30,2.0
Giles,2021-03-31,4.0
Giles,2021-04-01,2.0
Grainger,2021-03-31,173.0
Grainger,2021-04-01,436.0
Greene,2021-03-29,1.0
Greene,2021-03-30,52.0
Greene,2021-03-31,31.0
Greene,2021-04-01,6.0
Grundy,2021-03-31,1.0
Grundy,2021-04-01,3458.0
Hamblen,2021-03-30,14.0
Hamblen,2021-03-31,5.0
Hamblen,2021-04-01,
Hamilton,2021-03-29,1.0
Hamilton,2021-03-30,10.0
Hamilton,2021-03-31,11.0
Hancock,2021-03-29,5.0
Hancock,2021-03-30,220.0
Hancock,2021-03-31,161.0
Hancock,2021-04-01,1.0
Hardeman,2021-03-30,
Hawkins,2021-03-29,4.0
Hawkins,2021-03-30,25.0
Hawkins,2021-03-31,10.0
Hawkins,2021-04-01,4.0
Haywood,2021-03-30,17.0
Haywood,2021-03-31,11.0
Henderson,2021-03-30,
Henry,2021-03-29,5.0
Henry,2021-03-30,58.0
Henry,2021-03-31,59.0
Henry,2021-04-01,1.0
Jefferson,2021-03-29,2.0
Jefferson,2021-04-01,22.0
Knox,2021-03-29,83.0
Knox,2021-03-30,841.0
Knox,2021-03-31,384.0
Knox,2021-04-01,179.0
Lauderdale,2021-03-30,
Lawrence,2021-03-29,2.0
Lawrence,2021-03-30,4.0
Lawrence,2021-03-31,340.0
Lawrence,2021-04-01,5.0
Loudon,2021-03-29,2.0
Loudon,2021-03-30,290.0
Loudon,2021-03-31,64.0
Loudon,2021-04-01,1.0
Macon,2021-03-30,4.0
Macon,2021-03-31,157.0
Macon,2021-04-01,518.0
Madison,2021-03-29,19.0
Madison,2021-03-30,88.0
Madison,2021-03-31,205.0
Madison,2021-04-01,199.0
Marion,2021-03-31,18.0
Marion,2021-04-01,550.0
Marshall,2021-03-29,3.0
Marshall,2021-03-30,39.0
Marshall,2021-03-31,4.0
Marshall,2021-04-01,1.0
Maury,2021-03-29,4.0
Maury,2021-03-30,28.0
Maury,2021-03-31,122.0
Maury,2021-04-01,2470.0
McMinn,2021-03-30,162.0
McMinn,2021-03-31,278.0
McMinn,2021-04-01,3.0
Meigs,2021-03-30,1.0
Meigs,2021-03-31,32.0
Meigs,2021-04-01,30.0
Monroe,2021-03-29,4.0
Monroe,2021-03-30,62.0
Monroe,2021-03-31,3.0
Monroe,2021-04-01,4.0
Montgomery,2021-03-29,1.0
Montgomery,2021-03-30,8.0
Montgomery,2021-03-31,57.0
Montgomery,2021-04-01,5.0
Moore,2021-03-29,1.0
Moore,2021-03-30,3.0
Moore,2021-03-31,43.0
Morgan,2021-03-31,27.0
Obion,2021-03-29,1.0
Obion,2021-03-30,5.0
Overton,2021-03-31,1.0
Overton,2021-04-01,5.0
Pickett,2021-03-30,6.0
Pickett,2021-03-31,5.0
Polk,2021-03-29,18.0
Polk,2021-03-30,18.0
Polk,2021-03-31,1.0
Polk,2021-04-01,137.0
Putnam,2021-03-31,
Rhea,2021-03-29,1.0
Rhea,2021-03-31,59.0
Rhea,2021-04-01,1.0
Roane,2021-03-29,1.0
Roane,2021-03-30,2.0
Roane,2021-03-31,168.0
Roane,2021-04-01,1894.0
Robertson,2021-03-29,9.0
Robertson,2021-03-30,24.0
Robertson,2021-03-31,14.0
Robertson,2021-04-01,12.0
Rutherford,2021-03-29,32.0
Rutherford,2021-03-30,45.0
Rutherford,2021-03-31,606.0
Rutherford,2021-04-01,4.0
Scott,2021-03-31,
Sequatchie,2021-03-30,1.0
Sequatchie,2021-04-01,31.0
Sevier,2021-03-29,29.0
Sevier,2021-03-30,41.0
Sevier,2021-03-31,113.0
Sevier,2021-04-01,43.0
Shelby,2021-03-29,1338.0
Shelby,2021-03-30,9557.0
Shelby,2021-03-31,1130.0
Shelby,2021-04-01,2031.0
Stewart,2021-03-29,
Stewart,2021-03-30,2.0
Stewart,2021-03-31,2.0
Stewart,2021-04-01,1.0
Sullivan,2021-03-29,16.0
Sullivan,2021-03-30,23.0
Sullivan,2021-03-31,1080.0
Sullivan,2021-04-01,900.0
Sumner,2021-03-29,2.0
Sumner,2021-03-30,9.0
Sumner,2021-03-31,13.0
Sumner,2021-04-01,7.0
Tipton,2021-03-29,3.0
Tipton,2021-03-30,
Tipton,2021-03-31,555.0
Tipton,2021-04-01,1.0
Trousdale,2021-03-30,1.0
Trousdale,2021-03-31,3.0
Trousdale,2021-04-01,1.0
Unicoi,2021-03-29,
Unicoi,2021-03-30,1.0
Unicoi,2021-03-31,
Union,2021-03-30,33.0
Union,2021-03-31,124.0
Union,2021-04-01,633.0
Washington,2021-03-29,6.0
Washington,2021-03-30,25.0
Washington,2021-03-31,48.0
Washington,2021-04-01,21.0
White,2021-03-31,
Williamson,2021-03-29,13.0
Williamson,2021-03-30,7.0
Williamson,2021-03-31,215.0
Williamson,2021-04-01,3.0
Wilson,2021-03-29,3.0
Wilson,2021-03-30,326.0
Wilson,2021-03-31,332.0
Wilson,2021-04-01,19.0
Anderson,2021-04-01,1.0
Anderson,2021-04-03,22.0
Anderson,2021-04-04,1.0
Bedford,2021-04-01,1.0
Bedford,2021-04-02,66.0
Bedford,2021-04-05,2.0
Bledsoe,2021-04-04,5.0
Bledsoe,2021-04-05,7.0
Blount,2021-04-01,23.0
Blount,2021-04-02,62.0
Blount,2021-04-03,7.0
Blount,2021-04-04,18.0
Blount,2021-04-05,5.0
Bradley,2021-04-01,26.0
Bradley,2021-04-02,194.0
Bradley,2021-04-03,1.0
Bradley,2021-04-04,52.0
Bradley,2021-04-05,
Campbell,2021-04-01,8.0
Campbell,2021-04-02,4.0
Campbell,2021-04-03,122.0
Campbell,2021-04-04,68.0
Campbell,2021-04-05,152.0
Cannon,2021-04-01,1.0
Cannon,2021-04-02,19.0
Cannon,2021-04-03,1.0
Cannon,2021-04-05,1.0
Cheatham,2021-04-01,1.0
Cheatham,2021-04-02,3.0
Cheatham,2021-04-03,1.0
Cheatham,2021-04-04,1.0
Cheatham,2021-04-05,1.0
Chester,2021-04-02,5.0
Chester,2021-04-03,2.0
Claiborne,2021-04-02,25.0
Claiborne,2021-04-03,25.0
Claiborne,2021-04-04,35.0
Clay,2021-04-05,39.0
Cocke,2021-04-01,13.0
Cocke,2021-04-02,5.0
Cocke,2021-04-03,9.0
Cocke,2021-04-04,28.0
Cocke,2021-04-05,28.0
Coffee,2021-04-02,119.0
Coffee,2021-04-05,2.0
Crockett,2021-04-04,5.0
Cumberland,2021-04-01,1.0
Cumberland,2021-04-02,3.0
Cumberland,2021-04-03,18.0
Cumberland,2021-04-04,38.0
Cumberland,2021-04-05,2.0
Davidson,2021-04-01,219.0
Davidson,2021-04-02,1852.0
Davidson,2021-04-03,308.0
Davidson,2021-04-04,918.0
Davidson,2021-04-05,15.0
DeKalb,2021-04-05,
Dickson,2021-04-05,
Dyer,2021-04-02,2.0
Fayette,2021-04-01,1.0
Fayette,2021-04-02,1.0
Fayette,2021-04-03,1.0
Fayette,2021-04-04,477.0
Fayette,2021-04-05,477.0
Fentress,2021-04-01,198.0
Fentress,2021-04-02,164.0
Fentress,2021-04-04,10.0
Fentress,2021-04-05,
Franklin,2021-04-01,6.0
Franklin,2021-04-02,
Franklin,2021-04-04,16.0
Franklin,2021-04-05,6.0
Gibson,2021-04-01,7.0
Gibson,2021-04-03,5.0
Giles,2021-04-01,2.0
Giles,2021-04-02,21.0
Giles,2021-04-03,2.0
Giles,2021-04-05,359.0
Grainger,2021-04-01,5.0
Grainger,2021-04-02,2.0
Grainger,2021-04-03,4.0
Greene,2021-04-01,6.0
Greene,2021-04-02,1.0
Greene,2021-04-03,1.0
Greene,2021-04-04,51.0
Greene,2021-04-05,8.0
Grundy,2021-04-01,1.0
Grundy,2021-04-02,1.0
Grundy,2021-04-05,1.0
Hamblen,2021-04-01,39.0
Hamblen,2021-04-02,3.0
Hamblen,2021-04-03,
Hamblen,2021-04-04,5.0
Hamblen,2021-04-05,
Hamilton,2021-04-02,2.0
Hamilton,2021-04-03,22.0
Hamilton,2021-04-04,65.0
Hamilton,2021-04-05,2.0
Hancock,2021-04-01,1.0
Hancock,2021-04-02,1.0
Hancock,2021-04-03,1.0
Hancock,2021-04-04,1.0
Hancock,2021-04-05,1.0
Hardeman,2021-04-01,2.0
Hardeman,2021-04-04,2.0
Hardeman,2021-04-05,38.0
Hawkins,2021-04-01,40.0
Hawkins,2021-04-02,28.0
Hawkins,2021-04-03,5.0
Hawkins,2021-04-04,20.0
Hawkins,2021-04-05,9.0
Henry,2021-04-02,1287.0
Henry,2021-04-03,83.0
Henry,2021-04-04,1.0
Henry,2021-04-05,17.0
Hickman,2021-04-02,1.0
Hickman,2021-04-05,
Jefferson,2021-04-01,1.0
Jefferson,2021-04-03,2.0
Knox,2021-04-01,73.0
Knox,2021-04-02,79.0
Knox,2021-04-03,45.0
Knox,2021-04-04,53.0
Knox,2021-04-05,75.0
Lawrence,2021-04-01,2.0
Lawrence,2021-04-02,1.0
Lawrence,2021-04-03,1.0
Lawrence,2021-04-04,1.0
Lawrence,2021-04-05,10.0
Lewis,2021-04-02,
Lincoln,2021-04-02,
Loudon,2021-04-01,1.0
Loudon,2021-04-02,53.0
Loudon,2021-04-05,4.0
Macon,2021-04-01,1.0
Macon,2021-04-03,13.0
Madison,2021-04-01,199.0
Madison,2021-04-02,157.0
Madison,2021-04-03,3.0
Madison,2021-04-04,125.0
Madison,2021-04-05,3.0
Marion,2021-04-01,1.0
Marion,2021-04-02,
Marion,2021-04-04,1.0
Marion,2021-04-05,4.0
Marshall,2021-04-02,31.0
Marshall,2021-04-03,1.0
Marshall,2021-04-05,3.0
Maury,2021-04-01,2.0
Maury,2021-04-02,1.0
Maury,2021-04-03,2.0
Maury,2021-04-05,
McMinn,2021-04-01,25.0
McMinn,2021-04-03,4.0
McMinn,2021-04-05,8.0
Meigs,2021-04-02,1.0
Meigs,2021-04-03,30.0
Meigs,2021-04-05,
Monroe,2021-04-01,12.0
Monroe,2021-04-02,89.0
Monroe,2021-04-04,1.0
Monroe,2021-04-05,1.0
Montgomery,2021-04-01,964.0
Montgomery,2021-04-02,13.0
Montgomery,2021-04-03,4.0
Montgomery,2021-04-04,110.0
Montgomery,2021-04-05,23.0
Moore,2021-04-01,71.0
Moore,2021-04-02,
Morgan,2021-04-04,9.0
Morgan,2021-04-05,
Obion,2021-04-03,2.0
Obion,2021-04-04,1.0
Overton,2021-04-02,1.0
Overton,2021-04-05,
Pickett,2021-04-01,171.0
Pickett,2021-04-02,15.0
Pickett,2021-04-05,
Polk,2021-04-01,7.0
Polk,2021-04-05,
Putnam,2021-04-02,1.0
Putnam,2021-04-04,1.0
Putnam,2021-04-05,
Rhea,2021-04-02,1.0
Rhea,2021-04-04,1.0
Rhea,2021-04-05,
Roane,2021-04-01,2.0
Roane,2021-04-03,1.0
Roane,2021-04-04,3.0
Roane,2021-04-05,2.0
Robertson,2021-04-01,18.0
Robertson,2021-04-02,11.0
Robertson,2021-04-03,5.0
Robertson,2021-04-04,17.0
Robertson,2021-04-05,16.0
Rutherford,2021-04-01,6.0
Rutherford,2021-04-02,19.0
Rutherford,2021-04-03,19.0
Rutherford,2021-04-04,46.0
Rutherford,2021-04-05,25.0
Scott,2021-04-05,
Sequatchie,2021-04-03,2.0
Sevier,2021-04-01,43.0
Sevier,2021-04-02,13.0
Sevier,2021-04-03,54.0
Sevier,2021-04-04,10.0
Sevier,2021-04-05,20.0
Shelby,2021-04-01,5123.0
Shelby,2021-04-02,59.0
Shelby,2021-04-03,31.0
Shelby,2021-04-04,3313.0
Shelby,2021-04-05,53.0
Smith,2021-04-05,
Stewart,2021-04-01,49.0
Stewart,2021-04-04,1.0
Stewart,2021-04-05,1.0
Sullivan,2021-04-01,5.0
Sullivan,2021-04-02,70.0
Sullivan,2021-04-03,7.0
Sullivan,2021-04-04,35.0
Sullivan,2021-04-05,6.0
Sumner,2021-04-01,8.0
Sumner,2021-04-02,4.0
Sumner,2021-04-03,2715.0
Sumner,2021-04-04,8.0
Sumner,2021-04-05,5.0
Tipton,2021-04-02,3.0
Tipton,2021-04-04,12.0
Trousdale,2021-04-05,3.0
Unicoi,2021-04-02,
Unicoi,2021-04-04,1.0
Unicoi,2021-04-05,
Union,2021-04-01,2.0
Union,2021-04-02,
Union,2021-04-04,35.0
Union,2021-04-05,1.0
Van Buren,2021-04-05,4.0
Warren,2021-04-05,
Washington,2021-04-01,22.0
Washington,2021-04-02,10.0
Washington,2021-04-03,35.0
Washington,2021-04-04,20.0
Washington,2021-04-05,28.0
White,2021-04-05,
Williamson,2021-04-01,7.0
Williamson,2021-04-02,11.0
Williamson,2021-04-03,22.0
Williamson,2021-04-04,4.0
Williamson,2021-04-05,5.0
Wilson,2021-04-01,9.0
Wilson,2021-04-02,51.0
Wilson,2021-04-04,5.0
Wilson,2021-04-05,6.0
Anderson,2021-04-06,85.0
Anderson,2021-04-07,1.0
Bedford,2021-04-05,3.0
Bedford,2021-04-06,3.0
Bedford,2021-04-07,1.0
Bledsoe,2021-04-05,7.0
Bledsoe,2021-04-06,3.0
Bledsoe,2021-04-07,1.0
Blount,2021-04-05,159.0
Blount,2021-04-06,14.0
Blount,2021-04-07,23.0
Blount,2021-04-08,115.0
Bradley,2021-04-05,24.0
Bradley,2021-04-06,1.0
Bradley,2021-04-07,49.0
Campbell,2021-04-05,7.0
Campbell,2021-04-06,34.0
Campbell,2021-04-07,16.0
Campbell,2021-04-08,94.0
Cannon,2021-04-05,7.0
Cannon,2021-04-06,3.0
Cannon,2021-04-07,12.0
Cheatham,2021-04-05,1.0
Cheatham,2021-04-06,3.0
Cheatham,2021-04-07,1.0
Cheatham,2021-04-08,88.0
Chester,2021-04-05,1.0
Chester,2021-04-06,786.0
Claiborne,2021-04-05,47.0
Claiborne,2021-04-06,79.0
Claiborne,2021-04-07,1046.0
Claiborne,2021-04-08,
Clay,2021-04-05,39.0
Clay,2021-04-06,1.0
Cocke,2021-04-05,29.0
Cocke,2021-04-06,16668.0
Cocke,2021-04-07,6.0
Cocke,2021-04-08,
Coffee,2021-04-05,1.0
Coffee,2021-04-06,1.0
Coffee,2021-04-07,51.0
Coffee,2021-04-08,50.0
Crockett,2021-04-05,19.0
Crockett,2021-04-07,7.0
Cumberland,2021-04-05,88.0
Cumberland,2021-04-06,29.0
Cumberland,2021-04-07,341.0
Cumberland,2021-04-08,7.0
Davidson,2021-04-05,17.0
Davidson,2021-04-06,142.0
Davidson,2021-04-07,30.0
Davidson,2021-04-08,2181.0
DeKalb,2021-04-06,1.0
Fayette,2021-04-05,1.0
Fayette,2021-04-06,1.0
Fayette,2021-04-07,102.0
Fayette,2021-04-08,26.0
Fentress,2021-04-05,2.0
Fentress,2021-04-06,1.0
Franklin,2021-04-05,6.0
Franklin,2021-04-06,5.0
Franklin,2021-04-07,1346.0
Gibson,2021-04-06,13.0
Gibson,2021-04-08,2.0
Giles,2021-04-05,8.0
Giles,2021-04-06,6.0
Giles,2021-04-07,76.0
Giles,2021-04-08,74.0
Grainger,2021-04-05,26.0
Grainger,2021-04-07,18.0
Greene,2021-04-05,34.0
Greene,2021-04-06,54.0
Greene,2021-04-07,6.0
Greene,2021-04-08,
Grundy,2021-04-05,
Grundy,2021-04-06,1.0
Hamblen,2021-04-05,1.0
Hamblen,2021-04-06,25.0
Hamblen,2021-04-07,1234.0
Hamblen,2021-04-08,
Hamilton,2021-04-06,109.0
Hamilton,2021-04-07,1.0
Hamilton,2021-04-08,1.0
Hancock,2021-04-05,38.0
Hancock,2021-04-06,1.0
Hancock,2021-04-07,2.0
Hancock,2021-04-08,1.0
Hardeman,2021-04-05,38.0
Hawkins,2021-04-05,35.0
Hawkins,2021-04-06,11.0
Hawkins,2021-04-07,45.0
Hawkins,2021-04-08,1.0
Haywood,2021-04-07,156.0
Haywood,2021-04-08,89.0
Henderson,2021-04-06,1.0
Henry,2021-04-05,18.0
Henry,2021-04-06,130.0
Henry,2021-04-07,26.0
Jefferson,2021-04-06,481.0
Jefferson,2021-04-07,1.0
Knox,2021-04-05,137.0
Knox,2021-04-06,30.0
Knox,2021-04-07,39.0
Knox,2021-04-08,26.0
Lawrence,2021-04-05,2.0
Lawrence,2021-04-06,2.0
Lawrence,2021-04-07,1.0
Lawrence,2021-04-08,67.0
Lewis,2021-04-05,
Lincoln,2021-04-05,
Loudon,2021-04-05,2.0
Loudon,2021-04-06,20.0
Loudon,2021-04-07,2.0
Macon,2021-04-05,4.0
Macon,2021-04-06,3.0
Madison,2021-04-05,27.0
Madison,2021-04-06,1.0
Madison,2021-04-07,173.0
Madison,2021-04-08,6.0
Marion,2021-04-05,3.0
Marion,2021-04-06,8.0
Marion,2021-04-07,7.0
Marshall,2021-04-05,1.0
Marshall,2021-04-06,4.0
Marshall,2021-04-07,2.0
Marshall,2021-04-08,90.0
Maury,2021-04-05,2.0
Maury,2021-04-06,22.0
Maury,2021-04-07,21.0
Maury,2021-04-08,29.0
McMinn,2021-04-06,4.0
McMinn,2021-04-07,1.0
Meigs,2021-04-05,10.0
Meigs,2021-04-06,1.0
Monroe,2021-04-05,2.0
Monroe,2021-04-06,6.0
Monroe,2021-04-07,5.0
Montgomery,2021-04-05,767.0
Montgomery,2021-04-06,24.0
Montgomery,2021-04-07,112.0
Montgomery,2021-04-08,2945.0
Moore,2021-04-05,2.0
Moore,2021-04-06,1.0
Moore,2021-04-07,2.0
Obion,2021-04-06,19.0
Obion,2021-04-07,85.0
Obion,2021-04-08,62.0
Pickett,2021-04-07,1.0
Polk,2021-04-06,1.0
Polk,2021-04-07,1.0
Polk,2021-04-08,1.0
Rhea,2021-04-05,915.0
Rhea,2021-04-07,1.0
Roane,2021-04-05,2.0
Roane,2021-04-06,1.0
Robertson,2021-04-05,21.0
Robertson,2021-04-06,13.0
Robertson,2021-04-07,553.0
Rutherford,2021-04-05,23.0
Rutherford,2021-04-06,6.0
Rutherford,2021-04-07,11.0
Rutherford,2021-04-08,1224.0
Sequatchie,2021-04-05,1.0
Sequatchie,2021-04-07,28.0
Sevier,2021-04-05,64.0
Sevier,2021-04-06,122.0
Sevier,2021-04-07,148.0
Sevier,2021-04-08,14.0
Shelby,2021-04-05,38.0
Shelby,2021-04-06,134.0
Shelby,2021-04-07,6390.0
Shelby,2021-04-08,3284.0
Stewart,2021-04-06,1.0
Stewart,2021-04-07,2.0
Stewart,2021-04-08,1.0
Sullivan,2021-04-05,48.0
Sullivan,2021-04-06,34.0
Sullivan,2021-04-07,78.0
Sumner,2021-04-05,28.0
Sumner,2021-04-06,413.0
Sumner,2021-04-07,116.0
Sumner,2021-04-08,242.0
Tipton,2021-04-05,3.0
Tipton,2021-04-06,19.0
Tipton,2021-04-07,476.0
Trousdale,2021-04-05,3.0
Trousdale,2021-04-06,2.0
Trousdale,2021-04-07,1.0
Unicoi,2021-04-05,1.0
Unicoi,2021-04-06,1.0
Unicoi,2021-04-07,
Union,2021-04-05,9.0
Union,2021-04-06,2.0
Union,2021-04-07,1178.0
Union,2021-04-08,
Van Buren,2021-04-05,4.0
Washington,2021-04-05,41.0
Washington,2021-04-06,117.0
Washington,2021-04-07,39.0
Washington,2021-04-08,4.0
White,2021-04-08,124.0
Williamson,2021-04-05,86.0
Williamson,2021-04-06,5.0
Williamson,2021-04-07,12.0
Wilson,2021-04-05,8.0
Wilson,2021-04-06,14.0
Wilson,2021-04-07,9.0
Wilson,2021-04-08,33.0
Anderson,2021-04-09,3.0
Bedford,2021-04-08,2.0
Bedford,2021-04-09,3.0
Bledsoe,2021-04-08,1.0
Bledsoe,2021-04-10,2.0
Blount,2021-04-08,342.0
Blount,2021-04-09,5.0
Blount,2021-04-10,57.0
Blount,2021-04-11,
Bradley,2021-04-08,3.0
Bradley,2021-04-09,642.0
Bradley,2021-04-10,790.0
Campbell,2021-04-08,33.0
Campbell,2021-04-09,144.0
Campbell,2021-04-10,67.0
Campbell,2021-04-11,5.0
Cannon,2021-04-09,3.0
Carter,2021-04-10,
Cheatham,2021-04-08,24.0
Cheatham,2021-04-09,1.0
Cheatham,2021-04-10,83.0
Chester,2021-04-08,1.0
Chester,2021-04-10,25.0
Claiborne,2021-04-08,96.0
Claiborne,2021-04-09,14.0
Claiborne,2021-04-10,9.0
Cocke,2021-04-08,45.0
Cocke,2021-04-09,11.0
Cocke,2021-04-10,1.0
Cocke,2021-04-11,1.0
Coffee,2021-04-08,50.0
Coffee,2021-04-09,4.0
Coffee,2021-04-10,604.0
Crockett,2021-04-09,3.0
Crockett,2021-04-10,26.0
Cumberland,2021-04-08,61.0
Cumberland,2021-04-09,182.0
Cumberland,2021-04-10,10.0
Davidson,2021-04-08,834.0
Davidson,2021-04-09,1390.0
Davidson,2021-04-10,3031.0
Davidson,2021-04-11,7.0
DeKalb,2021-04-09,1.0
Fayette,2021-04-08,534.0
Fayette,2021-04-09,15.0
Fayette,2021-04-10,290.0
Fentress,2021-04-08,35.0
Fentress,2021-04-09,3.0
Franklin,2021-04-08,11.0
Franklin,2021-04-09,8.0
Franklin,2021-04-10,41.0
Franklin,2021-04-11,2.0
Gibson,2021-04-09,15.0
Gibson,2021-04-10,1.0
Giles,2021-04-08,38.0
Giles,2021-04-09,408.0
Giles,2021-04-10,1332.0
Giles,2021-04-11,8.0
Grainger,2021-04-08,11.0
Grainger,2021-04-09,3.0
Greene,2021-04-08,1.0
Greene,2021-04-09,6.0
Greene,2021-04-10,4.0
Greene,2021-04-11,
Grundy,2021-04-08,831.0
Hamblen,2021-04-08,1.0
Hamblen,2021-04-09,
Hamblen,2021-04-10,26.0
Hamblen,2021-04-11,
Hamilton,2021-04-08,1572.0
Hancock,2021-04-08,4.0
Hancock,2021-04-09,1.0
Hancock,2021-04-10,75.0
Hancock,2021-04-11,17.0
Hardeman,2021-04-09,59.0
Hardeman,2021-04-10,1.0
Hawkins,2021-04-08,7.0
Hawkins,2021-04-09,15.0
Hawkins,2021-04-10,7.0
Hawkins,2021-04-11,2.0
Haywood,2021-04-08,89.0
Haywood,2021-04-09,30.0
Henry,2021-04-08,240.0
Henry,2021-04-09,120.0
Henry,2021-04-10,82.0
Jefferson,2021-04-09,2.0
Knox,2021-04-08,3425.0
Knox,2021-04-09,3434.0
Knox,2021-04-10,66.0
Knox,2021-04-11,9.0
Lake,2021-04-10,2.0
Lawrence,2021-04-08,36.0
Lawrence,2021-04-09,4.0
Lawrence,2021-04-10,6.0
Lawrence,2021-04-11,1.0
Lincoln,2021-04-08,2.0
Loudon,2021-04-08,3.0
Loudon,2021-04-09,3.0
Loudon,2021-04-10,1010.0
Loudon,2021-04-11,30.0
Macon,2021-04-08,1.0
Macon,2021-04-09,2.0
Macon,2021-04-10,16.0
Madison,2021-04-08,232.0
Madison,2021-04-09,2937.0
Madison,2021-04-10,30.0
Madison,2021-04-11,11.0
Marion,2021-04-08,333.0
Marion,2021-04-09,11.0
Marion,2021-04-10,4.0
Marshall,2021-04-08,2.0
Marshall,2021-04-09,5.0
Marshall,2021-04-10,2.0
Maury,2021-04-08,1501.0
Maury,2021-04-09,72.0
Maury,2021-04-10,7.0
McMinn,2021-04-08,1.0
McMinn,2021-04-09,8.0
Meigs,2021-04-08,1.0
Meigs,2021-04-09,27.0
Meigs,2021-04-10,29.0
Monroe,2021-04-08,25.0
Monroe,2021-04-09,6.0
Monroe,2021-04-10,15.0
Monroe,2021-04-11,2.0
Montgomery,2021-04-08,20.0
Montgomery,2021-04-09,41.0
Montgomery,2021-04-10,4257.0
Montgomery,2021-04-11,1.0
Moore,2021-04-08,1.0
Moore,2021-04-09,1.0
Morgan,2021-04-09,9.0
Obion,2021-04-08,3.0
Obion,2021-04-09,23.0
Obion,2021-04-10,1.0
Pickett,2021-04-09,1.0
Polk,2021-04-08,49.0
Polk,2021-04-10,10.0
Putnam,2021-04-09,12.0
Rhea,2021-04-08,341.0
Rhea,2021-04-09,2.0
Rhea,2021-04-10,1.0
Roane,2021-04-08,34.0
Roane,2021-04-09,1.0
Roane,2021-04-10,5.0
Robertson,2021-04-08,13.0
Robertson,2021-04-09,23.0
Robertson,2021-04-10,2.0
Rutherford,2021-04-08,18.0
Rutherford,2021-04-09,163.0
Rutherford,2021-04-10,74.0
Rutherford,2021-04-11,1.0
Sequatchie,2021-04-08,58.0
Sequatchie,2021-04-09,58.0
Sevier,2021-04-08,77.0
Sevier,2021-04-09,6.0
Sevier,2021-04-10,56.0
Shelby,2021-04-08,641.0
Shelby,2021-04-09,3110.0
Shelby,2021-04-10,2154.0
Shelby,2021-04-11,1307.0
Smith,2021-04-09,1.0
Stewart,2021-04-08,22.0
Stewart,2021-04-09,2.0
Stewart,2021-04-10,1.0
Stewart,2021-04-11,1.0
Sullivan,2021-04-08,15.0
Sullivan,2021-04-09,20.0
Sullivan,2021-04-10,122.0
Sullivan,2021-04-11,30.0
Sumner,2021-04-08,100.0
Sumner,2021-04-09,18.0
Sumner,2021-04-10,29.0
Sumner,2021-04-11,1330.0
Tipton,2021-04-08,21.0
Tipton,2021-04-09,460.0
Unicoi,2021-04-08,4.0
Unicoi,2021-04-09,6.0
Union,2021-04-08,241.0
Union,2021-04-09,
Washington,2021-04-08,9.0
Washington,2021-04-09,33.0
Washington,2021-04-10,35.0
Washington,2021-04-11,78.0
Williamson,2021-04-08,43.0
Williamson,2021-04-09,6.0
Williamson,2021-04-10,3.0
Williamson,2021-04-11,1.0
Wilson,2021-04-08,6.0
Wilson,2021-04-09,13.0
Wilson,2021-04-10,2.0
Anderson,2021-04-12,27.0
Anderson,2021-04-13,2.0
Anderson,2021-04-14,23.0
Bedford,2021-04-12,28.0
Bedford,2021-04-13,450.0
Bedford,2021-04-14,40.0
Bledsoe,2021-04-11,1.0
Bledsoe,2021-04-12,
Bledsoe,2021-04-13,23.0
Bledsoe,2021-04-14,33.0
Blount,2021-04-11,48.0
Blount,2021-04-12,160.0
Blount,2021-04-13,28.0
Blount,2021-04-14,26.0
Bradley,2021-04-11,22.0
Bradley,2021-04-12,56.0
Bradley,2021-04-13,26.0
Campbell,2021-04-11,87.0
Campbell,2021-04-12,57.0
Campbell,2021-04-13,58.0
Campbell,2021-04-14,41.0
Cannon,2021-04-12,1733.0
Cannon,2021-04-13,1733.0
Carter,2021-04-12,
Cheatham,2021-04-11,83.0
Cheatham,2021-04-12,2.0
Cheatham,2021-04-13,2.0
Cheatham,2021-04-14,3.0
Chester,2021-04-11,902.0
Chester,2021-04-12,8.0
Chester,2021-04-13,2.0
Claiborne,2021-04-11,7.0
Claiborne,2021-04-12,47.0
Claiborne,2021-04-13,36.0
Claiborne,2021-04-14,
Clay,2021-04-12,50.0
Clay,2021-04-13,2.0
Clay,2021-04-14,7.0
Cocke,2021-04-11,801.0
Cocke,2021-04-12,6.0
Cocke,2021-04-13,5.0
Cocke,2021-04-14,4.0
Coffee,2021-04-12,22.0
Coffee,2021-04-13,22.0
Coffee,2021-04-14,2.0
Crockett,2021-04-13,217.0
Cumberland,2021-04-11,12.0
Cumberland,2021-04-12,19.0
Cumberland,2021-04-13,22.0
Cumberland,2021-04-14,1.0
Davidson,2021-04-11,96.0
Davidson,2021-04-12,1461.0
Davidson,2021-04-13,37.0
Davidson,2021-04-14,38.0
DeKalb,2021-04-12,
Dickson,2021-04-12,
Fayette,2021-04-11,1.0
Fayette,2021-04-12,36.0
Fayette,2021-04-13,23.0
Fayette,2021-04-14,1.0
Fentress,2021-04-11,1.0
Fentress,2021-04-12,1.0
Fentress,2021-04-13,1.0
Franklin,2021-04-11,2.0
Franklin,2021-04-12,5.0
Franklin,2021-04-13,4.0
Franklin,2021-04-14,2.0
Gibson,2021-04-11,3.0
Gibson,2021-04-12,4.0
Gibson,2021-04-13,14.0
Giles,2021-04-11,6.0
Giles,2021-04-12,11.0
Giles,2021-04-14,22.0
Grainger,2021-04-12,1.0
Grainger,2021-04-13,1.0
Grainger,2021-04-14,
Greene,2021-04-11,1.0
Greene,2021-04-12,6.0
Greene,2021-04-13,4.0
Greene,2021-04-14,2.0
Grundy,2021-04-12,4.0
Grundy,2021-04-13,145.0
Grundy,2021-04-14,2.0
Hamblen,2021-04-12,2.0
Hamblen,2021-04-13,32.0
Hamblen,2021-04-14,
Hamilton,2021-04-12,
Hamilton,2021-04-14,2.0
Hancock,2021-04-11,45.0
Hancock,2021-04-12,33.0
Hancock,2021-04-13,22.0
Hancock,2021-04-14,1.0
Hawkins,2021-04-11,16.0
Hawkins,2021-04-12,31.0
Hawkins,2021-04-13,59.0
Hawkins,2021-04-14,
Haywood,2021-04-13,1.0
Henry,2021-04-11,35.0
Henry,2021-04-12,11.0
Henry,2021-04-13,39.0
Hickman,2021-04-12,
Jefferson,2021-04-14,
Knox,2021-04-11,130.0
Knox,2021-04-12,871.0
Knox,2021-04-13,596.0
Knox,2021-04-14,41.0
Lawrence,2021-04-11,2.0
Lawrence,2021-04-12,17.0
Lawrence,2021-04-13,22.0
Lawrence,2021-04-14,1.0
Lewis,2021-04-12,
Lincoln,2021-04-12,
Loudon,2021-04-12,6.0
Loudon,2021-04-13,2.0
Loudon,2021-04-14,2.0
Macon,2021-04-11,1.0
Macon,2021-04-12,14.0
Macon,2021-04-13,2.0
Madison,2021-04-11,1.0
Madison,2021-04-12,68.0
Madison,2021-04-13,2.0
Marion,2021-04-11,29.0
Marion,2021-04-12,3.0
Marion,2021-04-13,6.0
Marshall,2021-04-12,5.0
Marshall,2021-04-13,6.0
Maury,2021-04-11,71.0
Maury,2021-04-12,932.0
Maury,2021-04-13,5.0
Maury,2021-04-14,3.0
McMinn,2021-04-11,14.0
McMinn,2021-04-12,103.0
McMinn,2021-04-13,17.0
Meigs,2021-04-11,3.0
Meigs,2021-04-12,2.0
Meigs,2021-04-13,13.0
Monroe,2021-04-12,29.0
Monroe,2021-04-13,67.0
Montgomery,2021-04-11,2969.0
Montgomery,2021-04-12,38.0
Montgomery,2021-04-13,57.0
Montgomery,2021-04-14,8.0
Moore,2021-04-12,1.0
Moore,2021-04-13,1.0
Moore,2021-04-14,1.0
Morgan,2021-04-12,
Obion,2021-04-11,22.0
Obion,2021-04-12,21.0
Overton,2021-04-12,
Pickett,2021-04-12,88.0
Polk,2021-04-12,
Putnam,2021-04-12,
Rhea,2021-04-11,1.0
Rhea,2021-04-12,1.0
Rhea,2021-04-13,26.0
Roane,2021-04-12,1.0
Robertson,2021-04-11,38.0
Robertson,2021-04-12,13.0
Robertson,2021-04-13,17.0
Rutherford,2021-04-11,1.0
Rutherford,2021-04-12,29.0
Rutherford,2021-04-13,29.0
Rutherford,2021-04-14,16.0
Scott,2021-04-12,
Sequatchie,2021-04-13,1.0
Sevier,2021-04-11,32.0
Sevier,2021-04-12,12.0
Sevier,2021-04-13,12.0
Sevier,2021-04-14,
Shelby,2021-04-11,433.0
Shelby,2021-04-12,1391.0
Shelby,2021-04-13,1295.0
Shelby,2021-04-14,272.0
Smith,2021-04-12,
Stewart,2021-04-11,22.0
Stewart,2021-04-12,5.0
Stewart,2021-04-13,1.0
Sullivan,2021-04-11,149.0
Sullivan,2021-04-12,10.0
Sullivan,2021-04-13,13.0
Sullivan,2021-04-14,5.0
Sumner,2021-04-11,1330.0
Sumner,2021-04-12,48.0
Sumner,2021-04-13,22.0
Sumner,2021-04-14,5.0
Tipton,2021-04-11,27.0
Tipton,2021-04-13,3.0
Tipton,2021-04-14,
Trousdale,2021-04-12,1.0
Trousdale,2021-04-13,1.0
Unicoi,2021-04-11,
Unicoi,2021-04-12,
Unicoi,2021-04-13,
Unicoi,2021-04-14,1.0
Union,2021-04-11,237.0
Union,2021-04-12,72.0
Union,2021-04-13,67.0
Union,2021-04-14,3.0
Van Buren,2021-04-13,1.0
Warren,2021-04-12,1.0
Warren,2021-04-13,1.0
Washington,2021-04-11,45.0
Washington,2021-04-12,86.0
Washington,2021-04-13,98.0
Washington,2021-04-14,9.0
Wayne,2021-04-12,
White,2021-04-12,
White,2021-04-13,461.0
Williamson,2021-04-11,23.0
Williamson,2021-04-12,28.0
Williamson,2021-04-13,16.0
Wilson,2021-04-11,2.0
Wilson,2021-04-12,20.0
Wilson,2021-04-13,53.0
Wilson,2021-04-14,43.0
Anderson,2021-04-14,1.0
Anderson,2021-04-15,109.0
Anderson,2021-04-16,9.0
Bedford,2021-04-14,4.0
Bedford,2021-04-15,1.0
Bledsoe,2021-04-15,1.0
Bledsoe,2021-04-16,1.0
Blount,2021-04-14,26.0
Blount,2021-04-15,61.0
Blount,2021-04-16,89.0
Blount,2021-04-17,46.0
Bradley,2021-04-14,26.0
Bradley,2021-04-15,60.0
Bradley,2021-04-16,9.0
Bradley,2021-04-17,68.0
Campbell,2021-04-14,172.0
Campbell,2021-04-15,173.0
Campbell,2021-04-16,107.0
Campbell,2021-04-17,107.0
Cannon,2021-04-14,2.0
Cannon,2021-04-15,
Carter,2021-04-16,
Cheatham,2021-04-14,6.0
Cheatham,2021-04-15,4.0
Cheatham,2021-04-16,17.0
Cheatham,2021-04-17,1.0
Chester,2021-04-16,37.0
Claiborne,2021-04-14,146.0
Claiborne,2021-04-15,21.0
Claiborne,2021-04-16,281.0
Claiborne,2021-04-17,281.0
Clay,2021-04-14,7.0
Cocke,2021-04-14,57.0
Cocke,2021-04-15,5.0
Cocke,2021-04-16,13.0
Cocke,2021-04-17,1.0
Coffee,2021-04-14,4.0
Coffee,2021-04-15,3.0
Coffee,2021-04-16,2.0
Coffee,2021-04-17,4.0
Crockett,2021-04-16,3.0
Cumberland,2021-04-14,11.0
Cumberland,2021-04-15,114.0
Cumberland,2021-04-16,6.0
Davidson,2021-04-14,41.0
Davidson,2021-04-15,99.0
Davidson,2021-04-16,1097.0
Davidson,2021-04-17,23.0
DeKalb,2021-04-15,
Dickson,2021-04-15,
Fayette,2021-04-16,1.0
Fayette,2021-04-17,1.0
Fentress,2021-04-16,6.0
Fentress,2021-04-17,1.0
Franklin,2021-04-14,667.0
Franklin,2021-04-15,1.0
Franklin,2021-04-16,11.0
Giles,2021-04-14,5.0
Giles,2021-04-15,83.0
Giles,2021-04-16,39.0
Giles,2021-04-17,45.0
Grainger,2021-04-16,3.0
Greene,2021-04-14,8.0
Greene,2021-04-15,431.0
Greene,2021-04-16,4.0
Greene,2021-04-17,
Grundy,2021-04-14,1.0
Grundy,2021-04-15,4.0
Grundy,2021-04-16,2.0
Grundy,2021-04-17,1.0
Hamblen,2021-04-15,23.0
Hamblen,2021-04-16,8.0
Hamblen,2021-04-17,
Hamilton,2021-04-14,2.0
Hamilton,2021-04-15,95.0
Hamilton,2021-04-16,1.0
Hancock,2021-04-14,3.0
Hancock,2021-04-15,1.0
Hancock,2021-04-16,8.0
Hancock,2021-04-17,1.0
Hardeman,2021-04-16,59.0
Hawkins,2021-04-14,17.0
Hawkins,2021-04-15,19.0
Hawkins,2021-04-16,40.0
Hawkins,2021-04-17,31.0
Henry,2021-04-14,162.0
Henry,2021-04-15,75.0
Henry,2021-04-17,2.0
Hickman,2021-04-15,
Jefferson,2021-04-14,1.0
Knox,2021-04-14,41.0
Knox,2021-04-15,684.0
Knox,2021-04-16,676.0
Knox,2021-04-17,5.0
Lake,2021-04-17,19.0
Lawrence,2021-04-14,4.0
Lawrence,2021-04-15,27.0
Lawrence,2021-04-16,6.0
Lawrence,2021-04-17,1.0
Lewis,2021-04-14,
Lincoln,2021-04-14,
Loudon,2021-04-14,14.0
Loudon,2021-04-15,2.0
Loudon,2021-04-16,4.0
Macon,2021-04-15,2.0
Macon,2021-04-16,34.0
Madison,2021-04-14,3.0
Madison,2021-04-15,77.0
Madison,2021-04-16,10.0
Madison,2021-04-17,59.0
Marion,2021-04-15,32.0
Marion,2021-04-16,21.0
Marion,2021-04-17,36.0
Marshall,2021-04-14,3.0
Marshall,2021-04-15,2.0
Marshall,2021-04-16,5.0
Maury,2021-04-14,44.0
Maury,2021-04-15,7.0
Maury,2021-04-16,4.0
Maury,2021-04-17,2.0
McMinn,2021-04-15,4.0
McMinn,2021-04-17,227.0
Meigs,2021-04-14,4.0
Meigs,2021-04-15,1.0
Monroe,2021-04-14,208.0
Monroe,2021-04-15,10.0
Monroe,2021-04-16,6.0
Monroe,2021-04-17,11.0
Montgomery,2021-04-14,209.0
Montgomery,2021-04-15,163.0
Montgomery,2021-04-16,18.0
Montgomery,2021-04-17,17.0
Moore,2021-04-15,1.0
Morgan,2021-04-14,11.0
Obion,2021-04-14,2.0
Obion,2021-04-17,1.0
Polk,2021-04-16,3.0
Polk,2021-04-17,3876.0
Putnam,2021-04-16,43.0
Roane,2021-04-14,7.0
Roane,2021-04-15,1.0
Robertson,2021-04-14,10.0
Robertson,2021-04-15,24.0
Robertson,2021-04-16,8.0
Robertson,2021-04-17,13.0
Rutherford,2021-04-14,18.0
Rutherford,2021-04-15,72.0
Rutherford,2021-04-16,5.0
Rutherford,2021-04-17,2.0
Sequatchie,2021-04-15,1.0
Sevier,2021-04-14,13.0
Sevier,2021-04-15,26.0
Sevier,2021-04-16,9.0
Sevier,2021-04-17,2.0
Shelby,2021-04-14,95.0
Shelby,2021-04-15,1393.0
Shelby,2021-04-16,289.0
Shelby,2021-04-17,2464.0
Smith,2021-04-15,
Stewart,2021-04-14,1.0
Stewart,2021-04-15,2.0
Stewart,2021-04-16,20.0
Stewart,2021-04-17,8.0
Sullivan,2021-04-14,188.0
Sullivan,2021-04-15,83.0
Sullivan,2021-04-16,28.0
Sullivan,2021-04-17,57.0
Sumner,2021-04-14,17.0
Sumner,2021-04-15,30.0
Sumner,2021-04-16,97.0
Sumner,2021-04-17,17.0
Tipton,2021-04-14,6.0
Tipton,2021-04-15,1031.0
Trousdale,2021-04-15,2.0
Unicoi,2021-04-14,1.0
Unicoi,2021-04-15,
Unicoi,2021-04-16,3.0
Union,2021-04-14,3.0
Union,2021-04-15,
Union,2021-04-16,4.0
Warren,2021-04-15,
Washington,2021-04-14,26.0
Washington,2021-04-15,16.0
Washington,2021-04-16,16.0
Washington,2021-04-17,36.0
Wayne,2021-04-14,
Williamson,2021-04-14,5.0
Williamson,2021-04-15,6.0
Williamson,2021-04-16,44.0
Williamson,2021-04-17,5.0
Wilson,2021-04-14,51.0
Wilson,2021-04-15,104.0
Wilson,2021-04-16,11.0
Wilson,2021-04-17,32.0
Anderson,2021-04-17,4.0
Anderson,2021-04-18,4.0
Anderson,2021-04-19,18.0
Anderson,2021-04-20,18.0
Anderson,2021-04-21,2.0
Bedford,2021-04-17,21.0
Bedford,2021-04-18,1.0
Bedford,2021-04-19,27.0
Bedford,2021-04-20,89.0
Bledsoe,2021-04-18,3.0
Bledsoe,2021-04-19,
Blount,2021-04-17,3.0
Blount,2021-04-18,87.0
Blount,2021-04-19,74.0
Blount,2021-04-20,47.0
Bradley,2021-04-17,8.0
Bradley,2021-04-18,12.0
Bradley,2021-04-19,47.0
Bradley,2021-04-20,47.0
Campbell,2021-04-17,34.0
Campbell,2021-04-18,45.0
Campbell,2021-04-19,60.0
Campbell,2021-04-20,11.0
Campbell,2021-04-21,34.0
Cannon,2021-04-17,1.0
Cannon,2021-04-18,55.0
Cannon,2021-04-19,1.0
Cannon,2021-04-20,2.0
Cheatham,2021-04-17,8.0
Cheatham,2021-04-18,35.0
Cheatham,2021-04-19,1.0
Cheatham,2021-04-20,42.0
Cheatham,2021-04-21,24.0
Chester,2021-04-18,1.0
Chester,2021-04-19,552.0
Claiborne,2021-04-18,5.0
Claiborne,2021-04-19,75.0
Claiborne,2021-04-20,221.0
Cocke,2021-04-17,2.0
Cocke,2021-04-18,1.0
Cocke,2021-04-19,5.0
Cocke,2021-04-20,112.0
Cocke,2021-04-21,1.0
Coffee,2021-04-17,5.0
Coffee,2021-04-18,37.0
Coffee,2021-04-19,7.0
Coffee,2021-04-20,97.0
Coffee,2021-04-21,3.0
Crockett,2021-04-19,18.0
Crockett,2021-04-20,12.0
Cumberland,2021-04-17,28.0
Cumberland,2021-04-18,40.0
Cumberland,2021-04-19,25.0
Cumberland,2021-04-20,73.0
Davidson,2021-04-17,19.0
Davidson,2021-04-18,316.0
Davidson,2021-04-19,1095.0
Davidson,2021-04-20,14.0
Davidson,2021-04-21,20.0
DeKalb,2021-04-19,1.0
DeKalb,2021-04-20,72.0
Dickson,2021-04-19,
Dickson,2021-04-20,
Dyer,2021-04-20,5.0
Fayette,2021-04-18,
Fayette,2021-04-19,202.0
Fayette,2021-04-20,23.0
Fentress,2021-04-17,1.0
Fentress,2021-04-19,60.0
Fentress,2021-04-20,1.0
Fentress,2021-04-21,1.0
Franklin,2021-04-18,
Franklin,2021-04-19,17.0
Franklin,2021-04-20,20.0
Gibson,2021-04-20,3.0
Giles,2021-04-17,57.0
Giles,2021-04-18,12.0
Giles,2021-04-19,30.0
Giles,2021-04-20,61.0
Giles,2021-04-21,6.0
Grainger,2021-04-19,2.0
Greene,2021-04-18,1.0
Greene,2021-04-19,50.0
Greene,2021-04-20,7.0
Greene,2021-04-21,
Grundy,2021-04-17,2.0
Grundy,2021-04-18,2.0
Grundy,2021-04-19,1.0
Grundy,2021-04-20,1.0
Hamblen,2021-04-18,74.0
Hamblen,2021-04-19,1.0
Hamblen,2021-04-20,10.0
Hamilton,2021-04-17,3.0
Hamilton,2021-04-18,6.0
Hamilton,2021-04-19,5.0
Hancock,2021-04-17,1.0
Hancock,2021-04-18,42.0
Hancock,2021-04-19,1.0
Hancock,2021-04-20,5.0
Hancock,2021-04-21,1.0
Hardeman,2021-04-18,
Hardeman,2021-04-20,377.0
Hardeman,2021-04-21,1.0
Hawkins,2021-04-17,7.0
Hawkins,2021-04-18,36.0
Hawkins,2021-04-19,20.0
Hawkins,2021-04-20,32.0
Haywood,2021-04-18,
Haywood,2021-04-20,132.0
Henry,2021-04-17,1.0
Henry,2021-04-19,5.0
Henry,2021-04-20,551.0
Hickman,2021-04-19,
Jefferson,2021-04-20,3.0
Knox,2021-04-17,11.0
Knox,2021-04-18,1186.0
Knox,2021-04-19,5727.0
Knox,2021-04-20,35.0
Knox,2021-04-21,25.0
Lawrence,2021-04-17,6.0
Lawrence,2021-04-19,3.0
Lawrence,2021-04-20,2.0
Loudon,2021-04-17,5.0
Loudon,2021-04-18,18.0
Loudon,2021-04-19,1.0
Loudon,2021-04-20,2.0
Macon,2021-04-19,1.0
Macon,2021-04-20,8.0
Madison,2021-04-17,4.0
Madison,2021-04-18,5.0
Madison,2021-04-19,54.0
Madison,2021-04-20,11.0
Madison,2021-04-21,1.0
Marion,2021-04-17,2.0
Marion,2021-04-18,24.0
Marion,2021-04-19,22.0
Marion,2021-04-20,10.0
Marshall,2021-04-17,1.0
Marshall,2021-04-18,3.0
Marshall,2021-04-19,1.0
Marshall,2021-04-20,2.0
Marshall,2021-04-21,1.0
Maury,2021-04-17,2.0
Maury,2021-04-18,1.0
Maury,2021-04-19,19.0
Maury,2021-04-20,11.0
Maury,2021-04-21,4.0
McMinn,2021-04-18,22.0
McMinn,2021-04-19,1.0
McMinn,2021-04-20,2.0
Meigs,2021-04-18,33.0
Meigs,2021-04-19,
Meigs,2021-04-20,1.0
Monroe,2021-04-17,2.0
Monroe,2021-04-19,53.0
Monroe,2021-04-20,166.0
Monroe,2021-04-21,2.0
Montgomery,2021-04-17,3.0
Montgomery,2021-04-18,51.0
Montgomery,2021-04-19,10.0
Montgomery,2021-04-20,316.0
Montgomery,2021-04-21,11.0
Moore,2021-04-19,2.0
Moore,2021-04-20,1.0
Morgan,2021-04-17,1.0
Morgan,2021-04-19,
Obion,2021-04-17,1.0
Obion,2021-04-18,2.0
Obion,2021-04-20,18.0
Overton,2021-04-19,1.0
Overton,2021-04-20,7.0
Pickett,2021-04-19,17.0
Polk,2021-04-17,1.0
Polk,2021-04-19,138.0
Polk,2021-04-20,46.0
Putnam,2021-04-18,1.0
Putnam,2021-04-19,
Rhea,2021-04-18,8.0
Rhea,2021-04-19,
Rhea,2021-04-21,2.0
Roane,2021-04-19,
Robertson,2021-04-17,3.0
Robertson,2021-04-18,363.0
Robertson,2021-04-19,12.0
Robertson,2021-04-20,28.0
Rutherford,2021-04-17,13.0
Rutherford,2021-04-18,91.0
Rutherford,2021-04-19,76.0
Rutherford,2021-04-20,66.0
Rutherford,2021-04-21,2.0
Scott,2021-04-19,
Sequatchie,2021-04-17,9.0
Sequatchie,2021-04-18,3.0
Sequatchie,2021-04-20,45.0
Sevier,2021-04-17,4.0
Sevier,2021-04-18,21.0
Sevier,2021-04-19,16.0
Sevier,2021-04-20,1299.0
Shelby,2021-04-17,372.0
Shelby,2021-04-18,1000.0
Shelby,2021-04-19,1335.0
Shelby,2021-04-20,3482.0
Shelby,2021-04-21,1340.0
Smith,2021-04-19,
Stewart,2021-04-18,23.0
Stewart,2021-04-19,2.0
Stewart,2021-04-20,12.0
Sullivan,2021-04-17,8.0
Sullivan,2021-04-18,55.0
Sullivan,2021-04-20,18.0
Sumner,2021-04-17,5.0
Sumner,2021-04-18,26.0
Sumner,2021-04-19,42.0
Sumner,2021-04-20,40.0
Sumner,2021-04-21,2.0
Tipton,2021-04-19,1.0
Tipton,2021-04-20,23.0
Trousdale,2021-04-19,8.0
Trousdale,2021-04-20,8.0
Unicoi,2021-04-19,
Unicoi,2021-04-20,
Union,2021-04-17,2.0
Union,2021-04-18,3.0
Union,2021-04-19,45.0
Union,2021-04-20,13.0
Union,2021-04-21,2.0
Van Buren,2021-04-17,8.0
Van Buren,2021-04-18,
Warren,2021-04-19,
Washington,2021-04-17,12.0
Washington,2021-04-18,17.0
Washington,2021-04-19,37.0
Washington,2021-04-20,32.0
White,2021-04-19,
Williamson,2021-04-17,2.0
Williamson,2021-04-18,87.0
Williamson,2021-04-19,6.0
Williamson,2021-04-20,13.0
Wilson,2021-04-17,2.0
Wilson,2021-04-19,87.0
Wilson,2021-04-20,23.0
Anderson,2021-04-21,5.0
Anderson,2021-04-22,3.0
Anderson,2021-04-23,15.0
Anderson,2021-04-24,2.0
Bedford,2021-04-21,2.0
Bedford,2021-04-22,18.0
Bedford,2021-04-23,1.0
Bedford,2021-04-24,3.0
Bledsoe,2021-04-21,1.0
Bledsoe,2021-04-22,1.0
Bledsoe,2021-04-23,67.0
Bledsoe,2021-04-24,2.0
Blount,2021-04-21,31.0
Blount,2021-04-22,18.0
Blount,2021-04-23,523.0
Blount,2021-04-24,1230.0
Bradley,2021-04-21,23.0
Bradley,2021-04-22,110.0
Bradley,2021-04-23,106.0
Bradley,2021-04-24,1.0
Campbell,2021-04-21,76.0
Campbell,2021-04-22,43.0
Campbell,2021-04-23,34.0
Cannon,2021-04-21,450.0
Cannon,2021-04-22,4.0
Cannon,2021-04-23,1.0
Cheatham,2021-04-21,59.0
Cheatham,2021-04-22,18.0
Cheatham,2021-04-24,1.0
Chester,2021-04-22,1.0
Chester,2021-04-23,
Claiborne,2021-04-22,69.0
Claiborne,2021-04-23,8.0
Clay,2021-04-23,34.0
Clay,2021-04-24,25.0
Cocke,2021-04-21,5.0
Cocke,2021-04-22,2.0
Cocke,2021-04-23,9.0
Cocke,2021-04-24,
Coffee,2021-04-21,27.0
Coffee,2021-04-22,32.0
Coffee,2021-04-23,4.0
Coffee,2021-04-24,53.0
Crockett,2021-04-23,
Cumberland,2021-04-21,2.0
Cumberland,2021-04-22,1.0
Cumberland,2021-04-23,77.0
Cumberland,2021-04-24,24.0
Davidson,2021-04-21,36.0
Davidson,2021-04-22,635.0
Davidson,2021-04-23,634.0
Davidson,2021-04-24,7.0
DeKalb,2021-04-22,
Dickson,2021-04-22,
Dyer,2021-04-23,
Fayette,2021-04-21,1.0
Fayette,2021-04-22,650.0
Fayette,2021-04-23,1.0
Fayette,2021-04-24,342.0
Fentress,2021-04-21,8.0
Fentress,2021-04-23,39.0
Fentress,2021-04-24,1.0
Franklin,2021-04-21,56.0
Franklin,2021-04-22,30.0
Franklin,2021-04-23,1.0
Franklin,2021-04-24,159.0
Gibson,2021-04-21,1.0
Gibson,2021-04-22,12.0
Gibson,2021-04-23,67.0
Giles,2021-04-21,2.0
Giles,2021-04-22,36.0
Giles,2021-04-23,19.0
Grainger,2021-04-21,1.0
Greene,2021-04-21,
Greene,2021-04-22,1.0
Greene,2021-04-23,14.0
Greene,2021-04-24,51.0
Grundy,2021-04-21,4.0
Grundy,2021-04-22,123.0
Grundy,2021-04-23,1.0
Grundy,2021-04-24,5.0
Hamblen,2021-04-21,27.0
Hamblen,2021-04-22,11.0
Hamblen,2021-04-23,
Hamblen,2021-04-24,
Hamilton,2021-04-22,6.0
Hamilton,2021-04-23,66.0
Hancock,2021-04-21,1.0
Hancock,2021-04-22,2.0
Hancock,2021-04-23,4.0
Hancock,2021-04-24,1.0
Hardeman,2021-04-21,1.0
Hardeman,2021-04-22,1.0
Hardeman,2021-04-23,1.0
Hawkins,2021-04-21,27.0
Hawkins,2021-04-22,77.0
Hawkins,2021-04-23,77.0
Hawkins,2021-04-24,24.0
Haywood,2021-04-21,15.0
Haywood,2021-04-22,20.0
Haywood,2021-04-23,
Henderson,2021-04-22,2.0
Henderson,2021-04-23,
Henry,2021-04-22,554.0
Henry,2021-04-23,516.0
Henry,2021-04-24,182.0
Hickman,2021-04-22,
Jefferson,2021-04-23,1.0
Knox,2021-04-21,310.0
Knox,2021-04-22,2546.0
Knox,2021-04-23,675.0
Knox,2021-04-24,1.0
Lake,2021-04-21,2.0
Lake,2021-04-23,
Lauderdale,2021-04-23,
Lawrence,2021-04-21,2.0
Lawrence,2021-04-22,46.0
Lawrence,2021-04-23,2.0
Lawrence,2021-04-24,2.0
Lewis,2021-04-23,
Lincoln,2021-04-23,
Loudon,2021-04-22,1.0
Macon,2021-04-21,1341.0
Macon,2021-04-22,2.0
Macon,2021-04-23,1.0
Madison,2021-04-21,15.0
Madison,2021-04-22,1089.0
Madison,2021-04-23,989.0
Madison,2021-04-24,676.0
Marion,2021-04-21,1.0
Marion,2021-04-22,11.0
Marion,2021-04-23,6.0
Marion,2021-04-24,30.0
Marshall,2021-04-21,3.0
Marshall,2021-04-22,34.0
Marshall,2021-04-23,2.0
Marshall,2021-04-24,24.0
Maury,2021-04-21,45.0
Maury,2021-04-22,92.0
Maury,2021-04-23,62.0
Maury,2021-04-24,5.0
McMinn,2021-04-23,8.0
Meigs,2021-04-21,49.0
Meigs,2021-04-22,3.0
Meigs,2021-04-23,3.0
Monroe,2021-04-21,12.0
Monroe,2021-04-22,13.0
Monroe,2021-04-23,5.0
Monroe,2021-04-24,1.0
Montgomery,2021-04-21,9.0
Montgomery,2021-04-22,9.0
Montgomery,2021-04-23,7.0
Montgomery,2021-04-24,1.0
Moore,2021-04-21,1.0
Moore,2021-04-22,1.0
Moore,2021-04-23,
Obion,2021-04-21,2.0
Obion,2021-04-23,219.0
Pickett,2021-04-23,20.0
Polk,2021-04-21,1.0
Polk,2021-04-22,1.0
Polk,2021-04-24,7.0
Rhea,2021-04-21,1.0
Rhea,2021-04-22,15.0
Rhea,2021-04-23,1.0
Roane,2021-04-22,1.0
Roane,2021-04-23,10.0
Robertson,2021-04-21,20.0
Robertson,2021-04-22,105.0
Robertson,2021-04-23,91.0
Rutherford,2021-04-21,48.0
Rutherford,2021-04-22,63.0
Rutherford,2021-04-23,7.0
Rutherford,2021-04-24,2.0
Scott,2021-04-21,47.0
Sequatchie,2021-04-24,59.0
Sevier,2021-04-21,86.0
Sevier,2021-04-22,776.0
Sevier,2021-04-23,38.0
Sevier,2021-04-24,47.0
Shelby,2021-04-21,1116.0
Shelby,2021-04-22,1354.0
Shelby,2021-04-23,1158.0
Shelby,2021-04-24,1187.0
Smith,2021-04-22,
Smith,2021-04-23,1.0
Stewart,2021-04-21,2.0
Stewart,2021-04-23,1.0
Stewart,2021-04-24,82.0
Sullivan,2021-04-21,66.0
Sullivan,2021-04-22,34.0
Sullivan,2021-04-23,56.0
Sullivan,2021-04-24,8.0
Sumner,2021-04-21,14.0
Sumner,2021-04-22,143.0
Sumner,2021-04-23,36.0
Sumner,2021-04-24,34.0
Tipton,2021-04-21,9.0
Tipton,2021-04-22,20.0
Tipton,2021-04-23,
Tipton,2021-04-24,82.0
Trousdale,2021-04-21,9.0
Trousdale,2021-04-22,2.0
Unicoi,2021-04-22,1.0
Union,2021-04-21,3.0
Union,2021-04-22,38.0
Union,2021-04-23,2.0
Warren,2021-04-22,
Washington,2021-04-21,61.0
Washington,2021-04-22,46.0
Washington,2021-04-23,33.0
Washington,2021-04-24,33.0
Weakley,2021-04-23,
Williamson,2021-04-21,15.0
Williamson,2021-04-22,3.0
Williamson,2021-04-23,3.0
Williamson,2021-04-24,1.0
Wilson,2021-04-21,21.0
Wilson,2021-04-22,13.0
Wilson,2021-04-23,3.0
Wilson,2021-04-24,327.0
Anderson,2021-04-24,2.0
Anderson,2021-04-25,12.0
Anderson,2021-04-26,483.0
Anderson,2021-04-27,483.0
Bedford,2021-04-24,1.0
Bedford,2021-04-25,1.0
Bedford,2021-04-26,1.0
Bledsoe,2021-04-24,2.0
Bledsoe,2021-04-25,168.0
Bledsoe,2021-04-26,165.0
Blount,2021-04-24,749.0
Blount,2021-04-25,56.0
Blount,2021-04-26,37.0
Blount,2021-04-27,5.0
Bradley,2021-04-24,17.0
Bradley,2021-04-25,9.0
Bradley,2021-04-26,1480.0
Campbell,2021-04-24,8.0
Campbell,2021-04-25,64.0
Campbell,2021-04-26,55.0
Campbell,2021-04-27,34.0
Cannon,2021-04-24,270.0
Cannon,2021-04-26,15.0
Cheatham,2021-04-24,96.0
Cheatham,2021-04-25,
Cheatham,2021-04-26,8.0
Cheatham,2021-04-27,1.0
Chester,2021-04-26,1.0
Claiborne,2021-04-24,5.0
Claiborne,2021-04-25,20.0
Claiborne,2021-04-26,85.0
Claiborne,2021-04-27,85.0
Clay,2021-04-24,976.0
Clay,2021-04-26,3.0
Cocke,2021-04-24,1.0
Cocke,2021-04-25,4.0
Cocke,2021-04-26,2.0
Cocke,2021-04-27,
Coffee,2021-04-24,58.0
Coffee,2021-04-25,32.0
Coffee,2021-04-26,1.0
Crockett,2021-04-24,48.0
Cumberland,2021-04-24,18.0
Cumberland,2021-04-25,1.0
Cumberland,2021-04-26,25.0
Davidson,2021-04-24,2015.0
Davidson,2021-04-25,1161.0
Davidson,2021-04-26,74.0
Davidson,2021-04-27,1.0
DeKalb,2021-04-26,
Dickson,2021-04-25,
Dickson,2021-04-26,
Fayette,2021-04-24,341.0
Fayette,2021-04-25,2.0
Fayette,2021-04-26,1.0
Fentress,2021-04-24,40.0
Fentress,2021-04-25,6.0
Fentress,2021-04-26,2.0
Franklin,2021-04-24,1197.0
Franklin,2021-04-25,147.0
Gibson,2021-04-25,4.0
Gibson,2021-04-26,3.0
Giles,2021-04-25,1.0
Giles,2021-04-26,45.0
Grainger,2021-04-24,2.0
Grainger,2021-04-25,30.0
Grainger,2021-04-26,30.0
Grainger,2021-04-27,25.0
Greene,2021-04-24,1.0
Greene,2021-04-25,2073.0
Greene,2021-04-26,14.0
Greene,2021-04-27,
Grundy,2021-04-24,18.0
Grundy,2021-04-25,1217.0
Grundy,2021-04-26,1.0
Hamblen,2021-04-25,
Hamblen,2021-04-26,
Hamblen,2021-04-27,
Hamilton,2021-04-24,31.0
Hamilton,2021-04-25,55.0
Hamilton,2021-04-26,29.0
Hancock,2021-04-24,1.0
Hancock,2021-04-25,1.0
Hancock,2021-04-26,2.0
Hancock,2021-04-27,1.0
Hawkins,2021-04-24,24.0
Hawkins,2021-04-25,126.0
Hawkins,2021-04-26,45.0
Hawkins,2021-04-27,
Haywood,2021-04-24,1.0
Haywood,2021-04-25,1.0
Haywood,2021-04-26,689.0
Henry,2021-04-24,5891.0
Henry,2021-04-25,1.0
Henry,2021-04-26,81.0
Hickman,2021-04-26,
Knox,2021-04-24,94.0
Knox,2021-04-25,71.0
Knox,2021-04-26,94.0
Knox,2021-04-27,25.0
Lawrence,2021-04-24,37.0
Lawrence,2021-04-25,1.0
Lawrence,2021-04-27,1.0
Loudon,2021-04-26,1.0
Macon,2021-04-25,4.0
Macon,2021-04-26,3.0
Madison,2021-04-24,3.0
Madison,2021-04-25,32.0
Madison,2021-04-26,2.0
Marion,2021-04-24,6.0
Marion,2021-04-25,239.0
Marion,2021-04-26,10.0
Marshall,2021-04-24,24.0
Marshall,2021-04-25,21.0
Marshall,2021-04-26,16.0
Maury,2021-04-24,5.0
Maury,2021-04-25,6.0
Maury,2021-04-26,154.0
McMinn,2021-04-25,16.0
McMinn,2021-04-26,95.0
Meigs,2021-04-25,1.0
Meigs,2021-04-26,1033.0
Monroe,2021-04-24,19.0
Monroe,2021-04-25,50.0
Monroe,2021-04-26,59.0
Monroe,2021-04-27,6.0
Montgomery,2021-04-24,7.0
Montgomery,2021-04-25,51.0
Montgomery,2021-04-26,5.0
Montgomery,2021-04-27,1.0
Moore,2021-04-24,102.0
Moore,2021-04-26,1.0
Morgan,2021-04-26,
Obion,2021-04-26,2.0
Overton,2021-04-26,
Pickett,2021-04-26,
Polk,2021-04-24,5.0
Polk,2021-04-26,17.0
Polk,2021-04-27,3.0
Putnam,2021-04-26,
Rhea,2021-04-26,1.0
Roane,2021-04-24,871.0
Roane,2021-04-25,1.0
Roane,2021-04-26,1.0
Robertson,2021-04-24,1.0
Robertson,2021-04-25,22.0
Robertson,2021-04-26,987.0
Rutherford,2021-04-24,65.0
Rutherford,2021-04-25,16.0
Rutherford,2021-04-26,8.0
Rutherford,2021-04-27,34.0
Scott,2021-04-26,
Sequatchie,2021-04-24,59.0
Sequatchie,2021-04-25,950.0
Sequatchie,2021-04-26,950.0
Sevier,2021-04-24,88.0
Sevier,2021-04-25,653.0
Sevier,2021-04-26,77.0
Sevier,2021-04-27,68.0
Shelby,2021-04-24,1025.0
Shelby,2021-04-25,781.0
Shelby,2021-04-26,889.0
Shelby,2021-04-27,672.0
Smith,2021-04-26,
Stewart,2021-04-24,118.0
Stewart,2021-04-25,3.0
Stewart,2021-04-26,1.0
Sullivan,2021-04-24,25.0
Sullivan,2021-04-25,47.0
Sullivan,2021-04-26,13.0
Sumner,2021-04-24,44.0
Sumner,2021-04-25,2.0
Sumner,2021-04-26,64.0
Tipton,2021-04-24,2.0
Tipton,2021-04-25,12.0
Tipton,2021-04-26,12.0
Trousdale,2021-04-26,1.0
Unicoi,2021-04-25,
Unicoi,2021-04-26,
Union,2021-04-26,4.0
Union,2021-04-27,
Van Buren,2021-04-25,2.0
Van Buren,2021-04-26,1.0
Warren,2021-04-26,
Washington,2021-04-24,41.0
Washington,2021-04-25,41.0
Washington,2021-04-26,36.0
Washington,2021-04-27,15.0
White,2021-04-26,
Williamson,2021-04-24,4.0
Williamson,2021-04-25,59.0
Williamson,2021-04-26,62.0
Williamson,2021-04-27,1.0
Wilson,2021-04-24,327.0
Wilson,2021-04-25,75.0
Wilson,2021-04-26,23.0
Anderson,2021-04-27,23.0
Anderson,2021-04-28,108.0
Anderson,2021-04-29,
Bedford,2021-04-27,35.0
Bedford,2021-04-28,2.0
Bedford,2021-04-29,1.0
Bledsoe,2021-04-27,2.0
Bledsoe,2021-04-28,
Blount,2021-04-27,21.0
Blount,2021-04-28,48.0
Blount,2021-04-29,928.0
Bradley,2021-04-28,5.0
Bradley,2021-04-29,776.0
Campbell,2021-04-27,61.0
Campbell,2021-04-28,1593.0
Campbell,2021-04-29,20.0
Cannon,2021-04-27,25.0
Cannon,2021-04-28,1.0
Cannon,2021-04-29,1.0
Cheatham,2021-04-27,46.0
Cheatham,2021-04-28,2.0
Cheatham,2021-04-29,3.0
Chester,2021-04-27,1.0
Chester,2021-04-28,
Chester,2021-04-29,
Claiborne,2021-04-27,85.0
Claiborne,2021-04-28,52.0
Claiborne,2021-04-29,78.0
Clay,2021-04-28,1.0
Cocke,2021-04-27,8.0
Cocke,2021-04-28,8.0
Cocke,2021-04-29,26.0
Coffee,2021-04-27,6.0
Coffee,2021-04-28,239.0
Coffee,2021-04-29,10.0
Crockett,2021-04-27,8.0
Crockett,2021-04-28,
Crockett,2021-04-29,2.0
Cumberland,2021-04-27,94.0
Cumberland,2021-04-28,30.0
Cumberland,2021-04-29,5.0
Davidson,2021-04-27,103.0
Davidson,2021-04-28,3806.0
Davidson,2021-04-29,1431.0
DeKalb,2021-04-27,2.0
DeKalb,2021-04-28,
Dickson,2021-04-28,
Dyer,2021-04-28,
Dyer,2021-04-29,
Fayette,2021-04-27,54.0
Fayette,2021-04-28,14.0
Fayette,2021-04-29,819.0
Fentress,2021-04-28,
Fentress,2021-04-29,1.0
Franklin,2021-04-27,5.0
Franklin,2021-04-28,7.0
Franklin,2021-04-29,1.0
Gibson,2021-04-27,9.0
Gibson,2021-04-28,
Gibson,2021-04-29,
Giles,2021-04-27,63.0
Giles,2021-04-28,222.0
Giles,2021-04-29,1164.0
Grainger,2021-04-28,10.0
Grainger,2021-04-29,29.0
Greene,2021-04-27,2.0
Greene,2021-04-28,41.0
Greene,2021-04-29,56.0
Grundy,2021-04-27,8.0
Grundy,2021-04-28,8.0
Hamblen,2021-04-27,5.0
Hamblen,2021-04-28,6.0
Hamblen,2021-04-29,60.0
Hamilton,2021-04-27,1.0
Hamilton,2021-04-28,1.0
Hamilton,2021-04-29,98.0
Hancock,2021-04-27,49.0
Hancock,2021-04-28,19.0
Hancock,2021-04-29,1.0
Hardeman,2021-04-28,
Hardeman,2021-04-29,9.0
Hawkins,2021-04-27,9.0
Hawkins,2021-04-28,14.0
Hawkins,2021-04-29,79.0
Haywood,2021-04-28,
Haywood,2021-04-29,1.0
Henderson,2021-04-28,
Henderson,2021-04-29,
Henry,2021-04-27,399.0
Henry,2021-04-28,954.0
Henry,2021-04-29,316.0
Hickman,2021-04-28,
Jefferson,2021-04-28,
Jefferson,2021-04-29,
Knox,2021-04-27,100.0
Knox,2021-04-28,131.0
Knox,2021-04-29,325.0
Lake,2021-04-28,2.0
Lake,2021-04-29,38.0
Lauderdale,2021-04-28,
Lauderdale,2021-04-29,
Lawrence,2021-04-27,20.0
Lawrence,2021-04-28,143.0
Loudon,2021-04-27,6.0
Loudon,2021-04-28,
Loudon,2021-04-29,30.0
Macon,2021-04-27,57.0
Macon,2021-04-28,20.0
Macon,2021-04-29,2.0
Madison,2021-04-27,30.0
Madison,2021-04-28,4.0
Madison,2021-04-29,285.0
Marion,2021-04-27,12.0
Marion,2021-04-28,11.0
Marion,2021-04-29,4.0
Marshall,2021-04-27,2.0
Marshall,2021-04-28,1.0
Maury,2021-04-27,58.0
Maury,2021-04-28,3.0
Maury,2021-04-29,39.0
McMinn,2021-04-27,2.0
McMinn,2021-04-28,
Meigs,2021-04-27,4.0
Meigs,2021-04-28,3.0
Meigs,2021-04-29,2.0
Monroe,2021-04-27,168.0
Monroe,2021-04-28,60.0
Monroe,2021-04-29,67.0
Montgomery,2021-04-27,4.0
Montgomery,2021-04-28,140.0
Montgomery,2021-04-29,179.0
Moore,2021-04-27,1.0
Moore,2021-04-29,2.0
Morgan,2021-04-28,
Obion,2021-04-27,3.0
Obion,2021-04-28,29.0
Obion,2021-04-29,55.0
Overton,2021-04-28,
Pickett,2021-04-27,70.0
Pickett,2021-04-28,
Polk,2021-04-27,3.0
Polk,2021-04-28,64.0
Polk,2021-04-29,1.0
Putnam,2021-04-28,
Rhea,2021-04-27,167.0
Rhea,2021-04-28,8.0
Rhea,2021-04-29,8.0
Roane,2021-04-28,
Robertson,2021-04-27,377.0
Robertson,2021-04-28,6.0
Robertson,2021-04-29,3.0
Rutherford,2021-04-27,25.0
Rutherford,2021-04-28,172.0
Rutherford,2021-04-29,42.0
Scott,2021-04-28,
Sequatchie,2021-04-28,1.0
Sevier,2021-04-27,18.0
Sevier,2021-04-28,6.0
Sevier,2021-04-29,65.0
Shelby,2021-04-27,467.0
Shelby,2021-04-28,1856.0
Shelby,2021-04-29,6744.0
Smith,2021-04-28,
Stewart,2021-04-28,882.0
Stewart,2021-04-29,32.0
Sullivan,2021-04-27,178.0
Sullivan,2021-04-28,135.0
Sullivan,2021-04-29,274.0
Sumner,2021-04-27,65.0
Sumner,2021-04-28,43.0
Sumner,2021-04-29,40.0
Tipton,2021-04-27,1.0
Tipton,2021-04-28,149.0
Tipton,2021-04-29,378.0
Trousdale,2021-04-27,7.0
Trousdale,2021-04-28,7.0
Unicoi,2021-04-27,1.0
Union,2021-04-27,3.0
Union,2021-04-28,7.0
Union,2021-04-29,4.0
Warren,2021-04-28,
Washington,2021-04-27,222.0
Washington,2021-04-28,8.0
Washington,2021-04-29,25.0
Weakley,2021-04-28,
Weakley,2021-04-29,
White,2021-04-28,
Williamson,2021-04-27,12.0
Williamson,2021-04-28,64.0
Williamson,2021-04-29,7.0
Wilson,2021-04-27,16.0
Wilson,2021-04-28,13.0
Wilson,2021-04-29,19.0
Anderson,2021-04-30,8.0
Anderson,2021-05-01,5.0
Bedford,2021-04-29,4.0
Bedford,2021-04-30,34.0
Blount,2021-04-29,113.0
Blount,2021-04-30,82.0
Blount,2021-05-01,57.0
Bradley,2021-04-29,30.0
Bradley,2021-04-30,751.0
Bradley,2021-05-01,7.0
Campbell,2021-04-29,12.0
Campbell,2021-04-30,119.0
Campbell,2021-05-01,108.0
Cannon,2021-04-30,3.0
Cannon,2021-05-01,2.0
Cheatham,2021-04-29,7.0
Cheatham,2021-04-30,17.0
Cheatham,2021-05-01,8.0
Chester,2021-05-02,1.0
Claiborne,2021-04-29,24.0
Claiborne,2021-04-30,52.0
Claiborne,2021-05-01,56.0
Claiborne,2021-05-02,38.0
Cocke,2021-04-29,28.0
Cocke,2021-04-30,11.0
Cocke,2021-05-01,11.0
Coffee,2021-04-30,41.0
Crockett,2021-04-30,55.0
Cumberland,2021-04-30,15.0
Cumberland,2021-05-01,9.0
Davidson,2021-04-29,807.0
Davidson,2021-04-30,1026.0
Davidson,2021-05-01,202.0
Davidson,2021-05-02,3.0
Fayette,2021-04-29,34.0
Fayette,2021-04-30,1.0
Fayette,2021-05-01,149.0
Fentress,2021-04-30,1.0
Franklin,2021-04-30,2.0
Franklin,2021-05-01,440.0
Gibson,2021-04-29,2.0
Gibson,2021-04-30,1.0
Giles,2021-04-29,4.0
Giles,2021-04-30,15.0
Giles,2021-05-01,9.0
Grainger,2021-04-29,29.0
Grainger,2021-04-30,1.0
Greene,2021-04-29,56.0
Greene,2021-04-30,11.0
Greene,2021-05-01,2.0
Grundy,2021-04-30,1.0
Grundy,2021-05-01,7.0
Hamblen,2021-04-29,54.0
Hamblen,2021-04-30,27.0
Hamblen,2021-05-01,1.0
Hamilton,2021-04-30,38.0
Hamilton,2021-05-01,31.0
Hancock,2021-04-29,1.0
Hancock,2021-04-30,2.0
Hancock,2021-05-01,1.0
Hancock,2021-05-02,1.0
Hardeman,2021-04-30,1.0
Hardeman,2021-05-01,2.0
Hawkins,2021-04-29,8.0
Hawkins,2021-04-30,46.0
Hawkins,2021-05-01,26.0
Henry,2021-04-29,39.0
Henry,2021-04-30,45.0
Henry,2021-05-01,21.0
Jefferson,2021-04-30,38.0
Knox,2021-04-29,104.0
Knox,2021-04-30,29.0
Knox,2021-05-01,46.0
Lake,2021-05-01,107.0
Lawrence,2021-04-29,1537.0
Lawrence,2021-04-30,9.0
Lawrence,2021-05-01,1.0
Loudon,2021-04-29,2.0
Loudon,2021-04-30,34.0
Macon,2021-04-30,4.0
Macon,2021-05-01,1.0
Madison,2021-04-29,250.0
Madison,2021-04-30,205.0
Madison,2021-05-01,3.0
Marion,2021-04-29,1.0
Marion,2021-04-30,7.0
Marion,2021-05-01,688.0
Marshall,2021-04-30,5.0
Marshall,2021-05-01,5.0
Marshall,2021-05-02,45.0
Maury,2021-04-29,1.0
Maury,2021-04-30,1.0
Maury,2021-05-01,1.0
McMinn,2021-05-01,9.0
Meigs,2021-04-29,16.0
Meigs,2021-04-30,1.0
Meigs,2021-05-01,1.0
Monroe,2021-04-30,2.0
Monroe,2021-05-01,1.0
Montgomery,2021-04-29,6.0
Montgomery,2021-04-30,56.0
Montgomery,2021-05-01,2.0
Montgomery,2021-05-02,1.0
Obion,2021-05-01,1.0
Pickett,2021-04-30,14.0
Pickett,2021-05-01,1.0
Polk,2021-04-29,1.0
Rhea,2021-04-30,24.0
Roane,2021-04-30,14.0
Roane,2021-05-01,8.0
Robertson,2021-04-29,13.0
Robertson,2021-04-30,34.0
Robertson,2021-05-01,5.0
Rutherford,2021-04-29,4.0
Rutherford,2021-04-30,77.0
Rutherford,2021-05-01,84.0
Rutherford,2021-05-02,1.0
Sevier,2021-04-29,26.0
Sevier,2021-04-30,646.0
Sevier,2021-05-01,33.0
Shelby,2021-04-29,164.0
Shelby,2021-04-30,147.0
Shelby,2021-05-01,472.0
Shelby,2021-05-02,45.0
Smith,2021-04-30,1.0
Stewart,2021-04-30,6.0
Stewart,2021-05-01,65.0
Sullivan,2021-04-29,54.0
Sullivan,2021-04-30,84.0
Sullivan,2021-05-01,98.0
Sumner,2021-04-29,7.0
Sumner,2021-04-30,12.0
Sumner,2021-05-01,929.0
Tipton,2021-04-29,19.0
Tipton,2021-04-30,8.0
Tipton,2021-05-01,201.0
Unicoi,2021-04-30,20.0
Union,2021-04-29,153.0
Union,2021-04-30,8.0
Union,2021-05-01,2.0
Washington,2021-04-29,26.0
Washington,2021-04-30,38.0
Washington,2021-05-01,1808.0
Washington,2021-05-02,4.0
Williamson,2021-04-29,1.0
Williamson,2021-04-30,6.0
Williamson,2021-05-01,1234.0
Wilson,2021-04-29,1.0
Wilson,2021-04-30,3.0
Wilson,2021-05-01,3.0
Anderson,2021-05-02,3.0
Anderson,2021-05-03,186.0
Anderson,2021-05-04,357.0
Bedford,2021-05-02,1.0
Bedford,2021-05-03,473.0
Bedford,2021-05-04,849.0
Bledsoe,2021-05-03,
Bledsoe,2021-05-04,1144.0
Blount,2021-05-02,66.0
Blount,2021-05-03,95.0
Blount,2021-05-04,703.0
Bradley,2021-05-02,1.0
Bradley,2021-05-03,1387.0
Bradley,2021-05-04,38.0
Campbell,2021-05-02,55.0
Campbell,2021-05-03,1146.0
Campbell,2021-05-04,1238.0
Cannon,2021-05-03,1.0
Cannon,2021-05-04,10.0
Cheatham,2021-05-02,1.0
Cheatham,2021-05-03,1444.0
Cheatham,2021-05-04,1732.0
Chester,2021-05-02,1.0
Chester,2021-05-03,40.0
Chester,2021-05-04,2.0
Claiborne,2021-05-02,76.0
Claiborne,2021-05-03,41.0
Claiborne,2021-05-04,119.0
Clay,2021-05-02,4703.0
Clay,2021-05-04,41.0
Cocke,2021-05-02,2.0
Cocke,2021-05-03,752.0
Cocke,2021-05-04,133.0
Coffee,2021-05-02,17.0
Coffee,2021-05-03,1414.0
Coffee,2021-05-04,1587.0
Crockett,2021-05-04,209.0
Cumberland,2021-05-02,24.0
Cumberland,2021-05-03,40.0
Cumberland,2021-05-04,1232.0
Davidson,2021-05-02,36.0
Davidson,2021-05-03,104.0
Davidson,2021-05-04,4205.0
DeKalb,2021-05-03,
DeKalb,2021-05-04,3.0
Dickson,2021-05-03,
Dyer,2021-05-04,52.0
Fayette,2021-05-02,1.0
Fayette,2021-05-03,457.0
Fayette,2021-05-04,
Fentress,2021-05-03,20.0
Fentress,2021-05-04,1721.0
Franklin,2021-05-02,3.0
Franklin,2021-05-03,62.0
Franklin,2021-05-04,11.0
Gibson,2021-05-03,6.0
Gibson,2021-05-04,22.0
Giles,2021-05-02,725.0
Giles,2021-05-03,42.0
Giles,2021-05-04,65.0
Grainger,2021-05-03,25.0
Grainger,2021-05-04,1.0
Greene,2021-05-02,1.0
Greene,2021-05-03,64.0
Greene,2021-05-04,1734.0
Grundy,2021-05-02,6.0
Grundy,2021-05-03,2.0
Grundy,2021-05-04,71.0
Hamblen,2021-05-02,
Hamblen,2021-05-03,33.0
Hamblen,2021-05-04,1231.0
Hamilton,2021-05-02,1.0
Hamilton,2021-05-03,81.0
Hamilton,2021-05-04,1.0
Hancock,2021-05-02,2.0
Hancock,2021-05-03,75.0
Hancock,2021-05-04,25.0
Hardeman,2021-05-02,10.0
Hardeman,2021-05-03,3.0
Hardeman,2021-05-04,1.0
Hawkins,2021-05-02,28.0
Hawkins,2021-05-03,377.0
Hawkins,2021-05-04,208.0
Haywood,2021-05-02,1.0
Haywood,2021-05-03,551.0
Haywood,2021-05-04,1.0
Henderson,2021-05-03,1.0
Henderson,2021-05-04,28.0
Henry,2021-05-02,22.0
Henry,2021-05-03,24.0
Henry,2021-05-04,7825.0
Hickman,2021-05-03,
Jefferson,2021-05-03,33.0
Jefferson,2021-05-04,1724.0
Knox,2021-05-02,40.0
Knox,2021-05-03,1075.0
Knox,2021-05-04,11550.0
Lake,2021-05-04,987.0
Lauderdale,2021-05-04,
Lawrence,2021-05-02,14.0
Lawrence,2021-05-03,156.0
Lawrence,2021-05-04,1374.0
Lewis,2021-05-04,2.0
Lincoln,2021-05-02,1.0
Loudon,2021-05-03,
Loudon,2021-05-04,2.0
Macon,2021-05-02,1.0
Macon,2021-05-03,3.0
Macon,2021-05-04,1930.0
Madison,2021-05-02,27.0
Madison,2021-05-03,219.0
Madison,2021-05-04,346.0
Marion,2021-05-02,19.0
Marion,2021-05-03,54.0
Marion,2021-05-04,8.0
Marshall,2021-05-03,1.0
Marshall,2021-05-04,822.0
Maury,2021-05-02,2.0
Maury,2021-05-03,1128.0
Maury,2021-05-04,2552.0
McMinn,2021-05-03,31.0
McMinn,2021-05-04,473.0
Meigs,2021-05-02,2.0
Meigs,2021-05-03,262.0
Meigs,2021-05-04,152.0
Monroe,2021-05-02,18.0
Monroe,2021-05-03,1292.0
Monroe,2021-05-04,653.0
Montgomery,2021-05-02,10.0
Montgomery,2021-05-03,691.0
Montgomery,2021-05-04,4104.0
Moore,2021-05-02,1.0
Moore,2021-05-03,2.0
Morgan,2021-05-03,
Morgan,2021-05-04,18.0
Obion,2021-05-02,4.0
Obion,2021-05-04,4132.0
Overton,2021-05-02,350.0
Overton,2021-05-03,
Overton,2021-05-04,52.0
Pickett,2021-05-03,
Pickett,2021-05-04,33.0
Polk,2021-05-02,570.0
Polk,2021-05-03,643.0
Polk,2021-05-04,72.0
Putnam,2021-05-02,1.0
Putnam,2021-05-03,
Putnam,2021-05-04,7.0
Rhea,2021-05-02,54.0
Rhea,2021-05-03,
Rhea,2021-05-04,2.0
Roane,2021-05-02,2.0
Roane,2021-05-03,871.0
Roane,2021-05-04,543.0
Robertson,2021-05-02,10.0
Robertson,2021-05-03,53.0
Robertson,2021-05-04,1910.0
Rutherford,2021-05-02,58.0
Rutherford,2021-05-03,49.0
Rutherford,2021-05-04,45.0
Scott,2021-05-03,
Sequatchie,2021-05-04,8.0
Sevier,2021-05-02,22.0
Sevier,2021-05-03,55.0
Sevier,2021-05-04,1106.0
Shelby,2021-05-02,154.0
Shelby,2021-05-03,8490.0
Shelby,2021-05-04,310.0
Smith,2021-05-03,
Smith,2021-05-04,140.0
Stewart,2021-05-02,3.0
Stewart,2021-05-03,4.0
Stewart,2021-05-04,1912.0
Sullivan,2021-05-02,4.0
Sullivan,2021-05-03,319.0
Sullivan,2021-05-04,13.0
Sumner,2021-05-02,26.0
Sumner,2021-05-03,59.0
Sumner,2021-05-04,4928.0
Tipton,2021-05-03,21.0
Tipton,2021-05-04,1882.0
Trousdale,2021-05-03,
Trousdale,2021-05-04,2855.0
Unicoi,2021-05-03,
Unicoi,2021-05-04,
Union,2021-05-03,
Union,2021-05-04,67.0
Warren,2021-05-03,
Washington,2021-05-02,96.0
Washington,2021-05-03,47.0
Washington,2021-05-04,31.0
White,2021-05-03,
White,2021-05-04,88.0
Williamson,2021-05-02,9.0
Williamson,2021-05-03,3420.0
Williamson,2021-05-04,560.0
Wilson,2021-05-02,62.0
Wilson,2021-05-03,119.0
Wilson,2021-05-04,121.0
Anderson,2021-05-04,8.0
Anderson,2021-05-05,6.0
Anderson,2021-05-06,1.0
Anderson,2021-05-07,2.0
Bedford,2021-05-04,9.0
Bedford,2021-05-05,55.0
Bedford,2021-05-06,363.0
Bedford,2021-05-07,189.0
Bledsoe,2021-05-04,575.0
Bledsoe,2021-05-05,575.0
Bledsoe,2021-05-06,2.0
Blount,2021-05-04,277.0
Blount,2021-05-05,1824.0
Blount,2021-05-06,78.0
Blount,2021-05-07,7.0
Bradley,2021-05-04,121.0
Bradley,2021-05-05,3844.0
Bradley,2021-05-06,1832.0
Bradley,2021-05-07,3.0
Campbell,2021-05-04,109.0
Campbell,2021-05-05,29.0
Campbell,2021-05-06,49.0
Campbell,2021-05-07,
Cannon,2021-05-04,4.0
Cannon,2021-05-05,4.0
Cannon,2021-05-06,1.0
Cheatham,2021-05-04,5.0
Cheatham,2021-05-05,227.0
Cheatham,2021-05-06,2038.0
Cheatham,2021-05-07,84.0
Chester,2021-05-04,10.0
Chester,2021-05-06,2808.0
Chester,2021-05-07,144.0
Claiborne,2021-05-04,2.0
Claiborne,2021-05-05,64.0
Claiborne,2021-05-06,20.0
Claiborne,2021-05-07,
Cocke,2021-05-04,49.0
Cocke,2021-05-05,1193.0
Cocke,2021-05-06,3.0
Coffee,2021-05-04,64.0
Coffee,2021-05-05,41.0
Coffee,2021-05-06,289.0
Coffee,2021-05-07,112.0
Crockett,2021-05-06,5028.0
Crockett,2021-05-07,44.0
Cumberland,2021-05-04,513.0
Cumberland,2021-05-05,44.0
Cumberland,2021-05-06,79.0
Davidson,2021-05-04,3015.0
Davidson,2021-05-05,1317.0
Davidson,2021-05-06,6885.0
Davidson,2021-05-07,917.0
DeKalb,2021-05-05,
DeKalb,2021-05-06,
Dickson,2021-05-05,
Dickson,2021-05-06,
Fayette,2021-05-04,41.0
Fayette,2021-05-05,1.0
Fayette,2021-05-06,393.0
Fayette,2021-05-07,2.0
Fentress,2021-05-04,64.0
Fentress,2021-05-05,1.0
Fentress,2021-05-06,2.0
Franklin,2021-05-04,54.0
Franklin,2021-05-05,6.0
Franklin,2021-05-06,156.0
Franklin,2021-05-07,16.0
Gibson,2021-05-04,2.0
Gibson,2021-05-05,13.0
Gibson,2021-05-06,2731.0
Gibson,2021-05-07,243.0
Giles,2021-05-04,17.0
Giles,2021-05-05,52.0
Giles,2021-05-06,1772.0
Giles,2021-05-07,12.0
Grainger,2021-05-04,1.0
Grainger,2021-05-05,1.0
Grainger,2021-05-06,3.0
Greene,2021-05-04,22.0
Greene,2021-05-05,4.0
Greene,2021-05-06,36.0
Grundy,2021-05-04,4.0
Grundy,2021-05-05,3.0
Grundy,2021-05-06,91.0
Grundy,2021-05-07,3.0
Hamblen,2021-05-04,15.0
Hamblen,2021-05-05,45.0
Hamblen,2021-05-06,18.0
Hamilton,2021-05-04,215.0
Hamilton,2021-05-05,93.0
Hamilton,2021-05-06,113.0
Hamilton,2021-05-07,112.0
Hancock,2021-05-04,1.0
Hancock,2021-05-05,117.0
Hancock,2021-05-06,1.0
Hancock,2021-05-07,1.0
Hardeman,2021-05-04,86.0
Hardeman,2021-05-05,61.0
Hardeman,2021-05-06,241.0
Hardeman,2021-05-07,45.0
Hawkins,2021-05-04,83.0
Hawkins,2021-05-05,83.0
Hawkins,2021-05-06,14.0
Haywood,2021-05-06,1599.0
Haywood,2021-05-07,45.0
Henderson,2021-05-06,1263.0
Henderson,2021-05-07,21.0
Henry,2021-05-04,
Henry,2021-05-05,1384.0
Henry,2021-05-06,839.0
Hickman,2021-05-05,
Hickman,2021-05-06,31.0
Jefferson,2021-05-04,57.0
Jefferson,2021-05-06,1.0
Knox,2021-05-04,1943.0
Knox,2021-05-05,387.0
Knox,2021-05-06,32.0
Lake,2021-05-04,987.0
Lake,2021-05-05,183.0
Lake,2021-05-06,32.0
Lake,2021-05-07,2.0
Lauderdale,2021-05-05,2.0
Lauderdale,2021-05-06,1.0
Lawrence,2021-05-04,55.0
Lawrence,2021-05-05,13.0
Lawrence,2021-05-06,1342.0
Lawrence,2021-05-07,268.0
Lewis,2021-05-04,
Lewis,2021-05-06,4.0
Lincoln,2021-05-04,
Loudon,2021-05-05,
Loudon,2021-05-06,
Macon,2021-05-05,1.0
Macon,2021-05-06,124.0
Madison,2021-05-04,60.0
Madison,2021-05-05,60.0
Madison,2021-05-06,15763.0
Madison,2021-05-07,2556.0
Marion,2021-05-04,18.0
Marion,2021-05-05,18.0
Marion,2021-05-06,141.0
Marion,2021-05-07,82.0
Marshall,2021-05-04,27.0
Marshall,2021-05-05,4.0
Marshall,2021-05-06,536.0
Marshall,2021-05-07,41.0
Maury,2021-05-04,1059.0
Maury,2021-05-05,38.0
Maury,2021-05-06,2729.0
Maury,2021-05-07,3.0
McMinn,2021-05-04,420.0
McMinn,2021-05-05,51.0
McMinn,2021-05-06,5.0
McMinn,2021-05-07,5.0
Meigs,2021-05-04,74.0
Meigs,2021-05-05,6.0
Meigs,2021-05-06,42.0
Meigs,2021-05-07,42.0
Monroe,2021-05-04,66.0
Monroe,2021-05-05,105.0
Monroe,2021-05-06,3.0
Montgomery,2021-05-04,88.0
Montgomery,2021-05-05,88.0
Montgomery,2021-05-06,396.0
Moore,2021-05-04,
Moore,2021-05-05,2.0
Moore,2021-05-06,517.0
Moore,2021-05-07,517.0
Morgan,2021-05-05,
Obion,2021-05-04,2768.0
Obion,2021-05-05,1561.0
Obion,2021-05-06,640.0
Obion,2021-05-07,1.0
Overton,2021-05-04,1.0
Overton,2021-05-05,
Overton,2021-05-06,1.0
Pickett,2021-05-04,2.0
Pickett,2021-05-05,
Polk,2021-05-04,51.0
Polk,2021-05-05,51.0
Putnam,2021-05-05,
Rhea,2021-05-04,13.0
Rhea,2021-05-05,1371.0
Rhea,2021-05-06,1.0
Roane,2021-05-04,1.0
Roane,2021-05-05,6.0
Roane,2021-05-06,1.0
Robertson,2021-05-04,145.0
Robertson,2021-05-05,34.0
Robertson,2021-05-06,186.0
Robertson,2021-05-07,20.0
Rutherford,2021-05-04,291.0
Rutherford,2021-05-05,38.0
Rutherford,2021-05-06,2230.0
Rutherford,2021-05-07,51.0
Scott,2021-05-05,2.0
Sequatchie,2021-05-04,8.0
Sequatchie,2021-05-05,4.0
Sequatchie,2021-05-06,1.0
Sevier,2021-05-04,106.0
Sevier,2021-05-05,51.0
Sevier,2021-05-06,35.0
Shelby,2021-05-04,831.0
Shelby,2021-05-05,2833.0
Shelby,2021-05-06,6954.0
Shelby,2021-05-07,1684.0
Smith,2021-05-04,1.0
Smith,2021-05-05,
Smith,2021-05-06,
Stewart,2021-05-04,946.0
Stewart,2021-05-05,306.0
Stewart,2021-05-06,83.0
Stewart,2021-05-07,7.0
Sullivan,2021-05-04,30.0
Sullivan,2021-05-05,10.0
Sullivan,2021-05-06,17.0
Sumner,2021-05-04,380.0
Sumner,2021-05-05,160.0
Sumner,2021-05-06,4428.0
Sumner,2021-05-07,49.0
Tipton,2021-05-04,2.0
Tipton,2021-05-05,5.0
Tipton,2021-05-06,1197.0
Trousdale,2021-05-04,989.0
Trousdale,2021-05-05,1.0
Trousdale,2021-05-06,2.0
Unicoi,2021-05-05,12.0
Unicoi,2021-05-06,5.0
Union,2021-05-04,4.0
Union,2021-05-05,4.0
Union,2021-05-06,154.0
Warren,2021-05-05,
Warren,2021-05-06,
Washington,2021-05-04,18.0
Washington,2021-05-05,43.0
Washington,2021-05-06,35.0
Washington,2021-05-07,3.0
Wayne,2021-05-06,16.0
Weakley,2021-05-04,22.0
White,2021-05-05,89.0
Williamson,2021-05-04,34.0
Williamson,2021-05-05,913.0
Williamson,2021-05-06,1593.0
Williamson,2021-05-07,125.0
Wilson,2021-05-04,4.0
Wilson,2021-05-05,11.0
Wilson,2021-05-06,19.0
Wilson,2021-05-07,8.0
Anderson,2021-05-07,6.0
Anderson,2021-05-08,6.0
Anderson,2021-05-09,178.0
Anderson,2021-05-10,54.0
Bedford,2021-05-07,47.0
Bedford,2021-05-08,2.0
Bedford,2021-05-09,1175.0
Bedford,2021-05-10,1.0
Bledsoe,2021-05-09,232.0
Bledsoe,2021-05-10,7.0
Blount,2021-05-07,11.0
Blount,2021-05-08,205.0
Blount,2021-05-09,861.0
Blount,2021-05-10,158.0
Bradley,2021-05-07,66.0
Bradley,2021-05-08,1370.0
Bradley,2021-05-09,16.0
Bradley,2021-05-10,43.0
Campbell,2021-05-07,
Campbell,2021-05-08,6.0
Campbell,2021-05-09,700.0
Campbell,2021-05-10,66.0
Cannon,2021-05-07,2.0
Cannon,2021-05-09,10.0
Cannon,2021-05-10,
Cheatham,2021-05-07,84.0
Cheatham,2021-05-08,1.0
Cheatham,2021-05-09,894.0
Cheatham,2021-05-10,28.0
Chester,2021-05-07,103.0
Chester,2021-05-08,556.0
Chester,2021-05-09,788.0
Chester,2021-05-10,3.0
Claiborne,2021-05-07,
Claiborne,2021-05-08,48.0
Claiborne,2021-05-09,471.0
Claiborne,2021-05-10,21.0
Clay,2021-05-09,4.0
Clay,2021-05-10,32.0
Cocke,2021-05-07,38.0
Cocke,2021-05-08,33.0
Cocke,2021-05-09,242.0
Cocke,2021-05-10,64.0
Coffee,2021-05-07,186.0
Coffee,2021-05-08,3.0
Coffee,2021-05-09,20.0
Coffee,2021-05-10,1.0
Crockett,2021-05-07,44.0
Crockett,2021-05-08,2.0
Crockett,2021-05-09,4.0
Cumberland,2021-05-07,3.0
Cumberland,2021-05-08,21.0
Cumberland,2021-05-09,445.0
Cumberland,2021-05-10,7.0
Davidson,2021-05-07,1024.0
Davidson,2021-05-08,99.0
Davidson,2021-05-09,2197.0
Davidson,2021-05-10,134.0
DeKalb,2021-05-07,2.0
DeKalb,2021-05-10,
Dickson,2021-05-10,
Fayette,2021-05-07,4.0
Fayette,2021-05-08,16.0
Fayette,2021-05-10,17.0
Fentress,2021-05-08,1.0
Fentress,2021-05-09,75.0
Fentress,2021-05-10,37.0
Franklin,2021-05-07,12.0
Franklin,2021-05-08,2.0
Franklin,2021-05-09,111.0
Franklin,2021-05-10,2.0
Gibson,2021-05-07,244.0
Gibson,2021-05-08,52.0
Gibson,2021-05-09,37.0
Giles,2021-05-07,14.0
Giles,2021-05-08,71.0
Giles,2021-05-09,24.0
Grainger,2021-05-07,5.0
Grainger,2021-05-09,495.0
Grainger,2021-05-10,11.0
Greene,2021-05-07,31.0
Greene,2021-05-08,1.0
Greene,2021-05-09,265.0
Greene,2021-05-10,33.0
Grundy,2021-05-07,3.0
Grundy,2021-05-08,1.0
Grundy,2021-05-09,54.0
Hamblen,2021-05-07,1016.0
Hamblen,2021-05-08,1.0
Hamblen,2021-05-09,28.0
Hamblen,2021-05-10,
Hamilton,2021-05-07,113.0
Hamilton,2021-05-08,217.0
Hamilton,2021-05-09,32.0
Hamilton,2021-05-10,17.0
Hancock,2021-05-07,1.0
Hancock,2021-05-08,5.0
Hancock,2021-05-09,20.0
Hancock,2021-05-10,1.0
Hardeman,2021-05-07,11.0
Hardeman,2021-05-09,159.0
Hawkins,2021-05-07,60.0
Hawkins,2021-05-08,46.0
Hawkins,2021-05-09,41.0
Hawkins,2021-05-10,21.0
Haywood,2021-05-07,29.0
Haywood,2021-05-09,155.0
Henderson,2021-05-07,21.0
Henry,2021-05-07,57.0
Henry,2021-05-09,596.0
Hickman,2021-05-10,
Jefferson,2021-05-07,1.0
Jefferson,2021-05-08,5.0
Jefferson,2021-05-09,105.0
Jefferson,2021-05-10,53.0
Knox,2021-05-07,2008.0
Knox,2021-05-08,166.0
Knox,2021-05-09,3489.0
Knox,2021-05-10,545.0
Lake,2021-05-07,2.0
Lake,2021-05-09,5.0
Lake,2021-05-10,5.0
Lawrence,2021-05-07,266.0
Lawrence,2021-05-08,15.0
Lawrence,2021-05-09,59.0
Lawrence,2021-05-10,2.0
Loudon,2021-05-07,26.0
Loudon,2021-05-08,11.0
Loudon,2021-05-09,478.0
Loudon,2021-05-10,439.0
Macon,2021-05-07,12.0
Macon,2021-05-09,1674.0
Madison,2021-05-07,1499.0
Madison,2021-05-08,30.0
Madison,2021-05-09,3480.0
Madison,2021-05-10,280.0
Marion,2021-05-07,24.0
Marion,2021-05-08,3.0
Marion,2021-05-09,30.0
Marion,2021-05-10,40.0
Marshall,2021-05-07,6.0
Marshall,2021-05-08,81.0
Marshall,2021-05-09,6.0
Marshall,2021-05-10,24.0
Maury,2021-05-07,74.0
Maury,2021-05-08,32.0
Maury,2021-05-09,1008.0
Maury,2021-05-10,
McMinn,2021-05-07,227.0
McMinn,2021-05-09,85.0
McMinn,2021-05-10,85.0
Meigs,2021-05-07,1.0
Meigs,2021-05-09,29.0
Meigs,2021-05-10,
Monroe,2021-05-07,2.0
Monroe,2021-05-08,5.0
Monroe,2021-05-09,120.0
Monroe,2021-05-10,5.0
Montgomery,2021-05-07,58.0
Montgomery,2021-05-08,93.0
Montgomery,2021-05-09,63.0
Montgomery,2021-05-10,1022.0
Moore,2021-05-07,517.0
Moore,2021-05-09,2.0
Morgan,2021-05-07,23.0
Morgan,2021-05-10,
Obion,2021-05-07,11.0
Obion,2021-05-09,73.0
Overton,2021-05-09,51.0
Overton,2021-05-10,
Pickett,2021-05-08,1.0
Pickett,2021-05-09,2.0
Pickett,2021-05-10,
Polk,2021-05-07,2403.0
Polk,2021-05-08,10.0
Polk,2021-05-09,41.0
Polk,2021-05-10,
Putnam,2021-05-09,130.0
Putnam,2021-05-10,
Rhea,2021-05-07,28.0
Rhea,2021-05-08,667.0
Rhea,2021-05-09,1114.0
Rhea,2021-05-10,1.0
Roane,2021-05-07,7.0
Roane,2021-05-09,498.0
Roane,2021-05-10,463.0
Robertson,2021-05-07,4.0
Robertson,2021-05-08,900.0
Robertson,2021-05-09,414.0
Robertson,2021-05-10,1.0
Rutherford,2021-05-07,49.0
Rutherford,2021-05-08,2.0
Rutherford,2021-05-09,140.0
Rutherford,2021-05-10,14.0
Scott,2021-05-10,
Sequatchie,2021-05-08,1.0
Sequatchie,2021-05-09,5.0
Sequatchie,2021-05-10,60.0
Sevier,2021-05-07,57.0
Sevier,2021-05-08,34.0
Sevier,2021-05-09,2540.0
Sevier,2021-05-10,275.0
Shelby,2021-05-07,1723.0
Shelby,2021-05-08,1388.0
Shelby,2021-05-09,1707.0
Shelby,2021-05-10,692.0
Smith,2021-05-10,
Stewart,2021-05-07,7.0
Stewart,2021-05-09,14.0
Stewart,2021-05-10,3.0
Sullivan,2021-05-07,88.0
Sullivan,2021-05-08,133.0
Sullivan,2021-05-09,47.0
Sullivan,2021-05-10,7.0
Sumner,2021-05-07,50.0
Sumner,2021-05-08,1568.0
Sumner,2021-05-09,240.0
Sumner,2021-05-10,1.0
Tipton,2021-05-07,9.0
Tipton,2021-05-08,3.0
Tipton,2021-05-09,868.0
Tipton,2021-05-10,54.0
Trousdale,2021-05-10,
Unicoi,2021-05-07,1.0
Unicoi,2021-05-10,
Union,2021-05-07,3333.0
Union,2021-05-09,215.0
Union,2021-05-10,99.0
Van Buren,2021-05-09,1.0
Van Buren,2021-05-10,1.0
Warren,2021-05-10,
Washington,2021-05-07,25.0
Washington,2021-05-08,6.0
Washington,2021-05-09,125.0
Washington,2021-05-10,269.0
Wayne,2021-05-09,2.0
White,2021-05-09,2.0
White,2021-05-10,
Williamson,2021-05-07,82.0
Williamson,2021-05-08,4.0
Williamson,2021-05-09,84.0
Williamson,2021-05-10,62.0
Wilson,2021-05-07,8.0
Wilson,2021-05-08,32.0
Wilson,2021-05-09,6.0
Wilson,2021-05-10,6.0
Anderson,2021-05-10,3.0
Anderson,2021-05-11,56.0
Anderson,2021-05-12,39.0
Bedford,2021-05-10,6.0
Bedford,2021-05-11,26.0
Bedford,2021-05-12,16.0
Bedford,2021-05-13,
Bledsoe,2021-05-10,1.0
Bledsoe,2021-05-11,1.0
Bledsoe,2021-05-12,
Blount,2021-05-10,789.0
Blount,2021-05-11,65.0
Blount,2021-05-12,58.0
Blount,2021-05-13,1.0
Bradley,2021-05-10,450.0
Bradley,2021-05-11,30.0
Bradley,2021-05-12,175.0
Campbell,2021-05-10,43.0
Campbell,2021-05-11,40.0
Campbell,2021-05-12,31.0
Campbell,2021-05-13,
Cannon,2021-05-10,1.0
Cannon,2021-05-11,2.0
Cannon,2021-05-12,20.0
Cannon,2021-05-13,
Cheatham,2021-05-10,44.0
Cheatham,2021-05-11,61.0
Cheatham,2021-05-12,134.0
Cheatham,2021-05-13,
Chester,2021-05-10,272.0
Chester,2021-05-11,30.0
Chester,2021-05-12,30.0
Claiborne,2021-05-10,63.0
Claiborne,2021-05-11,17.0
Claiborne,2021-05-12,914.0
Claiborne,2021-05-13,
Cocke,2021-05-10,71.0
Cocke,2021-05-11,3.0
Cocke,2021-05-12,55.0
Coffee,2021-05-10,8.0
Coffee,2021-05-11,39.0
Coffee,2021-05-12,6.0
Coffee,2021-05-13,1.0
Crockett,2021-05-10,7.0
Crockett,2021-05-11,9.0
Crockett,2021-05-12,6.0
Crockett,2021-05-13,6.0
Cumberland,2021-05-10,2.0
Cumberland,2021-05-11,2.0
Cumberland,2021-05-12,1.0
Davidson,2021-05-10,299.0
Davidson,2021-05-11,5866.0
Davidson,2021-05-12,1883.0
Davidson,2021-05-13,
DeKalb,2021-05-13,
Dickson,2021-05-13,
Dyer,2021-05-12,24.0
Fayette,2021-05-10,2.0
Fayette,2021-05-11,362.0
Fayette,2021-05-12,1.0
Fentress,2021-05-10,90.0
Fentress,2021-05-11,1.0
Fentress,2021-05-12,40.0
Franklin,2021-05-10,5.0
Franklin,2021-05-11,21.0
Franklin,2021-05-12,69.0
Gibson,2021-05-10,12.0
Gibson,2021-05-11,37.0
Gibson,2021-05-12,2.0
Giles,2021-05-10,23.0
Giles,2021-05-11,50.0
Giles,2021-05-12,54.0
Giles,2021-05-13,5.0
Grainger,2021-05-10,16.0
Grainger,2021-05-11,4.0
Grainger,2021-05-12,4.0
Greene,2021-05-10,4.0
Greene,2021-05-11,2270.0
Greene,2021-05-12,85.0
Grundy,2021-05-10,2.0
Grundy,2021-05-11,18.0
Grundy,2021-05-12,9.0
Hamblen,2021-05-10,15.0
Hamblen,2021-05-11,
Hamblen,2021-05-12,8.0
Hamilton,2021-05-10,54.0
Hamilton,2021-05-11,445.0
Hamilton,2021-05-12,76.0
Hancock,2021-05-10,2.0
Hancock,2021-05-11,53.0
Hancock,2021-05-12,2.0
Hancock,2021-05-13,1.0
Hardeman,2021-05-11,
Hardeman,2021-05-12,1.0
Hawkins,2021-05-10,90.0
Hawkins,2021-05-11,57.0
Hawkins,2021-05-12,222.0
Haywood,2021-05-10,2.0
Haywood,2021-05-11,2.0
Haywood,2021-05-12,9.0
Henderson,2021-05-11,1.0
Henry,2021-05-10,1.0
Henry,2021-05-11,11.0
Henry,2021-05-12,323.0
Hickman,2021-05-13,
Jefferson,2021-05-10,12.0
Jefferson,2021-05-12,52.0
Knox,2021-05-10,3450.0
Knox,2021-05-11,3414.0
Knox,2021-05-12,757.0
Knox,2021-05-13,8.0
Lake,2021-05-11,6.0
Lauderdale,2021-05-11,
Lawrence,2021-05-10,24.0
Lawrence,2021-05-11,11.0
Lawrence,2021-05-12,14.0
Lawrence,2021-05-13,1.0
Lewis,2021-05-10,4.0
Lewis,2021-05-12,
Loudon,2021-05-10,20.0
Loudon,2021-05-11,6.0
Loudon,2021-05-12,325.0
Macon,2021-05-10,4.0
Macon,2021-05-11,4.0
Madison,2021-05-10,357.0
Madison,2021-05-11,49.0
Madison,2021-05-12,2.0
Marion,2021-05-10,16.0
Marion,2021-05-11,4.0
Marion,2021-05-12,37.0
Marshall,2021-05-10,10.0
Marshall,2021-05-11,19.0
Marshall,2021-05-12,4.0
Marshall,2021-05-13,
Maury,2021-05-10,6.0
Maury,2021-05-11,5.0
Maury,2021-05-12,8.0
Maury,2021-05-13,
McMinn,2021-05-10,75.0
McMinn,2021-05-11,55.0
McMinn,2021-05-12,1.0
Meigs,2021-05-10,38.0
Meigs,2021-05-11,39.0
Meigs,2021-05-12,3.0
Monroe,2021-05-10,35.0
Monroe,2021-05-11,5.0
Monroe,2021-05-12,451.0
Montgomery,2021-05-10,21.0
Montgomery,2021-05-11,12.0
Montgomery,2021-05-12,10.0
Montgomery,2021-05-13,1.0
Moore,2021-05-11,2.0
Moore,2021-05-12,1.0
Morgan,2021-05-12,
Obion,2021-05-10,157.0
Obion,2021-05-11,1.0
Obion,2021-05-12,11.0
Overton,2021-05-12,
Pickett,2021-05-11,1.0
Pickett,2021-05-12,
Polk,2021-05-11,1.0
Polk,2021-05-12,2.0
Putnam,2021-05-10,39.0
Putnam,2021-05-12,
Rhea,2021-05-10,8.0
Rhea,2021-05-11,41.0
Rhea,2021-05-12,13.0
Roane,2021-05-10,2.0
Roane,2021-05-11,11.0
Roane,2021-05-12,19.0
Robertson,2021-05-10,21.0
Robertson,2021-05-11,20.0
Robertson,2021-05-12,54.0
Rutherford,2021-05-10,59.0
Rutherford,2021-05-11,25.0
Rutherford,2021-05-12,66.0
Rutherford,2021-05-13,
Scott,2021-05-12,
Sequatchie,2021-05-10,3.0
Sequatchie,2021-05-11,1.0
Sevier,2021-05-10,112.0
Sevier,2021-05-11,404.0
Sevier,2021-05-12,68.0
Sevier,2021-05-13,1010.0
Shelby,2021-05-10,115.0
Shelby,2021-05-11,116.0
Shelby,2021-05-12,2456.0
Shelby,2021-05-13,700.0
Smith,2021-05-12,2.0
Smith,2021-05-13,
Stewart,2021-05-10,1.0
Stewart,2021-05-11,1.0
Stewart,2021-05-12,21.0
Sullivan,2021-05-10,20.0
Sullivan,2021-05-11,28.0
Sullivan,2021-05-12,203.0
Sumner,2021-05-10,32.0
Sumner,2021-05-11,144.0
Sumner,2021-05-12,39.0
Sumner,2021-05-13,2.0
Tipton,2021-05-10,13.0
Tipton,2021-05-11,3.0
Tipton,2021-05-12,16.0
Tipton,2021-05-13,8.0
Trousdale,2021-05-11,1.0
Trousdale,2021-05-13,
Unicoi,2021-05-11,
Unicoi,2021-05-12,
Union,2021-05-10,236.0
Union,2021-05-11,2.0
Union,2021-05-12,63.0
Union,2021-05-13,
Warren,2021-05-13,
Washington,2021-05-10,19.0
Washington,2021-05-11,56.0
Washington,2021-05-12,21.0
Washington,2021-05-13,2.0
Wayne,2021-05-10,14.0
Wayne,2021-05-12,
White,2021-05-10,1.0
White,2021-05-12,
Williamson,2021-05-10,21.0
Williamson,2021-05-11,73.0
Williamson,2021-05-12,117.0
Williamson,2021-05-13,
Wilson,2021-05-10,17.0
Wilson,2021-05-11,50.0
Wilson,2021-05-12,18.0
Wilson,2021-05-13,
Anderson,2021-05-13,1.0
Anderson,2021-05-14,6.0
Anderson,2021-05-15,14.0
Bedford,2021-05-13,7.0
Bedford,2021-05-14,13.0
Bedford,2021-05-15,2.0
Bedford,2021-05-16,2.0
Bledsoe,2021-05-13,1.0
Bledsoe,2021-05-15,3.0
Bledsoe,2021-05-16,306.0
Blount,2021-05-13,36.0
Blount,2021-05-14,73.0
Blount,2021-05-15,74.0
Blount,2021-05-16,90.0
Bradley,2021-05-13,30.0
Bradley,2021-05-14,10.0
Bradley,2021-05-15,1.0
Bradley,2021-05-16,8.0
Campbell,2021-05-13,26.0
Campbell,2021-05-14,41.0
Campbell,2021-05-15,90.0
Campbell,2021-05-16,103.0
Cannon,2021-05-13,4.0
Cheatham,2021-05-13,8.0
Cheatham,2021-05-14,2.0
Cheatham,2021-05-15,28.0
Chester,2021-05-13,8.0
Chester,2021-05-14,3.0
Claiborne,2021-05-13,914.0
Claiborne,2021-05-14,59.0
Claiborne,2021-05-15,134.0
Claiborne,2021-05-16,99.0
Clay,2021-05-13,32.0
Clay,2021-05-14,26.0
Clay,2021-05-15,26.0
Clay,2021-05-16,2.0
Cocke,2021-05-13,34.0
Cocke,2021-05-14,5.0
Cocke,2021-05-15,33.0
Cocke,2021-05-16,48.0
Coffee,2021-05-13,25.0
Coffee,2021-05-14,3.0
Coffee,2021-05-15,3.0
Coffee,2021-05-16,3.0
Crockett,2021-05-13,6.0
Crockett,2021-05-14,7.0
Cumberland,2021-05-13,3.0
Cumberland,2021-05-14,61.0
Cumberland,2021-05-15,5.0
Cumberland,2021-05-16,8575.0
Davidson,2021-05-13,143.0
Davidson,2021-05-14,205.0
Davidson,2021-05-15,142.0
Davidson,2021-05-16,122.0
Dyer,2021-05-14,1.0
Fayette,2021-05-13,941.0
Fentress,2021-05-13,42.0
Fentress,2021-05-14,1.0
Fentress,2021-05-15,1.0
Fentress,2021-05-16,1.0
Franklin,2021-05-13,5.0
Franklin,2021-05-14,2.0
Franklin,2021-05-15,3.0
Franklin,2021-05-16,1.0
Gibson,2021-05-15,27.0
Giles,2021-05-13,25.0
Giles,2021-05-14,136.0
Giles,2021-05-15,5.0
Giles,2021-05-16,1997.0
Grainger,2021-05-13,70.0
Grainger,2021-05-14,1119.0
Grainger,2021-05-16,29.0
Greene,2021-05-13,2.0
Greene,2021-05-14,3.0
Greene,2021-05-15,1.0
Greene,2021-05-16,27.0
Grundy,2021-05-14,1.0
Hamblen,2021-05-13,1.0
Hamblen,2021-05-14,1018.0
Hamblen,2021-05-15,2.0
Hamblen,2021-05-16,
Hamilton,2021-05-13,1.0
Hamilton,2021-05-14,42.0
Hamilton,2021-05-16,31.0
Hancock,2021-05-13,2.0
Hancock,2021-05-14,1.0
Hancock,2021-05-15,1.0
Hancock,2021-05-16,2.0
Hawkins,2021-05-13,33.0
Hawkins,2021-05-14,58.0
Hawkins,2021-05-15,100.0
Hawkins,2021-05-16,100.0
Haywood,2021-05-13,2.0
Haywood,2021-05-14,1.0
Haywood,2021-05-15,1.0
Henry,2021-05-13,558.0
Henry,2021-05-14,26.0
Henry,2021-05-15,1.0
Henry,2021-05-16,45.0
Jefferson,2021-05-13,68.0
Jefferson,2021-05-14,6.0
Knox,2021-05-13,95.0
Knox,2021-05-14,1693.0
Knox,2021-05-15,1708.0
Knox,2021-05-16,1786.0
Lake,2021-05-15,4.0
Lawrence,2021-05-13,28.0
Lawrence,2021-05-14,17.0
Lawrence,2021-05-15,2.0
Lawrence,2021-05-16,7.0
Loudon,2021-05-13,14.0
Loudon,2021-05-14,5.0
Loudon,2021-05-15,462.0
Loudon,2021-05-16,17.0
Macon,2021-05-13,16.0
Macon,2021-05-15,2.0
Madison,2021-05-13,2.0
Madison,2021-05-14,42.0
Madison,2021-05-15,573.0
Madison,2021-05-16,8.0
Marion,2021-05-13,17.0
Marion,2021-05-14,2.0
Marion,2021-05-15,7.0
Marion,2021-05-16,8.0
Marshall,2021-05-13,3.0
Marshall,2021-05-14,1.0
Maury,2021-05-13,20.0
Maury,2021-05-14,1.0
Maury,2021-05-15,9.0
Maury,2021-05-16,2.0
McMinn,2021-05-13,2.0
McMinn,2021-05-14,58.0
McMinn,2021-05-15,33.0
Meigs,2021-05-13,1.0
Meigs,2021-05-14,1.0
Meigs,2021-05-15,4.0
Meigs,2021-05-16,3.0
Monroe,2021-05-13,27.0
Monroe,2021-05-14,129.0
Monroe,2021-05-15,2.0
Monroe,2021-05-16,8.0
Montgomery,2021-05-13,502.0
Montgomery,2021-05-14,22.0
Montgomery,2021-05-15,29.0
Montgomery,2021-05-16,38.0
Moore,2021-05-13,4.0
Moore,2021-05-15,1.0
Moore,2021-05-16,1.0
Morgan,2021-05-13,3.0
Obion,2021-05-15,2.0
Obion,2021-05-16,3.0
Polk,2021-05-13,1.0
Polk,2021-05-16,1.0
Putnam,2021-05-13,1.0
Putnam,2021-05-16,43.0
Rhea,2021-05-13,1.0
Roane,2021-05-13,90.0
Roane,2021-05-14,12.0
Roane,2021-05-15,1.0
Roane,2021-05-16,1.0
Robertson,2021-05-13,1461.0
Robertson,2021-05-14,30.0
Robertson,2021-05-15,36.0
Robertson,2021-05-16,24.0
Rutherford,2021-05-13,10.0
Rutherford,2021-05-14,26.0
Rutherford,2021-05-15,849.0
Rutherford,2021-05-16,95.0
Sequatchie,2021-05-13,2.0
Sequatchie,2021-05-14,1.0
Sequatchie,2021-05-15,14.0
Sequatchie,2021-05-16,4.0
Sevier,2021-05-13,760.0
Sevier,2021-05-14,88.0
Sevier,2021-05-15,71.0
Sevier,2021-05-16,5.0
Shelby,2021-05-13,1809.0
Shelby,2021-05-14,130.0
Shelby,2021-05-15,597.0
Shelby,2021-05-16,1325.0
Stewart,2021-05-13,1.0
Stewart,2021-05-14,20.0
Sullivan,2021-05-13,20.0
Sullivan,2021-05-14,8.0
Sullivan,2021-05-15,22.0
Sullivan,2021-05-16,50.0
Sumner,2021-05-13,1310.0
Sumner,2021-05-14,1310.0
Sumner,2021-05-15,11.0
Sumner,2021-05-16,48.0
Tipton,2021-05-13,33.0
Tipton,2021-05-14,4.0
Tipton,2021-05-15,11.0
Tipton,2021-05-16,4.0
Unicoi,2021-05-13,2.0
Unicoi,2021-05-14,
Union,2021-05-13,2.0
Union,2021-05-14,440.0
Union,2021-05-16,1.0
Washington,2021-05-13,3988.0
Washington,2021-05-14,35.0
Washington,2021-05-15,50.0
Washington,2021-05-16,59.0
White,2021-05-14,2.0
White,2021-05-15,16.0
Williamson,2021-05-13,3.0
Williamson,2021-05-14,25.0
Williamson,2021-05-15,3.0
Williamson,2021-05-16,28.0
Wilson,2021-05-13,14.0
Wilson,2021-05-14,3.0
Wilson,2021-05-15,4.0
Wilson,2021-05-16,51.0
Anderson,2021-05-17,6.0
Anderson,2021-05-18,7.0
Anderson,2021-05-19,5.0
Bedford,2021-05-17,66.0
Bedford,2021-05-18,4.0
Bedford,2021-05-19,8.0
Bledsoe,2021-05-16,1.0
Bledsoe,2021-05-17,1.0
Bledsoe,2021-05-18,13.0
Bledsoe,2021-05-19,3.0
Blount,2021-05-16,9.0
Blount,2021-05-17,76.0
Blount,2021-05-18,122.0
Blount,2021-05-19,86.0
Bradley,2021-05-16,2.0
Bradley,2021-05-17,52.0
Bradley,2021-05-18,28.0
Bradley,2021-05-19,7.0
Campbell,2021-05-16,84.0
Campbell,2021-05-17,95.0
Campbell,2021-05-18,58.0
Campbell,2021-05-19,43.0
Cannon,2021-05-17,
Cannon,2021-05-18,3.0
Cannon,2021-05-19,4.0
Cheatham,2021-05-16,20.0
Cheatham,2021-05-17,1.0
Cheatham,2021-05-18,579.0
Cheatham,2021-05-19,1.0
Chester,2021-05-17,3.0
Chester,2021-05-18,6.0
Chester,2021-05-19,2.0
Claiborne,2021-05-16,15.0
Claiborne,2021-05-17,66.0
Claiborne,2021-05-18,74.0
Claiborne,2021-05-19,18.0
Clay,2021-05-18,7.0
Cocke,2021-05-16,1.0
Cocke,2021-05-17,32.0
Cocke,2021-05-18,15.0
Cocke,2021-05-19,32.0
Coffee,2021-05-17,44.0
Coffee,2021-05-18,6.0
Coffee,2021-05-19,5.0
Crockett,2021-05-18,15.0
Crockett,2021-05-19,3.0
Cumberland,2021-05-17,2.0
Cumberland,2021-05-18,3.0
Cumberland,2021-05-19,29.0
Davidson,2021-05-16,10.0
Davidson,2021-05-17,20.0
Davidson,2021-05-18,43.0
Davidson,2021-05-19,261.0
DeKalb,2021-05-17,6.0
Dickson,2021-05-17,
Dickson,2021-05-19,1.0
Dyer,2021-05-18,2.0
Fayette,2021-05-17,253.0
Fayette,2021-05-18,371.0
Fayette,2021-05-19,49.0
Fentress,2021-05-17,25.0
Fentress,2021-05-19,1.0
Franklin,2021-05-17,5.0
Franklin,2021-05-18,1.0
Franklin,2021-05-19,3.0
Gibson,2021-05-17,51.0
Gibson,2021-05-18,4.0
Giles,2021-05-16,5.0
Giles,2021-05-17,31.0
Giles,2021-05-18,742.0
Giles,2021-05-19,80.0
Grainger,2021-05-17,1.0
Grainger,2021-05-19,7.0
Greene,2021-05-16,1.0
Greene,2021-05-17,3.0
Greene,2021-05-18,7.0
Greene,2021-05-19,4.0
Grundy,2021-05-18,3.0
Grundy,2021-05-19,3.0
Hamblen,2021-05-17,
Hamblen,2021-05-18,2.0
Hamblen,2021-05-19,28.0
Hamilton,2021-05-16,2.0
Hamilton,2021-05-17,5.0
Hamilton,2021-05-19,1.0
Hancock,2021-05-16,1.0
Hancock,2021-05-17,1.0
Hancock,2021-05-18,3.0
Hancock,2021-05-19,75.0
Hardeman,2021-05-17,2.0
Hardeman,2021-05-18,3.0
Hawkins,2021-05-16,34.0
Hawkins,2021-05-17,118.0
Hawkins,2021-05-18,23.0
Hawkins,2021-05-19,102.0
Haywood,2021-05-17,2.0
Haywood,2021-05-18,2.0
Henderson,2021-05-18,34.0
Henry,2021-05-16,5.0
Henry,2021-05-17,40.0
Henry,2021-05-18,82.0
Henry,2021-05-19,42.0
Hickman,2021-05-17,
Jefferson,2021-05-17,
Jefferson,2021-05-18,1.0
Jefferson,2021-05-19,17.0
Knox,2021-05-16,1092.0
Knox,2021-05-17,4236.0
Knox,2021-05-18,882.0
Knox,2021-05-19,184.0
Lake,2021-05-17,6.0
Lauderdale,2021-05-17,1.0
Lawrence,2021-05-16,7.0
Lawrence,2021-05-17,26.0
Lawrence,2021-05-18,24.0
Lawrence,2021-05-19,11.0
Lincoln,2021-05-17,60.0
Loudon,2021-05-17,43.0
Loudon,2021-05-18,26.0
Loudon,2021-05-19,38.0
Macon,2021-05-17,409.0
Macon,2021-05-19,3.0
Madison,2021-05-16,5.0
Madison,2021-05-17,7.0
Madison,2021-05-18,156.0
Madison,2021-05-19,102.0
Marion,2021-05-17,1.0
Marion,2021-05-18,5.0
Marion,2021-05-19,3.0
Marshall,2021-05-17,9.0
Marshall,2021-05-18,1.0
Marshall,2021-05-19,7.0
Maury,2021-05-16,23.0
Maury,2021-05-17,81.0
Maury,2021-05-18,11.0
McMinn,2021-05-17,18.0
McMinn,2021-05-19,
Meigs,2021-05-17,1.0
Meigs,2021-05-19,
Monroe,2021-05-17,17.0
Monroe,2021-05-18,11.0
Monroe,2021-05-19,5.0
Montgomery,2021-05-16,2241.0
Montgomery,2021-05-17,48.0
Montgomery,2021-05-18,94.0
Montgomery,2021-05-19,13.0
Moore,2021-05-16,1.0
Moore,2021-05-17,1.0
Morgan,2021-05-17,
Morgan,2021-05-19,18.0
Obion,2021-05-18,16.0
Obion,2021-05-19,1.0
Overton,2021-05-17,
Overton,2021-05-18,8.0
Overton,2021-05-19,
Pickett,2021-05-17,13.0
Pickett,2021-05-19,
Polk,2021-05-17,138.0
Polk,2021-05-18,1.0
Polk,2021-05-19,
Putnam,2021-05-16,1.0
Putnam,2021-05-17,
Putnam,2021-05-19,
Rhea,2021-05-17,8.0
Rhea,2021-05-18,22.0
Rhea,2021-05-19,
Roane,2021-05-17,
Roane,2021-05-18,3.0
Roane,2021-05-19,1.0
Robertson,2021-05-16,16.0
Robertson,2021-05-17,3.0
Robertson,2021-05-18,7.0
Robertson,2021-05-19,38.0
Rutherford,2021-05-16,2313.0
Rutherford,2021-05-17,3428.0
Rutherford,2021-05-18,2141.0
Rutherford,2021-05-19,318.0
Scott,2021-05-17,
Scott,2021-05-19,
Sequatchie,2021-05-17,5.0
Sequatchie,2021-05-19,1.0
Sevier,2021-05-16,411.0
Sevier,2021-05-17,29.0
Sevier,2021-05-18,11.0
Sevier,2021-05-19,22.0
Shelby,2021-05-16,149.0
Shelby,2021-05-17,132.0
Shelby,2021-05-18,133.0
Shelby,2021-05-19,2952.0
Smith,2021-05-17,
Stewart,2021-05-16,6.0
Stewart,2021-05-18,2.0
Stewart,2021-05-19,1.0
Sullivan,2021-05-16,4.0
Sullivan,2021-05-17,13.0
Sullivan,2021-05-18,27.0
Sullivan,2021-05-19,27.0
Sumner,2021-05-16,5.0
Sumner,2021-05-17,484.0
Sumner,2021-05-18,54.0
Sumner,2021-05-19,54.0
Tipton,2021-05-16,3.0
Tipton,2021-05-17,3.0
Tipton,2021-05-18,10.0
Tipton,2021-05-19,14.0
Trousdale,2021-05-17,2.0
Trousdale,2021-05-19,2.0
Unicoi,2021-05-17,
Unicoi,2021-05-18,
Unicoi,2021-05-19,1.0
Union,2021-05-17,2.0
Union,2021-05-18,2.0
Union,2021-05-19,
Warren,2021-05-17,
Washington,2021-05-16,26.0
Washington,2021-05-17,71.0
Washington,2021-05-18,106.0
Washington,2021-05-19,49.0
White,2021-05-17,6.0
White,2021-05-19,
Williamson,2021-05-16,1.0
Williamson,2021-05-17,6.0
Williamson,2021-05-18,17.0
Williamson,2021-05-19,20.0
Wilson,2021-05-16,2.0
Wilson,2021-05-17,76.0
Wilson,2021-05-18,17.0
Wilson,2021-05-19,14.0
Anderson,2021-05-20,1.0
Anderson,2021-05-21,18.0
Anderson,2021-05-22,6.0
Bedford,2021-05-19,6.0
Bedford,2021-05-20,6.0
Bedford,2021-05-21,449.0
Bedford,2021-05-22,1.0
Bledsoe,2021-05-20,1.0
Bledsoe,2021-05-21,2.0
Blount,2021-05-19,13.0
Blount,2021-05-20,126.0
Blount,2021-05-21,524.0
Blount,2021-05-22,73.0
Bradley,2021-05-19,834.0
Bradley,2021-05-20,805.0
Bradley,2021-05-21,2.0
Bradley,2021-05-22,1.0
Campbell,2021-05-19,133.0
Campbell,2021-05-20,167.0
Campbell,2021-05-21,40.0
Campbell,2021-05-22,31.0
Cannon,2021-05-21,1.0
Cannon,2021-05-22,17.0
Cheatham,2021-05-19,10.0
Cheatham,2021-05-20,52.0
Cheatham,2021-05-21,99.0
Chester,2021-05-19,743.0
Chester,2021-05-20,595.0
Chester,2021-05-21,10.0
Chester,2021-05-22,8.0
Claiborne,2021-05-19,21.0
Claiborne,2021-05-20,
Claiborne,2021-05-21,169.0
Claiborne,2021-05-22,34.0
Clay,2021-05-20,3.0
Cocke,2021-05-19,8.0
Cocke,2021-05-20,15.0
Cocke,2021-05-21,32.0
Cocke,2021-05-22,1.0
Coffee,2021-05-19,4.0
Coffee,2021-05-20,18.0
Coffee,2021-05-21,81.0
Coffee,2021-05-22,18.0
Crockett,2021-05-19,2.0
Crockett,2021-05-20,5.0
Cumberland,2021-05-20,2.0
Cumberland,2021-05-21,57.0
Cumberland,2021-05-22,1.0
Davidson,2021-05-19,271.0
Davidson,2021-05-20,56.0
Davidson,2021-05-21,51.0
Davidson,2021-05-22,1711.0
DeKalb,2021-05-20,1.0
Fayette,2021-05-19,49.0
Fayette,2021-05-20,168.0
Fayette,2021-05-21,1.0
Fayette,2021-05-22,1094.0
Fentress,2021-05-21,13.0
Fentress,2021-05-22,4.0
Franklin,2021-05-19,2.0
Franklin,2021-05-20,57.0
Franklin,2021-05-21,2.0
Franklin,2021-05-22,1.0
Gibson,2021-05-19,18.0
Gibson,2021-05-20,1.0
Gibson,2021-05-22,7.0
Giles,2021-05-19,2.0
Giles,2021-05-20,2.0
Giles,2021-05-21,13.0
Giles,2021-05-22,13.0
Grainger,2021-05-20,18.0
Grainger,2021-05-21,9.0
Greene,2021-05-19,1.0
Greene,2021-05-20,53.0
Greene,2021-05-21,28.0
Greene,2021-05-22,
Grundy,2021-05-19,1.0
Grundy,2021-05-20,4.0
Grundy,2021-05-21,4.0
Hamblen,2021-05-19,1.0
Hamblen,2021-05-20,33.0
Hamblen,2021-05-21,14.0
Hamblen,2021-05-22,3.0
Hamilton,2021-05-19,84.0
Hamilton,2021-05-20,7.0
Hamilton,2021-05-21,5.0
Hancock,2021-05-19,1.0
Hancock,2021-05-20,13.0
Hancock,2021-05-21,3.0
Hancock,2021-05-22,1.0
Hardeman,2021-05-20,6.0
Hawkins,2021-05-19,2.0
Hawkins,2021-05-20,27.0
Hawkins,2021-05-21,23.0
Hawkins,2021-05-22,74.0
Haywood,2021-05-20,19.0
Haywood,2021-05-21,1.0
Henry,2021-05-19,7.0
Henry,2021-05-20,24.0
Henry,2021-05-22,38.0
Jefferson,2021-05-19,39.0
Jefferson,2021-05-20,2.0
Jefferson,2021-05-21,5.0
Knox,2021-05-19,7258.0
Knox,2021-05-20,2439.0
Knox,2021-05-21,2009.0
Knox,2021-05-22,54.0
Lake,2021-05-19,36.0
Lake,2021-05-20,1.0
Lawrence,2021-05-19,468.0
Lawrence,2021-05-20,17.0
Lawrence,2021-05-21,1.0
Lawrence,2021-05-22,2.0
Loudon,2021-05-19,1.0
Loudon,2021-05-20,4.0
Loudon,2021-05-21,16.0
Loudon,2021-05-22,18.0
Macon,2021-05-19,3.0
Macon,2021-05-20,3.0
Macon,2021-05-21,2.0
Madison,2021-05-19,99.0
Madison,2021-05-20,21.0
Madison,2021-05-21,21.0
Madison,2021-05-22,19.0
Marion,2021-05-19,4.0
Marion,2021-05-20,6.0
Marion,2021-05-21,6.0
Marion,2021-05-22,17.0
Marshall,2021-05-19,6.0
Marshall,2021-05-20,447.0
Marshall,2021-05-21,45.0
Marshall,2021-05-22,4.0
Maury,2021-05-20,6.0
Maury,2021-05-21,1.0
Maury,2021-05-22,1.0
McMinn,2021-05-20,10.0
McMinn,2021-05-21,2.0
Meigs,2021-05-20,4.0
Meigs,2021-05-21,16.0
Meigs,2021-05-22,3.0
Monroe,2021-05-20,7.0
Monroe,2021-05-21,53.0
Monroe,2021-05-22,21.0
Montgomery,2021-05-19,24.0
Montgomery,2021-05-20,8.0
Montgomery,2021-05-21,224.0
Montgomery,2021-05-22,11.0
Moore,2021-05-20,1.0
Moore,2021-05-21,1.0
Morgan,2021-05-21,
Morgan,2021-05-22,
Obion,2021-05-19,46.0
Obion,2021-05-20,1.0
Obion,2021-05-21,4.0
Overton,2021-05-20,11.0
Overton,2021-05-21,
Pickett,2021-05-21,
Polk,2021-05-20,23.0
Polk,2021-05-21,
Polk,2021-05-22,1.0
Putnam,2021-05-20,1.0
Putnam,2021-05-21,
Rhea,2021-05-20,29.0
Rhea,2021-05-21,
Rhea,2021-05-22,1.0
Roane,2021-05-19,1.0
Roane,2021-05-21,11.0
Roane,2021-05-22,
Robertson,2021-05-19,1.0
Robertson,2021-05-20,7.0
Robertson,2021-05-21,15.0
Robertson,2021-05-22,31.0
Rutherford,2021-05-19,5.0
Rutherford,2021-05-20,88.0
Rutherford,2021-05-21,12.0
Rutherford,2021-05-22,224.0
Scott,2021-05-21,
Sequatchie,2021-05-20,4.0
Sevier,2021-05-19,52.0
Sevier,2021-05-20,39.0
Sevier,2021-05-21,120.0
Sevier,2021-05-22,18.0
Shelby,2021-05-19,1545.0
Shelby,2021-05-20,1197.0
Shelby,2021-05-21,2003.0
Shelby,2021-05-22,595.0
Stewart,2021-05-19,11.0
Stewart,2021-05-20,925.0
Stewart,2021-05-21,2.0
Stewart,2021-05-22,1.0
Sullivan,2021-05-19,12.0
Sullivan,2021-05-20,101.0
Sullivan,2021-05-21,22.0
Sullivan,2021-05-22,70.0
Sumner,2021-05-19,9.0
Sumner,2021-05-20,1765.0
Sumner,2021-05-21,130.0
Sumner,2021-05-22,1.0
Tipton,2021-05-19,6.0
Tipton,2021-05-20,10.0
Tipton,2021-05-21,3.0
Trousdale,2021-05-19,5.0
Trousdale,2021-05-21,1.0
Unicoi,2021-05-19,1.0
Unicoi,2021-05-21,
Union,2021-05-19,3.0
Union,2021-05-20,42.0
Union,2021-05-21,3340.0
Union,2021-05-22,
Washington,2021-05-19,3.0
Washington,2021-05-20,49.0
Washington,2021-05-21,38.0
Washington,2021-05-22,55.0
White,2021-05-21,
Williamson,2021-05-19,4.0
Williamson,2021-05-20,37.0
Williamson,2021-05-21,32.0
Williamson,2021-05-22,17.0
Wilson,2021-05-19,1695.0
Wilson,2021-05-20,9.0
Wilson,2021-05-21,17.0
Wilson,2021-05-22,2.0
Anderson,2021-05-23,10.0
Anderson,2021-05-24,1.0
Anderson,2021-05-25,1.0
Bedford,2021-05-22,29.0
Bedford,2021-05-23,8.0
Bedford,2021-05-24,9.0
Bedford,2021-05-25,35.0
Bledsoe,2021-05-24,1.0
Blount,2021-05-22,220.0
Blount,2021-05-23,72.0
Blount,2021-05-24,342.0
Blount,2021-05-25,6.0
Bradley,2021-05-22,27.0
Bradley,2021-05-23,39.0
Bradley,2021-05-24,854.0
Bradley,2021-05-25,955.0
Campbell,2021-05-22,11.0
Campbell,2021-05-23,134.0
Campbell,2021-05-24,51.0
Campbell,2021-05-25,83.0
Cannon,2021-05-22,4.0
Cannon,2021-05-23,1.0
Cannon,2021-05-24,1.0
Cannon,2021-05-25,1.0
Cheatham,2021-05-23,9.0
Cheatham,2021-05-24,2.0
Cheatham,2021-05-25,3.0
Chester,2021-05-22,9.0
Chester,2021-05-23,8.0
Chester,2021-05-24,744.0
Claiborne,2021-05-23,40.0
Claiborne,2021-05-24,74.0
Claiborne,2021-05-25,66.0
Clay,2021-05-24,977.0
Cocke,2021-05-22,32.0
Cocke,2021-05-23,26.0
Cocke,2021-05-24,22.0
Cocke,2021-05-25,2.0
Coffee,2021-05-23,2.0
Coffee,2021-05-24,8.0
Coffee,2021-05-25,40.0
Crockett,2021-05-22,4.0
Cumberland,2021-05-22,3.0
Cumberland,2021-05-23,1.0
Cumberland,2021-05-24,1245.0
Cumberland,2021-05-25,1.0
Davidson,2021-05-22,77.0
Davidson,2021-05-23,22.0
Davidson,2021-05-24,485.0
Davidson,2021-05-25,3349.0
DeKalb,2021-05-24,
Dickson,2021-05-24,
Dyer,2021-05-25,3.0
Fayette,2021-05-22,1.0
Fayette,2021-05-24,35.0
Fayette,2021-05-25,126.0
Fentress,2021-05-22,1.0
Fentress,2021-05-23,5.0
Fentress,2021-05-24,1.0
Fentress,2021-05-25,1.0
Franklin,2021-05-23,1.0
Franklin,2021-05-24,4.0
Franklin,2021-05-25,2.0
Gibson,2021-05-23,2.0
Gibson,2021-05-24,31.0
Giles,2021-05-22,1.0
Giles,2021-05-23,92.0
Giles,2021-05-24,42.0
Giles,2021-05-25,5.0
Grainger,2021-05-23,1.0
Grainger,2021-05-24,1.0
Grainger,2021-05-25,4.0
Greene,2021-05-22,17.0
Greene,2021-05-23,30.0
Greene,2021-05-24,35.0
Greene,2021-05-25,1.0
Grundy,2021-05-22,3.0
Grundy,2021-05-23,28.0
Grundy,2021-05-24,4.0
Grundy,2021-05-25,3.0
Hamblen,2021-05-22,2.0
Hamblen,2021-05-23,3.0
Hamblen,2021-05-24,29.0
Hamblen,2021-05-25,7.0
Hamilton,2021-05-23,41.0
Hamilton,2021-05-24,426.0
Hamilton,2021-05-25,2.0
Hancock,2021-05-22,3.0
Hancock,2021-05-23,1.0
Hancock,2021-05-24,1.0
Hancock,2021-05-25,1.0
Hardeman,2021-05-23,8.0
Hawkins,2021-05-22,4.0
Hawkins,2021-05-23,108.0
Hawkins,2021-05-24,5.0
Hawkins,2021-05-25,6.0
Haywood,2021-05-22,1.0
Haywood,2021-05-25,1.0
Henry,2021-05-22,12.0
Henry,2021-05-23,82.0
Henry,2021-05-24,75.0
Henry,2021-05-25,23.0
Hickman,2021-05-24,
Jefferson,2021-05-23,4.0
Knox,2021-05-22,8435.0
Knox,2021-05-23,1520.0
Knox,2021-05-24,2416.0
Knox,2021-05-25,666.0
Lake,2021-05-23,18.0
Lawrence,2021-05-22,2.0
Lawrence,2021-05-23,38.0
Lawrence,2021-05-24,3.0
Lawrence,2021-05-25,1.0
Loudon,2021-05-22,2.0
Loudon,2021-05-23,2.0
Loudon,2021-05-24,21.0
Loudon,2021-05-25,1.0
Macon,2021-05-23,1342.0
Macon,2021-05-24,38.0
Macon,2021-05-25,6.0
Madison,2021-05-22,17.0
Madison,2021-05-23,13.0
Madison,2021-05-24,136.0
Madison,2021-05-25,136.0
Marion,2021-05-22,2.0
Marion,2021-05-23,16.0
Marion,2021-05-24,11.0
Marion,2021-05-25,34.0
Marshall,2021-05-22,1.0
Marshall,2021-05-24,7.0
Marshall,2021-05-25,4.0
Maury,2021-05-22,7.0
Maury,2021-05-23,3.0
Maury,2021-05-24,2.0
Maury,2021-05-25,6.0
McMinn,2021-05-23,2.0
McMinn,2021-05-24,1.0
Meigs,2021-05-22,16.0
Meigs,2021-05-24,2.0
Monroe,2021-05-22,21.0
Monroe,2021-05-23,16.0
Monroe,2021-05-24,5.0
Monroe,2021-05-25,307.0
Montgomery,2021-05-22,5.0
Montgomery,2021-05-23,3609.0
Montgomery,2021-05-24,64.0
Montgomery,2021-05-25,10.0
Moore,2021-05-24,4.0
Morgan,2021-05-24,
Obion,2021-05-24,1.0
Overton,2021-05-24,
Pickett,2021-05-24,
Pickett,2021-05-25,1.0
Polk,2021-05-22,1.0
Polk,2021-05-23,1.0
Polk,2021-05-24,1.0
Putnam,2021-05-24,73.0
Putnam,2021-05-25,1.0
Rhea,2021-05-23,3.0
Rhea,2021-05-24,1.0
Roane,2021-05-24,
Robertson,2021-05-22,21.0
Robertson,2021-05-23,6.0
Robertson,2021-05-24,131.0
Robertson,2021-05-25,159.0
Rutherford,2021-05-22,2.0
Rutherford,2021-05-23,69.0
Rutherford,2021-05-24,90.0
Rutherford,2021-05-25,82.0
Scott,2021-05-24,
Sequatchie,2021-05-22,3.0
Sequatchie,2021-05-24,82.0
Sevier,2021-05-22,66.0
Sevier,2021-05-23,866.0
Sevier,2021-05-24,24.0
Sevier,2021-05-25,5.0
Shelby,2021-05-22,287.0
Shelby,2021-05-23,6481.0
Shelby,2021-05-24,3776.0
Shelby,2021-05-25,2508.0
Smith,2021-05-23,1.0
Smith,2021-05-24,
Stewart,2021-05-22,23.0
Stewart,2021-05-23,2.0
Stewart,2021-05-24,2.0
Stewart,2021-05-25,10.0
Sullivan,2021-05-22,8.0
Sullivan,2021-05-23,13.0
Sullivan,2021-05-24,12.0
Sullivan,2021-05-25,305.0
Sumner,2021-05-22,4.0
Sumner,2021-05-23,34.0
Sumner,2021-05-24,137.0
Sumner,2021-05-25,56.0
Tipton,2021-05-22,2.0
Tipton,2021-05-23,67.0
Tipton,2021-05-24,6.0
Tipton,2021-05-25,2.0
Trousdale,2021-05-24,
Unicoi,2021-05-24,2.0
Unicoi,2021-05-25,2.0
Union,2021-05-22,3.0
Union,2021-05-23,1.0
Union,2021-05-24,1.0
Union,2021-05-25,10.0
Warren,2021-05-24,
Washington,2021-05-22,14.0
Washington,2021-05-23,34.0
Washington,2021-05-24,1136.0
Washington,2021-05-25,22.0
White,2021-05-24,1396.0
Williamson,2021-05-22,40.0
Williamson,2021-05-23,100.0
Williamson,2021-05-24,16.0
Williamson,2021-05-25,8.0
Wilson,2021-05-22,18.0
Wilson,2021-05-23,5.0
Wilson,2021-05-24,58.0
Wilson,2021-05-25,35.0
Anderson,2021-05-25,12.0
Anderson,2021-05-26,
Anderson,2021-05-27,50.0
Bedford,2021-05-25,3.0
Bedford,2021-05-26,24.0
Bedford,2021-05-27,54.0
Bledsoe,2021-05-25,232.0
Bledsoe,2021-05-26,3.0
Bledsoe,2021-05-27,550.0
Blount,2021-05-25,52.0
Blount,2021-05-26,80.0
Blount,2021-05-27,17.0
Bradley,2021-05-25,5.0
Bradley,2021-05-26,2819.0
Bradley,2021-05-27,1321.0
Campbell,2021-05-25,31.0
Campbell,2021-05-26,79.0
Campbell,2021-05-27,32.0
Cannon,2021-05-26,20.0
Cannon,2021-05-27,54.0
Cheatham,2021-05-25,11.0
Cheatham,2021-05-26,18.0
Cheatham,2021-05-27,25.0
Chester,2021-05-25,745.0
Chester,2021-05-26,1.0
Chester,2021-05-27,2.0
Claiborne,2021-05-25,3.0
Claiborne,2021-05-26,34.0
Claiborne,2021-05-27,57.0
Clay,2021-05-27,1.0
Cocke,2021-05-25,12.0
Cocke,2021-05-26,21.0
Cocke,2021-05-27,35.0
Coffee,2021-05-25,4.0
Coffee,2021-05-26,57.0
Coffee,2021-05-27,5.0
Crockett,2021-05-25,43.0
Crockett,2021-05-27,45.0
Cumberland,2021-05-25,2674.0
Cumberland,2021-05-26,22.0
Cumberland,2021-05-27,1.0
Davidson,2021-05-25,260.0
Davidson,2021-05-26,6311.0
Davidson,2021-05-27,761.0
Fayette,2021-05-26,1.0
Fayette,2021-05-27,1.0
Fentress,2021-05-25,5.0
Fentress,2021-05-26,2.0
Fentress,2021-05-27,127.0
Franklin,2021-05-25,2.0
Franklin,2021-05-26,619.0
Franklin,2021-05-27,21.0
Gibson,2021-05-25,31.0
Gibson,2021-05-26,4.0
Giles,2021-05-25,714.0
Giles,2021-05-26,433.0
Giles,2021-05-27,59.0
Grainger,2021-05-25,2.0
Grainger,2021-05-26,
Grainger,2021-05-27,468.0
Greene,2021-05-25,190.0
Greene,2021-05-26,26.0
Greene,2021-05-27,16.0
Grundy,2021-05-25,2.0
Grundy,2021-05-26,3.0
Hamblen,2021-05-26,9.0
Hamblen,2021-05-27,2.0
Hamilton,2021-05-26,3859.0
Hamilton,2021-05-27,1484.0
Hancock,2021-05-25,13.0
Hancock,2021-05-26,47.0
Hancock,2021-05-27,1.0
Hawkins,2021-05-25,100.0
Hawkins,2021-05-26,66.0
Hawkins,2021-05-27,67.0
Haywood,2021-05-25,2.0
Haywood,2021-05-26,2.0
Haywood,2021-05-27,2.0
Henry,2021-05-25,82.0
Henry,2021-05-26,580.0
Henry,2021-05-27,70.0
Jefferson,2021-05-26,1.0
Jefferson,2021-05-27,237.0
Knox,2021-05-25,1178.0
Knox,2021-05-26,2908.0
Knox,2021-05-27,1162.0
Lawrence,2021-05-25,4.0
Lawrence,2021-05-26,13.0
Lawrence,2021-05-27,34.0
Loudon,2021-05-25,6.0
Loudon,2021-05-26,20.0
Loudon,2021-05-27,24.0
Macon,2021-05-25,18.0
Macon,2021-05-26,4.0
Macon,2021-05-27,2.0
Madison,2021-05-25,155.0
Madison,2021-05-26,383.0
Madison,2021-05-27,13.0
Marion,2021-05-25,7.0
Marion,2021-05-26,39.0
Marion,2021-05-27,7.0
Marshall,2021-05-25,3.0
Marshall,2021-05-26,305.0
Marshall,2021-05-27,8.0
Maury,2021-05-25,2.0
Maury,2021-05-26,72.0
Maury,2021-05-27,1.0
McMinn,2021-05-25,1.0
McMinn,2021-05-26,19.0
Meigs,2021-05-26,1.0
Meigs,2021-05-27,1.0
Monroe,2021-05-25,30.0
Monroe,2021-05-26,15.0
Monroe,2021-05-27,7.0
Montgomery,2021-05-25,986.0
Montgomery,2021-05-26,45.0
Montgomery,2021-05-27,129.0
Moore,2021-05-26,3.0
Moore,2021-05-27,1.0
Morgan,2021-05-26,46.0
Obion,2021-05-25,26.0
Obion,2021-05-26,16.0
Pickett,2021-05-27,1.0
Polk,2021-05-25,1.0
Putnam,2021-05-25,2.0
Rhea,2021-05-26,43.0
Rhea,2021-05-27,5.0
Roane,2021-05-26,1.0
Roane,2021-05-27,1.0
Robertson,2021-05-25,3.0
Robertson,2021-05-26,29.0
Robertson,2021-05-27,823.0
Rutherford,2021-05-25,44.0
Rutherford,2021-05-26,20.0
Rutherford,2021-05-27,73.0
Sequatchie,2021-05-25,1.0
Sequatchie,2021-05-26,1.0
Sequatchie,2021-05-27,1.0
Sevier,2021-05-25,2.0
Sevier,2021-05-26,109.0
Sevier,2021-05-27,123.0
Shelby,2021-05-25,184.0
Shelby,2021-05-26,3213.0
Shelby,2021-05-27,1218.0
Stewart,2021-05-25,1.0
Stewart,2021-05-26,23.0
Stewart,2021-05-27,2.0
Sullivan,2021-05-25,49.0
Sullivan,2021-05-26,45.0
Sullivan,2021-05-27,117.0
Sumner,2021-05-25,450.0
Sumner,2021-05-26,89.0
Sumner,2021-05-27,61.0
Tipton,2021-05-25,5.0
Tipton,2021-05-26,5.0
Tipton,2021-05-27,3.0
Trousdale,2021-05-27,12.0
Unicoi,2021-05-25,1.0
Unicoi,2021-05-26,5.0
Unicoi,2021-05-27,1.0
Union,2021-05-25,57.0
Union,2021-05-26,4.0
Union,2021-05-27,53.0
Washington,2021-05-25,38.0
Washington,2021-05-26,157.0
Washington,2021-05-27,59.0
Williamson,2021-05-25,3418.0
Williamson,2021-05-26,33.0
Williamson,2021-05-27,35.0
Wilson,2021-05-25,11.0
Wilson,2021-05-26,49.0
Wilson,2021-05-27,12.0
Anderson,2021-05-28,807.0
Anderson,2021-05-29,19.0
Anderson,2021-05-30,2.0
Bedford,2021-05-28,44.0
Bedford,2021-05-29,19.0
Bledsoe,2021-05-28,6.0
Bledsoe,2021-05-29,34.0
Blount,2021-05-27,
Blount,2021-05-28,235.0
Blount,2021-05-29,755.0
Blount,2021-05-30,9.0
Bradley,2021-05-28,138.0
Bradley,2021-05-29,1.0
Bradley,2021-05-30,4.0
Campbell,2021-05-27,22.0
Campbell,2021-05-28,147.0
Campbell,2021-05-29,115.0
Campbell,2021-05-30,112.0
Cannon,2021-05-28,5.0
Cannon,2021-05-29,45.0
Cheatham,2021-05-28,114.0
Cheatham,2021-05-29,36.0
Chester,2021-05-27,10.0
Chester,2021-05-28,2.0
Chester,2021-05-29,1.0
Claiborne,2021-05-27,4.0
Claiborne,2021-05-28,76.0
Claiborne,2021-05-29,50.0
Claiborne,2021-05-30,26.0
Clay,2021-05-28,1541.0
Cocke,2021-05-27,5.0
Cocke,2021-05-28,98.0
Cocke,2021-05-29,5.0
Cocke,2021-05-30,1.0
Coffee,2021-05-28,1654.0
Coffee,2021-05-29,70.0
Coffee,2021-05-30,1.0
Crockett,2021-05-28,15.0
Crockett,2021-05-29,15.0
Cumberland,2021-05-28,315.0
Cumberland,2021-05-29,17.0
Cumberland,2021-05-30,1.0
Davidson,2021-05-27,5.0
Davidson,2021-05-28,2063.0
Davidson,2021-05-29,225.0
Davidson,2021-05-30,24.0
DeKalb,2021-05-28,32.0
DeKalb,2021-05-29,2.0
Dickson,2021-05-28,
Fayette,2021-05-27,2.0
Fayette,2021-05-28,278.0
Fayette,2021-05-29,34.0
Fayette,2021-05-30,1.0
Fentress,2021-05-28,53.0
Fentress,2021-05-29,357.0
Franklin,2021-05-27,86.0
Franklin,2021-05-28,53.0
Franklin,2021-05-29,9.0
Gibson,2021-05-27,83.0
Gibson,2021-05-28,56.0
Gibson,2021-05-30,7.0
Giles,2021-05-27,1.0
Giles,2021-05-28,715.0
Giles,2021-05-29,29.0
Grainger,2021-05-27,1.0
Grainger,2021-05-28,33.0
Grainger,2021-05-29,4.0
Grainger,2021-05-30,77.0
Greene,2021-05-28,136.0
Greene,2021-05-29,33.0
Greene,2021-05-30,
Grundy,2021-05-28,7.0
Grundy,2021-05-29,9.0
Hamblen,2021-05-28,708.0
Hamblen,2021-05-29,1.0
Hamblen,2021-05-30,1.0
Hamilton,2021-05-28,2.0
Hamilton,2021-05-29,16.0
Hamilton,2021-05-30,36.0
Hancock,2021-05-27,1.0
Hancock,2021-05-28,76.0
Hancock,2021-05-29,12.0
Hancock,2021-05-30,4.0
Hardeman,2021-05-29,12.0
Hawkins,2021-05-27,
Hawkins,2021-05-28,177.0
Hawkins,2021-05-29,19.0
Hawkins,2021-05-30,
Haywood,2021-05-28,236.0
Henry,2021-05-27,21.0
Henry,2021-05-28,6723.0
Henry,2021-05-29,1.0
Hickman,2021-05-28,
Jefferson,2021-05-27,237.0
Jefferson,2021-05-28,725.0
Jefferson,2021-05-29,507.0
Knox,2021-05-27,1043.0
Knox,2021-05-28,4093.0
Knox,2021-05-29,775.0
Knox,2021-05-30,62.0
Lawrence,2021-05-28,79.0
Lawrence,2021-05-29,10.0
Lawrence,2021-05-30,19.0
Lincoln,2021-05-28,1.0
Loudon,2021-05-27,1.0
Loudon,2021-05-28,2428.0
Loudon,2021-05-29,527.0
Loudon,2021-05-30,1.0
Macon,2021-05-27,25.0
Macon,2021-05-28,12.0
Madison,2021-05-27,3.0
Madison,2021-05-28,127.0
Madison,2021-05-29,27.0
Madison,2021-05-30,219.0
Marion,2021-05-28,31.0
Marion,2021-05-29,747.0
Marshall,2021-05-27,8.0
Marshall,2021-05-28,21.0
Marshall,2021-05-29,2.0
Marshall,2021-05-30,2.0
Maury,2021-05-28,30.0
Maury,2021-05-29,1.0
McMinn,2021-05-28,1.0
McMinn,2021-05-29,3.0
Meigs,2021-05-28,44.0
Meigs,2021-05-29,81.0
Monroe,2021-05-28,220.0
Monroe,2021-05-29,16.0
Monroe,2021-05-30,1.0
Montgomery,2021-05-27,55.0
Montgomery,2021-05-28,130.0
Montgomery,2021-05-29,7.0
Montgomery,2021-05-30,12.0
Morgan,2021-05-28,35.0
Obion,2021-05-28,24.0
Obion,2021-05-29,7.0
Overton,2021-05-28,22.0
Overton,2021-05-29,283.0
Pickett,2021-05-28,1.0
Polk,2021-05-28,99.0
Polk,2021-05-29,57.0
Polk,2021-05-30,1.0
Rhea,2021-05-28,17.0
Rhea,2021-05-29,8.0
Roane,2021-05-28,379.0
Roane,2021-05-29,292.0
Robertson,2021-05-28,177.0
Robertson,2021-05-29,13.0
Robertson,2021-05-30,26.0
Rutherford,2021-05-27,9.0
Rutherford,2021-05-28,44.0
Rutherford,2021-05-29,47.0
Rutherford,2021-05-30,107.0
Sequatchie,2021-05-27,1.0
Sequatchie,2021-05-28,3.0
Sequatchie,2021-05-29,3.0
Sevier,2021-05-27,55.0
Sevier,2021-05-28,321.0
Sevier,2021-05-29,1352.0
Sevier,2021-05-30,2.0
Shelby,2021-05-27,630.0
Shelby,2021-05-28,1185.0
Shelby,2021-05-29,2916.0
Shelby,2021-05-30,191.0
Smith,2021-05-28,77.0
Smith,2021-05-29,64.0
Stewart,2021-05-27,54.0
Stewart,2021-05-28,597.0
Stewart,2021-05-29,1.0
Sullivan,2021-05-27,1.0
Sullivan,2021-05-28,559.0
Sullivan,2021-05-29,1101.0
Sullivan,2021-05-30,102.0
Sumner,2021-05-27,1.0
Sumner,2021-05-28,305.0
Sumner,2021-05-29,16.0
Sumner,2021-05-30,39.0
Tipton,2021-05-27,58.0
Tipton,2021-05-28,40.0
Tipton,2021-05-29,6.0
Trousdale,2021-05-28,9.0
Unicoi,2021-05-29,2.0
Union,2021-05-27,21.0
Union,2021-05-28,408.0
Union,2021-05-29,408.0
Warren,2021-05-28,
Washington,2021-05-27,32.0
Washington,2021-05-28,1335.0
Washington,2021-05-29,191.0
Washington,2021-05-30,59.0
Williamson,2021-05-27,36.0
Williamson,2021-05-28,24.0
Williamson,2021-05-29,6.0
Williamson,2021-05-30,1.0
Wilson,2021-05-28,10.0
Wilson,2021-05-29,42.0
Wilson,2021-05-30,15.0
Anderson,2021-05-30,2.0
Anderson,2021-05-31,18.0
Anderson,2021-06-01,42.0
Bedford,2021-05-31,3.0
Bedford,2021-06-01,2.0
Bedford,2021-06-02,3.0
Bledsoe,2021-05-30,2.0
Bledsoe,2021-05-31,
Bledsoe,2021-06-01,3.0
Bledsoe,2021-06-02,1.0
Blount,2021-05-30,128.0
Blount,2021-05-31,260.0
Blount,2021-06-01,159.0
Blount,2021-06-02,61.0
Bradley,2021-05-30,52.0
Bradley,2021-05-31,18.0
Bradley,2021-06-01,1344.0
Bradley,2021-06-02,1353.0
Campbell,2021-05-30,91.0
Campbell,2021-05-31,137.0
Campbell,2021-06-01,28.0
Campbell,2021-06-02,54.0
Cannon,2021-05-30,1.0
Cannon,2021-05-31,1.0
Cannon,2021-06-01,6.0
Cheatham,2021-05-30,24.0
Cheatham,2021-05-31,33.0
Cheatham,2021-06-01,51.0
Cheatham,2021-06-02,67.0
Chester,2021-06-01,3.0
Claiborne,2021-05-30,10.0
Claiborne,2021-05-31,60.0
Claiborne,2021-06-01,172.0
Claiborne,2021-06-02,43.0
Clay,2021-05-30,2.0
Clay,2021-05-31,1.0
Clay,2021-06-01,2.0
Cocke,2021-05-30,548.0
Cocke,2021-05-31,18.0
Cocke,2021-06-01,51.0
Cocke,2021-06-02,15.0
Coffee,2021-05-31,
Coffee,2021-06-01,5.0
Coffee,2021-06-02,20.0
Crockett,2021-06-01,1365.0
Crockett,2021-06-02,9.0
Cumberland,2021-05-30,41.0
Cumberland,2021-05-31,1.0
Cumberland,2021-06-01,222.0
Cumberland,2021-06-02,252.0
Davidson,2021-05-30,18.0
Davidson,2021-05-31,218.0
Davidson,2021-06-01,7445.0
Davidson,2021-06-02,987.0
DeKalb,2021-05-31,31.0
Dickson,2021-05-31,
Fayette,2021-05-30,1.0
Fayette,2021-05-31,4.0
Fayette,2021-06-01,2.0
Fayette,2021-06-02,2.0
Fentress,2021-05-30,5.0
Fentress,2021-05-31,16.0
Fentress,2021-06-01,1.0
Fentress,2021-06-02,
Franklin,2021-05-31,16.0
Franklin,2021-06-01,2.0
Franklin,2021-06-02,2.0
Gibson,2021-05-30,7.0
Gibson,2021-05-31,59.0
Gibson,2021-06-01,68.0
Gibson,2021-06-02,14.0
Giles,2021-05-31,64.0
Giles,2021-06-01,1652.0
Grainger,2021-05-30,5.0
Grainger,2021-05-31,
Grainger,2021-06-01,30.0
Grainger,2021-06-02,10.0
Greene,2021-05-30,2.0
Greene,2021-05-31,2.0
Greene,2021-06-01,596.0
Greene,2021-06-02,21.0
Grundy,2021-05-30,2.0
Grundy,2021-05-31,4.0
Grundy,2021-06-01,29.0
Hamblen,2021-05-30,48.0
Hamblen,2021-05-31,29.0
Hamblen,2021-06-01,2.0
Hamblen,2021-06-02,
Hamilton,2021-05-30,2.0
Hamilton,2021-05-31,
Hamilton,2021-06-01,445.0
Hamilton,2021-06-02,445.0
Hancock,2021-05-30,1.0
Hancock,2021-05-31,3.0
Hancock,2021-06-01,1.0
Hancock,2021-06-02,2.0
Hardeman,2021-05-30,1.0
Hardeman,2021-06-01,1449.0
Hawkins,2021-05-30,121.0
Hawkins,2021-05-31,29.0
Hawkins,2021-06-01,15.0
Hawkins,2021-06-02,50.0
Haywood,2021-05-31,1.0
Haywood,2021-06-01,3.0
Haywood,2021-06-02,1.0
Henderson,2021-06-01,2.0
Henry,2021-05-31,2.0
Henry,2021-06-01,14.0
Henry,2021-06-02,165.0
Hickman,2021-05-31,
Jefferson,2021-05-31,
Knox,2021-05-30,121.0
Knox,2021-05-31,137.0
Knox,2021-06-01,1099.0
Knox,2021-06-02,30.0
Lake,2021-05-31,11.0
Lauderdale,2021-06-02,2.0
Lawrence,2021-05-30,19.0
Lawrence,2021-05-31,3.0
Lawrence,2021-06-01,4.0
Lawrence,2021-06-02,71.0
Lewis,2021-06-01,1.0
Loudon,2021-05-30,1.0
Loudon,2021-05-31,59.0
Loudon,2021-06-01,259.0
Loudon,2021-06-02,2.0
Macon,2021-06-02,25.0
Madison,2021-05-30,24.0
Madison,2021-05-31,1.0
Madison,2021-06-01,223.0
Madison,2021-06-02,68.0
Marion,2021-05-30,1.0
Marion,2021-05-31,15.0
Marion,2021-06-01,7.0
Marion,2021-06-02,10.0
Marshall,2021-05-30,1.0
Marshall,2021-05-31,
Marshall,2021-06-01,3.0
Maury,2021-05-30,7.0
Maury,2021-05-31,1.0
Maury,2021-06-01,24.0
Maury,2021-06-02,84.0
McMinn,2021-05-30,4.0
McMinn,2021-05-31,1.0
McMinn,2021-06-01,2.0
McMinn,2021-06-02,
Meigs,2021-05-30,18.0
Meigs,2021-05-31,3.0
Meigs,2021-06-01,3.0
Meigs,2021-06-02,
Monroe,2021-05-30,14.0
Monroe,2021-05-31,1.0
Monroe,2021-06-01,20.0
Monroe,2021-06-02,114.0
Montgomery,2021-05-30,5.0
Montgomery,2021-05-31,9.0
Montgomery,2021-06-01,666.0
Montgomery,2021-06-02,1039.0
Moore,2021-05-30,1.0
Moore,2021-05-31,27.0
Moore,2021-06-01,4.0
Morgan,2021-05-31,
Morgan,2021-06-01,26.0
Morgan,2021-06-02,
Obion,2021-05-31,928.0
Obion,2021-06-01,16.0
Obion,2021-06-02,1175.0
Overton,2021-05-31,
Overton,2021-06-02,
Pickett,2021-05-31,2.0
Pickett,2021-06-02,
Polk,2021-05-31,38.0
Polk,2021-06-01,1.0
Polk,2021-06-02,138.0
Putnam,2021-05-31,
Putnam,2021-06-02,
Rhea,2021-05-31,12.0
Rhea,2021-06-02,1.0
Roane,2021-05-31,
Roane,2021-06-01,1.0
Roane,2021-06-02,
Robertson,2021-05-30,217.0
Robertson,2021-05-31,37.0
Robertson,2021-06-01,66.0
Robertson,2021-06-02,513.0
Rutherford,2021-05-30,1.0
Rutherford,2021-05-31,29.0
Rutherford,2021-06-01,89.0
Rutherford,2021-06-02,18.0
Scott,2021-05-31,
Scott,2021-06-02,
Sequatchie,2021-05-31,1.0
Sequatchie,2021-06-01,1.0
Sevier,2021-05-30,67.0
Sevier,2021-05-31,70.0
Sevier,2021-06-01,66.0
Sevier,2021-06-02,4.0
Shelby,2021-05-30,93.0
Shelby,2021-05-31,134.0
Shelby,2021-06-01,615.0
Shelby,2021-06-02,287.0
Smith,2021-05-31,
Stewart,2021-05-31,6.0
Stewart,2021-06-01,1.0
Stewart,2021-06-02,1.0
Sullivan,2021-05-30,96.0
Sullivan,2021-05-31,5.0
Sullivan,2021-06-01,27.0
Sullivan,2021-06-02,21.0
Sumner,2021-05-30,3.0
Sumner,2021-05-31,11.0
Sumner,2021-06-01,103.0
Sumner,2021-06-02,110.0
Tipton,2021-05-31,1.0
Tipton,2021-06-01,55.0
Tipton,2021-06-02,53.0
Trousdale,2021-05-31,
Trousdale,2021-06-02,26.0
Unicoi,2021-05-31,
Unicoi,2021-06-01,1.0
Unicoi,2021-06-02,1.0
Union,2021-05-31,
Union,2021-06-01,10.0
Union,2021-06-02,1.0
Warren,2021-05-31,
Washington,2021-05-30,57.0
Washington,2021-05-31,96.0
Washington,2021-06-01,52.0
Washington,2021-06-02,70.0
White,2021-05-31,
White,2021-06-01,44.0
White,2021-06-02,
Williamson,2021-05-30,1.0
Williamson,2021-05-31,5.0
Williamson,2021-06-01,599.0
Williamson,2021-06-02,23.0
Wilson,2021-05-30,1.0
Wilson,2021-05-31,6.0
Wilson,2021-06-01,17.0
Wilson,2021-06-02,1131.0
Anderson,2021-06-03,52.0
Anderson,2021-06-04,23.0
Bedford,2021-06-02,4.0
Bedford,2021-06-03,184.0
Bedford,2021-06-04,22.0
Bledsoe,2021-06-03,9.0
Bledsoe,2021-06-04,2.0
Blount,2021-06-02,213.0
Blount,2021-06-03,70.0
Blount,2021-06-04,44.0
Bradley,2021-06-02,34.0
Bradley,2021-06-03,88.0
Bradley,2021-06-04,27.0
Campbell,2021-06-02,101.0
Campbell,2021-06-03,188.0
Campbell,2021-06-04,135.0
Cannon,2021-06-02,1.0
Cannon,2021-06-03,8.0
Cannon,2021-06-04,1.0
Cheatham,2021-06-02,44.0
Cheatham,2021-06-03,551.0
Cheatham,2021-06-04,57.0
Chester,2021-06-02,2.0
Chester,2021-06-03,595.0
Chester,2021-06-04,1.0
Claiborne,2021-06-02,33.0
Claiborne,2021-06-03,833.0
Claiborne,2021-06-04,99.0
Clay,2021-06-02,22.0
Cocke,2021-06-02,3.0
Cocke,2021-06-03,17.0
Cocke,2021-06-04,73.0
Coffee,2021-06-02,81.0
Coffee,2021-06-03,403.0
Coffee,2021-06-04,36.0
Crockett,2021-06-02,1.0
Cumberland,2021-06-02,35.0
Cumberland,2021-06-03,55.0
Cumberland,2021-06-04,15.0
Davidson,2021-06-02,523.0
Davidson,2021-06-03,702.0
Davidson,2021-06-04,702.0
DeKalb,2021-06-04,
Dickson,2021-06-04,
Fayette,2021-06-02,111.0
Fayette,2021-06-03,3.0
Fayette,2021-06-04,2.0
Fentress,2021-06-02,2.0
Fentress,2021-06-03,25.0
Fentress,2021-06-04,101.0
Franklin,2021-06-02,1.0
Franklin,2021-06-03,91.0
Franklin,2021-06-04,129.0
Gibson,2021-06-02,16.0
Gibson,2021-06-03,9.0
Gibson,2021-06-04,2.0
Giles,2021-06-02,58.0
Giles,2021-06-03,29.0
Giles,2021-06-04,23.0
Grainger,2021-06-03,92.0
Greene,2021-06-02,29.0
Greene,2021-06-03,10.0
Greene,2021-06-04,112.0
Grundy,2021-06-02,23.0
Grundy,2021-06-03,7.0
Grundy,2021-06-04,31.0
Hamblen,2021-06-02,15.0
Hamblen,2021-06-03,41.0
Hamblen,2021-06-04,27.0
Hamilton,2021-06-02,1.0
Hamilton,2021-06-03,69.0
Hamilton,2021-06-04,50.0
Hancock,2021-06-02,2.0
Hancock,2021-06-03,17.0
Hancock,2021-06-04,25.0
Hawkins,2021-06-02,129.0
Hawkins,2021-06-03,22.0
Hawkins,2021-06-04,32.0
Haywood,2021-06-02,6.0
Haywood,2021-06-03,256.0
Haywood,2021-06-04,1.0
Henry,2021-06-02,209.0
Henry,2021-06-03,55.0
Henry,2021-06-04,101.0
Hickman,2021-06-04,
Jefferson,2021-06-03,1.0
Jefferson,2021-06-04,2.0
Knox,2021-06-02,575.0
Knox,2021-06-03,8334.0
Knox,2021-06-04,84.0
Lake,2021-06-02,2.0
Lawrence,2021-06-02,17.0
Lawrence,2021-06-03,68.0
Lawrence,2021-06-04,77.0
Loudon,2021-06-02,3.0
Loudon,2021-06-03,134.0
Loudon,2021-06-04,6.0
Macon,2021-06-02,60.0
Macon,2021-06-03,23.0
Macon,2021-06-04,6.0
Madison,2021-06-02,68.0
Madison,2021-06-03,354.0
Madison,2021-06-04,4.0
Marion,2021-06-02,7.0
Marion,2021-06-03,23.0
Marion,2021-06-04,4.0
Marshall,2021-06-02,85.0
Marshall,2021-06-03,5.0
Marshall,2021-06-04,6.0
Maury,2021-06-02,614.0
Maury,2021-06-03,2659.0
Maury,2021-06-04,22.0
McMinn,2021-06-02,11.0
McMinn,2021-06-03,84.0
Meigs,2021-06-03,49.0
Monroe,2021-06-02,7.0
Monroe,2021-06-03,113.0
Monroe,2021-06-04,12.0
Montgomery,2021-06-02,4550.0
Montgomery,2021-06-03,3259.0
Montgomery,2021-06-04,74.0
Moore,2021-06-03,814.0
Moore,2021-06-04,6.0
Morgan,2021-06-02,18.0
Morgan,2021-06-03,7.0
Obion,2021-06-02,11.0
Obion,2021-06-03,10.0
Obion,2021-06-04,1.0
Overton,2021-06-02,1.0
Pickett,2021-06-02,77.0
Pickett,2021-06-03,285.0
Polk,2021-06-04,4.0
Rhea,2021-06-02,1.0
Rhea,2021-06-03,1.0
Roane,2021-06-02,4.0
Roane,2021-06-03,4.0
Robertson,2021-06-02,25.0
Robertson,2021-06-03,62.0
Robertson,2021-06-04,20.0
Rutherford,2021-06-02,122.0
Rutherford,2021-06-03,133.0
Rutherford,2021-06-04,35.0
Sequatchie,2021-06-04,1.0
Sevier,2021-06-02,2751.0
Sevier,2021-06-03,48.0
Sevier,2021-06-04,71.0
Shelby,2021-06-02,953.0
Shelby,2021-06-03,951.0
Shelby,2021-06-04,1646.0
Smith,2021-06-04,
Stewart,2021-06-02,133.0
Stewart,2021-06-03,133.0
Stewart,2021-06-04,48.0
Sullivan,2021-06-02,13.0
Sullivan,2021-06-03,34.0
Sullivan,2021-06-04,24.0
Sumner,2021-06-02,78.0
Sumner,2021-06-03,46.0
Sumner,2021-06-04,8.0
Tipton,2021-06-02,4.0
Tipton,2021-06-03,14.0
Tipton,2021-06-04,9.0
Trousdale,2021-06-03,3.0
Trousdale,2021-06-04,1.0
Unicoi,2021-06-02,1.0
Unicoi,2021-06-04,
Union,2021-06-02,3.0
Union,2021-06-03,3.0
Union,2021-06-04,15.0
Van Buren,2021-06-02,1.0
Van Buren,2021-06-04,2.0
Warren,2021-06-04,
Washington,2021-06-02,28.0
Washington,2021-06-03,125.0
Washington,2021-06-04,60.0
Wayne,2021-06-03,10.0
Williamson,2021-06-02,5.0
Williamson,2021-06-03,50.0
Williamson,2021-06-04,56.0
Wilson,2021-06-02,5.0
Wilson,2021-06-03,1406.0
Wilson,2021-06-04,28.0
Anderson,2021-06-05,7.0
Anderson,2021-06-06,19.0
Anderson,2021-06-07,13.0
Bedford,2021-06-06,2.0
Bedford,2021-06-07,24.0
Bledsoe,2021-06-05,28.0
Bledsoe,2021-06-06,7.0
Bledsoe,2021-06-07,
Blount,2021-06-04,2.0
Blount,2021-06-05,113.0
Blount,2021-06-06,98.0
Blount,2021-06-07,23.0
Bradley,2021-06-04,4.0
Bradley,2021-06-05,11.0
Bradley,2021-06-06,334.0
Bradley,2021-06-07,977.0
Campbell,2021-06-04,14.0
Campbell,2021-06-05,191.0
Campbell,2021-06-06,119.0
Campbell,2021-06-07,32.0
Cannon,2021-06-05,2.0
Cannon,2021-06-06,1.0
Cannon,2021-06-07,2.0
Cheatham,2021-06-04,57.0
Cheatham,2021-06-05,3.0
Cheatham,2021-06-06,1.0
Cheatham,2021-06-07,46.0
Chester,2021-06-05,4.0
Chester,2021-06-06,3.0
Claiborne,2021-06-05,11.0
Claiborne,2021-06-06,53.0
Claiborne,2021-06-07,38.0
Clay,2021-06-05,43.0
Clay,2021-06-06,20.0
Clay,2021-06-07,5.0
Cocke,2021-06-05,15.0
Cocke,2021-06-06,1057.0
Cocke,2021-06-07,51.0
Coffee,2021-06-04,4.0
Coffee,2021-06-05,40.0
Coffee,2021-06-06,9.0
Coffee,2021-06-07,54.0
Crockett,2021-06-04,2417.0
Crockett,2021-06-05,4831.0
Crockett,2021-06-06,8.0
Cumberland,2021-06-05,5797.0
Cumberland,2021-06-06,62.0
Cumberland,2021-06-07,37.0
Davidson,2021-06-04,4.0
Davidson,2021-06-05,128.0
Davidson,2021-06-06,3258.0
Davidson,2021-06-07,61.0
DeKalb,2021-06-05,2.0
DeKalb,2021-06-07,
Dickson,2021-06-07,
Dyer,2021-06-05,1.0
Fayette,2021-06-04,1.0
Fayette,2021-06-05,1.0
Fayette,2021-06-07,5.0
Fentress,2021-06-05,2.0
Fentress,2021-06-06,1.0
Fentress,2021-06-07,
Franklin,2021-06-04,70.0
Franklin,2021-06-05,12.0
Franklin,2021-06-06,57.0
Franklin,2021-06-07,57.0
Gibson,2021-06-05,8.0
Gibson,2021-06-07,8.0
Giles,2021-06-06,13.0
Giles,2021-06-07,46.0
Grainger,2021-06-05,351.0
Grainger,2021-06-06,1.0
Grainger,2021-06-07,16.0
Greene,2021-06-05,16.0
Greene,2021-06-06,48.0
Greene,2021-06-07,2021.0
Grundy,2021-06-05,1.0
Grundy,2021-06-06,
Grundy,2021-06-07,8.0
Hamblen,2021-06-05,1.0
Hamblen,2021-06-06,5.0
Hamblen,2021-06-07,3.0
Hamilton,2021-06-06,22.0
Hamilton,2021-06-07,1.0
Hancock,2021-06-04,1.0
Hancock,2021-06-05,24.0
Hancock,2021-06-06,1.0
Hancock,2021-06-07,17.0
Hardeman,2021-06-06,8.0
Hawkins,2021-06-05,11.0
Hawkins,2021-06-06,10.0
Hawkins,2021-06-07,26.0
Haywood,2021-06-05,2.0
Haywood,2021-06-06,2.0
Henry,2021-06-05,124.0
Henry,2021-06-06,124.0
Henry,2021-06-07,7.0
Hickman,2021-06-07,
Jefferson,2021-06-05,28.0
Jefferson,2021-06-06,1.0
Jefferson,2021-06-07,1.0
Knox,2021-06-04,17.0
Knox,2021-06-05,328.0
Knox,2021-06-06,73.0
Knox,2021-06-07,180.0
Lawrence,2021-06-05,9.0
Lawrence,2021-06-06,33.0
Lawrence,2021-06-07,2.0
Lewis,2021-06-06,
Lincoln,2021-06-06,
Loudon,2021-06-05,2.0
Loudon,2021-06-06,37.0
Loudon,2021-06-07,32.0
Macon,2021-06-07,1.0
Madison,2021-06-05,149.0
Madison,2021-06-06,551.0
Madison,2021-06-07,10.0
Marion,2021-06-05,4.0
Marion,2021-06-06,4.0
Marion,2021-06-07,6.0
Marshall,2021-06-05,2.0
Marshall,2021-06-06,6.0
Marshall,2021-06-07,2.0
Maury,2021-06-04,1.0
Maury,2021-06-05,8.0
Maury,2021-06-06,6.0
Maury,2021-06-07,1.0
McMinn,2021-06-06,1.0
McMinn,2021-06-07,
Meigs,2021-06-05,1.0
Meigs,2021-06-06,2.0
Meigs,2021-06-07,104.0
Monroe,2021-06-05,53.0
Monroe,2021-06-06,841.0
Monroe,2021-06-07,2.0
Montgomery,2021-06-04,18.0
Montgomery,2021-06-05,57.0
Montgomery,2021-06-06,520.0
Montgomery,2021-06-07,51.0
Moore,2021-06-05,2.0
Moore,2021-06-06,65.0
Moore,2021-06-07,3.0
Morgan,2021-06-05,2.0
Morgan,2021-06-07,
Obion,2021-06-05,44.0
Obion,2021-06-07,46.0
Overton,2021-06-07,17.0
Pickett,2021-06-07,1.0
Polk,2021-06-05,14.0
Polk,2021-06-06,638.0
Polk,2021-06-07,
Putnam,2021-06-05,1.0
Putnam,2021-06-07,36.0
Rhea,2021-06-05,1.0
Rhea,2021-06-07,
Roane,2021-06-05,9.0
Roane,2021-06-06,4.0
Roane,2021-06-07,40.0
Robertson,2021-06-04,1.0
Robertson,2021-06-05,14.0
Robertson,2021-06-06,69.0
Robertson,2021-06-07,14.0
Rutherford,2021-06-05,12.0
Rutherford,2021-06-06,192.0
Rutherford,2021-06-07,60.0
Scott,2021-06-07,
Sequatchie,2021-06-05,6.0
Sequatchie,2021-06-06,1.0
Sequatchie,2021-06-07,4.0
Sevier,2021-06-05,4.0
Sevier,2021-06-06,130.0
Sevier,2021-06-07,782.0
Shelby,2021-06-04,44.0
Shelby,2021-06-05,253.0
Shelby,2021-06-06,233.0
Shelby,2021-06-07,1948.0
Smith,2021-06-06,2.0
Smith,2021-06-07,
Stewart,2021-06-05,21.0
Stewart,2021-06-06,1.0
Stewart,2021-06-07,23.0
Sullivan,2021-06-04,4.0
Sullivan,2021-06-05,61.0
Sullivan,2021-06-06,49.0
Sullivan,2021-06-07,420.0
Sumner,2021-06-04,1.0
Sumner,2021-06-05,31.0
Sumner,2021-06-06,44.0
Sumner,2021-06-07,245.0
Tipton,2021-06-05,4.0
Tipton,2021-06-06,2.0
Tipton,2021-06-07,18.0
Trousdale,2021-06-06,23.0
Trousdale,2021-06-07,1.0
Unicoi,2021-06-07,677.0
Union,2021-06-05,612.0
Union,2021-06-07,2.0
Warren,2021-06-07,
Washington,2021-06-05,1186.0
Washington,2021-06-06,232.0
Washington,2021-06-07,106.0
White,2021-06-07,
Williamson,2021-06-04,1.0
Williamson,2021-06-05,6.0
Williamson,2021-06-06,91.0
Williamson,2021-06-07,90.0
Wilson,2021-06-05,3.0
Wilson,2021-06-06,1116.0
Wilson,2021-06-07,2516.0
Anderson,2021-06-07,132.0
Anderson,2021-06-08,14.0
Anderson,2021-06-09,7.0
Bedford,2021-06-08,48.0
Bedford,2021-06-09,
Bledsoe,2021-06-07,9.0
Bledsoe,2021-06-08,59.0
Blount,2021-06-07,13.0
Blount,2021-06-08,933.0
Blount,2021-06-09,1716.0
Bradley,2021-06-07,2.0
Bradley,2021-06-08,23.0
Bradley,2021-06-09,31.0
Campbell,2021-06-07,32.0
Campbell,2021-06-08,1609.0
Campbell,2021-06-09,51.0
Cannon,2021-06-08,1.0
Cannon,2021-06-09,7.0
Cheatham,2021-06-07,3.0
Cheatham,2021-06-08,13.0
Cheatham,2021-06-09,15.0
Claiborne,2021-06-07,24.0
Claiborne,2021-06-08,64.0
Claiborne,2021-06-09,1047.0
Cocke,2021-06-07,31.0
Cocke,2021-06-08,206.0
Cocke,2021-06-09,36.0
Coffee,2021-06-07,1.0
Coffee,2021-06-08,1514.0
Coffee,2021-06-09,11.0
Crockett,2021-06-08,3.0
Crockett,2021-06-09,11.0
Cumberland,2021-06-07,180.0
Cumberland,2021-06-08,36.0
Cumberland,2021-06-09,63.0
Davidson,2021-06-07,22.0
Davidson,2021-06-08,3735.0
Davidson,2021-06-09,194.0
DeKalb,2021-06-09,
Dickson,2021-06-09,
Dyer,2021-06-09,11.0
Fayette,2021-06-07,485.0
Fayette,2021-06-08,262.0
Fayette,2021-06-09,5068.0
Fentress,2021-06-08,97.0
Fentress,2021-06-09,48.0
Franklin,2021-06-08,21.0
Franklin,2021-06-09,41.0
Gibson,2021-06-07,4.0
Gibson,2021-06-08,44.0
Gibson,2021-06-09,14.0
Giles,2021-06-08,214.0
Giles,2021-06-09,25.0
Grainger,2021-06-07,18.0
Grainger,2021-06-08,
Grainger,2021-06-09,30.0
Greene,2021-06-07,13.0
Greene,2021-06-08,373.0
Greene,2021-06-09,13.0
Grundy,2021-06-07,3.0
Grundy,2021-06-08,
Grundy,2021-06-09,13.0
Hamblen,2021-06-07,3.0
Hamblen,2021-06-08,69.0
Hamblen,2021-06-09,6.0
Hamilton,2021-06-07,69.0
Hamilton,2021-06-08,28.0
Hamilton,2021-06-09,35.0
Hancock,2021-06-07,18.0
Hancock,2021-06-08,18.0
Hancock,2021-06-09,5.0
Hardeman,2021-06-08,7.0
Hawkins,2021-06-07,67.0
Hawkins,2021-06-08,62.0
Hawkins,2021-06-09,115.0
Haywood,2021-06-07,320.0
Haywood,2021-06-08,80.0
Haywood,2021-06-09,4.0
Henry,2021-06-08,49.0
Henry,2021-06-09,6.0
Hickman,2021-06-09,
Jefferson,2021-06-07,1.0
Jefferson,2021-06-08,3.0
Jefferson,2021-06-09,49.0
Knox,2021-06-07,101.0
Knox,2021-06-08,829.0
Knox,2021-06-09,182.0
Lauderdale,2021-06-08,3.0
Lawrence,2021-06-08,23.0
Lawrence,2021-06-09,3.0
Lewis,2021-06-08,
Lincoln,2021-06-08,
Loudon,2021-06-07,3.0
Loudon,2021-06-08,304.0
Loudon,2021-06-09,30.0
Macon,2021-06-07,4.0
Macon,2021-06-08,1.0
Macon,2021-06-09,19.0
Madison,2021-06-07,997.0
Madison,2021-06-08,54.0
Madison,2021-06-09,146.0
Marion,2021-06-07,10.0
Marion,2021-06-08,40.0
Marion,2021-06-09,8.0
Marshall,2021-06-07,1.0
Marshall,2021-06-08,4.0
Marshall,2021-06-09,4.0
Maury,2021-06-07,96.0
Maury,2021-06-08,102.0
Maury,2021-06-09,23.0
McMinn,2021-06-07,192.0
McMinn,2021-06-08,228.0
Meigs,2021-06-07,25.0
Meigs,2021-06-08,63.0
Meigs,2021-06-09,18.0
Monroe,2021-06-07,15.0
Monroe,2021-06-08,39.0
Monroe,2021-06-09,716.0
Montgomery,2021-06-07,11.0
Montgomery,2021-06-08,40.0
Montgomery,2021-06-09,55.0
Moore,2021-06-07,1.0
Moore,2021-06-08,116.0
Moore,2021-06-09,8.0
Morgan,2021-06-07,1.0
Morgan,2021-06-08,1.0
Morgan,2021-06-09,
Polk,2021-06-08,635.0
Polk,2021-06-09,68.0
Rhea,2021-06-09,30.0
Roane,2021-06-07,40.0
Roane,2021-06-08,3.0
Roane,2021-06-09,12.0
Robertson,2021-06-07,1.0
Robertson,2021-06-08,44.0
Robertson,2021-06-09,19.0
Rutherford,2021-06-07,53.0
Rutherford,2021-06-08,53.0
Rutherford,2021-06-09,62.0
Scott,2021-06-08,43.0
Sequatchie,2021-06-07,2.0
Sequatchie,2021-06-08,8.0
Sequatchie,2021-06-09,89.0
Sevier,2021-06-07,25.0
Sevier,2021-06-08,412.0
Sevier,2021-06-09,85.0
Shelby,2021-06-07,3893.0
Shelby,2021-06-08,3038.0
Shelby,2021-06-09,1141.0
Smith,2021-06-08,29.0
Smith,2021-06-09,
Stewart,2021-06-08,23.0
Stewart,2021-06-09,1.0
Sullivan,2021-06-07,435.0
Sullivan,2021-06-08,808.0
Sullivan,2021-06-09,31.0
Sumner,2021-06-07,245.0
Sumner,2021-06-08,9.0
Sumner,2021-06-09,643.0
Tipton,2021-06-07,56.0
Tipton,2021-06-08,4.0
Tipton,2021-06-09,3.0
Trousdale,2021-06-07,1.0
Trousdale,2021-06-08,1.0
Trousdale,2021-06-09,1.0
Unicoi,2021-06-09,33.0
Union,2021-06-07,2.0
Union,2021-06-08,55.0
Union,2021-06-09,1201.0
Van Buren,2021-06-09,1.0
Warren,2021-06-09,
Washington,2021-06-07,61.0
Washington,2021-06-08,662.0
Washington,2021-06-09,236.0
Wayne,2021-06-08,1.0
White,2021-06-08,4.0
Williamson,2021-06-07,21.0
Williamson,2021-06-08,39.0
Williamson,2021-06-09,28.0
Wilson,2021-06-07,2.0
Wilson,2021-06-08,10.0
Wilson,2021-06-09,120.0
Anderson,2021-06-09,4.0
Anderson,2021-06-10,4.0
Anderson,2021-06-11,76.0
Bedford,2021-06-09,35.0
Bedford,2021-06-10,35.0
Bedford,2021-06-11,663.0
Bledsoe,2021-06-10,12.0
Bledsoe,2021-06-11,55.0
Blount,2021-06-10,110.0
Blount,2021-06-11,257.0
Blount,2021-06-12,257.0
Bradley,2021-06-09,1.0
Bradley,2021-06-10,35.0
Bradley,2021-06-11,1445.0
Bradley,2021-06-12,4.0
Campbell,2021-06-09,1.0
Campbell,2021-06-10,99.0
Campbell,2021-06-11,770.0
Campbell,2021-06-12,7.0
Cannon,2021-06-10,1.0
Cannon,2021-06-11,
Cheatham,2021-06-09,7.0
Cheatham,2021-06-10,83.0
Cheatham,2021-06-11,122.0
Chester,2021-06-11,4.0
Claiborne,2021-06-10,367.0
Claiborne,2021-06-11,367.0
Clay,2021-06-10,36.0
Cocke,2021-06-09,1.0
Cocke,2021-06-10,22.0
Cocke,2021-06-11,315.0
Cocke,2021-06-12,4.0
Coffee,2021-06-10,3.0
Coffee,2021-06-11,16.0
Crockett,2021-06-10,7.0
Crockett,2021-06-11,2.0
Cumberland,2021-06-09,2.0
Cumberland,2021-06-10,5.0
Cumberland,2021-06-11,45.0
Cumberland,2021-06-12,1.0
Davidson,2021-06-09,14.0
Davidson,2021-06-10,519.0
Davidson,2021-06-11,1534.0
Davidson,2021-06-12,1652.0
DeKalb,2021-06-11,
Dickson,2021-06-11,
Fayette,2021-06-10,10.0
Fayette,2021-06-11,2.0
Fentress,2021-06-09,97.0
Fentress,2021-06-11,50.0
Fentress,2021-06-12,2.0
Franklin,2021-06-10,56.0
Franklin,2021-06-11,86.0
Gibson,2021-06-10,1278.0
Gibson,2021-06-11,1.0
Giles,2021-06-10,422.0
Giles,2021-06-11,52.0
Grainger,2021-06-10,93.0
Grainger,2021-06-12,94.0
Greene,2021-06-09,2.0
Greene,2021-06-10,59.0
Greene,2021-06-11,26.0
Grundy,2021-06-11,43.0
Hamblen,2021-06-10,1563.0
Hamblen,2021-06-11,2.0
Hamilton,2021-06-09,2.0
Hamilton,2021-06-10,6.0
Hamilton,2021-06-11,405.0
Hancock,2021-06-09,26.0
Hancock,2021-06-10,13.0
Hancock,2021-06-11,36.0
Hancock,2021-06-12,1.0
Hardeman,2021-06-10,1.0
Hawkins,2021-06-09,1091.0
Hawkins,2021-06-10,403.0
Hawkins,2021-06-11,41.0
Hawkins,2021-06-12,5.0
Haywood,2021-06-11,1.0
Henry,2021-06-10,64.0
Henry,2021-06-11,75.0
Hickman,2021-06-11,
Jefferson,2021-06-10,2.0
Jefferson,2021-06-11,163.0
Knox,2021-06-09,42.0
Knox,2021-06-10,65.0
Knox,2021-06-11,723.0
Knox,2021-06-12,8.0
Lawrence,2021-06-09,1.0
Lawrence,2021-06-10,2.0
Lawrence,2021-06-11,120.0
Loudon,2021-06-09,2.0
Loudon,2021-06-10,19.0
Loudon,2021-06-11,9.0
Macon,2021-06-10,33.0
Macon,2021-06-11,4.0
Madison,2021-06-10,26.0
Madison,2021-06-11,3476.0
Marion,2021-06-09,1.0
Marion,2021-06-10,24.0
Marion,2021-06-11,2.0
Marshall,2021-06-10,21.0
Marshall,2021-06-11,27.0
Marshall,2021-06-12,15.0
Maury,2021-06-09,2.0
Maury,2021-06-10,15.0
Maury,2021-06-11,127.0
Maury,2021-06-12,1.0
McMinn,2021-06-09,21.0
McMinn,2021-06-10,73.0
McMinn,2021-06-11,547.0
McMinn,2021-06-12,1.0
Meigs,2021-06-10,36.0
Meigs,2021-06-11,1.0
Monroe,2021-06-09,538.0
Monroe,2021-06-10,69.0
Monroe,2021-06-11,5.0
Monroe,2021-06-12,58.0
Montgomery,2021-06-09,2.0
Montgomery,2021-06-10,125.0
Montgomery,2021-06-11,1447.0
Montgomery,2021-06-12,2.0
Moore,2021-06-11,2.0
Morgan,2021-06-12,18.0
Obion,2021-06-10,7.0
Obion,2021-06-11,2.0
Overton,2021-06-10,7.0
Pickett,2021-06-11,12.0
Pickett,2021-06-12,12.0
Polk,2021-06-09,1.0
Polk,2021-06-10,47.0
Polk,2021-06-11,639.0
Polk,2021-06-12,1.0
Putnam,2021-06-10,1.0
Putnam,2021-06-11,4.0
Rhea,2021-06-10,1.0
Rhea,2021-06-11,1.0
Roane,2021-06-09,47.0
Roane,2021-06-10,27.0
Roane,2021-06-11,69.0
Roane,2021-06-12,1.0
Robertson,2021-06-09,15.0
Robertson,2021-06-10,25.0
Robertson,2021-06-11,23.0
Rutherford,2021-06-10,1026.0
Rutherford,2021-06-11,1622.0
Rutherford,2021-06-12,1.0
Scott,2021-06-09,43.0
Sequatchie,2021-06-09,5.0
Sequatchie,2021-06-10,6.0
Sequatchie,2021-06-11,102.0
Sequatchie,2021-06-12,1.0
Sevier,2021-06-09,181.0
Sevier,2021-06-10,1668.0
Sevier,2021-06-11,44.0
Sevier,2021-06-12,2.0
Shelby,2021-06-09,1319.0
Shelby,2021-06-10,54.0
Shelby,2021-06-11,1736.0
Shelby,2021-06-12,304.0
Smith,2021-06-11,
Stewart,2021-06-10,33.0
Stewart,2021-06-11,1.0
Sullivan,2021-06-09,6.0
Sullivan,2021-06-10,154.0
Sullivan,2021-06-11,55.0
Sullivan,2021-06-12,5.0
Sumner,2021-06-09,4.0
Sumner,2021-06-10,1752.0
Sumner,2021-06-11,285.0
Tipton,2021-06-10,4.0
Tipton,2021-06-11,18.0
Trousdale,2021-06-10,1.0
Trousdale,2021-06-11,7.0
Unicoi,2021-06-11,1.0
Unicoi,2021-06-12,1.0
Union,2021-06-09,3.0
Union,2021-06-10,56.0
Union,2021-06-11,13.0
Van Buren,2021-06-11,2.0
Warren,2021-06-11,
Washington,2021-06-09,38.0
Washington,2021-06-10,65.0
Washington,2021-06-11,51.0
Washington,2021-06-12,1.0
Williamson,2021-06-10,3.0
Williamson,2021-06-11,593.0
Williamson,2021-06-12,3.0
Wilson,2021-06-09,2.0
Wilson,2021-06-10,732.0
Wilson,2021-06-11,732.0
Anderson,2021-06-12,53.0
Anderson,2021-06-13,4.0
Anderson,2021-06-14,43.0
Bedford,2021-06-12,574.0
Bedford,2021-06-13,92.0
Bedford,2021-06-14,3.0
Bledsoe,2021-06-12,651.0
Bledsoe,2021-06-13,40.0
Bledsoe,2021-06-14,457.0
Blount,2021-06-12,40.0
Blount,2021-06-13,16.0
Blount,2021-06-14,100.0
Bradley,2021-06-12,8475.0
Bradley,2021-06-13,2288.0
Bradley,2021-06-14,1602.0
Campbell,2021-06-12,85.0
Campbell,2021-06-13,84.0
Campbell,2021-06-14,9.0
Cannon,2021-06-12,1.0
Cannon,2021-06-13,8.0
Cannon,2021-06-14,
Cheatham,2021-06-12,73.0
Cheatham,2021-06-13,21.0
Cheatham,2021-06-14,10.0
Chester,2021-06-12,1.0
Chester,2021-06-13,14.0
Chester,2021-06-14,767.0
Claiborne,2021-06-12,1283.0
Claiborne,2021-06-13,368.0
Claiborne,2021-06-14,6.0
Clay,2021-06-13,26.0
Clay,2021-06-14,5.0
Cocke,2021-06-12,91.0
Cocke,2021-06-13,24.0
Cocke,2021-06-14,126.0
Coffee,2021-06-12,67.0
Coffee,2021-06-13,8.0
Coffee,2021-06-14,18.0
Crockett,2021-06-12,3.0
Crockett,2021-06-13,1.0
Cumberland,2021-06-12,2652.0
Cumberland,2021-06-13,313.0
Cumberland,2021-06-14,62.0
Davidson,2021-06-12,279.0
Davidson,2021-06-13,328.0
Davidson,2021-06-14,2327.0
DeKalb,2021-06-14,
Dickson,2021-06-14,
Fayette,2021-06-12,2.0
Fayette,2021-06-13,121.0
Fayette,2021-06-14,275.0
Fentress,2021-06-12,3142.0
Fentress,2021-06-13,2171.0
Fentress,2021-06-14,62.0
Franklin,2021-06-12,6.0
Franklin,2021-06-13,3.0
Franklin,2021-06-14,3.0
Gibson,2021-06-12,908.0
Giles,2021-06-12,9150.0
Giles,2021-06-13,93.0
Giles,2021-06-14,3.0
Grainger,2021-06-12,4.0
Grainger,2021-06-13,31.0
Grainger,2021-06-14,31.0
Greene,2021-06-12,12.0
Greene,2021-06-13,925.0
Greene,2021-06-14,1084.0
Grundy,2021-06-13,2.0
Grundy,2021-06-14,18.0
Hamblen,2021-06-12,6.0
Hamblen,2021-06-13,2.0
Hamblen,2021-06-14,30.0
Hamilton,2021-06-12,978.0
Hamilton,2021-06-13,753.0
Hamilton,2021-06-14,32.0
Hancock,2021-06-12,1244.0
Hancock,2021-06-13,2.0
Hancock,2021-06-14,1.0
Hawkins,2021-06-12,8.0
Hawkins,2021-06-13,645.0
Hawkins,2021-06-14,203.0
Haywood,2021-06-12,3.0
Haywood,2021-06-13,1.0
Haywood,2021-06-14,2.0
Henry,2021-06-12,76.0
Henry,2021-06-13,9.0
Henry,2021-06-14,19.0
Hickman,2021-06-14,
Jefferson,2021-06-12,1766.0
Jefferson,2021-06-13,8.0
Jefferson,2021-06-14,1.0
Knox,2021-06-12,717.0
Knox,2021-06-13,1436.0
Knox,2021-06-14,2826.0
Lawrence,2021-06-12,17.0
Lawrence,2021-06-13,10.0
Lawrence,2021-06-14,1.0
Lewis,2021-06-13,
Lincoln,2021-06-14,1.0
Loudon,2021-06-12,49.0
Loudon,2021-06-13,3.0
Loudon,2021-06-14,7.0
Macon,2021-06-12,57.0
Macon,2021-06-13,1.0
Macon,2021-06-14,7.0
Madison,2021-06-12,2086.0
Madison,2021-06-13,118.0
Madison,2021-06-14,20.0
Marion,2021-06-12,10.0
Marion,2021-06-13,107.0
Marion,2021-06-14,2.0
Marshall,2021-06-12,934.0
Marshall,2021-06-13,47.0
Marshall,2021-06-14,1.0
Maury,2021-06-12,1926.0
Maury,2021-06-13,4.0
Maury,2021-06-14,1.0
McMinn,2021-06-12,306.0
McMinn,2021-06-13,464.0
McMinn,2021-06-14,1.0
Meigs,2021-06-12,281.0
Meigs,2021-06-13,292.0
Meigs,2021-06-14,1.0
Monroe,2021-06-12,97.0
Monroe,2021-06-13,845.0
Monroe,2021-06-14,6.0
Montgomery,2021-06-12,473.0
Montgomery,2021-06-13,14.0
Montgomery,2021-06-14,48.0
Moore,2021-06-13,1.0
Moore,2021-06-14,1.0
Morgan,2021-06-12,61.0
Morgan,2021-06-14,
Obion,2021-06-13,45.0
Overton,2021-06-12,80.0
Overton,2021-06-13,1.0
Overton,2021-06-14,
Pickett,2021-06-12,103.0
Pickett,2021-06-13,65.0
Pickett,2021-06-14,
Polk,2021-06-12,227.0
Polk,2021-06-13,2.0
Polk,2021-06-14,
Putnam,2021-06-12,7.0
Putnam,2021-06-13,56.0
Putnam,2021-06-14,
Rhea,2021-06-12,4426.0
Rhea,2021-06-13,948.0
Rhea,2021-06-14,
Roane,2021-06-12,203.0
Roane,2021-06-13,136.0
Roane,2021-06-14,58.0
Robertson,2021-06-12,29.0
Robertson,2021-06-13,14.0
Robertson,2021-06-14,13.0
Rutherford,2021-06-12,921.0
Rutherford,2021-06-13,921.0
Rutherford,2021-06-14,8.0
Scott,2021-06-12,9.0
Scott,2021-06-13,21.0
Scott,2021-06-14,
Sequatchie,2021-06-12,25.0
Sequatchie,2021-06-13,5.0
Sequatchie,2021-06-14,12.0
Sevier,2021-06-12,39.0
Sevier,2021-06-13,155.0
Sevier,2021-06-14,43.0
Shelby,2021-06-12,14380.0
Shelby,2021-06-13,2585.0
Shelby,2021-06-14,3440.0
Smith,2021-06-14,
Stewart,2021-06-12,751.0
Stewart,2021-06-13,2306.0
Stewart,2021-06-14,1.0
Sullivan,2021-06-12,41.0
Sullivan,2021-06-13,50.0
Sullivan,2021-06-14,19.0
Sumner,2021-06-12,422.0
Sumner,2021-06-13,1332.0
Sumner,2021-06-14,15.0
Tipton,2021-06-12,4.0
Tipton,2021-06-13,3.0
Tipton,2021-06-14,6.0
Trousdale,2021-06-14,
Unicoi,2021-06-12,2.0
Unicoi,2021-06-13,1.0
Union,2021-06-12,813.0
Union,2021-06-13,102.0
Union,2021-06-14,18.0
Van Buren,2021-06-12,2.0
Warren,2021-06-14,
Washington,2021-06-12,271.0
Washington,2021-06-13,250.0
Washington,2021-06-14,44.0
Wayne,2021-06-13,
White,2021-06-14,
Williamson,2021-06-12,53.0
Williamson,2021-06-13,249.0
Williamson,2021-06-14,20.0
Wilson,2021-06-12,16.0
Wilson,2021-06-13,49.0
Wilson,2021-06-14,43.0
Anderson,2021-06-14,2.0
Anderson,2021-06-15,137.0
Anderson,2021-06-16,46.0
Bedford,2021-06-14,89.0
Bedford,2021-06-15,2.0
Bedford,2021-06-16,4.0
Bledsoe,2021-06-14,457.0
Bledsoe,2021-06-15,6.0
Bledsoe,2021-06-16,1.0
Blount,2021-06-14,14.0
Blount,2021-06-15,49.0
Blount,2021-06-16,757.0
Bradley,2021-06-14,1160.0
Bradley,2021-06-15,1659.0
Bradley,2021-06-16,1924.0
Campbell,2021-06-14,2373.0
Campbell,2021-06-15,31.0
Campbell,2021-06-16,90.0
Cannon,2021-06-14,1.0
Cannon,2021-06-15,1.0
Cannon,2021-06-16,1.0
Cheatham,2021-06-14,54.0
Cheatham,2021-06-15,781.0
Cheatham,2021-06-16,10.0
Chester,2021-06-14,4.0
Chester,2021-06-15,4.0
Claiborne,2021-06-14,2184.0
Claiborne,2021-06-15,129.0
Claiborne,2021-06-16,22.0
Clay,2021-06-14,667.0
Clay,2021-06-15,9.0
Clay,2021-06-16,33.0
Cocke,2021-06-14,16.0
Cocke,2021-06-15,16.0
Cocke,2021-06-16,20.0
Coffee,2021-06-14,2.0
Coffee,2021-06-15,6.0
Coffee,2021-06-16,7.0
Crockett,2021-06-15,7.0
Cumberland,2021-06-14,53.0
Cumberland,2021-06-15,91.0
Cumberland,2021-06-16,750.0
Davidson,2021-06-14,75.0
Davidson,2021-06-15,2533.0
Davidson,2021-06-16,189.0
DeKalb,2021-06-15,1.0
Fayette,2021-06-14,35.0
Fayette,2021-06-15,35.0
Fayette,2021-06-16,1.0
Fentress,2021-06-14,2.0
Fentress,2021-06-15,1135.0
Fentress,2021-06-16,2.0
Franklin,2021-06-14,3.0
Franklin,2021-06-15,4.0
Franklin,2021-06-16,8.0
Gibson,2021-06-14,2.0
Gibson,2021-06-15,6.0
Giles,2021-06-14,86.0
Giles,2021-06-15,5.0
Giles,2021-06-16,21.0
Grainger,2021-06-14,36.0
Grainger,2021-06-15,9.0
Grainger,2021-06-16,1.0
Greene,2021-06-14,127.0
Greene,2021-06-15,6.0
Greene,2021-06-16,74.0
Grundy,2021-06-14,1.0
Grundy,2021-06-15,2.0
Hamblen,2021-06-14,1.0
Hamblen,2021-06-15,40.0
Hamblen,2021-06-16,2.0
Hamilton,2021-06-14,69.0
Hamilton,2021-06-15,45.0
Hamilton,2021-06-16,
Hancock,2021-06-14,1.0
Hancock,2021-06-15,1.0
Hancock,2021-06-16,1.0
Hardeman,2021-06-15,1.0
Hardeman,2021-06-16,1.0
Hawkins,2021-06-14,942.0
Hawkins,2021-06-15,46.0
Hawkins,2021-06-16,106.0
Haywood,2021-06-14,4.0
Haywood,2021-06-15,1.0
Haywood,2021-06-16,1.0
Henderson,2021-06-14,4.0
Henderson,2021-06-15,4.0
Henry,2021-06-14,15.0
Henry,2021-06-15,562.0
Henry,2021-06-16,1.0
Jefferson,2021-06-15,6.0
Jefferson,2021-06-16,4.0
Knox,2021-06-14,46.0
Knox,2021-06-15,2616.0
Knox,2021-06-16,2436.0
Lawrence,2021-06-14,4.0
Lawrence,2021-06-15,16.0
Lawrence,2021-06-16,3.0
Lewis,2021-06-16,
Lincoln,2021-06-14,1.0
Loudon,2021-06-14,30.0
Loudon,2021-06-15,6.0
Loudon,2021-06-16,31.0
Macon,2021-06-14,1.0
Macon,2021-06-15,9.0
Macon,2021-06-16,4.0
Madison,2021-06-14,20.0
Madison,2021-06-15,469.0
Madison,2021-06-16,78.0
Marion,2021-06-14,2.0
Marion,2021-06-15,25.0
Marion,2021-06-16,7.0
Marshall,2021-06-14,2.0
Marshall,2021-06-15,1.0
Marshall,2021-06-16,3.0
Maury,2021-06-14,7.0
Maury,2021-06-15,2.0
Maury,2021-06-16,3.0
McMinn,2021-06-14,3.0
McMinn,2021-06-15,3.0
McMinn,2021-06-16,1.0
Meigs,2021-06-14,1.0
Meigs,2021-06-16,9.0
Monroe,2021-06-14,14.0
Monroe,2021-06-15,1026.0
Monroe,2021-06-16,4.0
Montgomery,2021-06-14,48.0
Montgomery,2021-06-15,225.0
Montgomery,2021-06-16,64.0
Moore,2021-06-14,1.0
Moore,2021-06-15,2.0
Moore,2021-06-16,2.0
Morgan,2021-06-15,48.0
Morgan,2021-06-16,
Obion,2021-06-15,20.0
Overton,2021-06-16,
Pickett,2021-06-14,5.0
Pickett,2021-06-15,20.0
Pickett,2021-06-16,
Polk,2021-06-15,3.0
Polk,2021-06-16,
Putnam,2021-06-16,1.0
Rhea,2021-06-14,1.0
Rhea,2021-06-16,88.0
Roane,2021-06-14,26.0
Roane,2021-06-15,49.0
Roane,2021-06-16,1.0
Robertson,2021-06-14,18.0
Robertson,2021-06-15,12.0
Robertson,2021-06-16,56.0
Rutherford,2021-06-14,10.0
Rutherford,2021-06-15,25.0
Rutherford,2021-06-16,8.0
Scott,2021-06-14,2.0
Scott,2021-06-15,21.0
Scott,2021-06-16,
Sevier,2021-06-14,23.0
Sevier,2021-06-15,39.0
Sevier,2021-06-16,38.0
Shelby,2021-06-14,1442.0
Shelby,2021-06-15,1452.0
Shelby,2021-06-16,1384.0
Smith,2021-06-16,19.0
Stewart,2021-06-14,79.0
Stewart,2021-06-15,23.0
Stewart,2021-06-16,10.0
Sullivan,2021-06-14,22.0
Sullivan,2021-06-15,14.0
Sullivan,2021-06-16,235.0
Sumner,2021-06-14,37.0
Sumner,2021-06-15,47.0
Sumner,2021-06-16,41.0
Tipton,2021-06-14,1396.0
Tipton,2021-06-15,20.0
Tipton,2021-06-16,1378.0
Trousdale,2021-06-15,23.0
Unicoi,2021-06-16,1.0
Union,2021-06-14,319.0
Union,2021-06-15,150.0
Union,2021-06-16,15.0
Washington,2021-06-14,30.0
Washington,2021-06-15,71.0
Washington,2021-06-16,34.0
Wayne,2021-06-16,
White,2021-06-15,5.0
White,2021-06-16,
Williamson,2021-06-14,40.0
Williamson,2021-06-15,18.0
Williamson,2021-06-16,6.0
Wilson,2021-06-14,18.0
Wilson,2021-06-15,17.0
Wilson,2021-06-16,28.0
Anderson,2021-06-16,119.0
Anderson,2021-06-17,31.0
Anderson,2021-06-18,1.0
Anderson,2021-06-19,6.0
Bedford,2021-06-16,2.0
Bedford,2021-06-17,3.0
Bedford,2021-06-18,87.0
Bledsoe,2021-06-17,49.0
Bledsoe,2021-06-18,49.0
Blount,2021-06-16,37.0
Blount,2021-06-17,65.0
Blount,2021-06-18,6.0
Blount,2021-06-19,25.0
Bradley,2021-06-17,771.0
Bradley,2021-06-18,111.0
Campbell,2021-06-17,1200.0
Campbell,2021-06-18,34.0
Campbell,2021-06-19,79.0
Cannon,2021-06-17,1.0
Cannon,2021-06-18,2.0
Cheatham,2021-06-16,7.0
Cheatham,2021-06-17,43.0
Cheatham,2021-06-18,21.0
Chester,2021-06-17,2.0
Chester,2021-06-18,1.0
Claiborne,2021-06-16,48.0
Claiborne,2021-06-17,30.0
Claiborne,2021-06-18,56.0
Claiborne,2021-06-19,29.0
Clay,2021-06-16,33.0
Clay,2021-06-17,32.0
Cocke,2021-06-16,20.0
Cocke,2021-06-17,20.0
Cocke,2021-06-18,1.0
Cocke,2021-06-19,
Coffee,2021-06-16,2.0
Coffee,2021-06-17,7.0
Coffee,2021-06-18,2.0
Coffee,2021-06-19,3.0
Crockett,2021-06-18,2.0
Cumberland,2021-06-16,24.0
Cumberland,2021-06-17,21.0
Cumberland,2021-06-18,825.0
Cumberland,2021-06-19,2.0
Davidson,2021-06-16,10.0
Davidson,2021-06-17,60.0
Davidson,2021-06-18,51.0
Davidson,2021-06-19,16.0
DeKalb,2021-06-18,1.0
Fayette,2021-06-16,123.0
Fayette,2021-06-17,10.0
Fayette,2021-06-18,1.0
Fentress,2021-06-17,62.0
Fentress,2021-06-18,39.0
Fentress,2021-06-19,10.0
Franklin,2021-06-16,5.0
Franklin,2021-06-17,19.0
Franklin,2021-06-18,13.0
Franklin,2021-06-19,4.0
Gibson,2021-06-17,4.0
Gibson,2021-06-18,2.0
Gibson,2021-06-19,53.0
Giles,2021-06-16,3.0
Giles,2021-06-17,1.0
Giles,2021-06-18,9.0
Giles,2021-06-19,1.0
Grainger,2021-06-17,2.0
Grainger,2021-06-18,26.0
Grainger,2021-06-19,1.0
Greene,2021-06-16,1.0
Greene,2021-06-17,70.0
Greene,2021-06-18,447.0
Greene,2021-06-19,
Grundy,2021-06-18,2.0
Hamblen,2021-06-16,2.0
Hamblen,2021-06-17,
Hamblen,2021-06-18,16.0
Hamblen,2021-06-19,50.0
Hamilton,2021-06-17,4.0
Hamilton,2021-06-18,1.0
Hamilton,2021-06-19,1.0
Hancock,2021-06-16,1.0
Hancock,2021-06-17,1.0
Hancock,2021-06-18,42.0
Hancock,2021-06-19,1.0
Hardeman,2021-06-16,1.0
Hardeman,2021-06-19,1.0
Hawkins,2021-06-16,99.0
Hawkins,2021-06-17,53.0
Hawkins,2021-06-18,12.0
Hawkins,2021-06-19,2.0
Haywood,2021-06-16,49.0
Haywood,2021-06-17,4.0
Haywood,2021-06-18,31.0
Henderson,2021-06-17,2.0
Henry,2021-06-16,1.0
Henry,2021-06-17,559.0
Henry,2021-06-18,559.0
Henry,2021-06-19,114.0
Jefferson,2021-06-18,9.0
Knox,2021-06-16,110.0
Knox,2021-06-17,1599.0
Knox,2021-06-18,75.0
Knox,2021-06-19,43.0
Lawrence,2021-06-16,21.0
Lawrence,2021-06-17,9.0
Lawrence,2021-06-18,1.0
Lawrence,2021-06-19,3.0
Lewis,2021-06-17,
Lewis,2021-06-18,
Loudon,2021-06-16,3.0
Loudon,2021-06-17,4.0
Loudon,2021-06-18,1.0
Macon,2021-06-16,688.0
Macon,2021-06-17,25.0
Macon,2021-06-18,10.0
Macon,2021-06-19,3.0
Madison,2021-06-16,537.0
Madison,2021-06-17,616.0
Madison,2021-06-18,1.0
Madison,2021-06-19,1.0
Marion,2021-06-16,2.0
Marion,2021-06-17,22.0
Marion,2021-06-18,2.0
Marshall,2021-06-16,2.0
Marshall,2021-06-17,6.0
Marshall,2021-06-18,1.0
Maury,2021-06-17,12.0
Maury,2021-06-18,1.0
McMinn,2021-06-17,46.0
McMinn,2021-06-18,1.0
McMinn,2021-06-19,1.0
Meigs,2021-06-17,39.0
Meigs,2021-06-18,263.0
Meigs,2021-06-19,263.0
Monroe,2021-06-16,1.0
Monroe,2021-06-17,19.0
Monroe,2021-06-18,4.0
Monroe,2021-06-19,86.0
Montgomery,2021-06-16,2.0
Montgomery,2021-06-17,698.0
Montgomery,2021-06-18,11.0
Montgomery,2021-06-19,41.0
Moore,2021-06-17,1.0
Moore,2021-06-18,2.0
Morgan,2021-06-17,54.0
Morgan,2021-06-18,20.0
Obion,2021-06-16,3.0
Obion,2021-06-17,1.0
Obion,2021-06-18,3.0
Overton,2021-06-18,
Pickett,2021-06-17,28.0
Pickett,2021-06-18,51.0
Polk,2021-06-17,5.0
Polk,2021-06-18,187.0
Putnam,2021-06-17,92.0
Putnam,2021-06-18,
Rhea,2021-06-16,55.0
Rhea,2021-06-17,1.0
Rhea,2021-06-18,
Rhea,2021-06-19,3.0
Roane,2021-06-18,2.0
Roane,2021-06-19,11.0
Robertson,2021-06-16,5.0
Robertson,2021-06-17,13.0
Robertson,2021-06-18,12.0
Robertson,2021-06-19,35.0
Rutherford,2021-06-16,45.0
Rutherford,2021-06-17,1424.0
Rutherford,2021-06-18,130.0
Rutherford,2021-06-19,34.0
Scott,2021-06-18,11.0
Sequatchie,2021-06-17,109.0
Sevier,2021-06-16,2.0
Sevier,2021-06-17,149.0
Sevier,2021-06-18,28.0
Sevier,2021-06-19,265.0
Shelby,2021-06-16,3522.0
Shelby,2021-06-17,1221.0
Shelby,2021-06-18,1242.0
Shelby,2021-06-19,940.0
Stewart,2021-06-16,1.0
Stewart,2021-06-17,1.0
Stewart,2021-06-18,1.0
Stewart,2021-06-19,1.0
Sullivan,2021-06-16,167.0
Sullivan,2021-06-17,40.0
Sullivan,2021-06-18,58.0
Sullivan,2021-06-19,47.0
Sumner,2021-06-16,1913.0
Sumner,2021-06-17,280.0
Sumner,2021-06-18,55.0
Sumner,2021-06-19,25.0
Tipton,2021-06-16,3.0
Tipton,2021-06-17,462.0
Tipton,2021-06-18,3.0
Tipton,2021-06-19,1.0
Trousdale,2021-06-16,1.0
Union,2021-06-16,1.0
Union,2021-06-17,37.0
Union,2021-06-18,3.0
Washington,2021-06-16,68.0
Washington,2021-06-17,28.0
Washington,2021-06-18,60.0
Washington,2021-06-19,20.0
Wayne,2021-06-17,
Wayne,2021-06-18,
White,2021-06-18,
Williamson,2021-06-16,3.0
Williamson,2021-06-17,21.0
Williamson,2021-06-18,19.0
Wilson,2021-06-16,3.0
Wilson,2021-06-17,23.0
Wilson,2021-06-18,3.0
Wilson,2021-06-19,6.0
Anderson,2021-06-19,8.0
Anderson,2021-06-20,813.0
Anderson,2021-06-21,2.0
Bedford,2021-06-19,1.0
Bedford,2021-06-20,14.0
Bedford,2021-06-21,3.0
Bledsoe,2021-06-19,1.0
Bledsoe,2021-06-20,51.0
Bledsoe,2021-06-21,1.0
Blount,2021-06-19,8.0
Blount,2021-06-20,110.0
Blount,2021-06-21,79.0
Bradley,2021-06-19,30.0
Bradley,2021-06-20,2033.0
Bradley,2021-06-21,2.0
Campbell,2021-06-19,24.0
Campbell,2021-06-20,42.0
Campbell,2021-06-21,25.0
Cannon,2021-06-19,1.0
Cannon,2021-06-20,8.0
Cannon,2021-06-21,2.0
Cheatham,2021-06-19,1.0
Cheatham,2021-06-21,70.0
Chester,2021-06-19,1.0
Chester,2021-06-20,1.0
Claiborne,2021-06-19,444.0
Claiborne,2021-06-20,49.0
Claiborne,2021-06-21,12.0
Clay,2021-06-20,24.0
Clay,2021-06-21,26.0
Cocke,2021-06-19,1.0
Cocke,2021-06-20,22.0
Cocke,2021-06-21,3.0
Coffee,2021-06-19,1.0
Coffee,2021-06-20,6.0
Coffee,2021-06-21,2.0
Crockett,2021-06-19,38.0
Crockett,2021-06-20,105.0
Crockett,2021-06-21,
Cumberland,2021-06-19,20.0
Cumberland,2021-06-20,52.0
Cumberland,2021-06-21,84.0
Davidson,2021-06-19,1177.0
Davidson,2021-06-20,204.0
Davidson,2021-06-21,155.0
DeKalb,2021-06-21,
Dickson,2021-06-21,
Dyer,2021-06-19,24.0
Dyer,2021-06-21,25.0
Fayette,2021-06-19,2.0
Fayette,2021-06-20,2.0
Fayette,2021-06-21,24.0
Fentress,2021-06-19,15.0
Fentress,2021-06-21,
Franklin,2021-06-19,3.0
Franklin,2021-06-20,287.0
Franklin,2021-06-21,6.0
Gibson,2021-06-19,53.0
Gibson,2021-06-20,2.0
Gibson,2021-06-21,1.0
Giles,2021-06-19,20.0
Giles,2021-06-21,1.0
Grainger,2021-06-20,
Grainger,2021-06-21,1.0
Greene,2021-06-19,12.0
Greene,2021-06-20,18.0
Greene,2021-06-21,2.0
Grundy,2021-06-19,1.0
Grundy,2021-06-20,20.0
Grundy,2021-06-21,1.0
Hamblen,2021-06-19,50.0
Hamblen,2021-06-20,1.0
Hamblen,2021-06-21,
Hamilton,2021-06-19,2.0
Hamilton,2021-06-21,1368.0
Hancock,2021-06-19,28.0
Hancock,2021-06-20,3.0
Hancock,2021-06-21,3.0
Hardeman,2021-06-19,3.0
Hardeman,2021-06-21,4.0
Hawkins,2021-06-19,12.0
Hawkins,2021-06-20,24.0
Hawkins,2021-06-21,58.0
Haywood,2021-06-19,236.0
Haywood,2021-06-20,18.0
Haywood,2021-06-21,1.0
Henry,2021-06-19,559.0
Henry,2021-06-20,45.0
Henry,2021-06-21,2.0
Hickman,2021-06-21,
Jefferson,2021-06-20,4.0
Knox,2021-06-19,161.0
Knox,2021-06-20,1760.0
Knox,2021-06-21,126.0
Lake,2021-06-19,6.0
Lake,2021-06-21,1.0
Lauderdale,2021-06-21,
Lawrence,2021-06-19,3.0
Lawrence,2021-06-20,1.0
Lawrence,2021-06-21,12.0
Loudon,2021-06-19,45.0
Loudon,2021-06-20,1.0
Loudon,2021-06-21,31.0
Macon,2021-06-20,50.0
Macon,2021-06-21,4.0
Madison,2021-06-19,2.0
Madison,2021-06-20,2.0
Madison,2021-06-21,21.0
Marion,2021-06-19,16.0
Marion,2021-06-20,4.0
Marion,2021-06-21,1.0
Marshall,2021-06-21,1.0
Maury,2021-06-19,310.0
Maury,2021-06-20,10.0
Maury,2021-06-21,9.0
McMinn,2021-06-19,8.0
McMinn,2021-06-20,6.0
McMinn,2021-06-21,
Meigs,2021-06-21,968.0
Monroe,2021-06-19,87.0
Monroe,2021-06-20,4.0
Monroe,2021-06-21,8.0
Montgomery,2021-06-19,59.0
Montgomery,2021-06-20,68.0
Montgomery,2021-06-21,38.0
Morgan,2021-06-21,
Obion,2021-06-21,30.0
Overton,2021-06-20,1.0
Overton,2021-06-21,
Pickett,2021-06-19,
Pickett,2021-06-20,1.0
Pickett,2021-06-21,
Polk,2021-06-20,2251.0
Polk,2021-06-21,
Putnam,2021-06-21,
Rhea,2021-06-19,3.0
Rhea,2021-06-21,
Roane,2021-06-19,41.0
Roane,2021-06-21,
Robertson,2021-06-19,11.0
Robertson,2021-06-20,39.0
Robertson,2021-06-21,20.0
Rutherford,2021-06-19,90.0
Rutherford,2021-06-20,85.0
Rutherford,2021-06-21,141.0
Scott,2021-06-19,
Scott,2021-06-21,
Sequatchie,2021-06-19,1.0
Sevier,2021-06-19,46.0
Sevier,2021-06-20,24.0
Sevier,2021-06-21,37.0
Shelby,2021-06-19,274.0
Shelby,2021-06-20,456.0
Shelby,2021-06-21,229.0
Smith,2021-06-20,79.0
Smith,2021-06-21,
Stewart,2021-06-20,35.0
Stewart,2021-06-21,13.0
Sullivan,2021-06-19,45.0
Sullivan,2021-06-20,167.0
Sullivan,2021-06-21,20.0
Sumner,2021-06-19,20.0
Sumner,2021-06-20,54.0
Sumner,2021-06-21,856.0
Tipton,2021-06-19,6.0
Tipton,2021-06-20,16.0
Tipton,2021-06-21,12.0
Trousdale,2021-06-21,
Unicoi,2021-06-21,
Union,2021-06-19,107.0
Union,2021-06-20,14.0
Union,2021-06-21,14.0
Warren,2021-06-21,1.0
Washington,2021-06-19,3.0
Washington,2021-06-20,88.0
Washington,2021-06-21,87.0
Weakley,2021-06-19,1.0
Weakley,2021-06-21,
White,2021-06-20,1.0
White,2021-06-21,
Williamson,2021-06-19,2.0
Williamson,2021-06-20,11.0
Williamson,2021-06-21,21.0
Wilson,2021-06-19,3.0
Wilson,2021-06-20,3.0
Wilson,2021-06-21,6.0
