county,date,customers_out
Cheatham,2020-12-31,0
Cocke,2020-12-31,3
Davidson,2020-12-31,61
Dickson,2020-12-31,0
Fayette,2020-12-31,115
Franklin,2020-12-31,3
Hancock,2020-12-31,1
Hardeman,2020-12-31,63
Hawkins,2020-12-31,3
Knox,2020-12-31,99
Loudon,2020-12-31,2
Madison,2020-12-31,63
Marion,2020-12-31,2
Montgomery,2020-12-31,1
Robertson,2020-12-31,0
Rutherford,2020-12-31,2
Sevier,2020-12-31,1
Shelby,2020-12-31,160
Stewart,2020-12-31,0
Sullivan,2020-12-31,4
Sumner,2020-12-31,1
Tipton,2020-12-31,756
Washington,2020-12-31,3
Williamson,2020-12-31,111
Anderson,2021-01-01,25
Bedford,2021-01-01,1
Bledsoe,2021-01-01,18
Blount,2021-01-01,60
Bradley,2021-01-01,43
Campbell,2021-01-01,64
Cannon,2021-01-01,2
Cheatham,2021-01-01,83
Chester,2021-01-01,49
Claiborne,2021-01-01,104
Clay,2021-01-01,44
Cocke,2021-01-01,71
Coffee,2021-01-01,11
Crockett,2021-01-01,51
Cumberland,2021-01-01,175
Davidson,2021-01-01,2877
Dickson,2021-01-01,0
Fayette,2021-01-01,23
Fentress,2021-01-01,439
Franklin,2021-01-01,69
Gibson,2021-01-01,33
Giles,2021-01-01,86
Grainger,2021-01-01,78
Greene,2021-01-01,56
Hamblen,2021-01-01,0
Hancock,2021-01-01,42
Hardeman,2021-01-01,7
Hawkins,2021-01-01,129
Haywood,2021-01-01,350
Henry,2021-01-01,53
Jefferson,2021-01-01,15
Knox,2021-01-01,99
Lawrence,2021-01-01,40
Loudon,2021-01-01,891
Macon,2021-01-01,5
Madison,2021-01-01,67
Marion,2021-01-01,4
Marshall,2021-01-01,68
Maury,2021-01-01,71
McMinn,2021-01-01,1
Meigs,2021-01-01,1
Monroe,2021-01-01,4768
Montgomery,2021-01-01,2958
Obion,2021-01-01,27
Pickett,2021-01-01,0
Polk,2021-01-01,224
Putnam,2021-01-01,80
Rhea,2021-01-01,66
Roane,2021-01-01,20
Robertson,2021-01-01,8
Rutherford,2021-01-01,23
Scott,2021-01-01,21
Sequatchie,2021-01-01,1
Sevier,2021-01-01,1314
Shelby,2021-01-01,2020
Stewart,2021-01-01,1418
Sullivan,2021-01-01,13
Sumner,2021-01-01,104
Tipton,2021-01-01,5
Trousdale,2021-01-01,897
Union,2021-01-01,29
Van Buren,2021-01-01,2
Washington,2021-01-01,130
White,2021-01-01,1
Williamson,2021-01-01,2581
Wilson,2021-01-01,211
Anderson,2021-01-02,0
Bedford,2021-01-02,3
Bledsoe,2021-01-02,0
Blount,2021-01-02,31
Bradley,2021-01-02,3
Campbell,2021-01-02,0
Carter,2021-01-02,0
Cheatham,2021-01-02,1
Chester,2021-01-02,0
Claiborne,2021-01-02,1
Cocke,2021-01-02,24
Coffee,2021-01-02,1
Crockett,2021-01-02,25
Cumberland,2021-01-02,30
Davidson,2021-01-02,69
Fayette,2021-01-02,8
Franklin,2021-01-02,1
Gibson,2021-01-02,1
Giles,2021-01-02,16
Grainger,2021-01-02,1
Greene,2021-01-02,112
Grundy,2021-01-02,1
Hamblen,2021-01-02,2
Hamilton,2021-01-02,17
Hancock,2021-01-02,1
Hardeman,2021-01-02,0
Hawkins,2021-01-02,5
Haywood,2021-01-02,0
Henderson,2021-01-02,0
Henry,2021-01-02,5
Jefferson,2021-01-02,3
Knox,2021-01-02,121
Lauderdale,2021-01-02,0
Lincoln,2021-01-02,0
Loudon,2021-01-02,2
Macon,2021-01-02,5
Madison,2021-01-02,25
Marion,2021-01-02,110
Maury,2021-01-02,247
McMinn,2021-01-02,1
Monroe,2021-01-02,26
Montgomery,2021-01-02,27
Morgan,2021-01-02,0
Pickett,2021-01-02,1
Rhea,2021-01-02,0
Roane,2021-01-02,20
Robertson,2021-01-02,6
Rutherford,2021-01-02,7
Scott,2021-01-02,0
Sequatchie,2021-01-02,0
Sevier,2021-01-02,43
Shelby,2021-01-02,1658
Sullivan,2021-01-02,10
Sumner,2021-01-02,23
Tipton,2021-01-02,13
Unicoi,2021-01-02,5
Union,2021-01-02,40
Van Buren,2021-01-02,1
Washington,2021-01-02,130
White,2021-01-02,1
Williamson,2021-01-02,2
Wilson,2021-01-02,42
Blount,2021-01-03,31
Bradley,2021-01-03,1017
Campbell,2021-01-03,6
Cannon,2021-01-03,3
Cheatham,2021-01-03,1434
Claiborne,2021-01-03,43
Cocke,2021-01-03,32
Coffee,2021-01-03,2
Crockett,2021-01-03,2
Cumberland,2021-01-03,15
Davidson,2021-01-03,711
Fayette,2021-01-03,23
Giles,2021-01-03,311
Greene,2021-01-03,2
Hamblen,2021-01-03,0
Hamilton,2021-01-03,1
Hancock,2021-01-03,2
Hawkins,2021-01-03,31
Henry,2021-01-03,1
Knox,2021-01-03,210
Loudon,2021-01-03,2
Madison,2021-01-03,9
Marion,2021-01-03,3
Maury,2021-01-03,1
Meigs,2021-01-03,46
Montgomery,2021-01-03,14
Obion,2021-01-03,3
Pickett,2021-01-03,0
Polk,2021-01-03,38
Rhea,2021-01-03,2
Robertson,2021-01-03,40
Rutherford,2021-01-03,11
Scott,2021-01-03,0
Sevier,2021-01-03,21
Shelby,2021-01-03,166
Sullivan,2021-01-03,22
Sumner,2021-01-03,16
Tipton,2021-01-03,1
Union,2021-01-03,29
Van Buren,2021-01-03,1
Washington,2021-01-03,8
Williamson,2021-01-03,2
Wilson,2021-01-03,4
Anderson,2021-01-04,4
Bedford,2021-01-04,2
Bledsoe,2021-01-04,8
Blount,2021-01-04,532
Bradley,2021-01-04,80
Campbell,2021-01-04,3
Cannon,2021-01-04,2
Cheatham,2021-01-04,3
Chester,2021-01-04,4
Claiborne,2021-01-04,22
Clay,2021-01-04,34
Cocke,2021-01-04,17
Coffee,2021-01-04,52
Cumberland,2021-01-04,3
Davidson,2021-01-04,2788
DeKalb,2021-01-04,1
Dickson,2021-01-04,0
Fayette,2021-01-04,9
Franklin,2021-01-04,4
Gibson,2021-01-04,10
Giles,2021-01-04,11
Greene,2021-01-04,46
Grundy,2021-01-04,5
Hamblen,2021-01-04,3
Hamilton,2021-01-04,3
Hancock,2021-01-04,1
Hawkins,2021-01-04,57
Hickman,2021-01-04,0
Jefferson,2021-01-04,7
Knox,2021-01-04,330
Lawrence,2021-01-04,24
Lewis,2021-01-04,0
Lincoln,2021-01-04,0
Loudon,2021-01-04,22
Madison,2021-01-04,10
Marion,2021-01-04,7
Marshall,2021-01-04,2
Maury,2021-01-04,1000
McMinn,2021-01-04,1
Meigs,2021-01-04,76
Monroe,2021-01-04,6
Montgomery,2021-01-04,40
Moore,2021-01-04,1
Overton,2021-01-04,13
Pickett,2021-01-04,5
Polk,2021-01-04,1
Rhea,2021-01-04,3
Roane,2021-01-04,736
Robertson,2021-01-04,5
Rutherford,2021-01-04,9
Scott,2021-01-04,0
Sevier,2021-01-04,59
Shelby,2021-01-04,68
Smith,2021-01-04,0
Stewart,2021-01-04,1
Sullivan,2021-01-04,15
Sumner,2021-01-04,14
Tipton,2021-01-04,2
Trousdale,2021-01-04,0
Unicoi,2021-01-04,0
Union,2021-01-04,187
Van Buren,2021-01-04,1
Warren,2021-01-04,0
Washington,2021-01-04,34
Williamson,2021-01-04,4
Wilson,2021-01-04,6
Anderson,2021-01-05,0
Bedford,2021-01-05,2
Bledsoe,2021-01-05,6
Blount,2021-01-05,36
Bradley,2021-01-05,15
Campbell,2021-01-05,28
Cannon,2021-01-05,2
Cheatham,2021-01-05,3
Chester,2021-01-05,3
Claiborne,2021-01-05,12
Clay,2021-01-05,1
Cocke,2021-01-05,22
Coffee,2021-01-05,2
Cumberland,2021-01-05,1
Davidson,2021-01-05,6
Fayette,2021-01-05,1
Fentress,2021-01-05,41
Franklin,2021-01-05,5
Gibson,2021-01-05,2
Giles,2021-01-05,4
Grainger,2021-01-05,1
Greene,2021-01-05,59
Grundy,2021-01-05,5
Hamblen,2021-01-05,0
Hamilton,2021-01-05,1
Hancock,2021-01-05,13
Hawkins,2021-01-05,5
Jefferson,2021-01-05,2
Knox,2021-01-05,85
Lawrence,2021-01-05,9
Loudon,2021-01-05,1
Macon,2021-01-05,2
Marion,2021-01-05,92
Marshall,2021-01-05,3
Maury,2021-01-05,19
Meigs,2021-01-05,737
Monroe,2021-01-05,10
Montgomery,2021-01-05,57
Polk,2021-01-05,9
Roane,2021-01-05,1
Robertson,2021-01-05,215
Rutherford,2021-01-05,5
Sevier,2021-01-05,88
Shelby,2021-01-05,465
Stewart,2021-01-05,4
Sullivan,2021-01-05,24
Sumner,2021-01-05,9
Tipton,2021-01-05,30
Trousdale,2021-01-05,4
Unicoi,2021-01-05,0
Union,2021-01-05,0
Washington,2021-01-05,1013
Williamson,2021-01-05,5
Wilson,2021-01-05,10
Bedford,2021-01-06,2
Bledsoe,2021-01-06,17
Blount,2021-01-06,58
Bradley,2021-01-06,19
Campbell,2021-01-06,38
Cannon,2021-01-06,1
Cheatham,2021-01-06,1
Claiborne,2021-01-06,13
Clay,2021-01-06,13
Cocke,2021-01-06,16
Coffee,2021-01-06,4
Crockett,2021-01-06,2
Cumberland,2021-01-06,1
Davidson,2021-01-06,26
DeKalb,2021-01-06,0
Dickson,2021-01-06,0
Fayette,2021-01-06,1
Fentress,2021-01-06,1
Franklin,2021-01-06,7
Gibson,2021-01-06,20
Giles,2021-01-06,56
Grainger,2021-01-06,1
Greene,2021-01-06,2
Grundy,2021-01-06,174
Hamblen,2021-01-06,2
Hamilton,2021-01-06,0
Hancock,2021-01-06,1
Hawkins,2021-01-06,6
Hickman,2021-01-06,0
Knox,2021-01-06,1155
Lawrence,2021-01-06,6
Loudon,2021-01-06,2
Madison,2021-01-06,1
Marshall,2021-01-06,2
Maury,2021-01-06,54
McMinn,2021-01-06,0
Meigs,2021-01-06,1
Monroe,2021-01-06,2
Montgomery,2021-01-06,470
Moore,2021-01-06,5
Morgan,2021-01-06,0
Obion,2021-01-06,2
Overton,2021-01-06,0
Pickett,2021-01-06,0
Polk,2021-01-06,174
Putnam,2021-01-06,1
Rhea,2021-01-06,0
Roane,2021-01-06,4
Robertson,2021-01-06,69
Rutherford,2021-01-06,121
Scott,2021-01-06,0
Sequatchie,2021-01-06,1
Sevier,2021-01-06,69
Shelby,2021-01-06,93
Smith,2021-01-06,0
Sullivan,2021-01-06,90
Sumner,2021-01-06,47
Trousdale,2021-01-06,6
Unicoi,2021-01-06,0
Union,2021-01-06,3
Warren,2021-01-06,0
Washington,2021-01-06,5
White,2021-01-06,0
Williamson,2021-01-06,9
Wilson,2021-01-06,7
Anderson,2021-01-07,17
Bedford,2021-01-07,55
Blount,2021-01-07,6
Bradley,2021-01-07,1
Campbell,2021-01-07,89
Cannon,2021-01-07,1
Cheatham,2021-01-07,126
Claiborne,2021-01-07,17
Clay,2021-01-07,27
Cocke,2021-01-07,10
Coffee,2021-01-07,5
Crockett,2021-01-07,4
Cumberland,2021-01-07,27
Davidson,2021-01-07,243
DeKalb,2021-01-07,0
Dickson,2021-01-07,0
Fayette,2021-01-07,1
Fentress,2021-01-07,1
Franklin,2021-01-07,34
Gibson,2021-01-07,3
Giles,2021-01-07,66
Greene,2021-01-07,5
Grundy,2021-01-07,0
Hamblen,2021-01-07,32
Hamilton,2021-01-07,1
Hancock,2021-01-07,1
Hawkins,2021-01-07,4
Hickman,2021-01-07,0
Jefferson,2021-01-07,2
Knox,2021-01-07,211
Lawrence,2021-01-07,3868
Lewis,2021-01-07,0
Lincoln,2021-01-07,180
Loudon,2021-01-07,6
Madison,2021-01-07,18
Marion,2021-01-07,6
Marshall,2021-01-07,0
Maury,2021-01-07,195
McMinn,2021-01-07,40
Meigs,2021-01-07,4
Monroe,2021-01-07,87
Montgomery,2021-01-07,630
Moore,2021-01-07,0
Morgan,2021-01-07,5
Pickett,2021-01-07,0
Polk,2021-01-07,3
Rhea,2021-01-07,3
Roane,2021-01-07,2
Robertson,2021-01-07,1
Rutherford,2021-01-07,38
Scott,2021-01-07,0
Sequatchie,2021-01-07,2
Sevier,2021-01-07,46
Shelby,2021-01-07,118
Smith,2021-01-07,1
Sullivan,2021-01-07,58
Sumner,2021-01-07,12
Tipton,2021-01-07,2
Trousdale,2021-01-07,0
Union,2021-01-07,0
Warren,2021-01-07,0
Washington,2021-01-07,14
Williamson,2021-01-07,27
Wilson,2021-01-07,4
Anderson,2021-01-08,2
Bedford,2021-01-08,6
Blount,2021-01-08,17
Bradley,2021-01-08,1
Campbell,2021-01-08,89
Cheatham,2021-01-08,3
Claiborne,2021-01-08,35
Clay,2021-01-08,46
Cocke,2021-01-08,17
Coffee,2021-01-08,9
Crockett,2021-01-08,553
Cumberland,2021-01-08,1
Davidson,2021-01-08,133
Dickson,2021-01-08,0
Fentress,2021-01-08,2
Franklin,2021-01-08,109
Gibson,2021-01-08,4
Giles,2021-01-08,66
Grainger,2021-01-08,0
Greene,2021-01-08,1087
Grundy,2021-01-08,17
Hamblen,2021-01-08,1
Hamilton,2021-01-08,1
Hancock,2021-01-08,49
Hawkins,2021-01-08,156
Henderson,2021-01-08,1
Henry,2021-01-08,6
Jefferson,2021-01-08,61
Knox,2021-01-08,286
Lawrence,2021-01-08,3
Loudon,2021-01-08,1
Macon,2021-01-08,1
Madison,2021-01-08,2
Marion,2021-01-08,2
Marshall,2021-01-08,60
Maury,2021-01-08,648
McMinn,2021-01-08,1
Meigs,2021-01-08,1
Montgomery,2021-01-08,77
Pickett,2021-01-08,1
Roane,2021-01-08,4
Robertson,2021-01-08,1
Rutherford,2021-01-08,5
Scott,2021-01-08,0
Sequatchie,2021-01-08,5
Sevier,2021-01-08,22
Shelby,2021-01-08,1028
Stewart,2021-01-08,1
Sullivan,2021-01-08,241
Sumner,2021-01-08,14
Tipton,2021-01-08,2
Union,2021-01-08,28
Washington,2021-01-08,107
Williamson,2021-01-08,176
Wilson,2021-01-08,2
Anderson,2021-01-09,2
Bedford,2021-01-09,0
Blount,2021-01-09,25
Bradley,2021-01-09,10
Campbell,2021-01-09,27
Cheatham,2021-01-09,2
Claiborne,2021-01-09,3
Cocke,2021-01-09,14
Coffee,2021-01-09,3
Crockett,2021-01-09,4
Davidson,2021-01-09,595
Fentress,2021-01-09,2
Franklin,2021-01-09,4
Gibson,2021-01-09,1
Giles,2021-01-09,6
Greene,2021-01-09,1
Grundy,2021-01-09,0
Hamblen,2021-01-09,0
Hamilton,2021-01-09,3
Hancock,2021-01-09,1
Hawkins,2021-01-09,1
Henry,2021-01-09,128
Jefferson,2021-01-09,3
Knox,2021-01-09,59
Lawrence,2021-01-09,1
Lewis,2021-01-09,0
Lincoln,2021-01-09,0
Madison,2021-01-09,37
Marion,2021-01-09,1
Marshall,2021-01-09,4
Maury,2021-01-09,0
Montgomery,2021-01-09,23
Moore,2021-01-09,2
Obion,2021-01-09,9
Pickett,2021-01-09,0
Polk,2021-01-09,1
Roane,2021-01-09,1
Robertson,2021-01-09,1
Rutherford,2021-01-09,2
Scott,2021-01-09,0
Sequatchie,2021-01-09,1
Sevier,2021-01-09,12
Shelby,2021-01-09,59
Sullivan,2021-01-09,6
Sumner,2021-01-09,5
Tipton,2021-01-09,1
Union,2021-01-09,47
Washington,2021-01-09,57
Williamson,2021-01-09,6
Wilson,2021-01-09,4
Anderson,2021-01-10,3
Blount,2021-01-10,2
Bradley,2021-01-10,54
Campbell,2021-01-10,20
Cheatham,2021-01-10,1
Chester,2021-01-10,3
Cocke,2021-01-10,6
Coffee,2021-01-10,45
Crockett,2021-01-10,1
Cumberland,2021-01-10,133
Davidson,2021-01-10,11
Fentress,2021-01-10,8
Franklin,2021-01-10,1
Gibson,2021-01-10,1
Giles,2021-01-10,1
Greene,2021-01-10,1
Grundy,2021-01-10,2
Hamblen,2021-01-10,0
Hamilton,2021-01-10,16
Hancock,2021-01-10,5
Hawkins,2021-01-10,0
Henry,2021-01-10,1
Knox,2021-01-10,101
Lake,2021-01-10,62
Madison,2021-01-10,1
Maury,2021-01-10,1
Meigs,2021-01-10,1
Monroe,2021-01-10,6
Montgomery,2021-01-10,112
Pickett,2021-01-10,0
Rutherford,2021-01-10,4
Scott,2021-01-10,0
Sequatchie,2021-01-10,3
Sevier,2021-01-10,15
Shelby,2021-01-10,700
Sullivan,2021-01-10,86
Union,2021-01-10,2
Washington,2021-01-10,4
White,2021-01-10,1
Williamson,2021-01-10,8
Anderson,2021-01-11,7
Bedford,2021-01-11,4
Bledsoe,2021-01-11,0
Blount,2021-01-11,74
Bradley,2021-01-11,0
Campbell,2021-01-11,6
Cannon,2021-01-11,2
Cheatham,2021-01-11,58
Claiborne,2021-01-11,61
Clay,2021-01-11,26
Cocke,2021-01-11,12
Coffee,2021-01-11,0
Cumberland,2021-01-11,163
Davidson,2021-01-11,2778
DeKalb,2021-01-11,1
Dickson,2021-01-11,0
Fentress,2021-01-11,0
Franklin,2021-01-11,1
Greene,2021-01-11,7
Grundy,2021-01-11,0
Hamblen,2021-01-11,0
Hamilton,2021-01-11,0
Hancock,2021-01-11,1
Hawkins,2021-01-11,37
Henry,2021-01-11,3
Hickman,2021-01-11,0
Jefferson,2021-01-11,1
Knox,2021-01-11,103
Lake,2021-01-11,59
Lawrence,2021-01-11,1
Loudon,2021-01-11,1
Macon,2021-01-11,1
Madison,2021-01-11,1
Marion,2021-01-11,0
Marshall,2021-01-11,1
Maury,2021-01-11,1
McMinn,2021-01-11,1
Meigs,2021-01-11,1
Monroe,2021-01-11,5
Montgomery,2021-01-11,31
Morgan,2021-01-11,0
Obion,2021-01-11,9
Overton,2021-01-11,0
Pickett,2021-01-11,0
Polk,2021-01-11,0
Putnam,2021-01-11,0
Rhea,2021-01-11,0
Roane,2021-01-11,0
Robertson,2021-01-11,24
Rutherford,2021-01-11,6
Scott,2021-01-11,0
Sequatchie,2021-01-11,0
Sevier,2021-01-11,32
Shelby,2021-01-11,51
Smith,2021-01-11,0
Stewart,2021-01-11,1
Sullivan,2021-01-11,15
Sumner,2021-01-11,14
Trousdale,2021-01-11,0
Union,2021-01-11,2
Van Buren,2021-01-11,0
Warren,2021-01-11,0
Washington,2021-01-11,9
White,2021-01-11,0
Williamson,2021-01-11,6
Wilson,2021-01-11,1026
Anderson,2021-01-12,0
Bedford,2021-01-12,4
Blount,2021-01-12,25
Bradley,2021-01-12,1
Campbell,2021-01-12,128
Cannon,2021-01-12,3
Cheatham,2021-01-12,1
Chester,2021-01-12,2
Claiborne,2021-01-12,5
Cocke,2021-01-12,12
Coffee,2021-01-12,2
Cumberland,2021-01-12,1
Davidson,2021-01-12,81
DeKalb,2021-01-12,0
Dickson,2021-01-12,0
Fayette,2021-01-12,3
Fentress,2021-01-12,6
Franklin,2021-01-12,2
Gibson,2021-01-12,1
Giles,2021-01-12,14
Grainger,2021-01-12,0
Greene,2021-01-12,4
Hamblen,2021-01-12,1
Hamilton,2021-01-12,1557
Hancock,2021-01-12,1
Hardeman,2021-01-12,0
Hawkins,2021-01-12,5
Haywood,2021-01-12,0
Henry,2021-01-12,1
Hickman,2021-01-12,0
Jefferson,2021-01-12,0
Knox,2021-01-12,4163
Lawrence,2021-01-12,4
Loudon,2021-01-12,1
Marion,2021-01-12,1
Marshall,2021-01-12,1
Maury,2021-01-12,2
McMinn,2021-01-12,1
Meigs,2021-01-12,1
Monroe,2021-01-12,7
Montgomery,2021-01-12,61
Morgan,2021-01-12,0
Pickett,2021-01-12,0
Polk,2021-01-12,5
Rhea,2021-01-12,7
Roane,2021-01-12,4
Robertson,2021-01-12,5
Rutherford,2021-01-12,40
Scott,2021-01-12,0
Sequatchie,2021-01-12,1
Sevier,2021-01-12,56
Shelby,2021-01-12,1464
Smith,2021-01-12,0
Stewart,2021-01-12,1491
Sullivan,2021-01-12,649
Sumner,2021-01-12,4
Tipton,2021-01-12,5
Trousdale,2021-01-12,0
Union,2021-01-12,0
Warren,2021-01-12,0
Washington,2021-01-12,15
Williamson,2021-01-12,44
Wilson,2021-01-12,21
Anderson,2021-01-13,0
Bedford,2021-01-13,5
Blount,2021-01-13,9
Bradley,2021-01-13,1
Campbell,2021-01-13,23
Cannon,2021-01-13,1
Cheatham,2021-01-13,5
Claiborne,2021-01-13,43
Clay,2021-01-13,16
Cocke,2021-01-13,21
Coffee,2021-01-13,5
Cumberland,2021-01-13,1
Davidson,2021-01-13,155
DeKalb,2021-01-13,2
Fayette,2021-01-13,1
Franklin,2021-01-13,4
Gibson,2021-01-13,10
Giles,2021-01-13,1651
Greene,2021-01-13,9
Hamblen,2021-01-13,0
Hancock,2021-01-13,1
Hardeman,2021-01-13,380
Hawkins,2021-01-13,11
Haywood,2021-01-13,380
Henry,2021-01-13,10
Jefferson,2021-01-13,1
Knox,2021-01-13,24
Lawrence,2021-01-13,697
Loudon,2021-01-13,16
Macon,2021-01-13,14
Marion,2021-01-13,7
Marshall,2021-01-13,3
Maury,2021-01-13,1
McMinn,2021-01-13,1
Meigs,2021-01-13,9
Monroe,2021-01-13,293
Montgomery,2021-01-13,73
Morgan,2021-01-13,0
Obion,2021-01-13,41
Pickett,2021-01-13,0
Polk,2021-01-13,1
Putnam,2021-01-13,1
Roane,2021-01-13,0
Robertson,2021-01-13,218
Rutherford,2021-01-13,741
Scott,2021-01-13,0
Sequatchie,2021-01-13,18
Sevier,2021-01-13,40
Shelby,2021-01-13,209
Stewart,2021-01-13,6
Sullivan,2021-01-13,27
Sumner,2021-01-13,14
Tipton,2021-01-13,4
Trousdale,2021-01-13,2
Union,2021-01-13,2
Washington,2021-01-13,12
White,2021-01-13,1
Williamson,2021-01-13,216
Wilson,2021-01-13,32
Anderson,2021-01-14,0
Bedford,2021-01-14,5
Bledsoe,2021-01-14,24
Blount,2021-01-14,33
Bradley,2021-01-14,8
Campbell,2021-01-14,88
Cannon,2021-01-14,1
Cheatham,2021-01-14,6
Claiborne,2021-01-14,14
Clay,2021-01-14,45
Cocke,2021-01-14,8
Coffee,2021-01-14,87
Crockett,2021-01-14,8
Cumberland,2021-01-14,1
Davidson,2021-01-14,937
Fayette,2021-01-14,27
Franklin,2021-01-14,3
Giles,2021-01-14,5
Grainger,2021-01-14,0
Greene,2021-01-14,18
Hamblen,2021-01-14,0
Hamilton,2021-01-14,3
Hancock,2021-01-14,1
Hawkins,2021-01-14,42
Haywood,2021-01-14,2
Henry,2021-01-14,2
Jefferson,2021-01-14,7
Knox,2021-01-14,99
Lawrence,2021-01-14,26
Loudon,2021-01-14,28
Macon,2021-01-14,2
Madison,2021-01-14,4
Marion,2021-01-14,3
Marshall,2021-01-14,2
Maury,2021-01-14,4
McMinn,2021-01-14,3
Monroe,2021-01-14,3
Montgomery,2021-01-14,38
Obion,2021-01-14,2
Rhea,2021-01-14,2
Roane,2021-01-14,0
Robertson,2021-01-14,49
Rutherford,2021-01-14,25
Sequatchie,2021-01-14,47
Sevier,2021-01-14,10
Shelby,2021-01-14,1856
Stewart,2021-01-14,121
Sullivan,2021-01-14,13
Sumner,2021-01-14,3
Trousdale,2021-01-14,1
Unicoi,2021-01-14,1
Union,2021-01-14,0
Van Buren,2021-01-14,1
Washington,2021-01-14,35
Williamson,2021-01-14,59
Wilson,2021-01-14,6
Anderson,2021-01-15,7
Bedford,2021-01-15,146
Blount,2021-01-15,7
Campbell,2021-01-15,28
Cannon,2021-01-15,1
Cheatham,2021-01-15,0
Chester,2021-01-15,1
Claiborne,2021-01-15,21
Cocke,2021-01-15,10
Coffee,2021-01-15,23
Cumberland,2021-01-15,9
Davidson,2021-01-15,111
DeKalb,2021-01-15,1
Fayette,2021-01-15,6
Franklin,2021-01-15,1
Gibson,2021-01-15,1
Giles,2021-01-15,5
Greene,2021-01-15,2
Hamblen,2021-01-15,1
Hamilton,2021-01-15,1
Hancock,2021-01-15,1
Hardeman,2021-01-15,0
Hawkins,2021-01-15,7
Haywood,2021-01-15,0
Henry,2021-01-15,3
Jefferson,2021-01-15,7
Knox,2021-01-15,1664
Lawrence,2021-01-15,3
Loudon,2021-01-15,0
Macon,2021-01-15,8
Marion,2021-01-15,3
Marshall,2021-01-15,4
Maury,2021-01-15,2
McMinn,2021-01-15,15
Monroe,2021-01-15,251
Montgomery,2021-01-15,69
Obion,2021-01-15,2
Overton,2021-01-15,6
Polk,2021-01-15,3
Rhea,2021-01-15,3
Roane,2021-01-15,1
Robertson,2021-01-15,30
Rutherford,2021-01-15,244
Sequatchie,2021-01-15,51
Sevier,2021-01-15,764
Shelby,2021-01-15,1427
Smith,2021-01-15,1
Stewart,2021-01-15,2
Sullivan,2021-01-15,1
Sumner,2021-01-15,46
Tipton,2021-01-15,18
Van Buren,2021-01-15,1
Washington,2021-01-15,67
Williamson,2021-01-15,12
Wilson,2021-01-15,441
Anderson,2021-01-16,4
Bedford,2021-01-16,146
Blount,2021-01-16,1
Bradley,2021-01-16,1
Cheatham,2021-01-16,17
Cocke,2021-01-16,2
Cumberland,2021-01-16,2
Davidson,2021-01-16,37
Dickson,2021-01-16,0
Dyer,2021-01-16,11
Fayette,2021-01-16,15
Fentress,2021-01-16,4
Giles,2021-01-16,1671
Greene,2021-01-16,8
Grundy,2021-01-16,1549
Hamblen,2021-01-16,0
Hancock,2021-01-16,1
Hawkins,2021-01-16,220
Henry,2021-01-16,21
Knox,2021-01-16,28
Lawrence,2021-01-16,59
Loudon,2021-01-16,0
Madison,2021-01-16,1
Marion,2021-01-16,2
Maury,2021-01-16,6
McMinn,2021-01-16,1
Meigs,2021-01-16,14
Monroe,2021-01-16,2
Montgomery,2021-01-16,1
Moore,2021-01-16,3
Morgan,2021-01-16,1
Obion,2021-01-16,4
Pickett,2021-01-16,1
Rhea,2021-01-16,1
Roane,2021-01-16,0
Robertson,2021-01-16,1
Rutherford,2021-01-16,3
Sevier,2021-01-16,5
Shelby,2021-01-16,52
Stewart,2021-01-16,0
Sullivan,2021-01-16,1548
Sumner,2021-01-16,1
Tipton,2021-01-16,3
Union,2021-01-16,3
Washington,2021-01-16,330
Williamson,2021-01-16,13
Wilson,2021-01-16,1
Anderson,2021-01-17,1
Bedford,2021-01-17,1
Blount,2021-01-17,43
Bradley,2021-01-17,38
Cheatham,2021-01-17,57
Cocke,2021-01-17,148
Coffee,2021-01-17,3
Crockett,2021-01-17,6
Cumberland,2021-01-17,19
Davidson,2021-01-17,138
Fayette,2021-01-17,1
Fentress,2021-01-17,6
Gibson,2021-01-17,1
Giles,2021-01-17,1
Greene,2021-01-17,1
Grundy,2021-01-17,1549
Hamblen,2021-01-17,0
Hamilton,2021-01-17,9
Hancock,2021-01-17,1
Hardeman,2021-01-17,0
Hawkins,2021-01-17,0
Haywood,2021-01-17,0
Henry,2021-01-17,10
Knox,2021-01-17,97
Lawrence,2021-01-17,17
Marion,2021-01-17,5
Marshall,2021-01-17,0
Maury,2021-01-17,2
Meigs,2021-01-17,1
Monroe,2021-01-17,50
Montgomery,2021-01-17,29
Morgan,2021-01-17,19
Pickett,2021-01-17,1
Roane,2021-01-17,1
Robertson,2021-01-17,1
Rutherford,2021-01-17,404
Sevier,2021-01-17,27
Shelby,2021-01-17,918
Stewart,2021-01-17,74
Sullivan,2021-01-17,4
Sumner,2021-01-17,1
Tipton,2021-01-17,26
Union,2021-01-17,4
Washington,2021-01-17,10
Williamson,2021-01-17,3
Wilson,2021-01-17,5
Anderson,2021-01-18,1
Bedford,2021-01-18,9
Blount,2021-01-18,19
Bradley,2021-01-18,20
Cannon,2021-01-18,2
Cheatham,2021-01-18,1
Claiborne,2021-01-18,1
Clay,2021-01-18,2
Cocke,2021-01-18,3
Coffee,2021-01-18,4
Cumberland,2021-01-18,341
Davidson,2021-01-18,17
DeKalb,2021-01-18,0
Dickson,2021-01-18,0
Fayette,2021-01-18,0
Fentress,2021-01-18,11
Franklin,2021-01-18,3
Gibson,2021-01-18,53
Giles,2021-01-18,115
Grainger,2021-01-18,706
Greene,2021-01-18,1
Grundy,2021-01-18,10
Hamblen,2021-01-18,0
Hamilton,2021-01-18,4
Hancock,2021-01-18,1
Hardeman,2021-01-18,0
Hawkins,2021-01-18,17
Haywood,2021-01-18,0
Henry,2021-01-18,36
Hickman,2021-01-18,0
Jefferson,2021-01-18,2
Knox,2021-01-18,161
Lawrence,2021-01-18,8
Loudon,2021-01-18,2
Macon,2021-01-18,2
Marion,2021-01-18,8
Marshall,2021-01-18,11
Maury,2021-01-18,7
Meigs,2021-01-18,5
Monroe,2021-01-18,1
Montgomery,2021-01-18,13
Polk,2021-01-18,1
Rhea,2021-01-18,1
Robertson,2021-01-18,46
Rutherford,2021-01-18,404
Sevier,2021-01-18,13
Shelby,2021-01-18,942
Smith,2021-01-18,0
Stewart,2021-01-18,1
Sullivan,2021-01-18,10
Sumner,2021-01-18,6
Tipton,2021-01-18,4
Trousdale,2021-01-18,5
Unicoi,2021-01-18,0
Union,2021-01-18,111
Warren,2021-01-18,0
Washington,2021-01-18,209
Williamson,2021-01-18,6
Wilson,2021-01-18,16
Bedford,2021-01-19,2
Blount,2021-01-19,536
Bradley,2021-01-19,43
Campbell,2021-01-19,10
Cannon,2021-01-19,2
Claiborne,2021-01-19,1
Cocke,2021-01-19,354
Coffee,2021-01-19,88
Crockett,2021-01-19,2
Cumberland,2021-01-19,18
Davidson,2021-01-19,37
DeKalb,2021-01-19,32
Fayette,2021-01-19,1
Fentress,2021-01-19,1
Franklin,2021-01-19,1
Gibson,2021-01-19,502
Giles,2021-01-19,4
Grainger,2021-01-19,2
Greene,2021-01-19,10
Grundy,2021-01-19,129
Hamblen,2021-01-19,0
Hancock,2021-01-19,1
Hardeman,2021-01-19,0
Hawkins,2021-01-19,56
Haywood,2021-01-19,0
Henry,2021-01-19,4
Jefferson,2021-01-19,4
Knox,2021-01-19,539
Lawrence,2021-01-19,7
Loudon,2021-01-19,3
Macon,2021-01-19,7
Marion,2021-01-19,7
Marshall,2021-01-19,23
Maury,2021-01-19,2
Meigs,2021-01-19,1
Monroe,2021-01-19,643
Montgomery,2021-01-19,35
Obion,2021-01-19,1
Polk,2021-01-19,1
Rhea,2021-01-19,916
Roane,2021-01-19,0
Robertson,2021-01-19,10
Rutherford,2021-01-19,1773
Sevier,2021-01-19,58
Shelby,2021-01-19,1154
Stewart,2021-01-19,1
Sullivan,2021-01-19,86
Sumner,2021-01-19,28
Tipton,2021-01-19,14
Union,2021-01-19,2
Washington,2021-01-19,43
Williamson,2021-01-19,5
Wilson,2021-01-19,37
Anderson,2021-01-20,0
Bedford,2021-01-20,5
Bledsoe,2021-01-20,1
Blount,2021-01-20,33
Bradley,2021-01-20,132
Campbell,2021-01-20,7
Cannon,2021-01-20,2
Cheatham,2021-01-20,1
Chester,2021-01-20,15
Claiborne,2021-01-20,6
Cocke,2021-01-20,41
Coffee,2021-01-20,2
Cumberland,2021-01-20,2
Davidson,2021-01-20,95
Dickson,2021-01-20,0
Fayette,2021-01-20,1
Fentress,2021-01-20,1
Franklin,2021-01-20,11
Giles,2021-01-20,53
Grainger,2021-01-20,1
Greene,2021-01-20,1
Hamblen,2021-01-20,0
Hancock,2021-01-20,11
Hardeman,2021-01-20,0
Hawkins,2021-01-20,526
Haywood,2021-01-20,0
Henry,2021-01-20,47
Jefferson,2021-01-20,0
Knox,2021-01-20,847
Lawrence,2021-01-20,11
Loudon,2021-01-20,35
Macon,2021-01-20,1
Madison,2021-01-20,19
Marion,2021-01-20,30
Marshall,2021-01-20,3
Maury,2021-01-20,55
McMinn,2021-01-20,8
Monroe,2021-01-20,11
Montgomery,2021-01-20,46
Moore,2021-01-20,15
Obion,2021-01-20,2
Polk,2021-01-20,1
Rhea,2021-01-20,1
Roane,2021-01-20,1
Robertson,2021-01-20,8
Rutherford,2021-01-20,7
Sequatchie,2021-01-20,1
Sevier,2021-01-20,7
Shelby,2021-01-20,226
Stewart,2021-01-20,4
Sullivan,2021-01-20,37
Sumner,2021-01-20,6
Tipton,2021-01-20,179
Union,2021-01-20,2
Washington,2021-01-20,12
Williamson,2021-01-20,16
Wilson,2021-01-20,37
Anderson,2021-01-21,19
Bedford,2021-01-21,5
Bledsoe,2021-01-21,1
Blount,2021-01-21,86
Bradley,2021-01-21,2
Campbell,2021-01-21,45
Cannon,2021-01-21,1
Cheatham,2021-01-21,92
Claiborne,2021-01-21,18
Cocke,2021-01-21,55
Coffee,2021-01-21,0
Crockett,2021-01-21,2
Cumberland,2021-01-21,4
Davidson,2021-01-21,360
Fayette,2021-01-21,1
Fentress,2021-01-21,1
Franklin,2021-01-21,18
Gibson,2021-01-21,86
Giles,2021-01-21,1
Grainger,2021-01-21,10
Greene,2021-01-21,2
Grundy,2021-01-21,31
Hamblen,2021-01-21,2
Hamilton,2021-01-21,10
Hancock,2021-01-21,1
Hawkins,2021-01-21,7
Knox,2021-01-21,59
Lake,2021-01-21,4
Lawrence,2021-01-21,6
Lewis,2021-01-21,0
Lincoln,2021-01-21,0
Loudon,2021-01-21,0
Madison,2021-01-21,30
Marion,2021-01-21,29
Marshall,2021-01-21,9
Maury,2021-01-21,409
Monroe,2021-01-21,3
Montgomery,2021-01-21,18
Moore,2021-01-21,9
Morgan,2021-01-21,3
Pickett,2021-01-21,1
Putnam,2021-01-21,1
Rhea,2021-01-21,1
Roane,2021-01-21,1
Robertson,2021-01-21,5
Rutherford,2021-01-21,11589
Sequatchie,2021-01-21,3
Sevier,2021-01-21,4
Shelby,2021-01-21,482
Stewart,2021-01-21,9
Sullivan,2021-01-21,237
Sumner,2021-01-21,68
Tipton,2021-01-21,2
Unicoi,2021-01-21,7
Union,2021-01-21,1
Washington,2021-01-21,13
Williamson,2021-01-21,2362
Wilson,2021-01-21,1
Anderson,2021-01-22,5250
Bedford,2021-01-22,1
Blount,2021-01-22,19
Bradley,2021-01-22,10
Campbell,2021-01-22,105
Cannon,2021-01-22,2
Cheatham,2021-01-22,3
Claiborne,2021-01-22,3
Cocke,2021-01-22,1
Coffee,2021-01-22,5
Crockett,2021-01-22,1
Cumberland,2021-01-22,700
Davidson,2021-01-22,5
Dyer,2021-01-22,0
Fayette,2021-01-22,1
Franklin,2021-01-22,3
Gibson,2021-01-22,0
Giles,2021-01-22,4
Grainger,2021-01-22,2
Greene,2021-01-22,0
Grundy,2021-01-22,1
Hamblen,2021-01-22,40
Hamilton,2021-01-22,5
Hancock,2021-01-22,3
Hawkins,2021-01-22,39
Haywood,2021-01-22,0
Henry,2021-01-22,9
Knox,2021-01-22,28
Lake,2021-01-22,0
Lauderdale,2021-01-22,0
Lawrence,2021-01-22,6
Loudon,2021-01-22,36
Macon,2021-01-22,8
Madison,2021-01-22,0
Marshall,2021-01-22,1
Maury,2021-01-22,2
McMinn,2021-01-22,17
Meigs,2021-01-22,2
Monroe,2021-01-22,2
Montgomery,2021-01-22,22
Moore,2021-01-22,3
Morgan,2021-01-22,3
Obion,2021-01-22,0
Pickett,2021-01-22,1
Polk,2021-01-22,1
Putnam,2021-01-22,1
Roane,2021-01-22,905
Robertson,2021-01-22,6
Rutherford,2021-01-22,5
Sevier,2021-01-22,49
Shelby,2021-01-22,79
Stewart,2021-01-22,1
Sullivan,2021-01-22,6
Sumner,2021-01-22,9
Tipton,2021-01-22,11
Union,2021-01-22,127
Washington,2021-01-22,54
Weakley,2021-01-22,0
Williamson,2021-01-22,4
Wilson,2021-01-22,6
Anderson,2021-01-23,0
Bedford,2021-01-23,0
Bledsoe,2021-01-23,2
Blount,2021-01-23,0
Bradley,2021-01-23,1
Campbell,2021-01-23,9
Cannon,2021-01-23,1
Cheatham,2021-01-23,0
Claiborne,2021-01-23,1
Cocke,2021-01-23,1
Coffee,2021-01-23,0
Crockett,2021-01-23,18
Cumberland,2021-01-23,2
Davidson,2021-01-23,13
DeKalb,2021-01-23,0
Dickson,2021-01-23,0
Fayette,2021-01-23,24
Fentress,2021-01-23,1
Franklin,2021-01-23,2
Gibson,2021-01-23,1
Giles,2021-01-23,1
Grainger,2021-01-23,0
Greene,2021-01-23,1
Grundy,2021-01-23,8
Hamblen,2021-01-23,1
Hancock,2021-01-23,1
Hardeman,2021-01-23,0
Hawkins,2021-01-23,6
Haywood,2021-01-23,0
Henry,2021-01-23,10
Hickman,2021-01-23,0
Knox,2021-01-23,29
Lawrence,2021-01-23,459
Lewis,2021-01-23,0
Lincoln,2021-01-23,0
Loudon,2021-01-23,2115
Marshall,2021-01-23,0
Maury,2021-01-23,1
McMinn,2021-01-23,1
Meigs,2021-01-23,1
Monroe,2021-01-23,54
Montgomery,2021-01-23,25
Morgan,2021-01-23,0
Polk,2021-01-23,6
Putnam,2021-01-23,1
Rhea,2021-01-23,3
Roane,2021-01-23,0
Robertson,2021-01-23,65
Rutherford,2021-01-23,2106
Sequatchie,2021-01-23,21
Sevier,2021-01-23,1
Shelby,2021-01-23,681
Smith,2021-01-23,0
Stewart,2021-01-23,0
Sullivan,2021-01-23,7
Sumner,2021-01-23,5
Tipton,2021-01-23,13
Trousdale,2021-01-23,0
Union,2021-01-23,4
Warren,2021-01-23,0
Washington,2021-01-23,65
Wayne,2021-01-23,0
Williamson,2021-01-23,7
Wilson,2021-01-23,1
Bedford,2021-01-24,22
Blount,2021-01-24,55
Bradley,2021-01-24,1
Campbell,2021-01-24,2
Cheatham,2021-01-24,1
Claiborne,2021-01-24,19
Cocke,2021-01-24,6
Coffee,2021-01-24,1
Cumberland,2021-01-24,24
Davidson,2021-01-24,801
Fayette,2021-01-24,24
Franklin,2021-01-24,8
Giles,2021-01-24,12
Greene,2021-01-24,1
Hamblen,2021-01-24,0
Hancock,2021-01-24,2
Hawkins,2021-01-24,24
Henry,2021-01-24,5
Knox,2021-01-24,257
Lawrence,2021-01-24,320
Macon,2021-01-24,8
Madison,2021-01-24,6
Marion,2021-01-24,5
Marshall,2021-01-24,2
Maury,2021-01-24,1
McMinn,2021-01-24,3
Meigs,2021-01-24,2
Monroe,2021-01-24,3
Montgomery,2021-01-24,16
Obion,2021-01-24,2
Rhea,2021-01-24,9
Robertson,2021-01-24,3
Rutherford,2021-01-24,33
Sevier,2021-01-24,1
Shelby,2021-01-24,11199
Sullivan,2021-01-24,56
Sumner,2021-01-24,0
Washington,2021-01-24,9
Williamson,2021-01-24,1
Wilson,2021-01-24,1391
Anderson,2021-01-25,24
Bedford,2021-01-25,71
Bledsoe,2021-01-25,0
Blount,2021-01-25,72
Bradley,2021-01-25,17
Campbell,2021-01-25,112
Cannon,2021-01-25,1
Cheatham,2021-01-25,1714
Chester,2021-01-25,0
Claiborne,2021-01-25,46
Cocke,2021-01-25,2
Coffee,2021-01-25,1
Crockett,2021-01-25,0
Cumberland,2021-01-25,28
Davidson,2021-01-25,1852
DeKalb,2021-01-25,0
Dickson,2021-01-25,0
Fayette,2021-01-25,28
Fentress,2021-01-25,1
Franklin,2021-01-25,85
Gibson,2021-01-25,60
Giles,2021-01-25,31
Grainger,2021-01-25,183
Greene,2021-01-25,1
Hamblen,2021-01-25,4
Hamilton,2021-01-25,87
Hancock,2021-01-25,27
Hardeman,2021-01-25,2
Hawkins,2021-01-25,124
Haywood,2021-01-25,0
Henderson,2021-01-25,0
Henry,2021-01-25,50
Hickman,2021-01-25,0
Knox,2021-01-25,1366
Lauderdale,2021-01-25,0
Lawrence,2021-01-25,20
Loudon,2021-01-25,683
Macon,2021-01-25,105
Madison,2021-01-25,0
Marion,2021-01-25,2
Marshall,2021-01-25,4
Maury,2021-01-25,65
McMinn,2021-01-25,58
Meigs,2021-01-25,0
Monroe,2021-01-25,838
Montgomery,2021-01-25,159
Morgan,2021-01-25,0
Obion,2021-01-25,207
Overton,2021-01-25,0
Pickett,2021-01-25,3
Polk,2021-01-25,1
Putnam,2021-01-25,0
Rhea,2021-01-25,1
Roane,2021-01-25,3
Robertson,2021-01-25,443
Rutherford,2021-01-25,27
Scott,2021-01-25,0
Sevier,2021-01-25,90
Shelby,2021-01-25,6455
Smith,2021-01-25,0
Stewart,2021-01-25,1286
Sullivan,2021-01-25,62
Sumner,2021-01-25,1938
Tipton,2021-01-25,0
Trousdale,2021-01-25,893
Union,2021-01-25,28
Warren,2021-01-25,0
Washington,2021-01-25,88
White,2021-01-25,0
Williamson,2021-01-25,5388
Wilson,2021-01-25,27
Anderson,2021-01-26,5253
Bedford,2021-01-26,18
Blount,2021-01-26,64
Bradley,2021-01-26,767
Campbell,2021-01-26,19
Cannon,2021-01-26,11
Cheatham,2021-01-26,24
Chester,2021-01-26,0
Claiborne,2021-01-26,72
Cocke,2021-01-26,25
Coffee,2021-01-26,1
Crockett,2021-01-26,0
Cumberland,2021-01-26,24
Davidson,2021-01-26,506
Dyer,2021-01-26,2
Fayette,2021-01-26,1
Fentress,2021-01-26,1
Franklin,2021-01-26,85
Gibson,2021-01-26,1
Giles,2021-01-26,2
Greene,2021-01-26,2
Grundy,2021-01-26,33
Hamblen,2021-01-26,2
Hamilton,2021-01-26,1
Hancock,2021-01-26,34
Hardeman,2021-01-26,0
Hawkins,2021-01-26,188
Haywood,2021-01-26,0
Henderson,2021-01-26,0
Henry,2021-01-26,8
Knox,2021-01-26,1369
Lauderdale,2021-01-26,0
Lawrence,2021-01-26,21
Loudon,2021-01-26,3
Madison,2021-01-26,0
Marion,2021-01-26,4
Marshall,2021-01-26,22
Maury,2021-01-26,8
McMinn,2021-01-26,1
Meigs,2021-01-26,39
Monroe,2021-01-26,15
Montgomery,2021-01-26,130
Obion,2021-01-26,8
Pickett,2021-01-26,0
Polk,2021-01-26,14
Putnam,2021-01-26,1
Rhea,2021-01-26,1
Roane,2021-01-26,4002
Robertson,2021-01-26,10
Rutherford,2021-01-26,12
Scott,2021-01-26,0
Sequatchie,2021-01-26,8
Sevier,2021-01-26,121
Shelby,2021-01-26,399
Stewart,2021-01-26,1
Sullivan,2021-01-26,1039
Sumner,2021-01-26,7
Tipton,2021-01-26,0
Union,2021-01-26,16
Washington,2021-01-26,430
Williamson,2021-01-26,93
Wilson,2021-01-26,24
Anderson,2021-01-27,32
Bedford,2021-01-27,18
Bledsoe,2021-01-27,4
Blount,2021-01-27,43
Bradley,2021-01-27,11
Campbell,2021-01-27,107
Cannon,2021-01-27,3
Cheatham,2021-01-27,1
Chester,2021-01-27,0
Claiborne,2021-01-27,51
Clay,2021-01-27,18
Cocke,2021-01-27,27
Coffee,2021-01-27,3
Crockett,2021-01-27,43
Cumberland,2021-01-27,1
Davidson,2021-01-27,283
Fayette,2021-01-27,0
Fentress,2021-01-27,2
Franklin,2021-01-27,1
Giles,2021-01-27,44
Grainger,2021-01-27,3
Greene,2021-01-27,8
Hamblen,2021-01-27,2
Hamilton,2021-01-27,46
Hancock,2021-01-27,25
Hardeman,2021-01-27,0
Hawkins,2021-01-27,48
Haywood,2021-01-27,0
Henderson,2021-01-27,0
Henry,2021-01-27,7
Knox,2021-01-27,1744
Lauderdale,2021-01-27,0
Lawrence,2021-01-27,3
Loudon,2021-01-27,3
Madison,2021-01-27,1
Marion,2021-01-27,2
Marshall,2021-01-27,2
Maury,2021-01-27,2
McMinn,2021-01-27,13
Meigs,2021-01-27,15
Monroe,2021-01-27,86
Montgomery,2021-01-27,18
Morgan,2021-01-27,0
Obion,2021-01-27,1
Overton,2021-01-27,0
Pickett,2021-01-27,0
Polk,2021-01-27,0
Putnam,2021-01-27,0
Rhea,2021-01-27,0
Roane,2021-01-27,0
Robertson,2021-01-27,6
Rutherford,2021-01-27,213
Scott,2021-01-27,0
Sevier,2021-01-27,11
Shelby,2021-01-27,1153
Stewart,2021-01-27,1
Sullivan,2021-01-27,38
Sumner,2021-01-27,4
Tipton,2021-01-27,0
Trousdale,2021-01-27,5
Union,2021-01-27,0
Washington,2021-01-27,37
White,2021-01-27,0
Williamson,2021-01-27,6
Wilson,2021-01-27,8
Anderson,2021-01-28,6
Bedford,2021-01-28,74
Bledsoe,2021-01-28,557
Blount,2021-01-28,199
Bradley,2021-01-28,1
Campbell,2021-01-28,879
Cannon,2021-01-28,3
Cheatham,2021-01-28,19
Chester,2021-01-28,0
Claiborne,2021-01-28,36
Cocke,2021-01-28,11
Coffee,2021-01-28,3
Crockett,2021-01-28,0
Cumberland,2021-01-28,12
Davidson,2021-01-28,12
DeKalb,2021-01-28,0
Dickson,2021-01-28,0
Fayette,2021-01-28,1
Fentress,2021-01-28,1
Franklin,2021-01-28,2
Gibson,2021-01-28,6
Giles,2021-01-28,1
Greene,2021-01-28,5
Grundy,2021-01-28,1
Hamblen,2021-01-28,0
Hamilton,2021-01-28,1
Hancock,2021-01-28,5
Hardeman,2021-01-28,0
Hawkins,2021-01-28,21
Haywood,2021-01-28,0
Henderson,2021-01-28,0
Henry,2021-01-28,12
Hickman,2021-01-28,0
Knox,2021-01-28,316
Lauderdale,2021-01-28,0
Lawrence,2021-01-28,289
Lewis,2021-01-28,0
Lincoln,2021-01-28,0
Loudon,2021-01-28,1
Madison,2021-01-28,0
Marion,2021-01-28,2
Marshall,2021-01-28,2
Maury,2021-01-28,2
Monroe,2021-01-28,26
Montgomery,2021-01-28,10
Moore,2021-01-28,0
Pickett,2021-01-28,0
Rhea,2021-01-28,41
Robertson,2021-01-28,49
Rutherford,2021-01-28,30
Scott,2021-01-28,0
Sevier,2021-01-28,31
Shelby,2021-01-28,272
Smith,2021-01-28,0
Stewart,2021-01-28,1
Sullivan,2021-01-28,12
Sumner,2021-01-28,12
Tipton,2021-01-28,0
Trousdale,2021-01-28,4
Unicoi,2021-01-28,0
Union,2021-01-28,7
Warren,2021-01-28,0
Washington,2021-01-28,28
Williamson,2021-01-28,7
Wilson,2021-01-28,13
Anderson,2021-01-29,3
Bedford,2021-01-29,2
Blount,2021-01-29,52
Bradley,2021-01-29,1
Campbell,2021-01-29,61
Cannon,2021-01-29,1
Cheatham,2021-01-29,3
Chester,2021-01-29,3
Claiborne,2021-01-29,360
Cocke,2021-01-29,40
Coffee,2021-01-29,34
Crockett,2021-01-29,0
Cumberland,2021-01-29,3
Davidson,2021-01-29,1100
Fayette,2021-01-29,0
Fentress,2021-01-29,1
Franklin,2021-01-29,9
Giles,2021-01-29,4
Greene,2021-01-29,1
Hamblen,2021-01-29,1
Hancock,2021-01-29,1
Hardeman,2021-01-29,0
Hawkins,2021-01-29,35
Haywood,2021-01-29,0
Henderson,2021-01-29,0
Henry,2021-01-29,20
Jefferson,2021-01-29,0
Knox,2021-01-29,310
Lauderdale,2021-01-29,0
Lawrence,2021-01-29,3
Loudon,2021-01-29,7
Macon,2021-01-29,2
Madison,2021-01-29,5
Marion,2021-01-29,2
Marshall,2021-01-29,1
Maury,2021-01-29,25
Meigs,2021-01-29,1
Monroe,2021-01-29,4
Montgomery,2021-01-29,43
Morgan,2021-01-29,1
Obion,2021-01-29,1
Pickett,2021-01-29,0
Polk,2021-01-29,1
Robertson,2021-01-29,11
Rutherford,2021-01-29,12
Scott,2021-01-29,0
Sevier,2021-01-29,14
Shelby,2021-01-29,2304
Stewart,2021-01-29,2
Sullivan,2021-01-29,7
Sumner,2021-01-29,12
Tipton,2021-01-29,4
Union,2021-01-29,2
Washington,2021-01-29,19
Williamson,2021-01-29,20
Wilson,2021-01-29,6
Anderson,2021-01-30,6
Bedford,2021-01-30,16
Bledsoe,2021-01-30,39
Blount,2021-01-30,14
Bradley,2021-01-30,1075
Campbell,2021-01-30,27
Cheatham,2021-01-30,1
Claiborne,2021-01-30,2
Cocke,2021-01-30,5
Coffee,2021-01-30,83
Cumberland,2021-01-30,305
Davidson,2021-01-30,1786
Fayette,2021-01-30,1
Fentress,2021-01-30,5
Franklin,2021-01-30,258
Gibson,2021-01-30,673
Giles,2021-01-30,94
Grainger,2021-01-30,24
Greene,2021-01-30,0
Grundy,2021-01-30,53
Hamblen,2021-01-30,0
Hamilton,2021-01-30,0
Hancock,2021-01-30,2
Hardeman,2021-01-30,0
Hawkins,2021-01-30,30
Haywood,2021-01-30,2
Henry,2021-01-30,123
Jefferson,2021-01-30,16
Knox,2021-01-30,25
Lawrence,2021-01-30,7
Loudon,2021-01-30,2
Madison,2021-01-30,2
Marion,2021-01-30,25
Marshall,2021-01-30,1
Maury,2021-01-30,6
McMinn,2021-01-30,1
Monroe,2021-01-30,20
Montgomery,2021-01-30,235
Pickett,2021-01-30,1
Putnam,2021-01-30,67
Rhea,2021-01-30,0
Robertson,2021-01-30,4
Rutherford,2021-01-30,8
Scott,2021-01-30,0
Sequatchie,2021-01-30,2
Sevier,2021-01-30,28
Shelby,2021-01-30,3728
Stewart,2021-01-30,29
Sullivan,2021-01-30,7
Sumner,2021-01-30,1
Tipton,2021-01-30,2
Union,2021-01-30,0
Van Buren,2021-01-30,0
Washington,2021-01-30,3
Williamson,2021-01-30,0
Wilson,2021-01-30,4
Anderson,2021-01-31,3
Bledsoe,2021-01-31,91
Blount,2021-01-31,129
Bradley,2021-01-31,16
Campbell,2021-01-31,20
Cannon,2021-01-31,6
Cheatham,2021-01-31,2
Claiborne,2021-01-31,6
Cocke,2021-01-31,20
Coffee,2021-01-31,2
Cumberland,2021-01-31,1
Davidson,2021-01-31,736
Fayette,2021-01-31,1
Franklin,2021-01-31,27
Gibson,2021-01-31,3
Giles,2021-01-31,27
Grainger,2021-01-31,6
Greene,2021-01-31,31
Grundy,2021-01-31,8
Hamblen,2021-01-31,3
Hamilton,2021-01-31,23
Hancock,2021-01-31,1
Hawkins,2021-01-31,79
Haywood,2021-01-31,8
Henry,2021-01-31,50
Jefferson,2021-01-31,13
Knox,2021-01-31,102
Lawrence,2021-01-31,1
Loudon,2021-01-31,0
Madison,2021-01-31,565
Marion,2021-01-31,6
Maury,2021-01-31,2
Monroe,2021-01-31,69
Montgomery,2021-01-31,5
Obion,2021-01-31,5
Overton,2021-01-31,13
Pickett,2021-01-31,0
Polk,2021-01-31,8
Putnam,2021-01-31,9
Rutherford,2021-01-31,88
Scott,2021-01-31,0
Sevier,2021-01-31,1
Shelby,2021-01-31,2810
Stewart,2021-01-31,1
Sullivan,2021-01-31,8
Sumner,2021-01-31,4
Washington,2021-01-31,472
Williamson,2021-01-31,18
Wilson,2021-01-31,1
Anderson,2021-02-01,9
Bedford,2021-02-01,0
Bledsoe,2021-02-01,1
Blount,2021-02-01,9
Bradley,2021-02-01,24
Campbell,2021-02-01,116
Cannon,2021-02-01,4
Cheatham,2021-02-01,1
Claiborne,2021-02-01,1
Cocke,2021-02-01,37
Coffee,2021-02-01,2
Crockett,2021-02-01,18
Cumberland,2021-02-01,5
Davidson,2021-02-01,130
DeKalb,2021-02-01,0
Dickson,2021-02-01,0
Fentress,2021-02-01,1
Franklin,2021-02-01,3
Gibson,2021-02-01,5
Giles,2021-02-01,10
Greene,2021-02-01,1
Grundy,2021-02-01,6
Hamblen,2021-02-01,1
Hamilton,2021-02-01,173
Hancock,2021-02-01,18
Hawkins,2021-02-01,2
Henry,2021-02-01,59
Hickman,2021-02-01,0
Knox,2021-02-01,82
Lawrence,2021-02-01,1
Loudon,2021-02-01,1
Madison,2021-02-01,2
Marion,2021-02-01,43
Marshall,2021-02-01,2
Maury,2021-02-01,2
McMinn,2021-02-01,1
Meigs,2021-02-01,0
Monroe,2021-02-01,4
Montgomery,2021-02-01,15
Moore,2021-02-01,1
Morgan,2021-02-01,0
Obion,2021-02-01,1
Overton,2021-02-01,0
Pickett,2021-02-01,0
Polk,2021-02-01,0
Putnam,2021-02-01,0
Rhea,2021-02-01,1
Roane,2021-02-01,0
Robertson,2021-02-01,17
Rutherford,2021-02-01,536
Scott,2021-02-01,0
Sequatchie,2021-02-01,361
Sevier,2021-02-01,46
Shelby,2021-02-01,178
Smith,2021-02-01,0
Sullivan,2021-02-01,132
Sumner,2021-02-01,65
Tipton,2021-02-01,2
Trousdale,2021-02-01,0
Warren,2021-02-01,0
Washington,2021-02-01,18
White,2021-02-01,0
Williamson,2021-02-01,13
Wilson,2021-02-01,3
Anderson,2021-02-02,1
Bedford,2021-02-02,3
Blount,2021-02-02,17
Bradley,2021-02-02,4
Campbell,2021-02-02,0
Cannon,2021-02-02,1
Cheatham,2021-02-02,3
Claiborne,2021-02-02,1
Cocke,2021-02-02,1
Coffee,2021-02-02,2
Cumberland,2021-02-02,1
Davidson,2021-02-02,235
Fentress,2021-02-02,1
Franklin,2021-02-02,31
Gibson,2021-02-02,6
Giles,2021-02-02,2
Greene,2021-02-02,1
Grundy,2021-02-02,2
Hamblen,2021-02-02,38
Hamilton,2021-02-02,47
Hancock,2021-02-02,1
Hawkins,2021-02-02,10
Henry,2021-02-02,123
Knox,2021-02-02,114
Lawrence,2021-02-02,21
Lincoln,2021-02-02,0
Loudon,2021-02-02,4
Marion,2021-02-02,1
Marshall,2021-02-02,4
Maury,2021-02-02,2
McMinn,2021-02-02,70
Meigs,2021-02-02,1602
Monroe,2021-02-02,6
Montgomery,2021-02-02,32
Moore,2021-02-02,1
Obion,2021-02-02,29
Polk,2021-02-02,38
Robertson,2021-02-02,6
Rutherford,2021-02-02,12
Sequatchie,2021-02-02,1
Sevier,2021-02-02,1339
Shelby,2021-02-02,2302
Stewart,2021-02-02,13
Sullivan,2021-02-02,109
Sumner,2021-02-02,3
Tipton,2021-02-02,1
Union,2021-02-02,12
Washington,2021-02-02,4
White,2021-02-02,22
Williamson,2021-02-02,50
Wilson,2021-02-02,10
Anderson,2021-02-03,25
Bedford,2021-02-03,24
Blount,2021-02-03,198
Bradley,2021-02-03,1
Campbell,2021-02-03,44
Cannon,2021-02-03,3
Carter,2021-02-03,0
Cheatham,2021-02-03,203
Chester,2021-02-03,3
Claiborne,2021-02-03,13
Cocke,2021-02-03,6
Coffee,2021-02-03,1
Crockett,2021-02-03,949
Cumberland,2021-02-03,2
Davidson,2021-02-03,45
Fayette,2021-02-03,1
Fentress,2021-02-03,72
Franklin,2021-02-03,1147
Gibson,2021-02-03,4
Giles,2021-02-03,42
Greene,2021-02-03,7
Hamblen,2021-02-03,4
Hamilton,2021-02-03,47
Hancock,2021-02-03,1
Hardeman,2021-02-03,0
Hawkins,2021-02-03,27
Haywood,2021-02-03,0
Henry,2021-02-03,23
Knox,2021-02-03,20
Lawrence,2021-02-03,3
Loudon,2021-02-03,32
Macon,2021-02-03,50
Marion,2021-02-03,14
Marshall,2021-02-03,6
Maury,2021-02-03,2
McMinn,2021-02-03,483
Meigs,2021-02-03,1
Monroe,2021-02-03,568
Montgomery,2021-02-03,115
Moore,2021-02-03,1
Morgan,2021-02-03,46
Pickett,2021-02-03,0
Polk,2021-02-03,804
Rhea,2021-02-03,1
Roane,2021-02-03,0
Robertson,2021-02-03,25
Rutherford,2021-02-03,11
Scott,2021-02-03,0
Sevier,2021-02-03,42
Shelby,2021-02-03,385
Stewart,2021-02-03,1
Sullivan,2021-02-03,15
Sumner,2021-02-03,469
Tipton,2021-02-03,29
Union,2021-02-03,1
Washington,2021-02-03,158
Williamson,2021-02-03,8
Wilson,2021-02-03,332
Anderson,2021-02-04,23
Bedford,2021-02-04,647
Bledsoe,2021-02-04,30
Blount,2021-02-04,20
Bradley,2021-02-04,348
Cannon,2021-02-04,1
Cheatham,2021-02-04,2
Claiborne,2021-02-04,6
Clay,2021-02-04,3
Cocke,2021-02-04,53
Coffee,2021-02-04,3
Crockett,2021-02-04,38
Cumberland,2021-02-04,182
Davidson,2021-02-04,221
Fayette,2021-02-04,2
Fentress,2021-02-04,34
Franklin,2021-02-04,562
Gibson,2021-02-04,2
Giles,2021-02-04,2
Grainger,2021-02-04,1
Greene,2021-02-04,2
Hamblen,2021-02-04,21
Hamilton,2021-02-04,638
Hancock,2021-02-04,2
Hardeman,2021-02-04,0
Hawkins,2021-02-04,2
Haywood,2021-02-04,0
Henry,2021-02-04,50
Jefferson,2021-02-04,0
Knox,2021-02-04,50
Lawrence,2021-02-04,20
Loudon,2021-02-04,2
Macon,2021-02-04,5
Madison,2021-02-04,13
Marion,2021-02-04,2
Marshall,2021-02-04,1183
Maury,2021-02-04,3
McMinn,2021-02-04,72
Meigs,2021-02-04,79
Monroe,2021-02-04,12
Montgomery,2021-02-04,200
Obion,2021-02-04,2
Polk,2021-02-04,1
Putnam,2021-02-04,10
Rhea,2021-02-04,499
Roane,2021-02-04,1
Robertson,2021-02-04,20
Rutherford,2021-02-04,340
Sequatchie,2021-02-04,1
Sevier,2021-02-04,813
Shelby,2021-02-04,3218
Stewart,2021-02-04,1
Sullivan,2021-02-04,10
Sumner,2021-02-04,12
Tipton,2021-02-04,12
Union,2021-02-04,6
Washington,2021-02-04,10
White,2021-02-04,1
Williamson,2021-02-04,106
Wilson,2021-02-04,1783
Anderson,2021-02-05,2
Bedford,2021-02-05,2
Bledsoe,2021-02-05,3
Blount,2021-02-05,16
Bradley,2021-02-05,3
Campbell,2021-02-05,90
Cannon,2021-02-05,3
Carter,2021-02-05,0
Cheatham,2021-02-05,6
Claiborne,2021-02-05,155
Cocke,2021-02-05,23
Coffee,2021-02-05,1
Cumberland,2021-02-05,12
Davidson,2021-02-05,18
DeKalb,2021-02-05,1
Fayette,2021-02-05,2
Fentress,2021-02-05,13
Franklin,2021-02-05,1
Gibson,2021-02-05,1
Giles,2021-02-05,778
Greene,2021-02-05,7
Grundy,2021-02-05,1
Hamblen,2021-02-05,10
Hamilton,2021-02-05,2
Hancock,2021-02-05,1
Hawkins,2021-02-05,4
Henry,2021-02-05,292
Knox,2021-02-05,360
Lawrence,2021-02-05,6
Loudon,2021-02-05,3
Marion,2021-02-05,17
Marshall,2021-02-05,27
Maury,2021-02-05,1
McMinn,2021-02-05,1
Meigs,2021-02-05,66
Monroe,2021-02-05,4
Montgomery,2021-02-05,375
Obion,2021-02-05,1
Polk,2021-02-05,1
Rhea,2021-02-05,1
Robertson,2021-02-05,12
Rutherford,2021-02-05,6
Sequatchie,2021-02-05,1
Sevier,2021-02-05,813
Shelby,2021-02-05,48
Stewart,2021-02-05,1
Sullivan,2021-02-05,37
Sumner,2021-02-05,6
Tipton,2021-02-05,5
Union,2021-02-05,65
Washington,2021-02-05,613
Williamson,2021-02-05,106
Wilson,2021-02-05,11
Anderson,2021-02-06,1
Bedford,2021-02-06,29
Bledsoe,2021-02-06,1
Blount,2021-02-06,30
Bradley,2021-02-06,169
Cannon,2021-02-06,86
Claiborne,2021-02-06,26
Cocke,2021-02-06,22
Coffee,2021-02-06,2
Cumberland,2021-02-06,24
Davidson,2021-02-06,9
Fentress,2021-02-06,357
Giles,2021-02-06,299
Grainger,2021-02-06,5
Greene,2021-02-06,49
Grundy,2021-02-06,22
Hamblen,2021-02-06,51
Hamilton,2021-02-06,16
Hancock,2021-02-06,1
Hawkins,2021-02-06,51
Jefferson,2021-02-06,1
Knox,2021-02-06,58
Lawrence,2021-02-06,2
Loudon,2021-02-06,3
Macon,2021-02-06,15
Madison,2021-02-06,19
Marion,2021-02-06,50
Marshall,2021-02-06,2
Maury,2021-02-06,1
Meigs,2021-02-06,38
Montgomery,2021-02-06,993
Morgan,2021-02-06,18
Polk,2021-02-06,1
Robertson,2021-02-06,1
Rutherford,2021-02-06,114
Sequatchie,2021-02-06,1
Sevier,2021-02-06,2
Shelby,2021-02-06,2590
Sullivan,2021-02-06,12
Sumner,2021-02-06,3
Union,2021-02-06,65
Washington,2021-02-06,613
Williamson,2021-02-06,1
Wilson,2021-02-06,1
Anderson,2021-02-07,244
Bedford,2021-02-07,286
Bledsoe,2021-02-07,338
Blount,2021-02-07,541
Bradley,2021-02-07,2
Campbell,2021-02-07,2306
Cannon,2021-02-07,35
Cheatham,2021-02-07,0
Claiborne,2021-02-07,2917
Clay,2021-02-07,1
Cocke,2021-02-07,577
Coffee,2021-02-07,104
Cumberland,2021-02-07,3817
Davidson,2021-02-07,10
Fentress,2021-02-07,1669
Franklin,2021-02-07,136
Giles,2021-02-07,38
Grainger,2021-02-07,105
Greene,2021-02-07,7
Grundy,2021-02-07,145
Hamblen,2021-02-07,0
Hamilton,2021-02-07,28
Hancock,2021-02-07,257
Hawkins,2021-02-07,143
Jefferson,2021-02-07,35
Knox,2021-02-07,2881
Lawrence,2021-02-07,4
Loudon,2021-02-07,31
Madison,2021-02-07,191
Marion,2021-02-07,177
Marshall,2021-02-07,50
McMinn,2021-02-07,1
Meigs,2021-02-07,15
Monroe,2021-02-07,73
Montgomery,2021-02-07,11
Moore,2021-02-07,13
Morgan,2021-02-07,18
Overton,2021-02-07,393
Pickett,2021-02-07,34
Polk,2021-02-07,0
Putnam,2021-02-07,527
Rhea,2021-02-07,86
Roane,2021-02-07,0
Robertson,2021-02-07,21
Rutherford,2021-02-07,62
Scott,2021-02-07,64
Sequatchie,2021-02-07,48
Sevier,2021-02-07,210
Shelby,2021-02-07,2294
Stewart,2021-02-07,1
Sullivan,2021-02-07,108
Sumner,2021-02-07,10
Tipton,2021-02-07,51
Union,2021-02-07,212
Van Buren,2021-02-07,28
Washington,2021-02-07,26
White,2021-02-07,595
Williamson,2021-02-07,44
Wilson,2021-02-07,2
Anderson,2021-02-08,2
Bedford,2021-02-08,1
Bledsoe,2021-02-08,68
Blount,2021-02-08,202
Bradley,2021-02-08,0
Campbell,2021-02-08,105
Cannon,2021-02-08,8
Cheatham,2021-02-08,1
Claiborne,2021-02-08,111
Clay,2021-02-08,0
Cocke,2021-02-08,32
Coffee,2021-02-08,0
Crockett,2021-02-08,5
Cumberland,2021-02-08,0
Davidson,2021-02-08,30
DeKalb,2021-02-08,0
Dickson,2021-02-08,0
Dyer,2021-02-08,45
Fayette,2021-02-08,47
Fentress,2021-02-08,0
Franklin,2021-02-08,5
Gibson,2021-02-08,2
Giles,2021-02-08,53
Greene,2021-02-08,12
Grundy,2021-02-08,112
Hamblen,2021-02-08,1
Hamilton,2021-02-08,1
Hancock,2021-02-08,29
Hardeman,2021-02-08,0
Hawkins,2021-02-08,24
Haywood,2021-02-08,0
Henry,2021-02-08,289
Hickman,2021-02-08,0
Jackson,2021-02-08,0
Jefferson,2021-02-08,2
Knox,2021-02-08,111
Lawrence,2021-02-08,20
Loudon,2021-02-08,3
Macon,2021-02-08,1
Madison,2021-02-08,2
Marion,2021-02-08,1
Marshall,2021-02-08,4
Maury,2021-02-08,26
McMinn,2021-02-08,0
Meigs,2021-02-08,0
Monroe,2021-02-08,3
Montgomery,2021-02-08,130
Morgan,2021-02-08,0
Overton,2021-02-08,0
Pickett,2021-02-08,0
Polk,2021-02-08,0
Putnam,2021-02-08,0
Rhea,2021-02-08,0
Roane,2021-02-08,0
Robertson,2021-02-08,34
Rutherford,2021-02-08,23
Scott,2021-02-08,0
Sequatchie,2021-02-08,1
Sevier,2021-02-08,118
Shelby,2021-02-08,65
Smith,2021-02-08,2
Stewart,2021-02-08,1
Sullivan,2021-02-08,76
Sumner,2021-02-08,9
Tipton,2021-02-08,19
Trousdale,2021-02-08,4
Union,2021-02-08,6
Warren,2021-02-08,0
Washington,2021-02-08,38
White,2021-02-08,0
Williamson,2021-02-08,1043
Wilson,2021-02-08,182
Anderson,2021-02-09,6
Bedford,2021-02-09,5
Bledsoe,2021-02-09,1
Blount,2021-02-09,141
Bradley,2021-02-09,41
Campbell,2021-02-09,31
Cannon,2021-02-09,6
Cheatham,2021-02-09,2
Claiborne,2021-02-09,8
Clay,2021-02-09,3
Cocke,2021-02-09,22
Coffee,2021-02-09,3
Cumberland,2021-02-09,0
Davidson,2021-02-09,314
DeKalb,2021-02-09,1
Fayette,2021-02-09,1
Fentress,2021-02-09,0
Franklin,2021-02-09,2
Giles,2021-02-09,2
Greene,2021-02-09,7
Grundy,2021-02-09,0
Hamblen,2021-02-09,3
Hamilton,2021-02-09,0
Hancock,2021-02-09,29
Hawkins,2021-02-09,58
Henderson,2021-02-09,2
Henry,2021-02-09,40
Jefferson,2021-02-09,1
Knox,2021-02-09,188
Lawrence,2021-02-09,5
Lewis,2021-02-09,0
Lincoln,2021-02-09,0
Loudon,2021-02-09,33
Madison,2021-02-09,2
Marion,2021-02-09,3
Marshall,2021-02-09,13
Maury,2021-02-09,8
McMinn,2021-02-09,0
Meigs,2021-02-09,0
Monroe,2021-02-09,61
Montgomery,2021-02-09,73
Moore,2021-02-09,0
Morgan,2021-02-09,0
Obion,2021-02-09,1
Overton,2021-02-09,0
Pickett,2021-02-09,0
Polk,2021-02-09,0
Putnam,2021-02-09,0
Rhea,2021-02-09,0
Roane,2021-02-09,0
Robertson,2021-02-09,13
Rutherford,2021-02-09,9
Scott,2021-02-09,0
Sevier,2021-02-09,8
Shelby,2021-02-09,93
Stewart,2021-02-09,1
Sullivan,2021-02-09,10
Sumner,2021-02-09,6
Tipton,2021-02-09,30
Trousdale,2021-02-09,18
Union,2021-02-09,8
Washington,2021-02-09,26
White,2021-02-09,0
Williamson,2021-02-09,8
Wilson,2021-02-09,22
Anderson,2021-02-10,495
Bedford,2021-02-10,161
Bledsoe,2021-02-10,4
Blount,2021-02-10,162
Bradley,2021-02-10,39
Campbell,2021-02-10,360
Cannon,2021-02-10,7
Carter,2021-02-10,0
Cheatham,2021-02-10,2
Claiborne,2021-02-10,1
Clay,2021-02-10,9
Cocke,2021-02-10,310
Coffee,2021-02-10,28
Crockett,2021-02-10,1
Cumberland,2021-02-10,0
Davidson,2021-02-10,23
DeKalb,2021-02-10,0
Dickson,2021-02-10,0
Fayette,2021-02-10,1
Fentress,2021-02-10,0
Franklin,2021-02-10,4
Gibson,2021-02-10,51
Giles,2021-02-10,25
Grainger,2021-02-10,2
Greene,2021-02-10,7
Hamblen,2021-02-10,2835
Hamilton,2021-02-10,0
Hancock,2021-02-10,1
Hardeman,2021-02-10,0
Hawkins,2021-02-10,147
Haywood,2021-02-10,193
Henry,2021-02-10,6
Hickman,2021-02-10,0
Jefferson,2021-02-10,1
Knox,2021-02-10,714
Lake,2021-02-10,5
Lawrence,2021-02-10,26
Lincoln,2021-02-10,1
Loudon,2021-02-10,32
Madison,2021-02-10,3
Marion,2021-02-10,6
Marshall,2021-02-10,2
Maury,2021-02-10,7
McMinn,2021-02-10,0
Meigs,2021-02-10,0
Monroe,2021-02-10,10
Montgomery,2021-02-10,62
Moore,2021-02-10,1
Morgan,2021-02-10,0
Obion,2021-02-10,5
Overton,2021-02-10,0
Pickett,2021-02-10,0
Polk,2021-02-10,0
Putnam,2021-02-10,0
Rhea,2021-02-10,0
Roane,2021-02-10,0
Robertson,2021-02-10,30
Rutherford,2021-02-10,18
Scott,2021-02-10,0
Sevier,2021-02-10,25
Shelby,2021-02-10,1297
Smith,2021-02-10,0
Sullivan,2021-02-10,35
Sumner,2021-02-10,2
Tipton,2021-02-10,790
Trousdale,2021-02-10,5
Union,2021-02-10,42
Warren,2021-02-10,0
Washington,2021-02-10,13
White,2021-02-10,0
Williamson,2021-02-10,6
Wilson,2021-02-10,3240
Anderson,2021-02-11,40
Bedford,2021-02-11,2
Bledsoe,2021-02-11,0
Blount,2021-02-11,8
Bradley,2021-02-11,0
Campbell,2021-02-11,54
Carter,2021-02-11,0
Cheatham,2021-02-11,3
Chester,2021-02-11,2
Claiborne,2021-02-11,914
Cocke,2021-02-11,15
Crockett,2021-02-11,215
Cumberland,2021-02-11,0
Davidson,2021-02-11,10
Fayette,2021-02-11,1887
Fentress,2021-02-11,0
Franklin,2021-02-11,2
Gibson,2021-02-11,57
Giles,2021-02-11,25
Grainger,2021-02-11,2
Greene,2021-02-11,3
Hamblen,2021-02-11,3
Hamilton,2021-02-11,0
Hancock,2021-02-11,2
Hardeman,2021-02-11,1
Hawkins,2021-02-11,6
Haywood,2021-02-11,593
Henry,2021-02-11,56
Jefferson,2021-02-11,1
Knox,2021-02-11,2349
Lawrence,2021-02-11,5
Loudon,2021-02-11,1
Madison,2021-02-11,922
Marshall,2021-02-11,58
Maury,2021-02-11,2
McMinn,2021-02-11,0
Meigs,2021-02-11,0
Monroe,2021-02-11,5
Montgomery,2021-02-11,519
Morgan,2021-02-11,0
Obion,2021-02-11,35
Overton,2021-02-11,0
Pickett,2021-02-11,0
Polk,2021-02-11,0
Putnam,2021-02-11,0
Rhea,2021-02-11,0
Roane,2021-02-11,0
Robertson,2021-02-11,21
Rutherford,2021-02-11,4
Scott,2021-02-11,0
Sequatchie,2021-02-11,1
Sevier,2021-02-11,347
Shelby,2021-02-11,8487
Stewart,2021-02-11,80
Sullivan,2021-02-11,11
Sumner,2021-02-11,1
Tipton,2021-02-11,790
Union,2021-02-11,1
Washington,2021-02-11,0
White,2021-02-11,0
Williamson,2021-02-11,825
Wilson,2021-02-11,2
Anderson,2021-02-12,2
Bedford,2021-02-12,3
Bledsoe,2021-02-12,239
Blount,2021-02-12,1
Bradley,2021-02-12,1
Campbell,2021-02-12,266
Carter,2021-02-12,0
Cheatham,2021-02-12,1
Chester,2021-02-12,3
Claiborne,2021-02-12,17
Cocke,2021-02-12,216
Coffee,2021-02-12,3
Crockett,2021-02-12,500
Cumberland,2021-02-12,0
Davidson,2021-02-12,260
Fayette,2021-02-12,383
Fentress,2021-02-12,0
Franklin,2021-02-12,187
Gibson,2021-02-12,503
Giles,2021-02-12,11
Grainger,2021-02-12,1
Greene,2021-02-12,112
Hamblen,2021-02-12,4
Hamilton,2021-02-12,0
Hancock,2021-02-12,1
Hardeman,2021-02-12,0
Hawkins,2021-02-12,4
Haywood,2021-02-12,1
Henderson,2021-02-12,0
Henry,2021-02-12,77
Knox,2021-02-12,131
Lauderdale,2021-02-12,0
Lawrence,2021-02-12,25
Loudon,2021-02-12,749
Madison,2021-02-12,425
Marshall,2021-02-12,22
Maury,2021-02-12,3
McMinn,2021-02-12,0
Meigs,2021-02-12,0
Monroe,2021-02-12,14
Montgomery,2021-02-12,83
Moore,2021-02-12,9
Morgan,2021-02-12,0
Overton,2021-02-12,0
Pickett,2021-02-12,0
Polk,2021-02-12,0
Putnam,2021-02-12,0
Rhea,2021-02-12,0
Roane,2021-02-12,0
Robertson,2021-02-12,2
Rutherford,2021-02-12,3
Scott,2021-02-12,0
Sequatchie,2021-02-12,5
Sevier,2021-02-12,22
Shelby,2021-02-12,12564
Stewart,2021-02-12,1
Sullivan,2021-02-12,145
Sumner,2021-02-12,2
Tipton,2021-02-12,3
Unicoi,2021-02-12,2
Union,2021-02-12,2
Van Buren,2021-02-12,696
Washington,2021-02-12,0
White,2021-02-12,0
Williamson,2021-02-12,29
Wilson,2021-02-12,5
Anderson,2021-02-13,2
Bedford,2021-02-13,2
Bledsoe,2021-02-13,15
Blount,2021-02-13,7
Bradley,2021-02-13,0
Carter,2021-02-13,0
Cheatham,2021-02-13,30
Chester,2021-02-13,3
Claiborne,2021-02-13,4
Cocke,2021-02-13,3
Coffee,2021-02-13,61
Crockett,2021-02-13,1435
Cumberland,2021-02-13,0
Davidson,2021-02-13,144
Fayette,2021-02-13,5
Fentress,2021-02-13,0
Franklin,2021-02-13,4
Gibson,2021-02-13,15
Giles,2021-02-13,3
Greene,2021-02-13,47
Grundy,2021-02-13,115
Hamblen,2021-02-13,0
Hamilton,2021-02-13,1
Hancock,2021-02-13,1
Hawkins,2021-02-13,59
Haywood,2021-02-13,1
Henry,2021-02-13,516
Knox,2021-02-13,480
Lake,2021-02-13,1
Lawrence,2021-02-13,7
Loudon,2021-02-13,0
Macon,2021-02-13,2
Marion,2021-02-13,1
Marshall,2021-02-13,74
Maury,2021-02-13,1
McMinn,2021-02-13,0
Meigs,2021-02-13,0
Monroe,2021-02-13,5
Montgomery,2021-02-13,98
Morgan,2021-02-13,0
Obion,2021-02-13,148
Overton,2021-02-13,0
Pickett,2021-02-13,0
Polk,2021-02-13,0
Putnam,2021-02-13,0
Rhea,2021-02-13,1
Roane,2021-02-13,0
Robertson,2021-02-13,2
Rutherford,2021-02-13,1
Scott,2021-02-13,0
Sequatchie,2021-02-13,1
Sevier,2021-02-13,408
Shelby,2021-02-13,3761
Sullivan,2021-02-13,4
Sumner,2021-02-13,7
Tipton,2021-02-13,3
Washington,2021-02-13,0
White,2021-02-13,0
Williamson,2021-02-13,447
Wilson,2021-02-13,2
Anderson,2021-02-14,2
Bedford,2021-02-14,34
Bledsoe,2021-02-14,0
Blount,2021-02-14,16
Bradley,2021-02-14,0
Campbell,2021-02-14,40
Cannon,2021-02-14,0
Carter,2021-02-14,0
Cheatham,2021-02-14,1
Chester,2021-02-14,25
Claiborne,2021-02-14,1
Cocke,2021-02-14,20
Coffee,2021-02-14,43
Crockett,2021-02-14,14
Cumberland,2021-02-14,0
Davidson,2021-02-14,1567
DeKalb,2021-02-14,0
Dickson,2021-02-14,0
Fayette,2021-02-14,1
Fentress,2021-02-14,0
Franklin,2021-02-14,256
Gibson,2021-02-14,593
Giles,2021-02-14,3
Greene,2021-02-14,0
Grundy,2021-02-14,160
Hamblen,2021-02-14,3
Hamilton,2021-02-14,0
Hancock,2021-02-14,3
Hawkins,2021-02-14,3
Haywood,2021-02-14,1
Henderson,2021-02-14,1
Henry,2021-02-14,51
Hickman,2021-02-14,0
Jefferson,2021-02-14,93
Knox,2021-02-14,38
Lake,2021-02-14,2
Lawrence,2021-02-14,1017
Lewis,2021-02-14,0
Lincoln,2021-02-14,0
Loudon,2021-02-14,0
Macon,2021-02-14,1
Madison,2021-02-14,101
Marion,2021-02-14,3
Marshall,2021-02-14,5
Maury,2021-02-14,0
McMinn,2021-02-14,0
Meigs,2021-02-14,0
Monroe,2021-02-14,1
Montgomery,2021-02-14,117
Moore,2021-02-14,0
Morgan,2021-02-14,0
Obion,2021-02-14,677
Overton,2021-02-14,0
Pickett,2021-02-14,0
Polk,2021-02-14,0
Putnam,2021-02-14,0
Rhea,2021-02-14,0
Roane,2021-02-14,0
Robertson,2021-02-14,40
Rutherford,2021-02-14,1701
Scott,2021-02-14,0
Sevier,2021-02-14,1384
Shelby,2021-02-14,580
Smith,2021-02-14,0
Stewart,2021-02-14,2
Sullivan,2021-02-14,8
Sumner,2021-02-14,21
Tipton,2021-02-14,2
Trousdale,2021-02-14,0
Union,2021-02-14,2
Van Buren,2021-02-14,1
Warren,2021-02-14,0
Washington,2021-02-14,0
White,2021-02-14,0
Williamson,2021-02-14,21
Wilson,2021-02-14,2
Anderson,2021-02-15,589
Bedford,2021-02-15,4443
Bledsoe,2021-02-15,0
Blount,2021-02-15,585
Bradley,2021-02-15,1
Campbell,2021-02-15,597
Cannon,2021-02-15,1211
Cheatham,2021-02-15,263
Chester,2021-02-15,2
Claiborne,2021-02-15,58
Clay,2021-02-15,38
Cocke,2021-02-15,30
Coffee,2021-02-15,4211
Crockett,2021-02-15,567
Cumberland,2021-02-15,0
Davidson,2021-02-15,373
DeKalb,2021-02-15,33
Dickson,2021-02-15,0
Dyer,2021-02-15,24
Fayette,2021-02-15,1
Fentress,2021-02-15,0
Franklin,2021-02-15,1804
Gibson,2021-02-15,77
Giles,2021-02-15,886
Grainger,2021-02-15,155
Greene,2021-02-15,43
Grundy,2021-02-15,862
Hamblen,2021-02-15,0
Hamilton,2021-02-15,0
Hancock,2021-02-15,1
Hawkins,2021-02-15,5
Henry,2021-02-15,14
Hickman,2021-02-15,0
Knox,2021-02-15,2658
Lawrence,2021-02-15,121
Lincoln,2021-02-15,138
Loudon,2021-02-15,38
Macon,2021-02-15,845
Madison,2021-02-15,677
Marion,2021-02-15,221
Marshall,2021-02-15,392
Maury,2021-02-15,50
McMinn,2021-02-15,0
Meigs,2021-02-15,0
Monroe,2021-02-15,842
Montgomery,2021-02-15,388
Moore,2021-02-15,1941
Morgan,2021-02-15,11
Obion,2021-02-15,43
Overton,2021-02-15,33
Pickett,2021-02-15,166
Polk,2021-02-15,0
Putnam,2021-02-15,0
Rhea,2021-02-15,0
Roane,2021-02-15,18
Robertson,2021-02-15,272
Rutherford,2021-02-15,1631
Scott,2021-02-15,104
Sequatchie,2021-02-15,8
Sevier,2021-02-15,172
Shelby,2021-02-15,1231
Smith,2021-02-15,0
Stewart,2021-02-15,1
Sullivan,2021-02-15,11
Sumner,2021-02-15,2
Tipton,2021-02-15,4
Trousdale,2021-02-15,0
Unicoi,2021-02-15,42
Union,2021-02-15,38
Warren,2021-02-15,0
Washington,2021-02-15,4
White,2021-02-15,0
Williamson,2021-02-15,16
Wilson,2021-02-15,193
Anderson,2021-02-16,20
Bedford,2021-02-16,33277
Bledsoe,2021-02-16,0
Blount,2021-02-16,13
Bradley,2021-02-16,0
Campbell,2021-02-16,14
Cannon,2021-02-16,789
Cheatham,2021-02-16,3
Claiborne,2021-02-16,2
Clay,2021-02-16,2
Cocke,2021-02-16,907
Coffee,2021-02-16,4982
Crockett,2021-02-16,17
Cumberland,2021-02-16,0
Davidson,2021-02-16,2006
DeKalb,2021-02-16,2
Fayette,2021-02-16,2
Fentress,2021-02-16,0
Franklin,2021-02-16,28
Gibson,2021-02-16,3
Giles,2021-02-16,1525
Grainger,2021-02-16,196
Greene,2021-02-16,66
Grundy,2021-02-16,128
Hamblen,2021-02-16,42
Hamilton,2021-02-16,0
Hancock,2021-02-16,180
Hardeman,2021-02-16,10
Hawkins,2021-02-16,15
Henry,2021-02-16,13
Jefferson,2021-02-16,391
Knox,2021-02-16,213
Lawrence,2021-02-16,45
Lincoln,2021-02-16,76
Loudon,2021-02-16,2
Macon,2021-02-16,117
Madison,2021-02-16,23
Marion,2021-02-16,3
Marshall,2021-02-16,265
Maury,2021-02-16,1
McMinn,2021-02-16,0
Meigs,2021-02-16,0
Monroe,2021-02-16,3
Montgomery,2021-02-16,1896
Moore,2021-02-16,1282
Morgan,2021-02-16,0
Overton,2021-02-16,33
Pickett,2021-02-16,101
Polk,2021-02-16,0
Putnam,2021-02-16,0
Rhea,2021-02-16,0
Roane,2021-02-16,0
Robertson,2021-02-16,34
Rutherford,2021-02-16,102
Scott,2021-02-16,151
Sevier,2021-02-16,2356
Shelby,2021-02-16,959
Stewart,2021-02-16,1
Sullivan,2021-02-16,30
Sumner,2021-02-16,945
Tipton,2021-02-16,27
Trousdale,2021-02-16,847
Union,2021-02-16,13
White,2021-02-16,0
Williamson,2021-02-16,22
Wilson,2021-02-16,55
Anderson,2021-02-17,257
Bedford,2021-02-17,2031
Bledsoe,2021-02-17,0
Blount,2021-02-17,21
Bradley,2021-02-17,0
Campbell,2021-02-17,12
Cannon,2021-02-17,76
Cheatham,2021-02-17,4
Claiborne,2021-02-17,15
Cocke,2021-02-17,15
Coffee,2021-02-17,1496
Cumberland,2021-02-17,0
Davidson,2021-02-17,88
DeKalb,2021-02-17,32
Dickson,2021-02-17,0
Dyer,2021-02-17,9
Fayette,2021-02-17,1
Fentress,2021-02-17,0
Franklin,2021-02-17,46
Gibson,2021-02-17,35
Giles,2021-02-17,7
Grainger,2021-02-17,3
Greene,2021-02-17,2
Grundy,2021-02-17,1
Hamblen,2021-02-17,0
Hamilton,2021-02-17,0
Hancock,2021-02-17,27
Hawkins,2021-02-17,123
Henry,2021-02-17,1
Hickman,2021-02-17,0
Knox,2021-02-17,89
Lawrence,2021-02-17,2
Lincoln,2021-02-17,76
Loudon,2021-02-17,3
Madison,2021-02-17,4
Marion,2021-02-17,27
Marshall,2021-02-17,71
Maury,2021-02-17,1
McMinn,2021-02-17,0
Meigs,2021-02-17,0
Monroe,2021-02-17,4
Montgomery,2021-02-17,7
Moore,2021-02-17,638
Morgan,2021-02-17,0
Obion,2021-02-17,308
Overton,2021-02-17,0
Pickett,2021-02-17,0
Polk,2021-02-17,0
Putnam,2021-02-17,0
Rhea,2021-02-17,0
Roane,2021-02-17,0
Robertson,2021-02-17,34
Rutherford,2021-02-17,6116
Scott,2021-02-17,7
Sevier,2021-02-17,418
Shelby,2021-02-17,1382
Smith,2021-02-17,0
Sullivan,2021-02-17,79
Sumner,2021-02-17,134
Tipton,2021-02-17,2
Trousdale,2021-02-17,0
Unicoi,2021-02-17,4
Union,2021-02-17,5
Warren,2021-02-17,0
Weakley,2021-02-17,1
White,2021-02-17,0
Williamson,2021-02-17,7
Wilson,2021-02-17,4
Anderson,2021-02-18,139
Bedford,2021-02-18,3729
Bledsoe,2021-02-18,169
Blount,2021-02-18,23
Bradley,2021-02-18,0
Campbell,2021-02-18,205
Cannon,2021-02-18,1809
Cheatham,2021-02-18,0
Claiborne,2021-02-18,293
Clay,2021-02-18,26
Cocke,2021-02-18,1
Coffee,2021-02-18,2675
Crockett,2021-02-18,1
Cumberland,2021-02-18,3
Davidson,2021-02-18,114
DeKalb,2021-02-18,4
Fayette,2021-02-18,11
Fentress,2021-02-18,1391
Franklin,2021-02-18,46
Gibson,2021-02-18,2
Giles,2021-02-18,80
Greene,2021-02-18,1
Grundy,2021-02-18,16
Hamblen,2021-02-18,2
Hamilton,2021-02-18,29
Hancock,2021-02-18,22
Hardeman,2021-02-18,1
Hawkins,2021-02-18,8
Haywood,2021-02-18,0
Henry,2021-02-18,18
Jefferson,2021-02-18,3
Knox,2021-02-18,69
Lawrence,2021-02-18,2
Lincoln,2021-02-18,100
Loudon,2021-02-18,904
Macon,2021-02-18,2
Madison,2021-02-18,79
Marion,2021-02-18,57
Marshall,2021-02-18,127
Maury,2021-02-18,62
McMinn,2021-02-18,0
Meigs,2021-02-18,0
Monroe,2021-02-18,31
Montgomery,2021-02-18,13
Moore,2021-02-18,311
Morgan,2021-02-18,7
Overton,2021-02-18,48
Pickett,2021-02-18,574
Polk,2021-02-18,1
Putnam,2021-02-18,42
Rhea,2021-02-18,1
Roane,2021-02-18,7
Robertson,2021-02-18,14
Rutherford,2021-02-18,107
Scott,2021-02-18,95
Sequatchie,2021-02-18,940
Sevier,2021-02-18,67
Shelby,2021-02-18,155
Stewart,2021-02-18,1
Sullivan,2021-02-18,7
Sumner,2021-02-18,174
Tipton,2021-02-18,3
Unicoi,2021-02-18,4
Union,2021-02-18,4
Van Buren,2021-02-18,2
Warren,2021-02-18,1
Washington,2021-02-18,2
White,2021-02-18,1
Williamson,2021-02-18,73
Wilson,2021-02-18,25
Anderson,2021-02-19,905
Bedford,2021-02-19,1549
Bledsoe,2021-02-19,1
Blount,2021-02-19,5
Bradley,2021-02-19,29
Campbell,2021-02-19,1
Cannon,2021-02-19,121
Cheatham,2021-02-19,16
Chester,2021-02-19,1
Claiborne,2021-02-19,401
Clay,2021-02-19,0
Cocke,2021-02-19,18
Coffee,2021-02-19,756
Crockett,2021-02-19,81
Cumberland,2021-02-19,1
Davidson,2021-02-19,333
DeKalb,2021-02-19,1
Dyer,2021-02-19,45
Fayette,2021-02-19,0
Fentress,2021-02-19,200
Franklin,2021-02-19,1
Giles,2021-02-19,68
Grainger,2021-02-19,29
Greene,2021-02-19,52
Grundy,2021-02-19,1
Hamblen,2021-02-19,6
Hamilton,2021-02-19,1
Hancock,2021-02-19,2
Hardeman,2021-02-19,0
Hawkins,2021-02-19,59
Haywood,2021-02-19,0
Jackson,2021-02-19,0
Knox,2021-02-19,111
Lawrence,2021-02-19,2
Lincoln,2021-02-19,182
Loudon,2021-02-19,1
Macon,2021-02-19,2
Madison,2021-02-19,67
Marion,2021-02-19,1
Marshall,2021-02-19,33
Maury,2021-02-19,1
McMinn,2021-02-19,32
Meigs,2021-02-19,1
Monroe,2021-02-19,1
Montgomery,2021-02-19,9
Moore,2021-02-19,129
Obion,2021-02-19,288
Overton,2021-02-19,35
Pickett,2021-02-19,40
Putnam,2021-02-19,31
Robertson,2021-02-19,3
Rutherford,2021-02-19,54
Sevier,2021-02-19,8
Shelby,2021-02-19,1942
Smith,2021-02-19,0
Stewart,2021-02-19,1
Sullivan,2021-02-19,8
Sumner,2021-02-19,2
Tipton,2021-02-19,7
Trousdale,2021-02-19,0
Unicoi,2021-02-19,0
Union,2021-02-19,70
Van Buren,2021-02-19,1
Washington,2021-02-19,66
Williamson,2021-02-19,1104
Wilson,2021-02-19,23
Anderson,2021-02-20,2
Bedford,2021-02-20,1177
Bledsoe,2021-02-20,112
Blount,2021-02-20,1163
Campbell,2021-02-20,78
Cannon,2021-02-20,293
Cheatham,2021-02-20,1
Claiborne,2021-02-20,9
Clay,2021-02-20,11
Cocke,2021-02-20,4
Coffee,2021-02-20,646
Cumberland,2021-02-20,18
Davidson,2021-02-20,16
Fayette,2021-02-20,321
Fentress,2021-02-20,143
Franklin,2021-02-20,2
Gibson,2021-02-20,3
Giles,2021-02-20,112
Grainger,2021-02-20,464
Greene,2021-02-20,1
Grundy,2021-02-20,1
Hamblen,2021-02-20,20
Hamilton,2021-02-20,3
Hancock,2021-02-20,1
Hardeman,2021-02-20,0
Hawkins,2021-02-20,26
Haywood,2021-02-20,0
Henry,2021-02-20,33
Jefferson,2021-02-20,1
Knox,2021-02-20,87
Lawrence,2021-02-20,2
Lewis,2021-02-20,0
Lincoln,2021-02-20,79
Loudon,2021-02-20,3
Macon,2021-02-20,63
Madison,2021-02-20,67
Marion,2021-02-20,1
Marshall,2021-02-20,110
Maury,2021-02-20,1
McMinn,2021-02-20,17
Monroe,2021-02-20,26
Montgomery,2021-02-20,128
Moore,2021-02-20,97
Overton,2021-02-20,1
Pickett,2021-02-20,71
Polk,2021-02-20,8
Rhea,2021-02-20,98
Roane,2021-02-20,54
Robertson,2021-02-20,40
Rutherford,2021-02-20,607
Sevier,2021-02-20,14
Shelby,2021-02-20,4869
Stewart,2021-02-20,1
Sullivan,2021-02-20,4
Sumner,2021-02-20,33
Tipton,2021-02-20,3
Union,2021-02-20,2
Washington,2021-02-20,5
Williamson,2021-02-20,2
Wilson,2021-02-20,4
Anderson,2021-02-21,24
Bedford,2021-02-21,317
Bledsoe,2021-02-21,1
Blount,2021-02-21,4
Bradley,2021-02-21,113
Campbell,2021-02-21,59
Cannon,2021-02-21,73
Cheatham,2021-02-21,2
Claiborne,2021-02-21,5
Cocke,2021-02-21,10
Coffee,2021-02-21,286
Cumberland,2021-02-21,123
Davidson,2021-02-21,10
DeKalb,2021-02-21,533
Fayette,2021-02-21,1
Fentress,2021-02-21,62
Franklin,2021-02-21,1
Greene,2021-02-21,1
Grundy,2021-02-21,1
Hamblen,2021-02-21,0
Hamilton,2021-02-21,3
Hancock,2021-02-21,1
Hardeman,2021-02-21,0
Hawkins,2021-02-21,0
Haywood,2021-02-21,1
Henry,2021-02-21,33
Jefferson,2021-02-21,1
Knox,2021-02-21,59
Lake,2021-02-21,1123
Lawrence,2021-02-21,2
Loudon,2021-02-21,1
Madison,2021-02-21,10
Marion,2021-02-21,12
Marshall,2021-02-21,1
McMinn,2021-02-21,2
Meigs,2021-02-21,1
Monroe,2021-02-21,215
Montgomery,2021-02-21,29
Moore,2021-02-21,16
Morgan,2021-02-21,12
Obion,2021-02-21,1159
Pickett,2021-02-21,14
Polk,2021-02-21,1
Rhea,2021-02-21,1
Roane,2021-02-21,5
Robertson,2021-02-21,0
Rutherford,2021-02-21,17
Sequatchie,2021-02-21,2
Sevier,2021-02-21,35
Shelby,2021-02-21,3638
Smith,2021-02-21,84
Stewart,2021-02-21,4
Sullivan,2021-02-21,49
Sumner,2021-02-21,2
Tipton,2021-02-21,8
Union,2021-02-21,2
Washington,2021-02-21,5
Williamson,2021-02-21,20
Wilson,2021-02-21,60
Anderson,2021-02-22,42
Bedford,2021-02-22,198
Bledsoe,2021-02-22,3
Blount,2021-02-22,141
Bradley,2021-02-22,836
Campbell,2021-02-22,146
Cannon,2021-02-22,71
Cheatham,2021-02-22,3
Chester,2021-02-22,33
Claiborne,2021-02-22,1
Cocke,2021-02-22,14
Coffee,2021-02-22,35
Cumberland,2021-02-22,1517
Davidson,2021-02-22,598
DeKalb,2021-02-22,4
Dickson,2021-02-22,0
Fayette,2021-02-22,1
Fentress,2021-02-22,57
Franklin,2021-02-22,33
Gibson,2021-02-22,20
Giles,2021-02-22,30
Grainger,2021-02-22,16
Greene,2021-02-22,18
Grundy,2021-02-22,7
Hamblen,2021-02-22,0
Hamilton,2021-02-22,2
Hancock,2021-02-22,1
Hardeman,2021-02-22,3
Hawkins,2021-02-22,110
Haywood,2021-02-22,0
Henry,2021-02-22,33
Hickman,2021-02-22,0
Jefferson,2021-02-22,1
Knox,2021-02-22,205
Lawrence,2021-02-22,5
Lewis,2021-02-22,0
Lincoln,2021-02-22,0
Loudon,2021-02-22,330
Macon,2021-02-22,1
Madison,2021-02-22,414
Marion,2021-02-22,1
Marshall,2021-02-22,6
Maury,2021-02-22,2
McMinn,2021-02-22,0
Meigs,2021-02-22,0
Monroe,2021-02-22,215
Montgomery,2021-02-22,5
Moore,2021-02-22,0
Morgan,2021-02-22,60
Obion,2021-02-22,1
Overton,2021-02-22,2
Pickett,2021-02-22,15
Polk,2021-02-22,634
Putnam,2021-02-22,72
Rhea,2021-02-22,50
Roane,2021-02-22,0
Robertson,2021-02-22,4
Rutherford,2021-02-22,7
Scott,2021-02-22,0
Sequatchie,2021-02-22,1
Sevier,2021-02-22,3863
Shelby,2021-02-22,334
Smith,2021-02-22,0
Stewart,2021-02-22,1
Sullivan,2021-02-22,11
Sumner,2021-02-22,55
Tipton,2021-02-22,41
Trousdale,2021-02-22,0
Unicoi,2021-02-22,0
Van Buren,2021-02-22,69
Warren,2021-02-22,0
Washington,2021-02-22,3397
White,2021-02-22,0
Williamson,2021-02-22,1901
Wilson,2021-02-22,8
Anderson,2021-02-23,12
Bedford,2021-02-23,1
Blount,2021-02-23,80
Bradley,2021-02-23,2
Campbell,2021-02-23,42
Cannon,2021-02-23,28
Cheatham,2021-02-23,8
Claiborne,2021-02-23,8
Clay,2021-02-23,1
Cocke,2021-02-23,18
Coffee,2021-02-23,612
Crockett,2021-02-23,1
Cumberland,2021-02-23,57
Davidson,2021-02-23,188
DeKalb,2021-02-23,1
Fayette,2021-02-23,0
Fentress,2021-02-23,56
Franklin,2021-02-23,20
Gibson,2021-02-23,59
Giles,2021-02-23,16
Grainger,2021-02-23,1
Greene,2021-02-23,1169
Grundy,2021-02-23,7
Hamblen,2021-02-23,10
Hamilton,2021-02-23,47
Hancock,2021-02-23,27
Hardeman,2021-02-23,0
Hawkins,2021-02-23,123
Haywood,2021-02-23,50
Henry,2021-02-23,0
Knox,2021-02-23,140
Lawrence,2021-02-23,24
Lewis,2021-02-23,0
Lincoln,2021-02-23,0
Loudon,2021-02-23,5
Macon,2021-02-23,2
Marion,2021-02-23,1
Marshall,2021-02-23,8
Maury,2021-02-23,9
Meigs,2021-02-23,1
Monroe,2021-02-23,92
Montgomery,2021-02-23,2125
Moore,2021-02-23,2
Obion,2021-02-23,2
Overton,2021-02-23,1
Pickett,2021-02-23,20
Polk,2021-02-23,1
Roane,2021-02-23,3
Robertson,2021-02-23,4
Rutherford,2021-02-23,13
Sequatchie,2021-02-23,1
Sevier,2021-02-23,28
Shelby,2021-02-23,817
Stewart,2021-02-23,1
Sullivan,2021-02-23,31
Sumner,2021-02-23,9
Trousdale,2021-02-23,1
Unicoi,2021-02-23,0
Union,2021-02-23,0
Washington,2021-02-23,101
Williamson,2021-02-23,8
Wilson,2021-02-23,10
Anderson,2021-02-24,1
Bedford,2021-02-24,78
Bledsoe,2021-02-24,6
Blount,2021-02-24,25
Bradley,2021-02-24,1
Campbell,2021-02-24,34
Cannon,2021-02-24,9
Cheatham,2021-02-24,21
Chester,2021-02-24,60
Claiborne,2021-02-24,61
Cocke,2021-02-24,10
Coffee,2021-02-24,22
Crockett,2021-02-24,2
Cumberland,2021-02-24,348
Davidson,2021-02-24,44
Fayette,2021-02-24,85
Fentress,2021-02-24,7
Franklin,2021-02-24,3
Gibson,2021-02-24,2
Giles,2021-02-24,1326
Grainger,2021-02-24,2
Greene,2021-02-24,3
Hamblen,2021-02-24,0
Hamilton,2021-02-24,1
Hancock,2021-02-24,2
Hardeman,2021-02-24,0
Hawkins,2021-02-24,31
Haywood,2021-02-24,0
Henderson,2021-02-24,1
Henry,2021-02-24,51
Knox,2021-02-24,275
Lawrence,2021-02-24,17
Lincoln,2021-02-24,182
Loudon,2021-02-24,0
Macon,2021-02-24,1
Madison,2021-02-24,312
Marion,2021-02-24,4
Marshall,2021-02-24,4
Maury,2021-02-24,1
McMinn,2021-02-24,1
Meigs,2021-02-24,2
Monroe,2021-02-24,243
Montgomery,2021-02-24,112
Moore,2021-02-24,1
Morgan,2021-02-24,0
Obion,2021-02-24,8
Overton,2021-02-24,0
Pickett,2021-02-24,1
Polk,2021-02-24,0
Putnam,2021-02-24,0
Rhea,2021-02-24,51
Roane,2021-02-24,96
Robertson,2021-02-24,63
Rutherford,2021-02-24,17
Scott,2021-02-24,0
Sequatchie,2021-02-24,67
Sevier,2021-02-24,51
Shelby,2021-02-24,267
Stewart,2021-02-24,1
Sullivan,2021-02-24,30
Sumner,2021-02-24,7
Tipton,2021-02-24,10
Trousdale,2021-02-24,3
Unicoi,2021-02-24,0
Union,2021-02-24,0
Washington,2021-02-24,7
White,2021-02-24,8
Williamson,2021-02-24,97
Wilson,2021-02-24,13
Anderson,2021-02-25,5
Bedford,2021-02-25,3
Bledsoe,2021-02-25,1
Blount,2021-02-25,30
Campbell,2021-02-25,10
Cannon,2021-02-25,4
Cheatham,2021-02-25,5
Claiborne,2021-02-25,1
Cocke,2021-02-25,6
Coffee,2021-02-25,177
Crockett,2021-02-25,2
Cumberland,2021-02-25,31
Davidson,2021-02-25,5115
DeKalb,2021-02-25,0
Dickson,2021-02-25,0
Fayette,2021-02-25,26
Fentress,2021-02-25,1
Franklin,2021-02-25,3
Giles,2021-02-25,30
Grainger,2021-02-25,91
Greene,2021-02-25,2
Grundy,2021-02-25,0
Hamblen,2021-02-25,2
Hamilton,2021-02-25,1
Hancock,2021-02-25,1
Hawkins,2021-02-25,31
Henry,2021-02-25,5
Hickman,2021-02-25,0
Jefferson,2021-02-25,31
Knox,2021-02-25,6929
Lawrence,2021-02-25,3
Lewis,2021-02-25,0
Lincoln,2021-02-25,0
Loudon,2021-02-25,21
Macon,2021-02-25,1
Madison,2021-02-25,1090
Marion,2021-02-25,65
Marshall,2021-02-25,3
Maury,2021-02-25,3
McMinn,2021-02-25,1
Meigs,2021-02-25,1
Monroe,2021-02-25,25
Montgomery,2021-02-25,5
Moore,2021-02-25,16
Obion,2021-02-25,5
Polk,2021-02-25,15
Roane,2021-02-25,1
Robertson,2021-02-25,17
Rutherford,2021-02-25,7
Sevier,2021-02-25,58
Shelby,2021-02-25,1170
Smith,2021-02-25,0
Stewart,2021-02-25,9
Sullivan,2021-02-25,30
Sumner,2021-02-25,35
Trousdale,2021-02-25,3
Union,2021-02-25,61
Warren,2021-02-25,0
Washington,2021-02-25,16
Wayne,2021-02-25,0
Williamson,2021-02-25,51
Wilson,2021-02-25,26
Anderson,2021-02-26,30
Bedford,2021-02-26,6
Bledsoe,2021-02-26,1
Blount,2021-02-26,96
Bradley,2021-02-26,847
Campbell,2021-02-26,207
Cannon,2021-02-26,1
Cheatham,2021-02-26,29
Chester,2021-02-26,1
Claiborne,2021-02-26,19
Cocke,2021-02-26,4
Coffee,2021-02-26,698
Cumberland,2021-02-26,1
Davidson,2021-02-26,567
Fayette,2021-02-26,14
Fentress,2021-02-26,1
Franklin,2021-02-26,2
Gibson,2021-02-26,4
Giles,2021-02-26,23
Grainger,2021-02-26,25
Greene,2021-02-26,3
Hamblen,2021-02-26,0
Hamilton,2021-02-26,9
Hancock,2021-02-26,7
Hawkins,2021-02-26,181
Henry,2021-02-26,1
Jefferson,2021-02-26,22
Knox,2021-02-26,1526
Lake,2021-02-26,6
Lawrence,2021-02-26,2
Loudon,2021-02-26,1
Madison,2021-02-26,4
Marion,2021-02-26,2
Marshall,2021-02-26,69
Maury,2021-02-26,25
Meigs,2021-02-26,1
Monroe,2021-02-26,11
Montgomery,2021-02-26,21
Obion,2021-02-26,4
Overton,2021-02-26,1
Polk,2021-02-26,1
Putnam,2021-02-26,1
Rhea,2021-02-26,8
Robertson,2021-02-26,207
Rutherford,2021-02-26,31
Sevier,2021-02-26,185
Shelby,2021-02-26,3149
Stewart,2021-02-26,2
Sullivan,2021-02-26,4
Sumner,2021-02-26,63
Tipton,2021-02-26,8
Unicoi,2021-02-26,0
Union,2021-02-26,0
Washington,2021-02-26,1980
Williamson,2021-02-26,2
Wilson,2021-02-26,17
Anderson,2021-02-27,36
Bedford,2021-02-27,2
Bledsoe,2021-02-27,12
Blount,2021-02-27,540
Bradley,2021-02-27,30
Campbell,2021-02-27,199
Cannon,2021-02-27,1
Cheatham,2021-02-27,29
Chester,2021-02-27,2
Claiborne,2021-02-27,57
Cocke,2021-02-27,2
Coffee,2021-02-27,24
Crockett,2021-02-27,1
Cumberland,2021-02-27,13
Davidson,2021-02-27,2988
Fayette,2021-02-27,11
Fentress,2021-02-27,138
Franklin,2021-02-27,21
Gibson,2021-02-27,497
Giles,2021-02-27,1
Grainger,2021-02-27,0
Greene,2021-02-27,31
Grundy,2021-02-27,91
Hamblen,2021-02-27,30
Hancock,2021-02-27,8
Hawkins,2021-02-27,7
Haywood,2021-02-27,236
Henry,2021-02-27,228
Jefferson,2021-02-27,30
Knox,2021-02-27,91
Lawrence,2021-02-27,1
Loudon,2021-02-27,97
Macon,2021-02-27,138
Madison,2021-02-27,197
Marion,2021-02-27,6
Marshall,2021-02-27,27
Maury,2021-02-27,4
McMinn,2021-02-27,74
Meigs,2021-02-27,8
Monroe,2021-02-27,44
Montgomery,2021-02-27,20
Obion,2021-02-27,3
Overton,2021-02-27,285
Pickett,2021-02-27,14
Putnam,2021-02-27,26
Rhea,2021-02-27,42
Robertson,2021-02-27,509
Rutherford,2021-02-27,138
Sevier,2021-02-27,16
Shelby,2021-02-27,4872
Sullivan,2021-02-27,139
Sumner,2021-02-27,15
Tipton,2021-02-27,440
Trousdale,2021-02-27,63
Unicoi,2021-02-27,0
Union,2021-02-27,0
Washington,2021-02-27,2738
Williamson,2021-02-27,12
Wilson,2021-02-27,75
Anderson,2021-02-28,282
Bedford,2021-02-28,26649
Bledsoe,2021-02-28,5
Blount,2021-02-28,540
Bradley,2021-02-28,4
Campbell,2021-02-28,140
Cannon,2021-02-28,4
Cheatham,2021-02-28,117
Chester,2021-02-28,6
Claiborne,2021-02-28,705
Cocke,2021-02-28,38
Coffee,2021-02-28,778
Crockett,2021-02-28,10
Cumberland,2021-02-28,3
Davidson,2021-02-28,2241
Dyer,2021-02-28,2
Fayette,2021-02-28,18
Fentress,2021-02-28,1
Franklin,2021-02-28,37
Gibson,2021-02-28,618
Giles,2021-02-28,35
Grainger,2021-02-28,1132
Greene,2021-02-28,82
Grundy,2021-02-28,26
Hamblen,2021-02-28,577
Hancock,2021-02-28,99
Hawkins,2021-02-28,658
Haywood,2021-02-28,989
Henderson,2021-02-28,1
Henry,2021-02-28,136
Jefferson,2021-02-28,30
Knox,2021-02-28,1811
Lake,2021-02-28,5
Lawrence,2021-02-28,59
Loudon,2021-02-28,529
Macon,2021-02-28,10
Madison,2021-02-28,483
Marion,2021-02-28,6
Marshall,2021-02-28,39
Maury,2021-02-28,49
McMinn,2021-02-28,18
Meigs,2021-02-28,8
Monroe,2021-02-28,466
Montgomery,2021-02-28,212
Obion,2021-02-28,55
Overton,2021-02-28,51
Pickett,2021-02-28,110
Polk,2021-02-28,1
Rhea,2021-02-28,1382
Roane,2021-02-28,37
Robertson,2021-02-28,100
Rutherford,2021-02-28,8881
Scott,2021-02-28,2
Sequatchie,2021-02-28,3
Sevier,2021-02-28,358
Shelby,2021-02-28,1674
Stewart,2021-02-28,64
Sullivan,2021-02-28,139
Sumner,2021-02-28,588
Tipton,2021-02-28,622
Trousdale,2021-02-28,1
Union,2021-02-28,905
Van Buren,2021-02-28,13
Washington,2021-02-28,2740
Williamson,2021-02-28,6
Wilson,2021-02-28,3
Anderson,2021-03-01,335
Bedford,2021-03-01,168
Bledsoe,2021-03-01,76
Blount,2021-03-01,342
Bradley,2021-03-01,57
Campbell,2021-03-01,236
Cannon,2021-03-01,1
Carter,2021-03-01,0
Cheatham,2021-03-01,514
Chester,2021-03-01,6
Claiborne,2021-03-01,38
Cocke,2021-03-01,23
Coffee,2021-03-01,204
Cumberland,2021-03-01,112
Davidson,2021-03-01,804
DeKalb,2021-03-01,1
Dickson,2021-03-01,0
Fayette,2021-03-01,5
Fentress,2021-03-01,5
Franklin,2021-03-01,37
Gibson,2021-03-01,3269
Giles,2021-03-01,35
Grainger,2021-03-01,1128
Greene,2021-03-01,63
Grundy,2021-03-01,32
Hamblen,2021-03-01,4
Hamilton,2021-03-01,33
Hancock,2021-03-01,3
Hardeman,2021-03-01,0
Hawkins,2021-03-01,8
Haywood,2021-03-01,1
Henry,2021-03-01,70
Hickman,2021-03-01,0
Jefferson,2021-03-01,42
Knox,2021-03-01,5723
Lawrence,2021-03-01,58
Lewis,2021-03-01,0
Lincoln,2021-03-01,0
Loudon,2021-03-01,526
Macon,2021-03-01,8
Madison,2021-03-01,55
Marion,2021-03-01,251
Marshall,2021-03-01,40
Maury,2021-03-01,55
McMinn,2021-03-01,721
Meigs,2021-03-01,1159
Monroe,2021-03-01,265
Montgomery,2021-03-01,4
Moore,2021-03-01,6
Morgan,2021-03-01,0
Obion,2021-03-01,4
Overton,2021-03-01,52
Pickett,2021-03-01,1
Polk,2021-03-01,34
Putnam,2021-03-01,0
Rhea,2021-03-01,51
Roane,2021-03-01,795
Robertson,2021-03-01,20
Rutherford,2021-03-01,223
Scott,2021-03-01,0
Sequatchie,2021-03-01,28
Sevier,2021-03-01,915
Shelby,2021-03-01,187
Smith,2021-03-01,0
Stewart,2021-03-01,27
Sullivan,2021-03-01,17
Sumner,2021-03-01,28
Tipton,2021-03-01,5
Trousdale,2021-03-01,3
Unicoi,2021-03-01,19
Union,2021-03-01,898
Van Buren,2021-03-01,1
Warren,2021-03-01,0
Washington,2021-03-01,8
White,2021-03-01,0
Williamson,2021-03-01,21
Wilson,2021-03-01,487
Anderson,2021-03-02,4
Bedford,2021-03-02,2
Bledsoe,2021-03-02,1
Blount,2021-03-02,16
Bradley,2021-03-02,2
Campbell,2021-03-02,101
Cannon,2021-03-02,12
Cheatham,2021-03-02,2
Claiborne,2021-03-02,46
Cocke,2021-03-02,79
Coffee,2021-03-02,4
Cumberland,2021-03-02,454
Davidson,2021-03-02,216
Fayette,2021-03-02,1
Fentress,2021-03-02,1187
Franklin,2021-03-02,6
Gibson,2021-03-02,59
Giles,2021-03-02,19
Greene,2021-03-02,5
Grundy,2021-03-02,1
Hamblen,2021-03-02,4
Hamilton,2021-03-02,1
Hancock,2021-03-02,1
Hardeman,2021-03-02,3
Hawkins,2021-03-02,11
Haywood,2021-03-02,0
Henry,2021-03-02,29
Knox,2021-03-02,68
Lake,2021-03-02,1
Lawrence,2021-03-02,3
Loudon,2021-03-02,2
Madison,2021-03-02,46
Marion,2021-03-02,1
Marshall,2021-03-02,3
Maury,2021-03-02,45
Monroe,2021-03-02,22
Montgomery,2021-03-02,534
Moore,2021-03-02,1
Obion,2021-03-02,7
Overton,2021-03-02,1
Pickett,2021-03-02,22
Polk,2021-03-02,1
Rhea,2021-03-02,1
Roane,2021-03-02,29
Robertson,2021-03-02,9
Rutherford,2021-03-02,9
Sevier,2021-03-02,15
Shelby,2021-03-02,251
Stewart,2021-03-02,1
Sullivan,2021-03-02,24
Sumner,2021-03-02,110
Trousdale,2021-03-02,1
Unicoi,2021-03-02,0
Union,2021-03-02,39
Washington,2021-03-02,13
Williamson,2021-03-02,24
Wilson,2021-03-02,11
Anderson,2021-03-03,24
Bedford,2021-03-03,4
Blount,2021-03-03,46
Bradley,2021-03-03,53
Campbell,2021-03-03,81
Cannon,2021-03-03,15
Cheatham,2021-03-03,3
Claiborne,2021-03-03,47
Clay,2021-03-03,1
Cocke,2021-03-03,44
Coffee,2021-03-03,3
Cumberland,2021-03-03,1514
Davidson,2021-03-03,148
DeKalb,2021-03-03,2
Fayette,2021-03-03,2
Franklin,2021-03-03,3
Giles,2021-03-03,2
Greene,2021-03-03,692
Hamblen,2021-03-03,4
Hancock,2021-03-03,18
Hardeman,2021-03-03,0
Hawkins,2021-03-03,8
Haywood,2021-03-03,1
Henry,2021-03-03,2
Jefferson,2021-03-03,2
Knox,2021-03-03,134
Lawrence,2021-03-03,24
Lewis,2021-03-03,0
Loudon,2021-03-03,5
Macon,2021-03-03,1
Madison,2021-03-03,2
Marion,2021-03-03,29
Marshall,2021-03-03,844
Maury,2021-03-03,5
McMinn,2021-03-03,1
Meigs,2021-03-03,5
Monroe,2021-03-03,12
Montgomery,2021-03-03,12
Moore,2021-03-03,3
Pickett,2021-03-03,36
Polk,2021-03-03,23
Putnam,2021-03-03,1
Rhea,2021-03-03,1
Roane,2021-03-03,2
Robertson,2021-03-03,19
Rutherford,2021-03-03,38
Sequatchie,2021-03-03,1
Sevier,2021-03-03,41
Shelby,2021-03-03,197
Stewart,2021-03-03,8
Sullivan,2021-03-03,10
Sumner,2021-03-03,46
Tipton,2021-03-03,47
Trousdale,2021-03-03,19
Unicoi,2021-03-03,0
Union,2021-03-03,313
Washington,2021-03-03,20
Wayne,2021-03-03,0
Williamson,2021-03-03,15
Wilson,2021-03-03,37
Anderson,2021-03-04,3
Bedford,2021-03-04,4
Bledsoe,2021-03-04,23
Blount,2021-03-04,122
Bradley,2021-03-04,57
Campbell,2021-03-04,82
Cannon,2021-03-04,6
Cheatham,2021-03-04,8
Chester,2021-03-04,0
Claiborne,2021-03-04,47
Cocke,2021-03-04,18
Coffee,2021-03-04,78
Crockett,2021-03-04,0
Cumberland,2021-03-04,2
Davidson,2021-03-04,404
DeKalb,2021-03-04,0
Dickson,2021-03-04,0
Dyer,2021-03-04,0
Fayette,2021-03-04,51
Fentress,2021-03-04,2
Franklin,2021-03-04,2
Gibson,2021-03-04,3
Giles,2021-03-04,29
Grainger,2021-03-04,29
Greene,2021-03-04,1
Hamblen,2021-03-04,3
Hamilton,2021-03-04,1
Hancock,2021-03-04,21
Hardeman,2021-03-04,0
Hawkins,2021-03-04,37
Haywood,2021-03-04,0
Henderson,2021-03-04,35
Henry,2021-03-04,4
Hickman,2021-03-04,0
Jefferson,2021-03-04,1
Knox,2021-03-04,995
Lake,2021-03-04,0
Lauderdale,2021-03-04,0
Lawrence,2021-03-04,5
Loudon,2021-03-04,11
Macon,2021-03-04,20
Madison,2021-03-04,681
Marion,2021-03-04,1
Marshall,2021-03-04,30
Maury,2021-03-04,2
Meigs,2021-03-04,2
Monroe,2021-03-04,14
Montgomery,2021-03-04,63
Moore,2021-03-04,2
Obion,2021-03-04,4
Pickett,2021-03-04,22
Polk,2021-03-04,194
Putnam,2021-03-04,12
Rhea,2021-03-04,1
Roane,2021-03-04,40
Robertson,2021-03-04,1160
Rutherford,2021-03-04,187
Sequatchie,2021-03-04,2
Sevier,2021-03-04,22
Shelby,2021-03-04,1316
Smith,2021-03-04,0
Stewart,2021-03-04,1
Sullivan,2021-03-04,140
Sumner,2021-03-04,27
Tipton,2021-03-04,0
Trousdale,2021-03-04,11
Union,2021-03-04,310
Warren,2021-03-04,0
Washington,2021-03-04,20
Weakley,2021-03-04,0
Williamson,2021-03-04,17
Wilson,2021-03-04,8
Bedford,2021-03-05,26559
Bledsoe,2021-03-05,2
Blount,2021-03-05,4
Bradley,2021-03-05,10
Campbell,2021-03-05,55
Cannon,2021-03-05,2
Cheatham,2021-03-05,2
Chester,2021-03-05,3
Claiborne,2021-03-05,6
Cocke,2021-03-05,30
Coffee,2021-03-05,21
Crockett,2021-03-05,1
Cumberland,2021-03-05,2
Davidson,2021-03-05,7454
Dyer,2021-03-05,7
Fayette,2021-03-05,29
Franklin,2021-03-05,1
Gibson,2021-03-05,7
Giles,2021-03-05,7
Greene,2021-03-05,30
Hamblen,2021-03-05,4
Hancock,2021-03-05,1
Hardeman,2021-03-05,0
Hawkins,2021-03-05,2
Haywood,2021-03-05,0
Henry,2021-03-05,48
Jefferson,2021-03-05,1
Knox,2021-03-05,17
Lawrence,2021-03-05,10
Lincoln,2021-03-05,2
Loudon,2021-03-05,4
Macon,2021-03-05,10
Madison,2021-03-05,5
Marshall,2021-03-05,0
Maury,2021-03-05,2
McMinn,2021-03-05,303
Meigs,2021-03-05,7
Montgomery,2021-03-05,41
Obion,2021-03-05,4
Polk,2021-03-05,1
Rhea,2021-03-05,1
Roane,2021-03-05,40
Robertson,2021-03-05,5
Rutherford,2021-03-05,9
Sequatchie,2021-03-05,1
Sevier,2021-03-05,125
Shelby,2021-03-05,1494
Stewart,2021-03-05,1284
Sullivan,2021-03-05,32
Sumner,2021-03-05,14
Tipton,2021-03-05,3
Unicoi,2021-03-05,0
Washington,2021-03-05,934
Williamson,2021-03-05,156
Wilson,2021-03-05,16
Anderson,2021-03-06,19
Bedford,2021-03-06,1
Bledsoe,2021-03-06,1
Blount,2021-03-06,146
Bradley,2021-03-06,24
Campbell,2021-03-06,140
Cheatham,2021-03-06,1
Claiborne,2021-03-06,36
Cocke,2021-03-06,20
Coffee,2021-03-06,3
Cumberland,2021-03-06,305
Davidson,2021-03-06,801
Fayette,2021-03-06,1
Fentress,2021-03-06,1
Giles,2021-03-06,18
Grainger,2021-03-06,8
Greene,2021-03-06,27
Grundy,2021-03-06,13
Hamblen,2021-03-06,1
Hamilton,2021-03-06,263
Hancock,2021-03-06,1
Hawkins,2021-03-06,35
Haywood,2021-03-06,8
Henry,2021-03-06,2
Jefferson,2021-03-06,1
Knox,2021-03-06,2928
Lawrence,2021-03-06,1
Loudon,2021-03-06,27
Madison,2021-03-06,4
Marshall,2021-03-06,3
Maury,2021-03-06,1
McMinn,2021-03-06,1
Meigs,2021-03-06,1395
Monroe,2021-03-06,1
Montgomery,2021-03-06,1147
Moore,2021-03-06,25
Obion,2021-03-06,5
Rhea,2021-03-06,1
Roane,2021-03-06,1
Robertson,2021-03-06,23
Rutherford,2021-03-06,69
Sequatchie,2021-03-06,1
Sevier,2021-03-06,23
Shelby,2021-03-06,384
Sumner,2021-03-06,182
Tipton,2021-03-06,1
Union,2021-03-06,2
Washington,2021-03-06,16
Williamson,2021-03-06,2
Anderson,2021-03-07,21
Bedford,2021-03-07,1
Bledsoe,2021-03-07,1
Blount,2021-03-07,3
Bradley,2021-03-07,651
Campbell,2021-03-07,23
Cannon,2021-03-07,0
Cheatham,2021-03-07,5
Chester,2021-03-07,2
Claiborne,2021-03-07,8
Cocke,2021-03-07,4
Coffee,2021-03-07,3
Cumberland,2021-03-07,12
Davidson,2021-03-07,28
DeKalb,2021-03-07,0
Dickson,2021-03-07,0
Fayette,2021-03-07,2
Fentress,2021-03-07,6
Gibson,2021-03-07,1
Giles,2021-03-07,29
Grainger,2021-03-07,6
Greene,2021-03-07,1
Grundy,2021-03-07,2
Hamblen,2021-03-07,0
Hancock,2021-03-07,3
Hardeman,2021-03-07,0
Hawkins,2021-03-07,4
Haywood,2021-03-07,0
Henry,2021-03-07,237
Hickman,2021-03-07,0
Jefferson,2021-03-07,7
Knox,2021-03-07,123
Lawrence,2021-03-07,1
Madison,2021-03-07,7
Marion,2021-03-07,26
Marshall,2021-03-07,2
Maury,2021-03-07,2
McMinn,2021-03-07,2
Meigs,2021-03-07,14
Monroe,2021-03-07,2
Montgomery,2021-03-07,37
Overton,2021-03-07,348
Polk,2021-03-07,2
Robertson,2021-03-07,30
Rutherford,2021-03-07,57
Sequatchie,2021-03-07,10
Sevier,2021-03-07,16
Shelby,2021-03-07,48
Smith,2021-03-07,0
Sumner,2021-03-07,5
Tipton,2021-03-07,2
Trousdale,2021-03-07,0
Warren,2021-03-07,0
Washington,2021-03-07,2
Williamson,2021-03-07,3
Wilson,2021-03-07,1
Bedford,2021-03-08,25
Bledsoe,2021-03-08,305
Blount,2021-03-08,46
Bradley,2021-03-08,1
Campbell,2021-03-08,80
Cannon,2021-03-08,25
Cheatham,2021-03-08,21
Chester,2021-03-08,1
Claiborne,2021-03-08,0
Cocke,2021-03-08,21
Coffee,2021-03-08,28
Cumberland,2021-03-08,1905
Davidson,2021-03-08,240
DeKalb,2021-03-08,0
Dickson,2021-03-08,0
Fayette,2021-03-08,17
Fentress,2021-03-08,2
Franklin,2021-03-08,4
Gibson,2021-03-08,1
Giles,2021-03-08,1
Greene,2021-03-08,58
Grundy,2021-03-08,2
Hamblen,2021-03-08,39
Hamilton,2021-03-08,4
Hancock,2021-03-08,17
Hawkins,2021-03-08,42
Haywood,2021-03-08,2
Henry,2021-03-08,160
Hickman,2021-03-08,0
Knox,2021-03-08,1722
Lawrence,2021-03-08,55
Lincoln,2021-03-08,1
Loudon,2021-03-08,4
Macon,2021-03-08,3
Madison,2021-03-08,4
Marion,2021-03-08,1
Marshall,2021-03-08,2
Maury,2021-03-08,378
McMinn,2021-03-08,130
Meigs,2021-03-08,1
Monroe,2021-03-08,54
Montgomery,2021-03-08,106
Morgan,2021-03-08,0
Overton,2021-03-08,0
Pickett,2021-03-08,0
Polk,2021-03-08,1
Putnam,2021-03-08,12
Rhea,2021-03-08,3
Roane,2021-03-08,2
Robertson,2021-03-08,94
Rutherford,2021-03-08,76
Scott,2021-03-08,0
Sevier,2021-03-08,46
Shelby,2021-03-08,218
Smith,2021-03-08,0
Stewart,2021-03-08,1283
Sullivan,2021-03-08,11
Sumner,2021-03-08,32
Trousdale,2021-03-08,7
Unicoi,2021-03-08,0
Union,2021-03-08,1
Warren,2021-03-08,0
Washington,2021-03-08,160
White,2021-03-08,0
Williamson,2021-03-08,20
Wilson,2021-03-08,73
Anderson,2021-03-09,9
Bedford,2021-03-09,26
Bledsoe,2021-03-09,1
Blount,2021-03-09,63
Bradley,2021-03-09,35
Campbell,2021-03-09,140
Cannon,2021-03-09,8
Carter,2021-03-09,0
Cheatham,2021-03-09,1
Claiborne,2021-03-09,52
Clay,2021-03-09,2
Cocke,2021-03-09,17
Coffee,2021-03-09,63
Cumberland,2021-03-09,1
Davidson,2021-03-09,782
DeKalb,2021-03-09,1
Dickson,2021-03-09,0
Fayette,2021-03-09,72
Fentress,2021-03-09,1
Franklin,2021-03-09,6
Giles,2021-03-09,7941
Grainger,2021-03-09,2335
Greene,2021-03-09,9
Grundy,2021-03-09,16
Hamblen,2021-03-09,1
Hancock,2021-03-09,2
Hardeman,2021-03-09,1
Hawkins,2021-03-09,12
Haywood,2021-03-09,4
Henderson,2021-03-09,2
Henry,2021-03-09,69
Jefferson,2021-03-09,3
Knox,2021-03-09,6294
Lake,2021-03-09,7
Lawrence,2021-03-09,21
Loudon,2021-03-09,2
Macon,2021-03-09,1
Madison,2021-03-09,2
Marion,2021-03-09,23
Marshall,2021-03-09,31
Maury,2021-03-09,3
Monroe,2021-03-09,52
Montgomery,2021-03-09,42
Moore,2021-03-09,2
Pickett,2021-03-09,1
Rhea,2021-03-09,31
Roane,2021-03-09,40
Robertson,2021-03-09,39
Rutherford,2021-03-09,22
Sevier,2021-03-09,55
Shelby,2021-03-09,1804
Stewart,2021-03-09,2
Sullivan,2021-03-09,24
Sumner,2021-03-09,2100
Tipton,2021-03-09,4
Unicoi,2021-03-09,25
Union,2021-03-09,5289
Washington,2021-03-09,971
White,2021-03-09,4
Williamson,2021-03-09,29
Wilson,2021-03-09,73
Anderson,2021-03-10,0
Bedford,2021-03-10,5
Bledsoe,2021-03-10,3
Blount,2021-03-10,159
Bradley,2021-03-10,72
Campbell,2021-03-10,241
Cannon,2021-03-10,1
Carter,2021-03-10,0
Cheatham,2021-03-10,1426
Claiborne,2021-03-10,52
Clay,2021-03-10,5
Cocke,2021-03-10,31
Coffee,2021-03-10,18
Crockett,2021-03-10,9
Cumberland,2021-03-10,2
Davidson,2021-03-10,0
Fayette,2021-03-10,1
Fentress,2021-03-10,137
Franklin,2021-03-10,8
Gibson,2021-03-10,4
Giles,2021-03-10,502
Grainger,2021-03-10,0
Greene,2021-03-10,7
Grundy,2021-03-10,3
Hamblen,2021-03-10,375
Hamilton,2021-03-10,0
Hancock,2021-03-10,82
Hardeman,2021-03-10,0
Hawkins,2021-03-10,526
Haywood,2021-03-10,0
Henry,2021-03-10,1
Jefferson,2021-03-10,0
Knox,2021-03-10,1742
Lake,2021-03-10,1
Lawrence,2021-03-10,5
Loudon,2021-03-10,6
Macon,2021-03-10,2
Madison,2021-03-10,5
Marion,2021-03-10,1
Marshall,2021-03-10,7
Maury,2021-03-10,1
McMinn,2021-03-10,0
Meigs,2021-03-10,1
Monroe,2021-03-10,13
Montgomery,2021-03-10,28
Moore,2021-03-10,1
Morgan,2021-03-10,0
Obion,2021-03-10,37
Overton,2021-03-10,0
Pickett,2021-03-10,1
Polk,2021-03-10,676
Putnam,2021-03-10,0
Rhea,2021-03-10,1377
Roane,2021-03-10,0
Robertson,2021-03-10,13
Rutherford,2021-03-10,10
Scott,2021-03-10,0
Sequatchie,2021-03-10,4
Sevier,2021-03-10,8
Shelby,2021-03-10,1363
Stewart,2021-03-10,1
Sullivan,2021-03-10,1339
Sumner,2021-03-10,1988
Tipton,2021-03-10,13
Trousdale,2021-03-10,18
Unicoi,2021-03-10,1
Union,2021-03-10,1
Washington,2021-03-10,0
White,2021-03-10,380
Williamson,2021-03-10,418
Wilson,2021-03-10,14
Anderson,2021-03-11,9
Bedford,2021-03-11,3
Bledsoe,2021-03-11,0
Blount,2021-03-11,24
Bradley,2021-03-11,2
Campbell,2021-03-11,72
Cannon,2021-03-11,4
Carter,2021-03-11,0
Cheatham,2021-03-11,12
Chester,2021-03-11,0
Claiborne,2021-03-11,58
Clay,2021-03-11,10
Cocke,2021-03-11,75
Coffee,2021-03-11,2
Crockett,2021-03-11,0
Cumberland,2021-03-11,4
Davidson,2021-03-11,14
DeKalb,2021-03-11,0
Dickson,2021-03-11,0
Fayette,2021-03-11,1
Fentress,2021-03-11,1
Franklin,2021-03-11,5
Giles,2021-03-11,4
Grainger,2021-03-11,1
Greene,2021-03-11,59
Grundy,2021-03-11,0
Hamblen,2021-03-11,2
Hamilton,2021-03-11,1
Hancock,2021-03-11,1
Hardeman,2021-03-11,0
Hawkins,2021-03-11,12
Haywood,2021-03-11,0
Henderson,2021-03-11,0
Henry,2021-03-11,115
Hickman,2021-03-11,0
Jackson,2021-03-11,0
Jefferson,2021-03-11,0
Knox,2021-03-11,178
Lauderdale,2021-03-11,0
Lawrence,2021-03-11,13
Lewis,2021-03-11,0
Lincoln,2021-03-11,0
Loudon,2021-03-11,6
Macon,2021-03-11,2
Madison,2021-03-11,46
Marion,2021-03-11,4
Marshall,2021-03-11,3
Maury,2021-03-11,1
McMinn,2021-03-11,1
Meigs,2021-03-11,2
Monroe,2021-03-11,33
Montgomery,2021-03-11,16
Moore,2021-03-11,0
Morgan,2021-03-11,0
Overton,2021-03-11,0
Pickett,2021-03-11,0
Polk,2021-03-11,0
Putnam,2021-03-11,4
Rhea,2021-03-11,5
Roane,2021-03-11,0
Robertson,2021-03-11,17
Rutherford,2021-03-11,52
Scott,2021-03-11,0
Sequatchie,2021-03-11,2
Sevier,2021-03-11,49
Shelby,2021-03-11,35
Smith,2021-03-11,0
Stewart,2021-03-11,81
Sullivan,2021-03-11,86
Sumner,2021-03-11,54
Tipton,2021-03-11,1145
Trousdale,2021-03-11,4
Unicoi,2021-03-11,0
Union,2021-03-11,2
Van Buren,2021-03-11,0
Warren,2021-03-11,0
Washington,2021-03-11,4
White,2021-03-11,0
Williamson,2021-03-11,182
Wilson,2021-03-11,9
Anderson,2021-03-12,34
Bedford,2021-03-12,4
Bledsoe,2021-03-12,229
Blount,2021-03-12,6
Campbell,2021-03-12,226
Cheatham,2021-03-12,99
Claiborne,2021-03-12,47
Cocke,2021-03-12,1360
Coffee,2021-03-12,24
Crockett,2021-03-12,20
Cumberland,2021-03-12,450
Davidson,2021-03-12,1847
Fayette,2021-03-12,13
Fentress,2021-03-12,1
Franklin,2021-03-12,10
Gibson,2021-03-12,1
Giles,2021-03-12,35
Grainger,2021-03-12,16
Greene,2021-03-12,64
Grundy,2021-03-12,1
Hamblen,2021-03-12,4
Hamilton,2021-03-12,7
Hancock,2021-03-12,4
Hardeman,2021-03-12,0
Hawkins,2021-03-12,19
Haywood,2021-03-12,0
Henderson,2021-03-12,5
Henry,2021-03-12,1
Jefferson,2021-03-12,31
Knox,2021-03-12,761
Lake,2021-03-12,7
Lawrence,2021-03-12,8
Loudon,2021-03-12,4
Macon,2021-03-12,4
Madison,2021-03-12,18
Marion,2021-03-12,11
Marshall,2021-03-12,4
Maury,2021-03-12,75
McMinn,2021-03-12,1
Meigs,2021-03-12,1
Monroe,2021-03-12,2
Montgomery,2021-03-12,10
Polk,2021-03-12,1
Roane,2021-03-12,3
Robertson,2021-03-12,285
Rutherford,2021-03-12,33
Sequatchie,2021-03-12,1
Sevier,2021-03-12,40
Shelby,2021-03-12,925
Stewart,2021-03-12,2
Sullivan,2021-03-12,76
Sumner,2021-03-12,3
Unicoi,2021-03-12,0
Union,2021-03-12,2
Washington,2021-03-12,45
Williamson,2021-03-12,156
Wilson,2021-03-12,7
Blount,2021-03-13,20
Bradley,2021-03-13,5
Campbell,2021-03-13,8
Cannon,2021-03-13,4
Carter,2021-03-13,0
Cheatham,2021-03-13,9
Chester,2021-03-13,1
Claiborne,2021-03-13,24
Cocke,2021-03-13,20
Coffee,2021-03-13,2
Cumberland,2021-03-13,27
Davidson,2021-03-13,381
Fayette,2021-03-13,22
Fentress,2021-03-13,1
Giles,2021-03-13,119
Greene,2021-03-13,1
Grundy,2021-03-13,1
Hamblen,2021-03-13,34
Hancock,2021-03-13,62
Hardeman,2021-03-13,22
Hawkins,2021-03-13,34
Henry,2021-03-13,36
Knox,2021-03-13,1200
Lawrence,2021-03-13,70
Loudon,2021-03-13,2
Macon,2021-03-13,14
Madison,2021-03-13,26
Marion,2021-03-13,4
Maury,2021-03-13,34
McMinn,2021-03-13,131
Meigs,2021-03-13,38
Monroe,2021-03-13,5
Montgomery,2021-03-13,3
Pickett,2021-03-13,24
Polk,2021-03-13,1
Rhea,2021-03-13,1
Roane,2021-03-13,1
Robertson,2021-03-13,2
Rutherford,2021-03-13,5
Sequatchie,2021-03-13,1
Sevier,2021-03-13,18
Shelby,2021-03-13,1579
Stewart,2021-03-13,1
Sullivan,2021-03-13,65
Sumner,2021-03-13,1303
Tipton,2021-03-13,3
Unicoi,2021-03-13,0
Union,2021-03-13,1
Washington,2021-03-13,25
Williamson,2021-03-13,13
Wilson,2021-03-13,1
Anderson,2021-03-14,3
Bedford,2021-03-14,45
Bledsoe,2021-03-14,0
Blount,2021-03-14,77
Bradley,2021-03-14,80
Campbell,2021-03-14,30
Cannon,2021-03-14,2
Cheatham,2021-03-14,223
Claiborne,2021-03-14,1
Cocke,2021-03-14,55
Coffee,2021-03-14,35
Crockett,2021-03-14,42
Cumberland,2021-03-14,9
Davidson,2021-03-14,7435
Fayette,2021-03-14,41
Fentress,2021-03-14,3
Franklin,2021-03-14,3
Gibson,2021-03-14,2
Giles,2021-03-14,10
Grainger,2021-03-14,16
Greene,2021-03-14,69
Grundy,2021-03-14,0
Hamblen,2021-03-14,2
Hamilton,2021-03-14,15
Hancock,2021-03-14,20
Hawkins,2021-03-14,5
Henry,2021-03-14,27
Jefferson,2021-03-14,3
Knox,2021-03-14,34
Lake,2021-03-14,5
Lawrence,2021-03-14,1
Loudon,2021-03-14,12
Macon,2021-03-14,2
Marion,2021-03-14,1
Marshall,2021-03-14,3
Maury,2021-03-14,50
McMinn,2021-03-14,1
Monroe,2021-03-14,9
Montgomery,2021-03-14,84
Obion,2021-03-14,2
Overton,2021-03-14,808
Pickett,2021-03-14,5
Putnam,2021-03-14,25
Rhea,2021-03-14,1
Rutherford,2021-03-14,57
Sequatchie,2021-03-14,1
Sevier,2021-03-14,9
Shelby,2021-03-14,1153
Sullivan,2021-03-14,6
Sumner,2021-03-14,19
Tipton,2021-03-14,967
Van Buren,2021-03-14,0
Washington,2021-03-14,1
Williamson,2021-03-14,1
Bedford,2021-03-15,4
Blount,2021-03-15,51
Bradley,2021-03-15,140
Campbell,2021-03-15,599
Cannon,2021-03-15,1
Cheatham,2021-03-15,0
Claiborne,2021-03-15,7
Cocke,2021-03-15,16
Coffee,2021-03-15,25
Cumberland,2021-03-15,1
Davidson,2021-03-15,283
DeKalb,2021-03-15,1
Dickson,2021-03-15,0
Fayette,2021-03-15,2
Fentress,2021-03-15,1
Franklin,2021-03-15,4
Gibson,2021-03-15,3
Giles,2021-03-15,2
Greene,2021-03-15,15
Hamblen,2021-03-15,0
Hamilton,2021-03-15,1
Hancock,2021-03-15,3
Hardeman,2021-03-15,0
Hawkins,2021-03-15,26
Haywood,2021-03-15,0
Henry,2021-03-15,51
Hickman,2021-03-15,0
Jefferson,2021-03-15,2
Knox,2021-03-15,69
Lawrence,2021-03-15,1
Loudon,2021-03-15,36
Macon,2021-03-15,2
Madison,2021-03-15,6
Marion,2021-03-15,1
Marshall,2021-03-15,6
Maury,2021-03-15,1
McMinn,2021-03-15,5
Monroe,2021-03-15,47
Montgomery,2021-03-15,42
Moore,2021-03-15,3
Polk,2021-03-15,675
Rhea,2021-03-15,6
Robertson,2021-03-15,1
Rutherford,2021-03-15,8
Sequatchie,2021-03-15,1
Sevier,2021-03-15,1673
Shelby,2021-03-15,3277
Smith,2021-03-15,85
Sullivan,2021-03-15,432
Sumner,2021-03-15,75
Trousdale,2021-03-15,220
Unicoi,2021-03-15,3
Union,2021-03-15,43
Warren,2021-03-15,0
Washington,2021-03-15,25
White,2021-03-15,2
Williamson,2021-03-15,2
Wilson,2021-03-15,5884
Bedford,2021-03-16,4
Bledsoe,2021-03-16,7
Blount,2021-03-16,522
Bradley,2021-03-16,177
Campbell,2021-03-16,175
Cannon,2021-03-16,2
Cheatham,2021-03-16,14
Chester,2021-03-16,0
Claiborne,2021-03-16,0
Cocke,2021-03-16,91
Coffee,2021-03-16,2
Crockett,2021-03-16,19
Cumberland,2021-03-16,498
Davidson,2021-03-16,3817
Fayette,2021-03-16,1
Fentress,2021-03-16,10
Franklin,2021-03-16,4
Gibson,2021-03-16,5
Giles,2021-03-16,69
Greene,2021-03-16,24
Grundy,2021-03-16,1
Hamblen,2021-03-16,1
Hancock,2021-03-16,25
Hardeman,2021-03-16,0
Hawkins,2021-03-16,58
Haywood,2021-03-16,1
Henderson,2021-03-16,0
Jefferson,2021-03-16,59
Knox,2021-03-16,170
Lauderdale,2021-03-16,0
Lawrence,2021-03-16,1692
Lewis,2021-03-16,0
Loudon,2021-03-16,4
Macon,2021-03-16,7
Madison,2021-03-16,11
Marion,2021-03-16,1
Marshall,2021-03-16,19
Maury,2021-03-16,12
McMinn,2021-03-16,1
Meigs,2021-03-16,39
Monroe,2021-03-16,17
Montgomery,2021-03-16,28
Moore,2021-03-16,5
Obion,2021-03-16,2
Robertson,2021-03-16,7
Rutherford,2021-03-16,36
Sequatchie,2021-03-16,50
Sevier,2021-03-16,1665
Shelby,2021-03-16,1999
Sullivan,2021-03-16,17
Sumner,2021-03-16,22
Tipton,2021-03-16,0
Unicoi,2021-03-16,2
Union,2021-03-16,20
Washington,2021-03-16,16
Wayne,2021-03-16,2
Williamson,2021-03-16,1678
Wilson,2021-03-16,15
Anderson,2021-03-17,21
Bedford,2021-03-17,3
Bledsoe,2021-03-17,74
Blount,2021-03-17,83
Bradley,2021-03-17,1443
Campbell,2021-03-17,46
Cannon,2021-03-17,5
Cheatham,2021-03-17,1
Chester,2021-03-17,43
Claiborne,2021-03-17,155
Cocke,2021-03-17,51
Coffee,2021-03-17,1
Crockett,2021-03-17,21
Cumberland,2021-03-17,32
Davidson,2021-03-17,144
DeKalb,2021-03-17,0
Dickson,2021-03-17,0
Dyer,2021-03-17,2
Fayette,2021-03-17,36
Fentress,2021-03-17,1
Franklin,2021-03-17,1
Gibson,2021-03-17,212
Giles,2021-03-17,55
Greene,2021-03-17,142
Grundy,2021-03-17,3
Hamblen,2021-03-17,0
Hamilton,2021-03-17,20
Hancock,2021-03-17,1
Hardeman,2021-03-17,13
Hawkins,2021-03-17,48
Haywood,2021-03-17,12
Henry,2021-03-17,448
Hickman,2021-03-17,0
Jefferson,2021-03-17,6
Knox,2021-03-17,6982
Lawrence,2021-03-17,548
Lewis,2021-03-17,0
Lincoln,2021-03-17,0
Loudon,2021-03-17,60
Madison,2021-03-17,42
Marion,2021-03-17,15
Marshall,2021-03-17,5
Maury,2021-03-17,135
McMinn,2021-03-17,25
Meigs,2021-03-17,26
Monroe,2021-03-17,17
Montgomery,2021-03-17,1699
Moore,2021-03-17,0
Morgan,2021-03-17,0
Obion,2021-03-17,5
Overton,2021-03-17,0
Pickett,2021-03-17,0
Polk,2021-03-17,58
Putnam,2021-03-17,0
Rhea,2021-03-17,8
Roane,2021-03-17,26
Robertson,2021-03-17,11
Rutherford,2021-03-17,37
Scott,2021-03-17,0
Sequatchie,2021-03-17,6
Sevier,2021-03-17,1261
Shelby,2021-03-17,3321
Smith,2021-03-17,0
Stewart,2021-03-17,238
Sullivan,2021-03-17,77
Sumner,2021-03-17,18
Tipton,2021-03-17,402
Trousdale,2021-03-17,0
Union,2021-03-17,236
Warren,2021-03-17,0
Washington,2021-03-17,48
White,2021-03-17,0
Williamson,2021-03-17,1035
Wilson,2021-03-17,7
Anderson,2021-03-18,18
Bedford,2021-03-18,23
Bledsoe,2021-03-18,109
Blount,2021-03-18,812
Bradley,2021-03-18,1383
Campbell,2021-03-18,98
Cannon,2021-03-18,1
Cheatham,2021-03-18,5
Chester,2021-03-18,288
Claiborne,2021-03-18,81
Cocke,2021-03-18,23
Coffee,2021-03-18,2
Cumberland,2021-03-18,8
Davidson,2021-03-18,1599
Dickson,2021-03-18,0
Fayette,2021-03-18,0
Fentress,2021-03-18,8
Franklin,2021-03-18,82
Gibson,2021-03-18,37
Giles,2021-03-18,20
Grainger,2021-03-18,18
Greene,2021-03-18,18
Grundy,2021-03-18,1
Hamblen,2021-03-18,2
Hamilton,2021-03-18,98
Hancock,2021-03-18,39
Hardeman,2021-03-18,0
Hawkins,2021-03-18,570
Haywood,2021-03-18,0
Henry,2021-03-18,27
Jefferson,2021-03-18,2
Knox,2021-03-18,1997
Lawrence,2021-03-18,15
Loudon,2021-03-18,132
Madison,2021-03-18,22
Marion,2021-03-18,20
Marshall,2021-03-18,2
Maury,2021-03-18,4
McMinn,2021-03-18,77
Meigs,2021-03-18,35
Monroe,2021-03-18,129
Montgomery,2021-03-18,25
Moore,2021-03-18,2
Obion,2021-03-18,687
Polk,2021-03-18,45
Rhea,2021-03-18,1368
Roane,2021-03-18,869
Robertson,2021-03-18,577
Rutherford,2021-03-18,158
Sequatchie,2021-03-18,26
Sevier,2021-03-18,890
Shelby,2021-03-18,3029
Stewart,2021-03-18,1
Sullivan,2021-03-18,1069
Sumner,2021-03-18,8
Tipton,2021-03-18,2
Unicoi,2021-03-18,1
Union,2021-03-18,126
Washington,2021-03-18,12
Williamson,2021-03-18,961
Wilson,2021-03-18,8
Bedford,2021-12-31,1
Bradley,2021-12-31,409
Cheatham,2021-12-31,0
Claiborne,2021-12-31,1
Cocke,2021-12-31,2
Cumberland,2021-12-31,1
Davidson,2021-12-31,5
Dickson,2021-12-31,0
Hamilton,2021-12-31,13
Henderson,2021-12-31,4
Houston,2021-12-31,0
Knox,2021-12-31,50
Lawrence,2021-12-31,1
Madison,2021-12-31,2
Monroe,2021-12-31,56
Montgomery,2021-12-31,4
Pickett,2021-12-31,0
Polk,2021-12-31,1
Robertson,2021-12-31,0
Rutherford,2021-12-31,1
Scott,2021-12-31,0
Sevier,2021-12-31,13
Shelby,2021-12-31,14
Stewart,2021-12-31,0
Sullivan,2021-12-31,11
Sumner,2021-12-31,1
Tipton,2021-12-31,301
Washington,2021-12-31,5
Wilson,2021-12-31,5
Anderson,2022-01-01,149
Bledsoe,2022-01-01,152
Blount,2022-01-01,513
Bradley,2022-01-01,735
Campbell,2022-01-01,58
Cheatham,2022-01-01,2216
Chester,2022-01-01,62
Claiborne,2022-01-01,206
Clay,2022-01-01,42
Cocke,2022-01-01,78
Coffee,2022-01-01,47
Cumberland,2022-01-01,496
Davidson,2022-01-01,4242
DeKalb,2022-01-01,1
Fayette,2022-01-01,1097
Fentress,2022-01-01,109
Franklin,2022-01-01,213
Giles,2022-01-01,629
Grainger,2022-01-01,64
Greene,2022-01-01,361
Grundy,2022-01-01,2
Hamblen,2022-01-01,131
Hamilton,2022-01-01,1583
Hancock,2022-01-01,88
Hardeman,2022-01-01,13
Hawkins,2022-01-01,6031
Haywood,2022-01-01,239
Henderson,2022-01-01,3
Henry,2022-01-01,27
Jackson,2022-01-01,0
Jefferson,2022-01-01,76
Knox,2022-01-01,4238
Lawrence,2022-01-01,6
Loudon,2022-01-01,73
Macon,2022-01-01,7381
Madison,2022-01-01,104
Marion,2022-01-01,34
Marshall,2022-01-01,27
Maury,2022-01-01,990
McMinn,2022-01-01,100
Meigs,2022-01-01,253
Monroe,2022-01-01,178
Montgomery,2022-01-01,1873
Moore,2022-01-01,92
Morgan,2022-01-01,45
Obion,2022-01-01,284
Overton,2022-01-01,0
Pickett,2022-01-01,179
Polk,2022-01-01,290
Putnam,2022-01-01,1
Rhea,2022-01-01,43
Roane,2022-01-01,112
Robertson,2022-01-01,1082
Rutherford,2022-01-01,16
Scott,2022-01-01,1
Sequatchie,2022-01-01,60
Sevier,2022-01-01,151
Shelby,2022-01-01,9404
Smith,2022-01-01,0
Stewart,2022-01-01,87
Sullivan,2022-01-01,3206
Sumner,2022-01-01,1979
Tipton,2022-01-01,301
Trousdale,2022-01-01,64
Union,2022-01-01,237
Van Buren,2022-01-01,2
Washington,2022-01-01,74
White,2022-01-01,463
Williamson,2022-01-01,2095
Wilson,2022-01-01,123
Anderson,2022-01-02,25
Bedford,2022-01-02,120
Bledsoe,2022-01-02,8
Blount,2022-01-02,174
Bradley,2022-01-02,13737
Campbell,2022-01-02,96
Cannon,2022-01-02,135
Cheatham,2022-01-02,24
Chester,2022-01-02,1
Claiborne,2022-01-02,54
Clay,2022-01-02,107
Cocke,2022-01-02,26
Coffee,2022-01-02,1579
Cumberland,2022-01-02,33
Davidson,2022-01-02,2766
DeKalb,2022-01-02,48
Fayette,2022-01-02,1
Fentress,2022-01-02,2
Franklin,2022-01-02,34
Gibson,2022-01-02,138
Giles,2022-01-02,455
Grainger,2022-01-02,67
Greene,2022-01-02,5
Grundy,2022-01-02,10
Hamblen,2022-01-02,31
Hamilton,2022-01-02,1582
Hancock,2022-01-02,127
Hawkins,2022-01-02,412
Haywood,2022-01-02,14
Henderson,2022-01-02,3
Jefferson,2022-01-02,9
Knox,2022-01-02,1496
Lawrence,2022-01-02,5
Loudon,2022-01-02,3
Macon,2022-01-02,516
Madison,2022-01-02,124
Marion,2022-01-02,58
Marshall,2022-01-02,778
Maury,2022-01-02,956
McMinn,2022-01-02,47
Meigs,2022-01-02,16
Monroe,2022-01-02,74
Montgomery,2022-01-02,174
Moore,2022-01-02,100
Overton,2022-01-02,27
Pickett,2022-01-02,0
Polk,2022-01-02,41
Rhea,2022-01-02,87
Roane,2022-01-02,86
Robertson,2022-01-02,3
Rutherford,2022-01-02,2168
Scott,2022-01-02,0
Sequatchie,2022-01-02,4
Sevier,2022-01-02,100
Shelby,2022-01-02,7699
Stewart,2022-01-02,2
Sullivan,2022-01-02,1223
Sumner,2022-01-02,6
Tipton,2022-01-02,547
Union,2022-01-02,99
Washington,2022-01-02,61
Williamson,2022-01-02,1466
Wilson,2022-01-02,9
Anderson,2022-01-03,225
Bedford,2022-01-03,978
Bledsoe,2022-01-03,60
Blount,2022-01-03,7691
Bradley,2022-01-03,282
Campbell,2022-01-03,957
Cannon,2022-01-03,981
Cheatham,2022-01-03,44
Chester,2022-01-03,3
Claiborne,2022-01-03,54
Clay,2022-01-03,604
Cocke,2022-01-03,2739
Coffee,2022-01-03,1644
Cumberland,2022-01-03,58
Davidson,2022-01-03,2881
DeKalb,2022-01-03,725
Dickson,2022-01-03,0
Fayette,2022-01-03,27
Fentress,2022-01-03,508
Franklin,2022-01-03,2309
Giles,2022-01-03,405
Grainger,2022-01-03,392
Greene,2022-01-03,136
Grundy,2022-01-03,1852
Hamblen,2022-01-03,1128
Hamilton,2022-01-03,2280
Hancock,2022-01-03,99
Hardeman,2022-01-03,1
Hawkins,2022-01-03,642
Henderson,2022-01-03,3
Hickman,2022-01-03,0
Jefferson,2022-01-03,4458
Knox,2022-01-03,7008
Lake,2022-01-03,10
Lawrence,2022-01-03,9
Loudon,2022-01-03,756
Macon,2022-01-03,1333
Madison,2022-01-03,14
Marion,2022-01-03,70
Marshall,2022-01-03,987
Maury,2022-01-03,404
McMinn,2022-01-03,554
Meigs,2022-01-03,985
Monroe,2022-01-03,1746
Montgomery,2022-01-03,4
Moore,2022-01-03,940
Morgan,2022-01-03,0
Obion,2022-01-03,3
Overton,2022-01-03,376
Pickett,2022-01-03,136
Polk,2022-01-03,858
Putnam,2022-01-03,2
Rhea,2022-01-03,426
Roane,2022-01-03,474
Robertson,2022-01-03,7
Rutherford,2022-01-03,6299
Scott,2022-01-03,42
Sequatchie,2022-01-03,10
Sevier,2022-01-03,29229
Shelby,2022-01-03,519
Smith,2022-01-03,85
Stewart,2022-01-03,2
Sullivan,2022-01-03,22
Sumner,2022-01-03,58
Tipton,2022-01-03,5
Trousdale,2022-01-03,398
Unicoi,2022-01-03,116
Union,2022-01-03,408
Van Buren,2022-01-03,352
Warren,2022-01-03,0
Washington,2022-01-03,2292
White,2022-01-03,8
Williamson,2022-01-03,1474
Wilson,2022-01-03,1154
Anderson,2022-01-04,2
Bedford,2022-01-04,46
Bledsoe,2022-01-04,51
Blount,2022-01-04,3076
Bradley,2022-01-04,8
Campbell,2022-01-04,42
Cannon,2022-01-04,39
Cheatham,2022-01-04,31
Chester,2022-01-04,5
Claiborne,2022-01-04,80
Cocke,2022-01-04,1167
Coffee,2022-01-04,703
Crockett,2022-01-04,13
Cumberland,2022-01-04,1
Davidson,2022-01-04,472
DeKalb,2022-01-04,54
Dyer,2022-01-04,36
Fentress,2022-01-04,79
Franklin,2022-01-04,432
Gibson,2022-01-04,4
Giles,2022-01-04,18
Grainger,2022-01-04,2
Greene,2022-01-04,5
Grundy,2022-01-04,57
Hamblen,2022-01-04,2
Hancock,2022-01-04,3
Hardeman,2022-01-04,1
Hawkins,2022-01-04,2
Haywood,2022-01-04,1
Henry,2022-01-04,1
Jefferson,2022-01-04,208
Knox,2022-01-04,1110
Lawrence,2022-01-04,9
Loudon,2022-01-04,7
Macon,2022-01-04,1
Madison,2022-01-04,972
Marion,2022-01-04,2
Marshall,2022-01-04,3
Maury,2022-01-04,22
Meigs,2022-01-04,1
Monroe,2022-01-04,1693
Montgomery,2022-01-04,8
Moore,2022-01-04,90
Obion,2022-01-04,75
Overton,2022-01-04,21
Pickett,2022-01-04,20
Polk,2022-01-04,588
Rhea,2022-01-04,1
Robertson,2022-01-04,41
Rutherford,2022-01-04,1366
Sequatchie,2022-01-04,7
Sevier,2022-01-04,17523
Shelby,2022-01-04,250
Stewart,2022-01-04,13
Sullivan,2022-01-04,11
Sumner,2022-01-04,12
Tipton,2022-01-04,10
Trousdale,2022-01-04,3
Unicoi,2022-01-04,1
Union,2022-01-04,300
Van Buren,2022-01-04,3
Washington,2022-01-04,26
Williamson,2022-01-04,885
Wilson,2022-01-04,6
Anderson,2022-01-05,2
Bedford,2022-01-05,3
Blount,2022-01-05,1067
Campbell,2022-01-05,92
Cannon,2022-01-05,14
Carter,2022-01-05,0
Cheatham,2022-01-05,1
Chester,2022-01-05,4
Claiborne,2022-01-05,17
Clay,2022-01-05,42
Cocke,2022-01-05,54
Coffee,2022-01-05,3
Crockett,2022-01-05,7
Cumberland,2022-01-05,8
Davidson,2022-01-05,1686
DeKalb,2022-01-05,1
Dickson,2022-01-05,0
Fayette,2022-01-05,4
Fentress,2022-01-05,4366
Franklin,2022-01-05,118
Gibson,2022-01-05,180
Giles,2022-01-05,401
Greene,2022-01-05,3
Grundy,2022-01-05,1489
Hamblen,2022-01-05,4
Hancock,2022-01-05,3
Hawkins,2022-01-05,39
Haywood,2022-01-05,2
Houston,2022-01-05,0
Jefferson,2022-01-05,143
Knox,2022-01-05,392
Lawrence,2022-01-05,4
Lewis,2022-01-05,0
Lincoln,2022-01-05,0
Loudon,2022-01-05,4
Macon,2022-01-05,48
Madison,2022-01-05,387
Marion,2022-01-05,634
Marshall,2022-01-05,4
Maury,2022-01-05,1
McMinn,2022-01-05,1
Monroe,2022-01-05,250
Montgomery,2022-01-05,4
Moore,2022-01-05,3
Morgan,2022-01-05,37
Overton,2022-01-05,309
Polk,2022-01-05,48
Putnam,2022-01-05,8
Roane,2022-01-05,6
Robertson,2022-01-05,74
Rutherford,2022-01-05,37
Sequatchie,2022-01-05,1
Sevier,2022-01-05,13585
Shelby,2022-01-05,119
Stewart,2022-01-05,2
Sullivan,2022-01-05,17
Sumner,2022-01-05,16
Tipton,2022-01-05,9
Trousdale,2022-01-05,538
Union,2022-01-05,2
Warren,2022-01-05,0
Washington,2022-01-05,14
Williamson,2022-01-05,879
Wilson,2022-01-05,9
Anderson,2022-01-06,3
Bedford,2022-01-06,82
Blount,2022-01-06,203
Bradley,2022-01-06,4333
Campbell,2022-01-06,50
Carter,2022-01-06,0
Cheatham,2022-01-06,63
Chester,2022-01-06,904
Claiborne,2022-01-06,77
Clay,2022-01-06,130
Cocke,2022-01-06,57
Coffee,2022-01-06,1
Cumberland,2022-01-06,16
Davidson,2022-01-06,231
Dyer,2022-01-06,34
Fayette,2022-01-06,1
Giles,2022-01-06,66
Greene,2022-01-06,10
Grundy,2022-01-06,2
Hamblen,2022-01-06,1
Hamilton,2022-01-06,6
Hancock,2022-01-06,48
Hawkins,2022-01-06,7
Jefferson,2022-01-06,23
Knox,2022-01-06,902
Lawrence,2022-01-06,26
Loudon,2022-01-06,2
Macon,2022-01-06,30
Madison,2022-01-06,60
Marshall,2022-01-06,34
Maury,2022-01-06,1
McMinn,2022-01-06,3
Monroe,2022-01-06,246
Montgomery,2022-01-06,258
Moore,2022-01-06,1
Roane,2022-01-06,6
Robertson,2022-01-06,23
Rutherford,2022-01-06,80
Sequatchie,2022-01-06,3
Sevier,2022-01-06,10117
Shelby,2022-01-06,154
Stewart,2022-01-06,1
Sullivan,2022-01-06,92
Sumner,2022-01-06,296
Washington,2022-01-06,1132
Williamson,2022-01-06,41
Wilson,2022-01-06,14
Anderson,2022-01-07,1
Bedford,2022-01-07,4
Bledsoe,2022-01-07,165
Blount,2022-01-07,466
Bradley,2022-01-07,1047
Campbell,2022-01-07,16
Carter,2022-01-07,0
Cheatham,2022-01-07,4
Chester,2022-01-07,5
Claiborne,2022-01-07,77
Cocke,2022-01-07,3
Coffee,2022-01-07,18
Cumberland,2022-01-07,2
Davidson,2022-01-07,673
Dyer,2022-01-07,34
Fayette,2022-01-07,1
Fentress,2022-01-07,438
Franklin,2022-01-07,3
Giles,2022-01-07,31
Grainger,2022-01-07,6
Greene,2022-01-07,62
Grundy,2022-01-07,3
Hamblen,2022-01-07,2
Hamilton,2022-01-07,36
Hancock,2022-01-07,6
Hawkins,2022-01-07,22
Haywood,2022-01-07,2
Henry,2022-01-07,42
Jefferson,2022-01-07,6
Knox,2022-01-07,3581
Lawrence,2022-01-07,1
Loudon,2022-01-07,66
Macon,2022-01-07,50
Madison,2022-01-07,2318
Marion,2022-01-07,1
Marshall,2022-01-07,2
Maury,2022-01-07,12
Meigs,2022-01-07,89
Monroe,2022-01-07,14
Montgomery,2022-01-07,1103
Obion,2022-01-07,21
Polk,2022-01-07,1
Roane,2022-01-07,1
Robertson,2022-01-07,438
Rutherford,2022-01-07,3
Scott,2022-01-07,42
Sequatchie,2022-01-07,1
Sevier,2022-01-07,6626
Shelby,2022-01-07,157
Smith,2022-01-07,51
Sullivan,2022-01-07,112
Sumner,2022-01-07,1737
Tipton,2022-01-07,3
Trousdale,2022-01-07,2
Union,2022-01-07,0
Washington,2022-01-07,9
Williamson,2022-01-07,1640
Wilson,2022-01-07,2801
Anderson,2022-01-08,9
Bedford,2022-01-08,3
Bledsoe,2022-01-08,256
Blount,2022-01-08,67
Bradley,2022-01-08,11
Campbell,2022-01-08,27
Cannon,2022-01-08,1
Cheatham,2022-01-08,1
Claiborne,2022-01-08,10
Cocke,2022-01-08,856
Coffee,2022-01-08,42
Cumberland,2022-01-08,75
Davidson,2022-01-08,500
Dyer,2022-01-08,221
Fayette,2022-01-08,42
Fentress,2022-01-08,1
Franklin,2022-01-08,2
Gibson,2022-01-08,5
Giles,2022-01-08,23
Grainger,2022-01-08,10
Greene,2022-01-08,3
Hamblen,2022-01-08,0
Hamilton,2022-01-08,36
Hancock,2022-01-08,1233
Hardeman,2022-01-08,1
Hawkins,2022-01-08,63
Henry,2022-01-08,319
Jefferson,2022-01-08,4
Knox,2022-01-08,1084
Lawrence,2022-01-08,8
Loudon,2022-01-08,1
Madison,2022-01-08,23
Maury,2022-01-08,1
Monroe,2022-01-08,452
Montgomery,2022-01-08,10
Moore,2022-01-08,29
Obion,2022-01-08,130
Overton,2022-01-08,4
Polk,2022-01-08,1
Rhea,2022-01-08,1
Robertson,2022-01-08,71
Rutherford,2022-01-08,305
Scott,2022-01-08,1
Sequatchie,2022-01-08,1
Sevier,2022-01-08,2849
Shelby,2022-01-08,1903
Stewart,2022-01-08,56
Sullivan,2022-01-08,25
Sumner,2022-01-08,37
Tipton,2022-01-08,4
Union,2022-01-08,0
Van Buren,2022-01-08,698
Washington,2022-01-08,55
Williamson,2022-01-08,1640
Wilson,2022-01-08,68
Anderson,2022-01-09,159
Bedford,2022-01-09,2
Bledsoe,2022-01-09,4
Blount,2022-01-09,1201
Bradley,2022-01-09,55
Campbell,2022-01-09,51
Cannon,2022-01-09,2
Carroll,2022-01-09,0
Cheatham,2022-01-09,579
Chester,2022-01-09,1
Claiborne,2022-01-09,955
Cocke,2022-01-09,13
Coffee,2022-01-09,2
Crockett,2022-01-09,1055
Cumberland,2022-01-09,393
Davidson,2022-01-09,2516
Fayette,2022-01-09,59
Fentress,2022-01-09,4
Franklin,2022-01-09,1
Giles,2022-01-09,33
Grainger,2022-01-09,105
Greene,2022-01-09,92
Grundy,2022-01-09,7
Hamilton,2022-01-09,93
Hancock,2022-01-09,47
Hawkins,2022-01-09,61
Haywood,2022-01-09,12
Henry,2022-01-09,35
Jefferson,2022-01-09,0
Knox,2022-01-09,2257
Lawrence,2022-01-09,8
Lewis,2022-01-09,0
Loudon,2022-01-09,19
Macon,2022-01-09,2799
Madison,2022-01-09,46
Marion,2022-01-09,7
Marshall,2022-01-09,5
Maury,2022-01-09,141
McMinn,2022-01-09,1
Meigs,2022-01-09,108
Monroe,2022-01-09,120
Montgomery,2022-01-09,127
Morgan,2022-01-09,47
Obion,2022-01-09,273
Pickett,2022-01-09,19
Polk,2022-01-09,234
Putnam,2022-01-09,1
Rhea,2022-01-09,19
Roane,2022-01-09,25
Robertson,2022-01-09,347
Rutherford,2022-01-09,32
Scott,2022-01-09,2
Sequatchie,2022-01-09,19
Sevier,2022-01-09,737
Shelby,2022-01-09,1903
Stewart,2022-01-09,19
Sullivan,2022-01-09,22
Sumner,2022-01-09,48
Tipton,2022-01-09,1328
Union,2022-01-09,16
Washington,2022-01-09,121
Wayne,2022-01-09,0
Weakley,2022-01-09,0
Williamson,2022-01-09,16
Wilson,2022-01-09,628
Anderson,2022-01-10,55
Bedford,2022-01-10,1
Bledsoe,2022-01-10,0
Blount,2022-01-10,51
Bradley,2022-01-10,55
Cannon,2022-01-10,294
Cheatham,2022-01-10,1
Claiborne,2022-01-10,3
Cocke,2022-01-10,3
Coffee,2022-01-10,2
Cumberland,2022-01-10,8
Davidson,2022-01-10,49
DeKalb,2022-01-10,0
Dickson,2022-01-10,0
Fayette,2022-01-10,36
Fentress,2022-01-10,1
Franklin,2022-01-10,2
Gibson,2022-01-10,41
Giles,2022-01-10,3
Grainger,2022-01-10,11
Greene,2022-01-10,90
Hamblen,2022-01-10,4
Hamilton,2022-01-10,1
Hardeman,2022-01-10,10
Hawkins,2022-01-10,26
Haywood,2022-01-10,4
Henry,2022-01-10,1
Hickman,2022-01-10,0
Jefferson,2022-01-10,5
Knox,2022-01-10,566
Lake,2022-01-10,10
Lawrence,2022-01-10,25
Loudon,2022-01-10,47
Macon,2022-01-10,2861
Madison,2022-01-10,177
Marion,2022-01-10,2
Marshall,2022-01-10,8
Maury,2022-01-10,5
McMinn,2022-01-10,1
Meigs,2022-01-10,1
Monroe,2022-01-10,99
Montgomery,2022-01-10,42
Moore,2022-01-10,2
Morgan,2022-01-10,21
Obion,2022-01-10,35
Overton,2022-01-10,0
Pickett,2022-01-10,0
Polk,2022-01-10,1
Putnam,2022-01-10,0
Rhea,2022-01-10,49
Roane,2022-01-10,8
Robertson,2022-01-10,17
Rutherford,2022-01-10,127
Scott,2022-01-10,0
Sevier,2022-01-10,103
Shelby,2022-01-10,2433
Smith,2022-01-10,0
Stewart,2022-01-10,3
Sullivan,2022-01-10,43
Sumner,2022-01-10,453
Tipton,2022-01-10,11
Trousdale,2022-01-10,0
Unicoi,2022-01-10,1
Union,2022-01-10,86
Warren,2022-01-10,0
Washington,2022-01-10,18
White,2022-01-10,0
Williamson,2022-01-10,48
Wilson,2022-01-10,16
Anderson,2022-01-11,2
Bedford,2022-01-11,6
Bledsoe,2022-01-11,5
Blount,2022-01-11,32
Bradley,2022-01-11,1
Cannon,2022-01-11,1
Cheatham,2022-01-11,3
Chester,2022-01-11,1
Claiborne,2022-01-11,60
Cocke,2022-01-11,15
Coffee,2022-01-11,5
Crockett,2022-01-11,3
Cumberland,2022-01-11,12
Davidson,2022-01-11,13
DeKalb,2022-01-11,1
Dyer,2022-01-11,2
Fayette,2022-01-11,2
Fentress,2022-01-11,1
Franklin,2022-01-11,2
Gibson,2022-01-11,4
Giles,2022-01-11,6
Grainger,2022-01-11,47
Greene,2022-01-11,19
Grundy,2022-01-11,1
Hamblen,2022-01-11,2
Hamilton,2022-01-11,1
Hancock,2022-01-11,62
Hardeman,2022-01-11,10
Hawkins,2022-01-11,33
Haywood,2022-01-11,35
Henry,2022-01-11,14
Jefferson,2022-01-11,2
Knox,2022-01-11,1341
Lawrence,2022-01-11,6
Loudon,2022-01-11,3
Macon,2022-01-11,3
Madison,2022-01-11,421
Marion,2022-01-11,3
Marshall,2022-01-11,6
Maury,2022-01-11,301
Monroe,2022-01-11,4
Montgomery,2022-01-11,721
Moore,2022-01-11,2
Obion,2022-01-11,1
Rhea,2022-01-11,1
Robertson,2022-01-11,8
Rutherford,2022-01-11,35
Sevier,2022-01-11,48
Shelby,2022-01-11,1438
Stewart,2022-01-11,87
Sullivan,2022-01-11,28
Sumner,2022-01-11,1686
Tipton,2022-01-11,5
Union,2022-01-11,68
Washington,2022-01-11,15
Williamson,2022-01-11,48
Wilson,2022-01-11,11
Bedford,2022-01-12,8
Bledsoe,2022-01-12,4
Blount,2022-01-12,11
Bradley,2022-01-12,1385
Campbell,2022-01-12,70
Cannon,2022-01-12,4
Cheatham,2022-01-12,4
Chester,2022-01-12,1
Claiborne,2022-01-12,20
Clay,2022-01-12,1
Cocke,2022-01-12,26
Coffee,2022-01-12,3
Cumberland,2022-01-12,31
Davidson,2022-01-12,598
DeKalb,2022-01-12,73
Dickson,2022-01-12,0
Fayette,2022-01-12,5
Fentress,2022-01-12,0
Franklin,2022-01-12,11
Giles,2022-01-12,10
Grainger,2022-01-12,2
Greene,2022-01-12,11
Grundy,2022-01-12,1
Hamblen,2022-01-12,5
Hamilton,2022-01-12,1
Hancock,2022-01-12,34
Hardeman,2022-01-12,1
Hawkins,2022-01-12,4
Henry,2022-01-12,8
Hickman,2022-01-12,0
Houston,2022-01-12,0
Knox,2022-01-12,75
Lawrence,2022-01-12,8
Loudon,2022-01-12,21
Macon,2022-01-12,2
Madison,2022-01-12,14
Marshall,2022-01-12,3
Maury,2022-01-12,11
McMinn,2022-01-12,21
Meigs,2022-01-12,3
Monroe,2022-01-12,16
Montgomery,2022-01-12,28
Morgan,2022-01-12,0
Obion,2022-01-12,284
Overton,2022-01-12,1
Pickett,2022-01-12,0
Polk,2022-01-12,2
Putnam,2022-01-12,0
Rhea,2022-01-12,74
Roane,2022-01-12,2
Robertson,2022-01-12,6
Rutherford,2022-01-12,39
Scott,2022-01-12,0
Sevier,2022-01-12,25
Shelby,2022-01-12,828
Smith,2022-01-12,0
Stewart,2022-01-12,0
Sullivan,2022-01-12,82
Sumner,2022-01-12,23
Tipton,2022-01-12,6
Trousdale,2022-01-12,0
Union,2022-01-12,68
Warren,2022-01-12,0
Washington,2022-01-12,89
White,2022-01-12,1
Williamson,2022-01-12,20
Wilson,2022-01-12,69
Anderson,2022-01-13,0
Bedford,2022-01-13,9
Blount,2022-01-13,7
Bradley,2022-01-13,761
Campbell,2022-01-13,5
Cannon,2022-01-13,4
Carroll,2022-01-13,0
Cheatham,2022-01-13,1
Chester,2022-01-13,2
Claiborne,2022-01-13,32
Cocke,2022-01-13,29
Coffee,2022-01-13,0
Crockett,2022-01-13,1
Cumberland,2022-01-13,38
Davidson,2022-01-13,340
DeKalb,2022-01-13,0
Dickson,2022-01-13,0
Fayette,2022-01-13,1
Franklin,2022-01-13,4
Gibson,2022-01-13,3
Giles,2022-01-13,13
Grainger,2022-01-13,31
Greene,2022-01-13,1409
Grundy,2022-01-13,3
Hamblen,2022-01-13,1
Hamilton,2022-01-13,2
Hardeman,2022-01-13,366
Hawkins,2022-01-13,90
Henry,2022-01-13,0
Hickman,2022-01-13,0
Jefferson,2022-01-13,3
Knox,2022-01-13,109
Lawrence,2022-01-13,7
Loudon,2022-01-13,28
Macon,2022-01-13,1
Madison,2022-01-13,146
Marion,2022-01-13,20
Marshall,2022-01-13,63
Maury,2022-01-13,4
McMinn,2022-01-13,6
Meigs,2022-01-13,1
Monroe,2022-01-13,1254
Montgomery,2022-01-13,40
Moore,2022-01-13,1
Putnam,2022-01-13,1
Rhea,2022-01-13,1
Roane,2022-01-13,0
Robertson,2022-01-13,8
Rutherford,2022-01-13,46
Sevier,2022-01-13,142
Shelby,2022-01-13,1172
Smith,2022-01-13,0
Stewart,2022-01-13,9
Sullivan,2022-01-13,21
Sumner,2022-01-13,38
Tipton,2022-01-13,3
Trousdale,2022-01-13,0
Unicoi,2022-01-13,1
Warren,2022-01-13,0
Washington,2022-01-13,156
Weakley,2022-01-13,0
Williamson,2022-01-13,43
Wilson,2022-01-13,39
Bedford,2022-01-14,1
Blount,2022-01-14,4
Bradley,2022-01-14,764
Campbell,2022-01-14,1
Cheatham,2022-01-14,21
Chester,2022-01-14,8
Claiborne,2022-01-14,20
Cocke,2022-01-14,17
Coffee,2022-01-14,33
Cumberland,2022-01-14,30
Davidson,2022-01-14,11
DeKalb,2022-01-14,1
Fayette,2022-01-14,1
Fentress,2022-01-14,88
Franklin,2022-01-14,2
Gibson,2022-01-14,26
Giles,2022-01-14,3
Grainger,2022-01-14,0
Greene,2022-01-14,8
Grundy,2022-01-14,3
Hamblen,2022-01-14,0
Hamilton,2022-01-14,29
Hawkins,2022-01-14,3
Henderson,2022-01-14,2
Henry,2022-01-14,84
Jefferson,2022-01-14,0
Knox,2022-01-14,39
Lake,2022-01-14,56
Lawrence,2022-01-14,10
Loudon,2022-01-14,1
Madison,2022-01-14,8
Marion,2022-01-14,8
Marshall,2022-01-14,4
Maury,2022-01-14,3
McMinn,2022-01-14,1
Monroe,2022-01-14,2
Montgomery,2022-01-14,139
Moore,2022-01-14,19
Overton,2022-01-14,1
Pickett,2022-01-14,34
Rhea,2022-01-14,28
Roane,2022-01-14,2
Robertson,2022-01-14,1
Rutherford,2022-01-14,3
Sequatchie,2022-01-14,1
Sevier,2022-01-14,50
Shelby,2022-01-14,155
Stewart,2022-01-14,165
Sullivan,2022-01-14,16
Sumner,2022-01-14,2
Tipton,2022-01-14,1
Union,2022-01-14,1
Washington,2022-01-14,54
Williamson,2022-01-14,36
Wilson,2022-01-14,3
Anderson,2022-01-15,2
Bledsoe,2022-01-15,1
Blount,2022-01-15,8
Bradley,2022-01-15,761
Cheatham,2022-01-15,1
Chester,2022-01-15,3
Claiborne,2022-01-15,116
Cocke,2022-01-15,18
Coffee,2022-01-15,3
Cumberland,2022-01-15,1
Davidson,2022-01-15,2330
Fayette,2022-01-15,1
Franklin,2022-01-15,1
Greene,2022-01-15,1
Hamilton,2022-01-15,1
Hawkins,2022-01-15,14
Jefferson,2022-01-15,0
Knox,2022-01-15,1069
Lawrence,2022-01-15,4
Loudon,2022-01-15,1
Madison,2022-01-15,54
Marion,2022-01-15,2
Maury,2022-01-15,56
Meigs,2022-01-15,89
Monroe,2022-01-15,4
Montgomery,2022-01-15,137
Moore,2022-01-15,1
Overton,2022-01-15,2
Rhea,2022-01-15,1
Robertson,2022-01-15,2
Rutherford,2022-01-15,30
Sevier,2022-01-15,5
Shelby,2022-01-15,818
Sullivan,2022-01-15,89
Sumner,2022-01-15,2
Tipton,2022-01-15,3
Union,2022-01-15,13
Washington,2022-01-15,1
Williamson,2022-01-15,14
Anderson,2022-01-16,3210
Bedford,2022-01-16,6
Bledsoe,2022-01-16,431
Blount,2022-01-16,748
Bradley,2022-01-16,2145
Campbell,2022-01-16,2992
Cheatham,2022-01-16,4
Chester,2022-01-16,2
Claiborne,2022-01-16,20
Clay,2022-01-16,38
Cocke,2022-01-16,94
Coffee,2022-01-16,4
Crockett,2022-01-16,13
Cumberland,2022-01-16,1391
Davidson,2022-01-16,29
Dyer,2022-01-16,1
Fayette,2022-01-16,1263
Fentress,2022-01-16,1177
Franklin,2022-01-16,93
Giles,2022-01-16,743
Grainger,2022-01-16,121
Greene,2022-01-16,74
Grundy,2022-01-16,62
Hamblen,2022-01-16,1
Hamilton,2022-01-16,42
Hancock,2022-01-16,39
Hardeman,2022-01-16,168
Hawkins,2022-01-16,4
Henry,2022-01-16,128
Jefferson,2022-01-16,3
Knox,2022-01-16,2972
Lauderdale,2022-01-16,2
Lawrence,2022-01-16,41
Lewis,2022-01-16,4
Loudon,2022-01-16,68
Macon,2022-01-16,118
Madison,2022-01-16,14
Marion,2022-01-16,23
Marshall,2022-01-16,15
Maury,2022-01-16,1494
McMinn,2022-01-16,930
Meigs,2022-01-16,1405
Monroe,2022-01-16,176
Montgomery,2022-01-16,18
Morgan,2022-01-16,1132
Pickett,2022-01-16,246
Polk,2022-01-16,5
Putnam,2022-01-16,81
Rhea,2022-01-16,40
Roane,2022-01-16,2555
Robertson,2022-01-16,4
Rutherford,2022-01-16,34
Scott,2022-01-16,4
Sequatchie,2022-01-16,391
Sevier,2022-01-16,1356
Shelby,2022-01-16,5376
Stewart,2022-01-16,29
Sullivan,2022-01-16,39
Sumner,2022-01-16,945
Tipton,2022-01-16,17
Unicoi,2022-01-16,746
Union,2022-01-16,108
Van Buren,2022-01-16,4
Washington,2022-01-16,189
Wayne,2022-01-16,16
Williamson,2022-01-16,2022
Wilson,2022-01-16,12
Anderson,2022-01-17,3117
Bedford,2022-01-17,3
Bledsoe,2022-01-17,101
Blount,2022-01-17,967
Bradley,2022-01-17,1476
Campbell,2022-01-17,910
Cannon,2022-01-17,1
Carroll,2022-01-17,0
Cheatham,2022-01-17,52
Chester,2022-01-17,3
Claiborne,2022-01-17,297
Cocke,2022-01-17,19
Coffee,2022-01-17,225
Crockett,2022-01-17,51
Cumberland,2022-01-17,153
Davidson,2022-01-17,33
DeKalb,2022-01-17,0
Dickson,2022-01-17,0
Fayette,2022-01-17,246
Fentress,2022-01-17,39
Franklin,2022-01-17,3
Gibson,2022-01-17,1
Giles,2022-01-17,71
Greene,2022-01-17,68
Grundy,2022-01-17,47
Hamblen,2022-01-17,6
Hamilton,2022-01-17,17
Hancock,2022-01-17,61
Hardeman,2022-01-17,95
Hawkins,2022-01-17,5
Haywood,2022-01-17,5
Henderson,2022-01-17,0
Henry,2022-01-17,4
Hickman,2022-01-17,0
Jefferson,2022-01-17,13
Knox,2022-01-17,715
Lauderdale,2022-01-17,0
Lawrence,2022-01-17,5
Loudon,2022-01-17,32
Madison,2022-01-17,15
Marion,2022-01-17,4
Marshall,2022-01-17,0
Maury,2022-01-17,55
McMinn,2022-01-17,1
McNairy,2022-01-17,0
Meigs,2022-01-17,0
Monroe,2022-01-17,568
Montgomery,2022-01-17,4
Moore,2022-01-17,12
Morgan,2022-01-17,0
Obion,2022-01-17,4
Overton,2022-01-17,1
Pickett,2022-01-17,20
Polk,2022-01-17,20
Putnam,2022-01-17,0
Rhea,2022-01-17,7
Roane,2022-01-17,3997
Robertson,2022-01-17,1
Rutherford,2022-01-17,8
Scott,2022-01-17,286
Sequatchie,2022-01-17,18
Sevier,2022-01-17,22
Shelby,2022-01-17,822
Smith,2022-01-17,0
Sullivan,2022-01-17,98
Sumner,2022-01-17,3
Tipton,2022-01-17,4
Trousdale,2022-01-17,0
Unicoi,2022-01-17,481
Union,2022-01-17,108
Van Buren,2022-01-17,4
Warren,2022-01-17,0
Washington,2022-01-17,11
White,2022-01-17,0
Williamson,2022-01-17,132
Wilson,2022-01-17,13
Bedford,2022-01-18,1
Bledsoe,2022-01-18,22
Blount,2022-01-18,1612
Bradley,2022-01-18,1
Campbell,2022-01-18,242
Cannon,2022-01-18,3
Carroll,2022-01-18,0
Cheatham,2022-01-18,1
Chester,2022-01-18,2
Claiborne,2022-01-18,309
Cocke,2022-01-18,2
Coffee,2022-01-18,13
Crockett,2022-01-18,47
Cumberland,2022-01-18,5
Davidson,2022-01-18,2393
DeKalb,2022-01-18,3
Fayette,2022-01-18,3
Fentress,2022-01-18,367
Franklin,2022-01-18,9
Gibson,2022-01-18,0
Giles,2022-01-18,33
Grainger,2022-01-18,11
Greene,2022-01-18,77
Grundy,2022-01-18,92
Hamblen,2022-01-18,2
Hamilton,2022-01-18,1
Hancock,2022-01-18,126
Hardeman,2022-01-18,2
Hawkins,2022-01-18,46
Haywood,2022-01-18,0
Henderson,2022-01-18,0
Henry,2022-01-18,14
Jefferson,2022-01-18,165
Knox,2022-01-18,2257
Lauderdale,2022-01-18,0
Lawrence,2022-01-18,3547
Loudon,2022-01-18,10
Macon,2022-01-18,1
Madison,2022-01-18,31
Marion,2022-01-18,1
Marshall,2022-01-18,6
Maury,2022-01-18,1
McMinn,2022-01-18,1
McNairy,2022-01-18,0
Meigs,2022-01-18,1
Monroe,2022-01-18,115
Montgomery,2022-01-18,43
Moore,2022-01-18,2
Morgan,2022-01-18,2
Obion,2022-01-18,2
Pickett,2022-01-18,20
Polk,2022-01-18,23
Rhea,2022-01-18,1
Roane,2022-01-18,14
Robertson,2022-01-18,8
Rutherford,2022-01-18,40
Scott,2022-01-18,42
Sequatchie,2022-01-18,61
Sevier,2022-01-18,30
Shelby,2022-01-18,144
Smith,2022-01-18,1
Sullivan,2022-01-18,7
Sumner,2022-01-18,57
Tipton,2022-01-18,46
Trousdale,2022-01-18,1
Unicoi,2022-01-18,0
Washington,2022-01-18,9
White,2022-01-18,1
Williamson,2022-01-18,85
Wilson,2022-01-18,1701
Bedford,2022-01-19,1
Blount,2022-01-19,938
Bradley,2022-01-19,1
Campbell,2022-01-19,21
Cannon,2022-01-19,1
Cheatham,2022-01-19,3
Chester,2022-01-19,3
Claiborne,2022-01-19,31
Cocke,2022-01-19,1
Coffee,2022-01-19,939
Crockett,2022-01-19,6
Cumberland,2022-01-19,1267
Davidson,2022-01-19,129
Fayette,2022-01-19,28
Fentress,2022-01-19,1
Franklin,2022-01-19,4
Giles,2022-01-19,3
Grainger,2022-01-19,1
Greene,2022-01-19,17
Grundy,2022-01-19,1
Hamblen,2022-01-19,8
Hancock,2022-01-19,23
Hardeman,2022-01-19,2
Hawkins,2022-01-19,13
Haywood,2022-01-19,1
Henry,2022-01-19,7
Hickman,2022-01-19,4
Jefferson,2022-01-19,0
Knox,2022-01-19,30
Lawrence,2022-01-19,8
Loudon,2022-01-19,6
Madison,2022-01-19,57
Marion,2022-01-19,2
Marshall,2022-01-19,57
Maury,2022-01-19,56
McMinn,2022-01-19,1
Meigs,2022-01-19,1
Monroe,2022-01-19,6
Montgomery,2022-01-19,191
Obion,2022-01-19,2
Pickett,2022-01-19,55
Polk,2022-01-19,4
Putnam,2022-01-19,77
Rhea,2022-01-19,7
Roane,2022-01-19,1
Robertson,2022-01-19,387
Rutherford,2022-01-19,72
Sequatchie,2022-01-19,1
Sevier,2022-01-19,75
Shelby,2022-01-19,224
Smith,2022-01-19,1
Stewart,2022-01-19,1
Sullivan,2022-01-19,12
Sumner,2022-01-19,1639
Tipton,2022-01-19,3
Trousdale,2022-01-19,50
Van Buren,2022-01-19,1
Washington,2022-01-19,46
White,2022-01-19,658
Williamson,2022-01-19,83
Wilson,2022-01-19,15
Anderson,2022-01-20,110
Bedford,2022-01-20,2
Blount,2022-01-20,28
Bradley,2022-01-20,3
Campbell,2022-01-20,574
Cannon,2022-01-20,4
Cheatham,2022-01-20,5
Chester,2022-01-20,453
Claiborne,2022-01-20,51
Cocke,2022-01-20,2
Crockett,2022-01-20,199
Cumberland,2022-01-20,1
Davidson,2022-01-20,1892
Fayette,2022-01-20,21
Franklin,2022-01-20,6
Gibson,2022-01-20,67
Giles,2022-01-20,41
Grainger,2022-01-20,31
Greene,2022-01-20,26
Grundy,2022-01-20,2
Hamilton,2022-01-20,14
Hawkins,2022-01-20,13
Haywood,2022-01-20,1
Henry,2022-01-20,52
Jefferson,2022-01-20,0
Knox,2022-01-20,1466
Lawrence,2022-01-20,3544
Loudon,2022-01-20,8
Madison,2022-01-20,13
Marion,2022-01-20,15
Marshall,2022-01-20,1
Maury,2022-01-20,28
McMinn,2022-01-20,49
Meigs,2022-01-20,44
Monroe,2022-01-20,18
Montgomery,2022-01-20,688
Morgan,2022-01-20,1
Obion,2022-01-20,8
Rhea,2022-01-20,30
Roane,2022-01-20,0
Robertson,2022-01-20,360
Rutherford,2022-01-20,22
Scott,2022-01-20,75
Sevier,2022-01-20,8
Shelby,2022-01-20,322
Stewart,2022-01-20,1
Sullivan,2022-01-20,27
Sumner,2022-01-20,1641
Tipton,2022-01-20,2
Trousdale,2022-01-20,4
Union,2022-01-20,2
Washington,2022-01-20,12
Williamson,2022-01-20,44
Wilson,2022-01-20,6
Bedford,2022-01-21,2
Blount,2022-01-21,7
Bradley,2022-01-21,1
Campbell,2022-01-21,3
Cannon,2022-01-21,4
Cheatham,2022-01-21,6
Chester,2022-01-21,2
Claiborne,2022-01-21,1
Clay,2022-01-21,7
Cocke,2022-01-21,564
Coffee,2022-01-21,1
Crockett,2022-01-21,1
Cumberland,2022-01-21,2
Davidson,2022-01-21,385
Fentress,2022-01-21,1
Franklin,2022-01-21,4
Giles,2022-01-21,27
Greene,2022-01-21,14
Grundy,2022-01-21,1
Hamblen,2022-01-21,3
Hamilton,2022-01-21,1
Hardeman,2022-01-21,4
Hawkins,2022-01-21,8
Jefferson,2022-01-21,8
Knox,2022-01-21,128
Lawrence,2022-01-21,5754
Lewis,2022-01-21,4
Loudon,2022-01-21,2
Madison,2022-01-21,10
Marshall,2022-01-21,24
Maury,2022-01-21,39
McMinn,2022-01-21,1
Meigs,2022-01-21,20
Montgomery,2022-01-21,6
Moore,2022-01-21,4
Pickett,2022-01-21,3
Polk,2022-01-21,1
Roane,2022-01-21,2
Robertson,2022-01-21,1
Rutherford,2022-01-21,2
Sequatchie,2022-01-21,66
Sevier,2022-01-21,21
Shelby,2022-01-21,310
Stewart,2022-01-21,12
Sullivan,2022-01-21,26
Sumner,2022-01-21,5
Tipton,2022-01-21,2
Union,2022-01-21,6
Washington,2022-01-21,47
Wayne,2022-01-21,27
Williamson,2022-01-21,9
Wilson,2022-01-21,989
Anderson,2022-01-22,2
Bedford,2022-01-22,90
Campbell,2022-01-22,2
Cannon,2022-01-22,2
Cheatham,2022-01-22,5
Cocke,2022-01-22,585
Coffee,2022-01-22,19
Cumberland,2022-01-22,1
Davidson,2022-01-22,25
Fayette,2022-01-22,18
Fentress,2022-01-22,1
Franklin,2022-01-22,3
Giles,2022-01-22,39
Grainger,2022-01-22,23
Greene,2022-01-22,35
Grundy,2022-01-22,2
Hamilton,2022-01-22,1
Hancock,2022-01-22,1
Hawkins,2022-01-22,4
Henry,2022-01-22,15
Jefferson,2022-01-22,3
Knox,2022-01-22,28
Lawrence,2022-01-22,20
Loudon,2022-01-22,38
Madison,2022-01-22,36
Marshall,2022-01-22,850
Maury,2022-01-22,4
McMinn,2022-01-22,2
Meigs,2022-01-22,38
Monroe,2022-01-22,2
Montgomery,2022-01-22,414
Moore,2022-01-22,2
Pickett,2022-01-22,3
Roane,2022-01-22,2
Robertson,2022-01-22,1
Rutherford,2022-01-22,2056
Sequatchie,2022-01-22,2
Sevier,2022-01-22,21
Shelby,2022-01-22,746
Sullivan,2022-01-22,9
Sumner,2022-01-22,6
Tipton,2022-01-22,4
Union,2022-01-22,4
Washington,2022-01-22,41
Williamson,2022-01-22,25
Wilson,2022-01-22,989
Anderson,2022-01-23,4
Bedford,2022-01-23,16
Bledsoe,2022-01-23,15
Blount,2022-01-23,595
Bradley,2022-01-23,4
Campbell,2022-01-23,46
Cheatham,2022-01-23,5
Claiborne,2022-01-23,933
Cocke,2022-01-23,2
Coffee,2022-01-23,2
Cumberland,2022-01-23,1
Davidson,2022-01-23,53
Fayette,2022-01-23,1
Fentress,2022-01-23,40
Franklin,2022-01-23,1
Gibson,2022-01-23,1
Giles,2022-01-23,6
Grainger,2022-01-23,1150
Greene,2022-01-23,5
Grundy,2022-01-23,23
Hawkins,2022-01-23,40
Henry,2022-01-23,1
Jefferson,2022-01-23,2
Knox,2022-01-23,1147
Lawrence,2022-01-23,2
Macon,2022-01-23,50
Madison,2022-01-23,20
Marion,2022-01-23,1
Marshall,2022-01-23,1
Maury,2022-01-23,1
McMinn,2022-01-23,1
Meigs,2022-01-23,4
Monroe,2022-01-23,1
Montgomery,2022-01-23,80
Obion,2022-01-23,5
Polk,2022-01-23,290
Robertson,2022-01-23,36
Rutherford,2022-01-23,11
Sevier,2022-01-23,64
Shelby,2022-01-23,42
Stewart,2022-01-23,1
Sullivan,2022-01-23,95
Sumner,2022-01-23,12
Tipton,2022-01-23,3
Union,2022-01-23,9
Washington,2022-01-23,7
Williamson,2022-01-23,3
Wilson,2022-01-23,7
Anderson,2022-01-24,1
Bedford,2022-01-24,0
Bledsoe,2022-01-24,0
Blount,2022-01-24,1068
Bradley,2022-01-24,31
Campbell,2022-01-24,37
Cannon,2022-01-24,1
Cheatham,2022-01-24,31
Chester,2022-01-24,10
Claiborne,2022-01-24,3
Cocke,2022-01-24,6
Coffee,2022-01-24,175
Cumberland,2022-01-24,45
Davidson,2022-01-24,107
DeKalb,2022-01-24,3
Dickson,2022-01-24,0
Fayette,2022-01-24,3
Fentress,2022-01-24,0
Franklin,2022-01-24,3
Gibson,2022-01-24,1
Giles,2022-01-24,47
Grainger,2022-01-24,101
Greene,2022-01-24,106
Hamblen,2022-01-24,26
Hamilton,2022-01-24,1
Hardeman,2022-01-24,1
Hawkins,2022-01-24,31
Haywood,2022-01-24,1
Hickman,2022-01-24,0
Jefferson,2022-01-24,1
Knox,2022-01-24,1313
Lawrence,2022-01-24,2167
Lincoln,2022-01-24,0
Loudon,2022-01-24,2
Macon,2022-01-24,1
Madison,2022-01-24,205
Marion,2022-01-24,26
Marshall,2022-01-24,3
Maury,2022-01-24,4
McMinn,2022-01-24,0
Meigs,2022-01-24,3
Monroe,2022-01-24,71
Montgomery,2022-01-24,492
Morgan,2022-01-24,0
Obion,2022-01-24,1
Overton,2022-01-24,0
Pickett,2022-01-24,0
Polk,2022-01-24,3
Putnam,2022-01-24,1
Rhea,2022-01-24,0
Roane,2022-01-24,1
Robertson,2022-01-24,6
Rutherford,2022-01-24,1982
Scott,2022-01-24,0
Sevier,2022-01-24,10
Shelby,2022-01-24,1037
Smith,2022-01-24,0
Stewart,2022-01-24,87
Sullivan,2022-01-24,4
Sumner,2022-01-24,106
Tipton,2022-01-24,4
Trousdale,2022-01-24,5
Union,2022-01-24,46
Warren,2022-01-24,0
Washington,2022-01-24,30
White,2022-01-24,0
Williamson,2022-01-24,18
Wilson,2022-01-24,17
Anderson,2022-01-25,86
Bedford,2022-01-25,7
Blount,2022-01-25,66
Bradley,2022-01-25,2
Campbell,2022-01-25,90
Cannon,2022-01-25,5
Cheatham,2022-01-25,13
Chester,2022-01-25,2
Claiborne,2022-01-25,53
Clay,2022-01-25,20
Cocke,2022-01-25,28
Coffee,2022-01-25,2
Cumberland,2022-01-25,1907
Davidson,2022-01-25,129
Fayette,2022-01-25,36
Franklin,2022-01-25,14
Giles,2022-01-25,577
Grainger,2022-01-25,16
Greene,2022-01-25,10
Hamblen,2022-01-25,4
Hamilton,2022-01-25,1
Hardeman,2022-01-25,1
Hawkins,2022-01-25,49
Haywood,2022-01-25,1
Henry,2022-01-25,16
Jefferson,2022-01-25,1
Knox,2022-01-25,251
Lake,2022-01-25,9
Lawrence,2022-01-25,7
Loudon,2022-01-25,9
Macon,2022-01-25,1
Madison,2022-01-25,5
Marshall,2022-01-25,3
Maury,2022-01-25,3
McMinn,2022-01-25,15
Monroe,2022-01-25,83
Montgomery,2022-01-25,31
Moore,2022-01-25,1
Pickett,2022-01-25,0
Rhea,2022-01-25,1
Roane,2022-01-25,46
Robertson,2022-01-25,43
Rutherford,2022-01-25,9
Scott,2022-01-25,0
Sevier,2022-01-25,70
Shelby,2022-01-25,413
Stewart,2022-01-25,87
Sullivan,2022-01-25,17
Sumner,2022-01-25,49
Trousdale,2022-01-25,4
Unicoi,2022-01-25,3
Union,2022-01-25,10
Washington,2022-01-25,46
Williamson,2022-01-25,11
Wilson,2022-01-25,13
Anderson,2022-01-26,32
Bedford,2022-01-26,23
Bledsoe,2022-01-26,1
Blount,2022-01-26,14
Bradley,2022-01-26,22
Campbell,2022-01-26,20
Carter,2022-01-26,0
Cheatham,2022-01-26,1
Claiborne,2022-01-26,20
Cocke,2022-01-26,4
Coffee,2022-01-26,2
Cumberland,2022-01-26,9
Davidson,2022-01-26,124
Fayette,2022-01-26,1
Franklin,2022-01-26,2
Gibson,2022-01-26,6
Giles,2022-01-26,18
Grainger,2022-01-26,5
Greene,2022-01-26,2
Grundy,2022-01-26,1
Hamblen,2022-01-26,12
Hawkins,2022-01-26,13
Haywood,2022-01-26,374
Henry,2022-01-26,7
Jefferson,2022-01-26,1
Knox,2022-01-26,1997
Lawrence,2022-01-26,23
Loudon,2022-01-26,3
Macon,2022-01-26,13
Madison,2022-01-26,6
Marshall,2022-01-26,2
Maury,2022-01-26,4
Meigs,2022-01-26,106
Monroe,2022-01-26,4
Montgomery,2022-01-26,472
Moore,2022-01-26,42
Obion,2022-01-26,2
Pickett,2022-01-26,1
Polk,2022-01-26,1
Rhea,2022-01-26,1
Roane,2022-01-26,2634
Robertson,2022-01-26,18
Rutherford,2022-01-26,33
Sevier,2022-01-26,135
Shelby,2022-01-26,200
Stewart,2022-01-26,1
Sullivan,2022-01-26,18
Sumner,2022-01-26,30
Trousdale,2022-01-26,9
Union,2022-01-26,3375
Washington,2022-01-26,17
Williamson,2022-01-26,11
Wilson,2022-01-26,11
Anderson,2022-01-27,29
Bedford,2022-01-27,2
Blount,2022-01-27,26
Bradley,2022-01-27,910
Campbell,2022-01-27,48
Cannon,2022-01-27,1
Cheatham,2022-01-27,634
Chester,2022-01-27,3
Claiborne,2022-01-27,24
Cocke,2022-01-27,5
Coffee,2022-01-27,9
Cumberland,2022-01-27,9
Davidson,2022-01-27,117
Fayette,2022-01-27,1
Fentress,2022-01-27,1
Franklin,2022-01-27,7
Gibson,2022-01-27,4
Giles,2022-01-27,38
Grainger,2022-01-27,3
Greene,2022-01-27,4
Grundy,2022-01-27,3
Hamblen,2022-01-27,3
Hamilton,2022-01-27,1
Hawkins,2022-01-27,7
Haywood,2022-01-27,1
Henderson,2022-01-27,1
Henry,2022-01-27,15
Jefferson,2022-01-27,0
Knox,2022-01-27,139
Lawrence,2022-01-27,28
Loudon,2022-01-27,41
Madison,2022-01-27,11
Marion,2022-01-27,1
Marshall,2022-01-27,2
Maury,2022-01-27,26
McMinn,2022-01-27,34
Meigs,2022-01-27,26
Monroe,2022-01-27,41
Montgomery,2022-01-27,16
Moore,2022-01-27,1
Obion,2022-01-27,1
Polk,2022-01-27,8
Roane,2022-01-27,73
Robertson,2022-01-27,41
Rutherford,2022-01-27,132
Scott,2022-01-27,4
Sevier,2022-01-27,352
Shelby,2022-01-27,703
Stewart,2022-01-27,1
Sullivan,2022-01-27,139
Sumner,2022-01-27,6
Tipton,2022-01-27,11
Trousdale,2022-01-27,2
Unicoi,2022-01-27,1
Union,2022-01-27,2
Washington,2022-01-27,879
Williamson,2022-01-27,21
Wilson,2022-01-27,1032
Anderson,2022-01-28,1
Bedford,2022-01-28,1
Bledsoe,2022-01-28,6
Blount,2022-01-28,6
Bradley,2022-01-28,1
Campbell,2022-01-28,4
Cannon,2022-01-28,3
Cheatham,2022-01-28,0
Chester,2022-01-28,2
Claiborne,2022-01-28,13
Clay,2022-01-28,38
Cocke,2022-01-28,34
Coffee,2022-01-28,1
Cumberland,2022-01-28,2
Davidson,2022-01-28,194
DeKalb,2022-01-28,0
Dickson,2022-01-28,0
Fayette,2022-01-28,1
Franklin,2022-01-28,2
Gibson,2022-01-28,4
Greene,2022-01-28,4
Hamblen,2022-01-28,2
Hamilton,2022-01-28,31
Hardeman,2022-01-28,1
Hawkins,2022-01-28,14
Henry,2022-01-28,123
Hickman,2022-01-28,0
Jefferson,2022-01-28,1
Knox,2022-01-28,72
Lawrence,2022-01-28,5
Loudon,2022-01-28,40
Madison,2022-01-28,9
Marion,2022-01-28,1
Marshall,2022-01-28,0
Maury,2022-01-28,2
Monroe,2022-01-28,5
Montgomery,2022-01-28,5496
Obion,2022-01-28,2
Overton,2022-01-28,1
Pickett,2022-01-28,65
Polk,2022-01-28,1
Putnam,2022-01-28,37
Roane,2022-01-28,1
Robertson,2022-01-28,2
Rutherford,2022-01-28,6
Sequatchie,2022-01-28,1
Sevier,2022-01-28,79
Shelby,2022-01-28,276
Smith,2022-01-28,0
Stewart,2022-01-28,1
Sullivan,2022-01-28,16
Sumner,2022-01-28,4
Tipton,2022-01-28,24
Trousdale,2022-01-28,0
Unicoi,2022-01-28,1
Union,2022-01-28,3
Warren,2022-01-28,0
Washington,2022-01-28,20
Williamson,2022-01-28,3
Wilson,2022-01-28,2460
Anderson,2022-01-29,3
Blount,2022-01-29,23
Bradley,2022-01-29,25
Campbell,2022-01-29,28
Cannon,2022-01-29,2
Cheatham,2022-01-29,3
Claiborne,2022-01-29,1
Cocke,2022-01-29,1
Coffee,2022-01-29,23
Cumberland,2022-01-29,1
Davidson,2022-01-29,203
Fayette,2022-01-29,1
Fentress,2022-01-29,13
Franklin,2022-01-29,2
Gibson,2022-01-29,1
Giles,2022-01-29,2
Grainger,2022-01-29,2
Greene,2022-01-29,1
Hawkins,2022-01-29,9
Haywood,2022-01-29,4
Henry,2022-01-29,1
Jefferson,2022-01-29,0
Knox,2022-01-29,141
Lawrence,2022-01-29,3
Loudon,2022-01-29,19
Madison,2022-01-29,93
Marion,2022-01-29,6
Marshall,2022-01-29,1
Maury,2022-01-29,25
McMinn,2022-01-29,1
Montgomery,2022-01-29,72
Pickett,2022-01-29,1
Rhea,2022-01-29,1
Robertson,2022-01-29,21
Rutherford,2022-01-29,31
Sequatchie,2022-01-29,1
Sevier,2022-01-29,2
Shelby,2022-01-29,138
Sullivan,2022-01-29,7
Sumner,2022-01-29,57
Tipton,2022-01-29,2
Washington,2022-01-29,3
Williamson,2022-01-29,0
Wilson,2022-01-29,6
Bedford,2022-01-30,3
Bledsoe,2022-01-30,1
Blount,2022-01-30,2
Cannon,2022-01-30,3
Cheatham,2022-01-30,444
Claiborne,2022-01-30,1
Cocke,2022-01-30,1
Cumberland,2022-01-30,29
Davidson,2022-01-30,44
Fayette,2022-01-30,1
Hamblen,2022-01-30,1
Hardeman,2022-01-30,2
Hawkins,2022-01-30,399
Haywood,2022-01-30,4
Henry,2022-01-30,17
Jefferson,2022-01-30,2
Knox,2022-01-30,274
Lawrence,2022-01-30,3
Loudon,2022-01-30,32
Macon,2022-01-30,2
Madison,2022-01-30,6
Marion,2022-01-30,4
Maury,2022-01-30,1
Monroe,2022-01-30,2
Montgomery,2022-01-30,56
Moore,2022-01-30,1
Roane,2022-01-30,3
Robertson,2022-01-30,1
Rutherford,2022-01-30,3
Sevier,2022-01-30,13
Shelby,2022-01-30,2407
Sullivan,2022-01-30,20
Sumner,2022-01-30,5
Union,2022-01-30,23
Washington,2022-01-30,26
Williamson,2022-01-30,174
Wilson,2022-01-30,4
Anderson,2022-01-31,7
Bedford,2022-01-31,62
Bledsoe,2022-01-31,1
Blount,2022-01-31,18
Bradley,2022-01-31,50
Campbell,2022-01-31,89
Cannon,2022-01-31,3
Carter,2022-01-31,0
Cheatham,2022-01-31,34
Chester,2022-01-31,2
Claiborne,2022-01-31,5
Cocke,2022-01-31,1
Coffee,2022-01-31,123
Cumberland,2022-01-31,8
Davidson,2022-01-31,300
DeKalb,2022-01-31,4
Dickson,2022-01-31,0
Fayette,2022-01-31,16
Fentress,2022-01-31,2
Franklin,2022-01-31,2
Gibson,2022-01-31,3
Giles,2022-01-31,66
Greene,2022-01-31,0
Hamblen,2022-01-31,8
Hamilton,2022-01-31,187
Hancock,2022-01-31,1
Hawkins,2022-01-31,75
Haywood,2022-01-31,23
Hickman,2022-01-31,0
Jefferson,2022-01-31,0
Knox,2022-01-31,129
Lake,2022-01-31,56
Lawrence,2022-01-31,12
Loudon,2022-01-31,5
Macon,2022-01-31,44
Madison,2022-01-31,27
Marion,2022-01-31,2
Marshall,2022-01-31,3
Maury,2022-01-31,14
McMinn,2022-01-31,2
Meigs,2022-01-31,79
Monroe,2022-01-31,9
Montgomery,2022-01-31,22
Moore,2022-01-31,4
Morgan,2022-01-31,0
Obion,2022-01-31,1
Overton,2022-01-31,0
Pickett,2022-01-31,0
Polk,2022-01-31,5
Putnam,2022-01-31,0
Rhea,2022-01-31,4
Roane,2022-01-31,2176
Robertson,2022-01-31,24
Rutherford,2022-01-31,222
Scott,2022-01-31,0
Sevier,2022-01-31,144
Shelby,2022-01-31,1867
Smith,2022-01-31,0
Sullivan,2022-01-31,13
Sumner,2022-01-31,12
Tipton,2022-01-31,6
Trousdale,2022-01-31,0
Union,2022-01-31,1
Warren,2022-01-31,0
Washington,2022-01-31,51
White,2022-01-31,0
Williamson,2022-01-31,39
Wilson,2022-01-31,11
Bedford,2022-02-01,2
Blount,2022-02-01,203
Bradley,2022-02-01,783
Campbell,2022-02-01,27
Cannon,2022-02-01,2
Cheatham,2022-02-01,7
Chester,2022-02-01,146
Claiborne,2022-02-01,63
Clay,2022-02-01,3
Cocke,2022-02-01,10
Coffee,2022-02-01,9
Crockett,2022-02-01,506
Cumberland,2022-02-01,1
Davidson,2022-02-01,1407
DeKalb,2022-02-01,1
Fayette,2022-02-01,1
Franklin,2022-02-01,54
Gibson,2022-02-01,2
Giles,2022-02-01,7
Greene,2022-02-01,22
Hamblen,2022-02-01,10
Hancock,2022-02-01,30
Hawkins,2022-02-01,73
Henderson,2022-02-01,1235
Henry,2022-02-01,2550
Jefferson,2022-02-01,10
Knox,2022-02-01,847
Lauderdale,2022-02-01,1
Lawrence,2022-02-01,6
Loudon,2022-02-01,2
Macon,2022-02-01,4
Madison,2022-02-01,23
Marion,2022-02-01,3
Marshall,2022-02-01,2
Maury,2022-02-01,11
McMinn,2022-02-01,8
Meigs,2022-02-01,39
Monroe,2022-02-01,13
Montgomery,2022-02-01,5
Moore,2022-02-01,1
Polk,2022-02-01,16
Putnam,2022-02-01,1
Rhea,2022-02-01,21
Roane,2022-02-01,24
Robertson,2022-02-01,17
Rutherford,2022-02-01,80
Sequatchie,2022-02-01,1
Sevier,2022-02-01,668
Shelby,2022-02-01,158
Stewart,2022-02-01,1
Sullivan,2022-02-01,25
Sumner,2022-02-01,50
Tipton,2022-02-01,2
Union,2022-02-01,2
Washington,2022-02-01,10
Williamson,2022-02-01,19
Wilson,2022-02-01,7
Anderson,2022-02-02,27
Bledsoe,2022-02-02,13
Blount,2022-02-02,203
Bradley,2022-02-02,2309
Campbell,2022-02-02,17
Cheatham,2022-02-02,71
Claiborne,2022-02-02,55
Clay,2022-02-02,2766
Cocke,2022-02-02,1
Coffee,2022-02-02,35
Crockett,2022-02-02,13
Cumberland,2022-02-02,430
Davidson,2022-02-02,5262
Fayette,2022-02-02,1
Fentress,2022-02-02,0
Franklin,2022-02-02,1997
Gibson,2022-02-02,42
Giles,2022-02-02,18
Greene,2022-02-02,127
Grundy,2022-02-02,1
Hamilton,2022-02-02,48
Hardeman,2022-02-02,46
Hawkins,2022-02-02,112
Henry,2022-02-02,1
Jefferson,2022-02-02,2
Knox,2022-02-02,602
Lawrence,2022-02-02,3
Loudon,2022-02-02,15
Macon,2022-02-02,2
Madison,2022-02-02,1170
Marion,2022-02-02,2
Marshall,2022-02-02,55
Maury,2022-02-02,5
McMinn,2022-02-02,1
Meigs,2022-02-02,1
Monroe,2022-02-02,98
Montgomery,2022-02-02,603
Moore,2022-02-02,4
Morgan,2022-02-02,0
Obion,2022-02-02,2
Overton,2022-02-02,0
Pickett,2022-02-02,0
Polk,2022-02-02,6
Putnam,2022-02-02,0
Rhea,2022-02-02,1
Roane,2022-02-02,12
Robertson,2022-02-02,37
Rutherford,2022-02-02,875
Scott,2022-02-02,0
Sequatchie,2022-02-02,9
Sevier,2022-02-02,101
Shelby,2022-02-02,111
Stewart,2022-02-02,48
Sullivan,2022-02-02,4
Sumner,2022-02-02,2
Tipton,2022-02-02,12
Union,2022-02-02,6
Washington,2022-02-02,11
White,2022-02-02,0
Williamson,2022-02-02,32
Wilson,2022-02-02,1
Anderson,2022-02-03,60
Bedford,2022-02-03,0
Bledsoe,2022-02-03,0
Blount,2022-02-03,49
Bradley,2022-02-03,679
Campbell,2022-02-03,1367
Cannon,2022-02-03,0
Cheatham,2022-02-03,9
Chester,2022-02-03,1
Claiborne,2022-02-03,35
Cocke,2022-02-03,7
Coffee,2022-02-03,524
Crockett,2022-02-03,2447
Cumberland,2022-02-03,61
Davidson,2022-02-03,5232
Dyer,2022-02-03,33
Fayette,2022-02-03,9758
Fentress,2022-02-03,1
Franklin,2022-02-03,5
Gibson,2022-02-03,1802
Giles,2022-02-03,3
Grainger,2022-02-03,15
Greene,2022-02-03,12
Grundy,2022-02-03,43
Hamilton,2022-02-03,10
Hancock,2022-02-03,2
Hardeman,2022-02-03,99
Hawkins,2022-02-03,461
Haywood,2022-02-03,2827
Henry,2022-02-03,6290
Jefferson,2022-02-03,4
Knox,2022-02-03,640
Lake,2022-02-03,316
Lauderdale,2022-02-03,41
Lawrence,2022-02-03,34
Lewis,2022-02-03,0
Lincoln,2022-02-03,0
Loudon,2022-02-03,1
Macon,2022-02-03,57
Madison,2022-02-03,1556
Marion,2022-02-03,134
Marshall,2022-02-03,6
Maury,2022-02-03,28
McMinn,2022-02-03,9
Meigs,2022-02-03,45
Monroe,2022-02-03,7
Montgomery,2022-02-03,26
Moore,2022-02-03,0
Morgan,2022-02-03,0
Obion,2022-02-03,1008
Overton,2022-02-03,0
Pickett,2022-02-03,2
Polk,2022-02-03,0
Putnam,2022-02-03,4
Rhea,2022-02-03,8
Roane,2022-02-03,0
Robertson,2022-02-03,3
Rutherford,2022-02-03,4
Scott,2022-02-03,0
Sequatchie,2022-02-03,1
Sevier,2022-02-03,73
Shelby,2022-02-03,137794
Stewart,2022-02-03,913
Sullivan,2022-02-03,114
Sumner,2022-02-03,3
Tipton,2022-02-03,4254
Trousdale,2022-02-03,1
Union,2022-02-03,34
Van Buren,2022-02-03,7
Warren,2022-02-03,0
Washington,2022-02-03,110
Weakley,2022-02-03,33
White,2022-02-03,0
Williamson,2022-02-03,39
Wilson,2022-02-03,5
Anderson,2022-02-04,28
Bedford,2022-02-04,1
Bledsoe,2022-02-04,15
Blount,2022-02-04,22
Bradley,2022-02-04,54
Campbell,2022-02-04,93
Claiborne,2022-02-04,184
Cocke,2022-02-04,8
Coffee,2022-02-04,524
Crockett,2022-02-04,1575
Cumberland,2022-02-04,57
Davidson,2022-02-04,57
Fayette,2022-02-04,4453
Fentress,2022-02-04,1
Franklin,2022-02-04,4
Gibson,2022-02-04,448
Giles,2022-02-04,1
Grainger,2022-02-04,28
Greene,2022-02-04,2310
Grundy,2022-02-04,1
Hancock,2022-02-04,159
Hardeman,2022-02-04,90
Hawkins,2022-02-04,34
Haywood,2022-02-04,679
Henry,2022-02-04,765
Jefferson,2022-02-04,6
Knox,2022-02-04,1595
Lauderdale,2022-02-04,18
Lawrence,2022-02-04,81
Loudon,2022-02-04,13
Madison,2022-02-04,28
Marion,2022-02-04,7
Marshall,2022-02-04,70
Maury,2022-02-04,3
McMinn,2022-02-04,3
Meigs,2022-02-04,44
Monroe,2022-02-04,4
Montgomery,2022-02-04,469
Moore,2022-02-04,3
Morgan,2022-02-04,5
Obion,2022-02-04,1
Rhea,2022-02-04,4
Roane,2022-02-04,1
Rutherford,2022-02-04,2
Sequatchie,2022-02-04,1
Sevier,2022-02-04,2138
Shelby,2022-02-04,129951
Stewart,2022-02-04,114
Sullivan,2022-02-04,44
Sumner,2022-02-04,2
Tipton,2022-02-04,1143
Union,2022-02-04,1
Van Buren,2022-02-04,1
Washington,2022-02-04,29
Weakley,2022-02-04,11
Williamson,2022-02-04,2
Wilson,2022-02-04,11
Bedford,2022-02-05,1
Bledsoe,2022-02-05,15
Blount,2022-02-05,2
Bradley,2022-02-05,45
Campbell,2022-02-05,12
Cannon,2022-02-05,1
Cheatham,2022-02-05,467
Chester,2022-02-05,3
Cocke,2022-02-05,1
Coffee,2022-02-05,6
Crockett,2022-02-05,79
Cumberland,2022-02-05,1
Davidson,2022-02-05,25
Fayette,2022-02-05,1979
Fentress,2022-02-05,1
Franklin,2022-02-05,1
Gibson,2022-02-05,29
Giles,2022-02-05,87
Greene,2022-02-05,1
Hardeman,2022-02-05,6
Haywood,2022-02-05,148
Henry,2022-02-05,5524
Jefferson,2022-02-05,5
Knox,2022-02-05,70
Lauderdale,2022-02-05,367
Lawrence,2022-02-05,2
Loudon,2022-02-05,90
Madison,2022-02-05,155
Marion,2022-02-05,408
Marshall,2022-02-05,4
Maury,2022-02-05,1
McMinn,2022-02-05,10
Monroe,2022-02-05,1
Montgomery,2022-02-05,469
Obion,2022-02-05,50
Pickett,2022-02-05,1
Rhea,2022-02-05,11
Roane,2022-02-05,13
Robertson,2022-02-05,1
Rutherford,2022-02-05,2
Sequatchie,2022-02-05,1
Sevier,2022-02-05,64
Shelby,2022-02-05,95752
Smith,2022-02-05,1
Stewart,2022-02-05,52
Sullivan,2022-02-05,17
Sumner,2022-02-05,2
Tipton,2022-02-05,814
Trousdale,2022-02-05,1
Union,2022-02-05,6
Van Buren,2022-02-05,1
Washington,2022-02-05,1064
Williamson,2022-02-05,67
Wilson,2022-02-05,18
Bedford,2022-02-06,2
Bledsoe,2022-02-06,4
Blount,2022-02-06,14
Bradley,2022-02-06,442
Campbell,2022-02-06,19
Cannon,2022-02-06,1
Cheatham,2022-02-06,1
Claiborne,2022-02-06,204
Cocke,2022-02-06,1
Coffee,2022-02-06,2
Crockett,2022-02-06,39
Cumberland,2022-02-06,11
Davidson,2022-02-06,588
Dyer,2022-02-06,29
Fayette,2022-02-06,336
Fentress,2022-02-06,0
Franklin,2022-02-06,16
Gibson,2022-02-06,3
Giles,2022-02-06,1
Grundy,2022-02-06,2
Hamblen,2022-02-06,3
Hamilton,2022-02-06,8
Hardeman,2022-02-06,3
Hawkins,2022-02-06,57
Haywood,2022-02-06,10
Henry,2022-02-06,163
Jefferson,2022-02-06,0
Knox,2022-02-06,2057
Lawrence,2022-02-06,2
Loudon,2022-02-06,1
Madison,2022-02-06,22
Marshall,2022-02-06,1
Maury,2022-02-06,2
McMinn,2022-02-06,10
Meigs,2022-02-06,23
Monroe,2022-02-06,0
Montgomery,2022-02-06,46
Morgan,2022-02-06,0
Overton,2022-02-06,0
Pickett,2022-02-06,1
Polk,2022-02-06,0
Putnam,2022-02-06,0
Rhea,2022-02-06,8
Roane,2022-02-06,6
Robertson,2022-02-06,14
Rutherford,2022-02-06,224
Scott,2022-02-06,0
Sevier,2022-02-06,7
Shelby,2022-02-06,81398
Stewart,2022-02-06,1
Sullivan,2022-02-06,11
Sumner,2022-02-06,8
Tipton,2022-02-06,10
Washington,2022-02-06,10
White,2022-02-06,0
Williamson,2022-02-06,424
Wilson,2022-02-06,17
Anderson,2022-02-07,1
Bedford,2022-02-07,9
Bledsoe,2022-02-07,4
Blount,2022-02-07,1134
Bradley,2022-02-07,412
Campbell,2022-02-07,73
Cannon,2022-02-07,4
Cheatham,2022-02-07,8
Chester,2022-02-07,2
Claiborne,2022-02-07,1
Cocke,2022-02-07,1
Coffee,2022-02-07,36
Crockett,2022-02-07,5
Cumberland,2022-02-07,8
Davidson,2022-02-07,23
DeKalb,2022-02-07,0
Dickson,2022-02-07,0
Fayette,2022-02-07,52
Franklin,2022-02-07,4
Gibson,2022-02-07,4
Greene,2022-02-07,6
Hamblen,2022-02-07,2
Hamilton,2022-02-07,762
Hawkins,2022-02-07,8
Haywood,2022-02-07,188
Henry,2022-02-07,1039
Hickman,2022-02-07,0
Knox,2022-02-07,1274
Lauderdale,2022-02-07,1
Lawrence,2022-02-07,17
Lincoln,2022-02-07,1
Loudon,2022-02-07,2
Macon,2022-02-07,2
Madison,2022-02-07,538
Marshall,2022-02-07,2
Maury,2022-02-07,1
McMinn,2022-02-07,334
Meigs,2022-02-07,1
Monroe,2022-02-07,84
Montgomery,2022-02-07,81
Moore,2022-02-07,5
Pickett,2022-02-07,1
Polk,2022-02-07,1
Rhea,2022-02-07,2
Roane,2022-02-07,15
Robertson,2022-02-07,12
Rutherford,2022-02-07,66
Sevier,2022-02-07,35
Shelby,2022-02-07,67643
Smith,2022-02-07,0
Stewart,2022-02-07,12
Sullivan,2022-02-07,4
Sumner,2022-02-07,38
Tipton,2022-02-07,13
Trousdale,2022-02-07,7
Unicoi,2022-02-07,0
Union,2022-02-07,2
Warren,2022-02-07,0
Washington,2022-02-07,14
Williamson,2022-02-07,12
Wilson,2022-02-07,10
Anderson,2022-02-08,18
Bedford,2022-02-08,4
Blount,2022-02-08,30
Bradley,2022-02-08,57
Campbell,2022-02-08,17
Cannon,2022-02-08,2
Cheatham,2022-02-08,26
Claiborne,2022-02-08,20
Cocke,2022-02-08,4
Coffee,2022-02-08,16
Crockett,2022-02-08,2
Cumberland,2022-02-08,2
Davidson,2022-02-08,278
Fayette,2022-02-08,329
Fentress,2022-02-08,1
Franklin,2022-02-08,7
Gibson,2022-02-08,27
Giles,2022-02-08,7
Greene,2022-02-08,10
Hamblen,2022-02-08,35
Hawkins,2022-02-08,15
Haywood,2022-02-08,3
Henderson,2022-02-08,1
Knox,2022-02-08,4381
Lawrence,2022-02-08,4
Loudon,2022-02-08,5
Madison,2022-02-08,36
Marion,2022-02-08,1
Marshall,2022-02-08,2
Maury,2022-02-08,2
McMinn,2022-02-08,14
Monroe,2022-02-08,36
Montgomery,2022-02-08,46
Moore,2022-02-08,5
Obion,2022-02-08,6
Putnam,2022-02-08,4
Rhea,2022-02-08,18
Roane,2022-02-08,13
Robertson,2022-02-08,17
Rutherford,2022-02-08,10
Sequatchie,2022-02-08,7
Sevier,2022-02-08,7
Shelby,2022-02-08,52881
Stewart,2022-02-08,3
Sullivan,2022-02-08,26
Sumner,2022-02-08,21
Tipton,2022-02-08,11
Trousdale,2022-02-08,11
Union,2022-02-08,1
Washington,2022-02-08,22
Williamson,2022-02-08,102
Wilson,2022-02-08,247
Bedford,2022-02-09,3
Bledsoe,2022-02-09,0
Blount,2022-02-09,38
Bradley,2022-02-09,4
Campbell,2022-02-09,48
Cheatham,2022-02-09,2
Chester,2022-02-09,16
Claiborne,2022-02-09,1
Clay,2022-02-09,977
Cocke,2022-02-09,12
Coffee,2022-02-09,2
Cumberland,2022-02-09,197
Davidson,2022-02-09,15
Fayette,2022-02-09,20
Fentress,2022-02-09,1
Franklin,2022-02-09,2
Gibson,2022-02-09,45
Giles,2022-02-09,3
Greene,2022-02-09,1
Grundy,2022-02-09,1
Hamblen,2022-02-09,1
Hamilton,2022-02-09,69
Hawkins,2022-02-09,6
Haywood,2022-02-09,156
Henry,2022-02-09,4
Jefferson,2022-02-09,0
Knox,2022-02-09,1211
Lake,2022-02-09,12
Lauderdale,2022-02-09,367
Lawrence,2022-02-09,19
Loudon,2022-02-09,3
Madison,2022-02-09,27
Marion,2022-02-09,1
Marshall,2022-02-09,3
Maury,2022-02-09,4
McMinn,2022-02-09,312
Meigs,2022-02-09,1
Monroe,2022-02-09,982
Montgomery,2022-02-09,17
Moore,2022-02-09,4
Morgan,2022-02-09,0
Obion,2022-02-09,7
Overton,2022-02-09,0
Pickett,2022-02-09,1
Polk,2022-02-09,1
Putnam,2022-02-09,1168
Rhea,2022-02-09,0
Roane,2022-02-09,6
Robertson,2022-02-09,58
Rutherford,2022-02-09,25
Scott,2022-02-09,0
Sevier,2022-02-09,183
Shelby,2022-02-09,38681
Stewart,2022-02-09,34
Sullivan,2022-02-09,54
Sumner,2022-02-09,56
Tipton,2022-02-09,28
Unicoi,2022-02-09,0
Union,2022-02-09,1
Washington,2022-02-09,26
White,2022-02-09,1
Williamson,2022-02-09,1282
Wilson,2022-02-09,12
Bedford,2022-02-10,6
Blount,2022-02-10,729
Bradley,2022-02-10,1
Campbell,2022-02-10,133
Cannon,2022-02-10,2
Cheatham,2022-02-10,41
Claiborne,2022-02-10,21
Cocke,2022-02-10,8
Coffee,2022-02-10,3
Crockett,2022-02-10,22
Cumberland,2022-02-10,34
Davidson,2022-02-10,180
Fayette,2022-02-10,15
Fentress,2022-02-10,2
Franklin,2022-02-10,0
Gibson,2022-02-10,1296
Giles,2022-02-10,25
Greene,2022-02-10,5
Grundy,2022-02-10,0
Hamblen,2022-02-10,2
Hamilton,2022-02-10,18
Hancock,2022-02-10,52
Hawkins,2022-02-10,17
Haywood,2022-02-10,156
Henderson,2022-02-10,1
Henry,2022-02-10,50
Jefferson,2022-02-10,1
Knox,2022-02-10,1650
Lawrence,2022-02-10,652
Lewis,2022-02-10,2
Lincoln,2022-02-10,0
Loudon,2022-02-10,22
Macon,2022-02-10,24
Madison,2022-02-10,987
Marion,2022-02-10,5
Marshall,2022-02-10,7
Maury,2022-02-10,12
McMinn,2022-02-10,87
Meigs,2022-02-10,6
Monroe,2022-02-10,42
Montgomery,2022-02-10,1626
Moore,2022-02-10,1
Obion,2022-02-10,10
Putnam,2022-02-10,1
Roane,2022-02-10,39
Robertson,2022-02-10,44
Rutherford,2022-02-10,5
Sequatchie,2022-02-10,27
Sevier,2022-02-10,148
Shelby,2022-02-10,24405
Stewart,2022-02-10,10
Sullivan,2022-02-10,7
Sumner,2022-02-10,10
Tipton,2022-02-10,4
Trousdale,2022-02-10,1
Unicoi,2022-02-10,1
Union,2022-02-10,47
Warren,2022-02-10,0
Washington,2022-02-10,3741
White,2022-02-10,40
Williamson,2022-02-10,169
Wilson,2022-02-10,43
Anderson,2022-02-11,133
Bedford,2022-02-11,34
Bledsoe,2022-02-11,4
Blount,2022-02-11,728
Bradley,2022-02-11,1
Campbell,2022-02-11,18
Cannon,2022-02-11,5
Cheatham,2022-02-11,3
Chester,2022-02-11,10
Claiborne,2022-02-11,83
Cocke,2022-02-11,1
Coffee,2022-02-11,2
Crockett,2022-02-11,5
Cumberland,2022-02-11,372
Davidson,2022-02-11,4086
Fayette,2022-02-11,88
Fentress,2022-02-11,48
Franklin,2022-02-11,2
Gibson,2022-02-11,6
Giles,2022-02-11,126
Grainger,2022-02-11,1
Greene,2022-02-11,20
Grundy,2022-02-11,1
Hamblen,2022-02-11,48
Hamilton,2022-02-11,11
Hancock,2022-02-11,150
Hardeman,2022-02-11,1
Hawkins,2022-02-11,41
Haywood,2022-02-11,43
Henry,2022-02-11,17
Jefferson,2022-02-11,1
Knox,2022-02-11,1412
Lawrence,2022-02-11,5
Loudon,2022-02-11,2147
Macon,2022-02-11,318
Madison,2022-02-11,216
Marion,2022-02-11,2
Marshall,2022-02-11,1
Maury,2022-02-11,16
McMinn,2022-02-11,1
Meigs,2022-02-11,1035
Montgomery,2022-02-11,40
Obion,2022-02-11,981
Overton,2022-02-11,2
Pickett,2022-02-11,3
Putnam,2022-02-11,1
Rhea,2022-02-11,599
Roane,2022-02-11,33
Robertson,2022-02-11,629
Rutherford,2022-02-11,1662
Sequatchie,2022-02-11,2
Sevier,2022-02-11,844
Shelby,2022-02-11,13251
Stewart,2022-02-11,1
Sullivan,2022-02-11,7
Sumner,2022-02-11,37
Tipton,2022-02-11,6
Trousdale,2022-02-11,1
Union,2022-02-11,135
Van Buren,2022-02-11,0
Warren,2022-02-11,0
Washington,2022-02-11,27
White,2022-02-11,0
Williamson,2022-02-11,34
Wilson,2022-02-11,56
Anderson,2022-02-12,2
Bedford,2022-02-12,2
Blount,2022-02-12,26
Bradley,2022-02-12,5
Cannon,2022-02-12,2
Cheatham,2022-02-12,25
Claiborne,2022-02-12,1
Cocke,2022-02-12,2
Crockett,2022-02-12,219
Cumberland,2022-02-12,1
Davidson,2022-02-12,853
Fayette,2022-02-12,21
Fentress,2022-02-12,1
Franklin,2022-02-12,10
Greene,2022-02-12,1
Grundy,2022-02-12,2
Hamilton,2022-02-12,10
Hancock,2022-02-12,1
Hawkins,2022-02-12,2
Henry,2022-02-12,1
Jefferson,2022-02-12,2
Knox,2022-02-12,21
Lawrence,2022-02-12,4950
Lewis,2022-02-12,4
Loudon,2022-02-12,2
Madison,2022-02-12,4
Marion,2022-02-12,1
Maury,2022-02-12,3
McMinn,2022-02-12,76
Meigs,2022-02-12,1
Monroe,2022-02-12,2
Montgomery,2022-02-12,7
Morgan,2022-02-12,1
Obion,2022-02-12,44
Pickett,2022-02-12,2
Putnam,2022-02-12,5
Roane,2022-02-12,1
Robertson,2022-02-12,467
Rutherford,2022-02-12,1
Sevier,2022-02-12,30
Shelby,2022-02-12,6434
Sullivan,2022-02-12,13
Sumner,2022-02-12,3
Tipton,2022-02-12,3
Washington,2022-02-12,23
Wayne,2022-02-12,27
Williamson,2022-02-12,29
Wilson,2022-02-12,4
Anderson,2022-02-13,6
Blount,2022-02-13,22
Bradley,2022-02-13,27
Cannon,2022-02-13,1
Cheatham,2022-02-13,1
Cocke,2022-02-13,3
Crockett,2022-02-13,1
Cumberland,2022-02-13,2
Davidson,2022-02-13,125
Fayette,2022-02-13,10
Gibson,2022-02-13,1
Giles,2022-02-13,18
Greene,2022-02-13,1
Grundy,2022-02-13,2
Hamblen,2022-02-13,2
Hawkins,2022-02-13,9
Haywood,2022-02-13,1
Henry,2022-02-13,12
Jefferson,2022-02-13,7
Knox,2022-02-13,68
Lawrence,2022-02-13,344
Lewis,2022-02-13,0
Madison,2022-02-13,212
Marion,2022-02-13,3
Marshall,2022-02-13,1
Maury,2022-02-13,0
Meigs,2022-02-13,1
Monroe,2022-02-13,1
Montgomery,2022-02-13,1060
Moore,2022-02-13,1
Obion,2022-02-13,1499
Robertson,2022-02-13,466
Rutherford,2022-02-13,22
Sequatchie,2022-02-13,2
Sevier,2022-02-13,10
Shelby,2022-02-13,2718
Stewart,2022-02-13,13
Sullivan,2022-02-13,18
Sumner,2022-02-13,1
Tipton,2022-02-13,3
Trousdale,2022-02-13,372
Washington,2022-02-13,5
Wayne,2022-02-13,0
Williamson,2022-02-13,1
Wilson,2022-02-13,1515
Anderson,2022-02-14,2
Bedford,2022-02-14,1
Bledsoe,2022-02-14,1
Blount,2022-02-14,145
Bradley,2022-02-14,520
Campbell,2022-02-14,22
Cannon,2022-02-14,1
Cheatham,2022-02-14,12
Claiborne,2022-02-14,3
Clay,2022-02-14,26
Cocke,2022-02-14,3
Coffee,2022-02-14,2
Crockett,2022-02-14,11
Cumberland,2022-02-14,23
Davidson,2022-02-14,196
DeKalb,2022-02-14,0
Dickson,2022-02-14,0
Fayette,2022-02-14,11
Fentress,2022-02-14,0
Franklin,2022-02-14,14
Giles,2022-02-14,125
Grainger,2022-02-14,0
Greene,2022-02-14,2
Grundy,2022-02-14,2
Hamblen,2022-02-14,39
Hamilton,2022-02-14,4
Hancock,2022-02-14,1
Hardeman,2022-02-14,0
Hawkins,2022-02-14,1843
Haywood,2022-02-14,4
Henry,2022-02-14,1
Hickman,2022-02-14,0
Jefferson,2022-02-14,2
Knox,2022-02-14,1186
Lawrence,2022-02-14,27
Loudon,2022-02-14,4
Macon,2022-02-14,1
Madison,2022-02-14,124
Marion,2022-02-14,2
Marshall,2022-02-14,2
Maury,2022-02-14,13
McMinn,2022-02-14,0
Meigs,2022-02-14,39
Monroe,2022-02-14,30
Montgomery,2022-02-14,3024
Moore,2022-02-14,1
Morgan,2022-02-14,0
Obion,2022-02-14,5
Overton,2022-02-14,0
Pickett,2022-02-14,1
Polk,2022-02-14,0
Putnam,2022-02-14,0
Rhea,2022-02-14,90
Roane,2022-02-14,0
Robertson,2022-02-14,17
Rutherford,2022-02-14,41
Scott,2022-02-14,0
Sequatchie,2022-02-14,0
Sevier,2022-02-14,6
Shelby,2022-02-14,809
Smith,2022-02-14,0
Stewart,2022-02-14,1
Sullivan,2022-02-14,7
Sumner,2022-02-14,28
Tipton,2022-02-14,33
Trousdale,2022-02-14,14
Union,2022-02-14,9
Van Buren,2022-02-14,0
Warren,2022-02-14,0
Washington,2022-02-14,11
White,2022-02-14,0
Williamson,2022-02-14,10
Wilson,2022-02-14,14
Anderson,2022-02-15,1
Bedford,2022-02-15,33
Bledsoe,2022-02-15,1
Blount,2022-02-15,10
Bradley,2022-02-15,18
Campbell,2022-02-15,103
Cannon,2022-02-15,1
Cheatham,2022-02-15,876
Chester,2022-02-15,2
Claiborne,2022-02-15,50
Cocke,2022-02-15,50
Coffee,2022-02-15,890
Cumberland,2022-02-15,3
Davidson,2022-02-15,188
DeKalb,2022-02-15,1
Fayette,2022-02-15,14
Franklin,2022-02-15,44
Giles,2022-02-15,1
Grainger,2022-02-15,1
Greene,2022-02-15,1
Grundy,2022-02-15,1
Hancock,2022-02-15,14
Hardeman,2022-02-15,2
Hawkins,2022-02-15,48
Haywood,2022-02-15,4
Henderson,2022-02-15,2
Henry,2022-02-15,52
Jefferson,2022-02-15,6
Knox,2022-02-15,63
Lawrence,2022-02-15,5
Loudon,2022-02-15,1052
Macon,2022-02-15,1
Madison,2022-02-15,1
Marion,2022-02-15,5
Marshall,2022-02-15,2
Maury,2022-02-15,13
McMinn,2022-02-15,16
Meigs,2022-02-15,26
Monroe,2022-02-15,59
Montgomery,2022-02-15,507
Moore,2022-02-15,8
Pickett,2022-02-15,276
Polk,2022-02-15,3
Rhea,2022-02-15,1
Roane,2022-02-15,1
Robertson,2022-02-15,76
Rutherford,2022-02-15,9
Sequatchie,2022-02-15,1
Sevier,2022-02-15,59
Shelby,2022-02-15,1412
Stewart,2022-02-15,2
Sullivan,2022-02-15,176
Sumner,2022-02-15,4
Tipton,2022-02-15,2
Trousdale,2022-02-15,1
Union,2022-02-15,16
Washington,2022-02-15,25
Williamson,2022-02-15,9
Wilson,2022-02-15,12
Anderson,2022-02-16,48
Bedford,2022-02-16,34
Bledsoe,2022-02-16,36
Blount,2022-02-16,96
Bradley,2022-02-16,1
Campbell,2022-02-16,91
Cannon,2022-02-16,4
Cheatham,2022-02-16,876
Chester,2022-02-16,9
Claiborne,2022-02-16,30
Clay,2022-02-16,107
Cocke,2022-02-16,5
Coffee,2022-02-16,71
Crockett,2022-02-16,30
Cumberland,2022-02-16,1077
Davidson,2022-02-16,512
Fayette,2022-02-16,29
Fentress,2022-02-16,3188
Franklin,2022-02-16,4
Gibson,2022-02-16,30
Giles,2022-02-16,2
Grainger,2022-02-16,13
Greene,2022-02-16,52
Grundy,2022-02-16,0
Hamblen,2022-02-16,8
Hamilton,2022-02-16,11
Hancock,2022-02-16,10
Hawkins,2022-02-16,25
Henry,2022-02-16,32
Knox,2022-02-16,90
Lawrence,2022-02-16,3
Loudon,2022-02-16,9
Macon,2022-02-16,3
Madison,2022-02-16,100
Marion,2022-02-16,5
Marshall,2022-02-16,51
Maury,2022-02-16,32
Meigs,2022-02-16,1
Monroe,2022-02-16,15
Montgomery,2022-02-16,2589
Moore,2022-02-16,29
Morgan,2022-02-16,37
Overton,2022-02-16,308
Polk,2022-02-16,9
Putnam,2022-02-16,8
Rhea,2022-02-16,1
Roane,2022-02-16,1
Robertson,2022-02-16,36
Rutherford,2022-02-16,84
Scott,2022-02-16,41
Sequatchie,2022-02-16,0
Sevier,2022-02-16,55
Shelby,2022-02-16,5123
Stewart,2022-02-16,3
Sullivan,2022-02-16,73
Sumner,2022-02-16,33
Tipton,2022-02-16,17
Union,2022-02-16,19
Van Buren,2022-02-16,0
Warren,2022-02-16,0
Washington,2022-02-16,63
White,2022-02-16,0
Williamson,2022-02-16,2086
Wilson,2022-02-16,18
Anderson,2022-02-17,52
Bedford,2022-02-17,284
Bledsoe,2022-02-17,59
Blount,2022-02-17,2577
Bradley,2022-02-17,1426
Campbell,2022-02-17,1013
Cannon,2022-02-17,68
Cheatham,2022-02-17,877
Chester,2022-02-17,2
Claiborne,2022-02-17,361
Cocke,2022-02-17,325
Coffee,2022-02-17,90
Crockett,2022-02-17,954
Cumberland,2022-02-17,376
Davidson,2022-02-17,2494
Dyer,2022-02-17,359
Fayette,2022-02-17,734
Fentress,2022-02-17,316
Franklin,2022-02-17,69
Gibson,2022-02-17,472
Giles,2022-02-17,737
Grainger,2022-02-17,7
Greene,2022-02-17,76
Grundy,2022-02-17,38
Hamblen,2022-02-17,44
Hamilton,2022-02-17,42
Hancock,2022-02-17,1
Hardeman,2022-02-17,2
Hawkins,2022-02-17,126
Haywood,2022-02-17,260
Henry,2022-02-17,556
Jefferson,2022-02-17,179
Knox,2022-02-17,2407
Lauderdale,2022-02-17,5
Lawrence,2022-02-17,1430
Lewis,2022-02-17,2
Loudon,2022-02-17,277
Macon,2022-02-17,5
Madison,2022-02-17,415
Marion,2022-02-17,2210
Marshall,2022-02-17,95
Maury,2022-02-17,559
McMinn,2022-02-17,328
Meigs,2022-02-17,428
Monroe,2022-02-17,118
Montgomery,2022-02-17,60
Moore,2022-02-17,47
Morgan,2022-02-17,1
Obion,2022-02-17,44
Pickett,2022-02-17,564
Polk,2022-02-17,2348
Putnam,2022-02-17,19
Rhea,2022-02-17,90
Roane,2022-02-17,244
Robertson,2022-02-17,270
Rutherford,2022-02-17,47
Scott,2022-02-17,42
Sequatchie,2022-02-17,4
Sevier,2022-02-17,1585
Shelby,2022-02-17,7828
Smith,2022-02-17,41
Stewart,2022-02-17,166
Sullivan,2022-02-17,1046
Sumner,2022-02-17,838
Tipton,2022-02-17,461
Trousdale,2022-02-17,2
Unicoi,2022-02-17,187
Union,2022-02-17,64
Van Buren,2022-02-17,1
Warren,2022-02-17,0
Washington,2022-02-17,146
White,2022-02-17,0
Williamson,2022-02-17,427
Wilson,2022-02-17,113
Anderson,2022-02-18,5
Bedford,2022-02-18,15
Bledsoe,2022-02-18,9
Blount,2022-02-18,235
Bradley,2022-02-18,141
Campbell,2022-02-18,48
Cannon,2022-02-18,2
Carroll,2022-02-18,0
Cheatham,2022-02-18,443
Claiborne,2022-02-18,341
Cocke,2022-02-18,402
Coffee,2022-02-18,1
Crockett,2022-02-18,1054
Cumberland,2022-02-18,19
Davidson,2022-02-18,14
Fayette,2022-02-18,68
Fentress,2022-02-18,24
Franklin,2022-02-18,2
Gibson,2022-02-18,682
Giles,2022-02-18,10
Grainger,2022-02-18,126
Greene,2022-02-18,6
Grundy,2022-02-18,3
Hamblen,2022-02-18,8
Hamilton,2022-02-18,21
Hawkins,2022-02-18,61
Haywood,2022-02-18,2
Henry,2022-02-18,0
Jefferson,2022-02-18,7
Knox,2022-02-18,5503
Lawrence,2022-02-18,15
Loudon,2022-02-18,63
Macon,2022-02-18,45
Madison,2022-02-18,206
Marion,2022-02-18,1151
Marshall,2022-02-18,2
Maury,2022-02-18,2
McMinn,2022-02-18,676
Meigs,2022-02-18,24
Monroe,2022-02-18,68
Montgomery,2022-02-18,53
Morgan,2022-02-18,0
Pickett,2022-02-18,1
Polk,2022-02-18,214
Rhea,2022-02-18,10
Roane,2022-02-18,99
Robertson,2022-02-18,79
Rutherford,2022-02-18,7
Sequatchie,2022-02-18,2
Sevier,2022-02-18,2696
Shelby,2022-02-18,2923
Sullivan,2022-02-18,119
Sumner,2022-02-18,71
Tipton,2022-02-18,7
Unicoi,2022-02-18,38
Union,2022-02-18,3
Van Buren,2022-02-18,1
Warren,2022-02-18,0
Washington,2022-02-18,895
Weakley,2022-02-18,0
White,2022-02-18,0
Williamson,2022-02-18,12
Wilson,2022-02-18,13
Anderson,2022-02-19,1
Bedford,2022-02-19,61
Bledsoe,2022-02-19,1
Blount,2022-02-19,6
Bradley,2022-02-19,2
Campbell,2022-02-19,8
Cheatham,2022-02-19,27
Claiborne,2022-02-19,16
Clay,2022-02-19,26
Cocke,2022-02-19,95
Coffee,2022-02-19,5
Davidson,2022-02-19,320
Fayette,2022-02-19,8
Fentress,2022-02-19,1
Franklin,2022-02-19,5
Giles,2022-02-19,1
Grainger,2022-02-19,0
Greene,2022-02-19,35
Grundy,2022-02-19,4
Hamilton,2022-02-19,2
Hawkins,2022-02-19,4
Haywood,2022-02-19,2
Jefferson,2022-02-19,3
Knox,2022-02-19,34
Lawrence,2022-02-19,2
Loudon,2022-02-19,2
Macon,2022-02-19,10
Madison,2022-02-19,1
Marion,2022-02-19,2
Maury,2022-02-19,4
McMinn,2022-02-19,1
Monroe,2022-02-19,29
Montgomery,2022-02-19,22
Pickett,2022-02-19,1
Polk,2022-02-19,1
Rhea,2022-02-19,41
Robertson,2022-02-19,5
Rutherford,2022-02-19,6
Sequatchie,2022-02-19,5
Sevier,2022-02-19,848
Shelby,2022-02-19,2057
Stewart,2022-02-19,26
Sullivan,2022-02-19,27
Sumner,2022-02-19,34
Tipton,2022-02-19,203
Union,2022-02-19,1
Washington,2022-02-19,3
White,2022-02-19,1
Williamson,2022-02-19,2
Wilson,2022-02-19,27
Blount,2022-02-20,58
Bradley,2022-02-20,6
Campbell,2022-02-20,7
Cannon,2022-02-20,26
Cheatham,2022-02-20,69
Cocke,2022-02-20,18
Coffee,2022-02-20,1
Crockett,2022-02-20,4
Davidson,2022-02-20,972
Fayette,2022-02-20,388
Franklin,2022-02-20,2
Gibson,2022-02-20,1
Giles,2022-02-20,4
Greene,2022-02-20,10
Grundy,2022-02-20,15
Hamilton,2022-02-20,1
Hardeman,2022-02-20,4
Hawkins,2022-02-20,13
Haywood,2022-02-20,1
Henry,2022-02-20,16
Knox,2022-02-20,68
Lawrence,2022-02-20,1543
Loudon,2022-02-20,4
Madison,2022-02-20,37
Marion,2022-02-20,15
Maury,2022-02-20,4
McMinn,2022-02-20,1
Monroe,2022-02-20,5858
Montgomery,2022-02-20,103
Polk,2022-02-20,1
Rhea,2022-02-20,1
Roane,2022-02-20,1
Robertson,2022-02-20,27
Rutherford,2022-02-20,2
Sevier,2022-02-20,7
Shelby,2022-02-20,1324
Stewart,2022-02-20,1
Sullivan,2022-02-20,13
Sumner,2022-02-20,6
Tipton,2022-02-20,167
Washington,2022-02-20,47
Williamson,2022-02-20,7
Wilson,2022-02-20,10
Anderson,2022-02-21,5
Bedford,2022-02-21,2
Bledsoe,2022-02-21,1
Blount,2022-02-21,29
Bradley,2022-02-21,6
Campbell,2022-02-21,16
Cannon,2022-02-21,0
Carroll,2022-02-21,0
Cheatham,2022-02-21,6
Chester,2022-02-21,4
Claiborne,2022-02-21,26
Clay,2022-02-21,11
Cocke,2022-02-21,19
Coffee,2022-02-21,71
Crockett,2022-02-21,24
Cumberland,2022-02-21,116
Davidson,2022-02-21,239
DeKalb,2022-02-21,0
Dickson,2022-02-21,0
Fayette,2022-02-21,36
Fentress,2022-02-21,0
Franklin,2022-02-21,93
Giles,2022-02-21,113
Greene,2022-02-21,1
Grundy,2022-02-21,1
Hamblen,2022-02-21,0
Hamilton,2022-02-21,0
Hawkins,2022-02-21,9
Haywood,2022-02-21,2
Henry,2022-02-21,122
Hickman,2022-02-21,0
Jefferson,2022-02-21,0
Knox,2022-02-21,42
Lake,2022-02-21,1
Lawrence,2022-02-21,11
Loudon,2022-02-21,10
Madison,2022-02-21,6
Marion,2022-02-21,4
Marshall,2022-02-21,15
Maury,2022-02-21,189
McMinn,2022-02-21,0
Meigs,2022-02-21,2
Monroe,2022-02-21,51
Montgomery,2022-02-21,1872
Moore,2022-02-21,10
Morgan,2022-02-21,0
Obion,2022-02-21,29
Overton,2022-02-21,0
Pickett,2022-02-21,0
Polk,2022-02-21,1
Putnam,2022-02-21,3
Rhea,2022-02-21,1
Roane,2022-02-21,1
Robertson,2022-02-21,92
Rutherford,2022-02-21,30
Scott,2022-02-21,0
Sequatchie,2022-02-21,0
Sevier,2022-02-21,69
Shelby,2022-02-21,212
Smith,2022-02-21,0
Stewart,2022-02-21,7
Sullivan,2022-02-21,175
Sumner,2022-02-21,47
Trousdale,2022-02-21,3
Unicoi,2022-02-21,23
Union,2022-02-21,12
Van Buren,2022-02-21,0
Warren,2022-02-21,0
Washington,2022-02-21,12
Weakley,2022-02-21,0
White,2022-02-21,0
Williamson,2022-02-21,12
Wilson,2022-02-21,6
Anderson,2022-02-22,40
Bedford,2022-02-22,5
Bledsoe,2022-02-22,163
Blount,2022-02-22,1187
Bradley,2022-02-22,55
Campbell,2022-02-22,99
Cheatham,2022-02-22,80
Chester,2022-02-22,1
Claiborne,2022-02-22,53
Cocke,2022-02-22,503
Coffee,2022-02-22,22
Crockett,2022-02-22,19
Cumberland,2022-02-22,432
Davidson,2022-02-22,2385
Dickson,2022-02-22,0
Fayette,2022-02-22,235
Fentress,2022-02-22,150
Franklin,2022-02-22,1140
Gibson,2022-02-22,1
Giles,2022-02-22,715
Grainger,2022-02-22,139
Greene,2022-02-22,2
Hamblen,2022-02-22,1
Hancock,2022-02-22,31
Hawkins,2022-02-22,32
Henry,2022-02-22,92
Houston,2022-02-22,0
Jefferson,2022-02-22,1
Knox,2022-02-22,211
Lake,2022-02-22,187
Lawrence,2022-02-22,959
Loudon,2022-02-22,2
Macon,2022-02-22,1028
Madison,2022-02-22,111
Marion,2022-02-22,14
Marshall,2022-02-22,2
Maury,2022-02-22,420
McMinn,2022-02-22,2
Meigs,2022-02-22,16
Monroe,2022-02-22,128
Montgomery,2022-02-22,1105
Moore,2022-02-22,3
Morgan,2022-02-22,3
Obion,2022-02-22,712
Overton,2022-02-22,1
Pickett,2022-02-22,564
Polk,2022-02-22,1
Rhea,2022-02-22,27
Robertson,2022-02-22,526
Rutherford,2022-02-22,216
Sequatchie,2022-02-22,41
Sevier,2022-02-22,77
Shelby,2022-02-22,4830
Stewart,2022-02-22,198
Sullivan,2022-02-22,405
Sumner,2022-02-22,261
Tipton,2022-02-22,501
Unicoi,2022-02-22,4
Union,2022-02-22,141
Washington,2022-02-22,322
White,2022-02-22,52
Williamson,2022-02-22,6
Wilson,2022-02-22,6
Anderson,2022-02-23,25
Bedford,2022-02-23,1
Bledsoe,2022-02-23,343
Blount,2022-02-23,259
Bradley,2022-02-23,40
Campbell,2022-02-23,117
Cheatham,2022-02-23,1
Chester,2022-02-23,6
Claiborne,2022-02-23,14
Cocke,2022-02-23,226
Coffee,2022-02-23,22
Crockett,2022-02-23,2
Cumberland,2022-02-23,951
Davidson,2022-02-23,548
Dyer,2022-02-23,1
Fayette,2022-02-23,241
Fentress,2022-02-23,6
Franklin,2022-02-23,22
Gibson,2022-02-23,13
Giles,2022-02-23,715
Grainger,2022-02-23,16
Greene,2022-02-23,40
Grundy,2022-02-23,6
Hamilton,2022-02-23,108
Hancock,2022-02-23,1
Hawkins,2022-02-23,21
Jefferson,2022-02-23,0
Knox,2022-02-23,1072
Lake,2022-02-23,3
Lawrence,2022-02-23,401
Lewis,2022-02-23,0
Loudon,2022-02-23,16
Macon,2022-02-23,1
Madison,2022-02-23,64
Marion,2022-02-23,11
Marshall,2022-02-23,22
Maury,2022-02-23,175
McMinn,2022-02-23,61
Meigs,2022-02-23,16
Monroe,2022-02-23,341
Montgomery,2022-02-23,38
Moore,2022-02-23,1
Obion,2022-02-23,221
Pickett,2022-02-23,11
Polk,2022-02-23,64
Putnam,2022-02-23,81
Rhea,2022-02-23,18
Roane,2022-02-23,301
Robertson,2022-02-23,61
Rutherford,2022-02-23,23
Sequatchie,2022-02-23,0
Sevier,2022-02-23,1012
Shelby,2022-02-23,1325
Smith,2022-02-23,1
Stewart,2022-02-23,176
Sullivan,2022-02-23,141
Sumner,2022-02-23,34
Tipton,2022-02-23,37
Trousdale,2022-02-23,2
Union,2022-02-23,3
Van Buren,2022-02-23,0
Warren,2022-02-23,0
Washington,2022-02-23,25
Wayne,2022-02-23,0
White,2022-02-23,0
Williamson,2022-02-23,218
Wilson,2022-02-23,60
Anderson,2022-02-24,12
Bedford,2022-02-24,92
Bledsoe,2022-02-24,3
Blount,2022-02-24,23
Bradley,2022-02-24,128
Campbell,2022-02-24,115
Cheatham,2022-02-24,44
Chester,2022-02-24,1
Claiborne,2022-02-24,14
Cocke,2022-02-24,40
Coffee,2022-02-24,2
Crockett,2022-02-24,1564
Cumberland,2022-02-24,12
Davidson,2022-02-24,328
Fayette,2022-02-24,299
Fentress,2022-02-24,73
Franklin,2022-02-24,4
Gibson,2022-02-24,1028
Giles,2022-02-24,790
Grainger,2022-02-24,15
Greene,2022-02-24,14
Grundy,2022-02-24,23
Hamblen,2022-02-24,1281
Hamilton,2022-02-24,20
Hardeman,2022-02-24,1
Hawkins,2022-02-24,45
Haywood,2022-02-24,432
Henderson,2022-02-24,1
Henry,2022-02-24,319
Jefferson,2022-02-24,3
Knox,2022-02-24,536
Lauderdale,2022-02-24,163
Lawrence,2022-02-24,653
Lewis,2022-02-24,2
Loudon,2022-02-24,49
Madison,2022-02-24,8121
Marion,2022-02-24,2
Maury,2022-02-24,234
McMinn,2022-02-24,71
Monroe,2022-02-24,4
Montgomery,2022-02-24,403
Obion,2022-02-24,44
Pickett,2022-02-24,6
Polk,2022-02-24,1291
Rhea,2022-02-24,36
Roane,2022-02-24,1
Robertson,2022-02-24,5
Rutherford,2022-02-24,78
Sequatchie,2022-02-24,0
Sevier,2022-02-24,9
Shelby,2022-02-24,7052
Stewart,2022-02-24,54
Sullivan,2022-02-24,12
Sumner,2022-02-24,2
Tipton,2022-02-24,5021
Unicoi,2022-02-24,1
Union,2022-02-24,46
Van Buren,2022-02-24,0
Warren,2022-02-24,0
Washington,2022-02-24,10
White,2022-02-24,0
Williamson,2022-02-24,13
Wilson,2022-02-24,26
Anderson,2022-02-25,19
Bedford,2022-02-25,1
Bledsoe,2022-02-25,3
Blount,2022-02-25,49
Bradley,2022-02-25,24
Campbell,2022-02-25,129
Cheatham,2022-02-25,13
Chester,2022-02-25,3
Claiborne,2022-02-25,86
Cocke,2022-02-25,198
Coffee,2022-02-25,3
Crockett,2022-02-25,73
Cumberland,2022-02-25,126
Davidson,2022-02-25,9199
Fayette,2022-02-25,7
Fentress,2022-02-25,439
Franklin,2022-02-25,4
Giles,2022-02-25,4
Grainger,2022-02-25,34
Greene,2022-02-25,4
Grundy,2022-02-25,4
Hamblen,2022-02-25,2
Hamilton,2022-02-25,0
Hawkins,2022-02-25,62
Henry,2022-02-25,647
Jefferson,2022-02-25,151
Knox,2022-02-25,1435
Lawrence,2022-02-25,3
Loudon,2022-02-25,6
Macon,2022-02-25,96
Madison,2022-02-25,28
Marion,2022-02-25,5
Marshall,2022-02-25,2
Maury,2022-02-25,3
Meigs,2022-02-25,1
Monroe,2022-02-25,516
Montgomery,2022-02-25,4
Morgan,2022-02-25,231
Obion,2022-02-25,1
Polk,2022-02-25,24
Rhea,2022-02-25,1
Roane,2022-02-25,31
Robertson,2022-02-25,65
Rutherford,2022-02-25,63
Scott,2022-02-25,41
Sequatchie,2022-02-25,1
Sevier,2022-02-25,280
Shelby,2022-02-25,1112
Stewart,2022-02-25,2
Sullivan,2022-02-25,517
Sumner,2022-02-25,25
Tipton,2022-02-25,357
Unicoi,2022-02-25,1
Union,2022-02-25,10
Van Buren,2022-02-25,0
Warren,2022-02-25,0
Washington,2022-02-25,70
White,2022-02-25,1
Williamson,2022-02-25,13
Wilson,2022-02-25,7
Anderson,2022-02-26,379
Blount,2022-02-26,2
Bradley,2022-02-26,1
Campbell,2022-02-26,10
Claiborne,2022-02-26,86
Cocke,2022-02-26,4
Coffee,2022-02-26,5
Cumberland,2022-02-26,1
Davidson,2022-02-26,213
Fayette,2022-02-26,6
Fentress,2022-02-26,1
Greene,2022-02-26,2
Grundy,2022-02-26,7
Hamilton,2022-02-26,72
Hawkins,2022-02-26,4
Henry,2022-02-26,1
Jefferson,2022-02-26,4
Knox,2022-02-26,35
Lake,2022-02-26,1
Lawrence,2022-02-26,2
Loudon,2022-02-26,1
Macon,2022-02-26,14
Madison,2022-02-26,6
Marion,2022-02-26,2
Maury,2022-02-26,178
McMinn,2022-02-26,467
Meigs,2022-02-26,1
Monroe,2022-02-26,2
Montgomery,2022-02-26,4
Moore,2022-02-26,2
Polk,2022-02-26,60
Robertson,2022-02-26,22
Rutherford,2022-02-26,21
Sevier,2022-02-26,526
Shelby,2022-02-26,1110
Stewart,2022-02-26,732
Sullivan,2022-02-26,35
Sumner,2022-02-26,1363
Tipton,2022-02-26,17
Washington,2022-02-26,1034
White,2022-02-26,4
Williamson,2022-02-26,21
Anderson,2022-02-27,0
Bledsoe,2022-02-27,1
Blount,2022-02-27,47
Bradley,2022-02-27,1
Campbell,2022-02-27,7
Cheatham,2022-02-27,2
Claiborne,2022-02-27,95
Cocke,2022-02-27,58
Coffee,2022-02-27,9
Crockett,2022-02-27,14
Cumberland,2022-02-27,4
Davidson,2022-02-27,775
Fayette,2022-02-27,14
Fentress,2022-02-27,2
Gibson,2022-02-27,13
Giles,2022-02-27,1
Grainger,2022-02-27,420
Greene,2022-02-27,21
Hamblen,2022-02-27,1
Hawkins,2022-02-27,453
Henry,2022-02-27,1
Jefferson,2022-02-27,1
Knox,2022-02-27,2261
Lake,2022-02-27,1
Lawrence,2022-02-27,5
Loudon,2022-02-27,1
Madison,2022-02-27,37
Marion,2022-02-27,3
Marshall,2022-02-27,1
Maury,2022-02-27,24
McMinn,2022-02-27,467
Meigs,2022-02-27,2
Montgomery,2022-02-27,50
Obion,2022-02-27,1
Roane,2022-02-27,1
Robertson,2022-02-27,46
Rutherford,2022-02-27,211
Sequatchie,2022-02-27,1
Sevier,2022-02-27,32
Shelby,2022-02-27,301
Sullivan,2022-02-27,7
Tipton,2022-02-27,9
Union,2022-02-27,309
Washington,2022-02-27,37
Williamson,2022-02-27,2
Wilson,2022-02-27,4
Anderson,2022-02-28,70
Bedford,2022-02-28,3
Bledsoe,2022-02-28,1
Blount,2022-02-28,5
Bradley,2022-02-28,24
Campbell,2022-02-28,1
Cannon,2022-02-28,0
Cheatham,2022-02-28,38
Chester,2022-02-28,2
Claiborne,2022-02-28,10
Clay,2022-02-28,2
Cocke,2022-02-28,548
Coffee,2022-02-28,36
Crockett,2022-02-28,1
Cumberland,2022-02-28,7
Davidson,2022-02-28,88
DeKalb,2022-02-28,0
Dickson,2022-02-28,0
Fayette,2022-02-28,7
Fentress,2022-02-28,1
Franklin,2022-02-28,2
Gibson,2022-02-28,29
Giles,2022-02-28,14
Grainger,2022-02-28,30
Greene,2022-02-28,4
Grundy,2022-02-28,1
Hamblen,2022-02-28,1
Hamilton,2022-02-28,0
Hawkins,2022-02-28,42
Henry,2022-02-28,23
Hickman,2022-02-28,0
Jefferson,2022-02-28,4
Knox,2022-02-28,45
Lawrence,2022-02-28,17
Loudon,2022-02-28,1
Madison,2022-02-28,21
Marion,2022-02-28,4
Marshall,2022-02-28,1
Maury,2022-02-28,6
McMinn,2022-02-28,8
Meigs,2022-02-28,48
Monroe,2022-02-28,11
Montgomery,2022-02-28,297
Moore,2022-02-28,4
Morgan,2022-02-28,0
Obion,2022-02-28,25
Overton,2022-02-28,7
Pickett,2022-02-28,415
Polk,2022-02-28,1
Putnam,2022-02-28,0
Rhea,2022-02-28,1
Roane,2022-02-28,0
Robertson,2022-02-28,18
Rutherford,2022-02-28,32
Scott,2022-02-28,0
Sequatchie,2022-02-28,1
Sevier,2022-02-28,57
Shelby,2022-02-28,921
Smith,2022-02-28,0
Stewart,2022-02-28,1
Sullivan,2022-02-28,29
Sumner,2022-02-28,8
Tipton,2022-02-28,7
Trousdale,2022-02-28,2
Union,2022-02-28,52
Van Buren,2022-02-28,0
Warren,2022-02-28,0
Washington,2022-02-28,32
White,2022-02-28,0
Williamson,2022-02-28,16
Wilson,2022-02-28,50
Anderson,2022-03-01,5
Bedford,2022-03-01,23
Blount,2022-03-01,5
Bradley,2022-03-01,12
Campbell,2022-03-01,95
Cheatham,2022-03-01,34
Chester,2022-03-01,4
Claiborne,2022-03-01,5
Cocke,2022-03-01,24
Coffee,2022-03-01,15
Crockett,2022-03-01,2
Cumberland,2022-03-01,274
Davidson,2022-03-01,202
Fayette,2022-03-01,6
Franklin,2022-03-01,9
Gibson,2022-03-01,37
Giles,2022-03-01,804
Greene,2022-03-01,22
Hamblen,2022-03-01,3
Hamilton,2022-03-01,1
Hawkins,2022-03-01,12
Haywood,2022-03-01,1
Henry,2022-03-01,1
Jefferson,2022-03-01,4
Knox,2022-03-01,277
Lawrence,2022-03-01,8
Loudon,2022-03-01,41
Macon,2022-03-01,3
Madison,2022-03-01,19
Marion,2022-03-01,9
Marshall,2022-03-01,3
Maury,2022-03-01,5
Meigs,2022-03-01,38
Monroe,2022-03-01,5
Montgomery,2022-03-01,1060
Moore,2022-03-01,21
Obion,2022-03-01,1
Rhea,2022-03-01,2
Roane,2022-03-01,3
Robertson,2022-03-01,17
Rutherford,2022-03-01,16
Sevier,2022-03-01,39
Shelby,2022-03-01,289
Stewart,2022-03-01,2
Sullivan,2022-03-01,32
Sumner,2022-03-01,716
Tipton,2022-03-01,1
Union,2022-03-01,73
Washington,2022-03-01,45
Williamson,2022-03-01,13
Wilson,2022-03-01,11
Anderson,2022-03-02,412
Bedford,2022-03-02,0
Bledsoe,2022-03-02,0
Blount,2022-03-02,4
Bradley,2022-03-02,8
Campbell,2022-03-02,16
Cannon,2022-03-02,4
Cheatham,2022-03-02,31
Chester,2022-03-02,238
Claiborne,2022-03-02,8
Clay,2022-03-02,619
Cocke,2022-03-02,6
Coffee,2022-03-02,0
Crockett,2022-03-02,2439
Cumberland,2022-03-02,7
Davidson,2022-03-02,6769
DeKalb,2022-03-02,2
Fayette,2022-03-02,1
Fentress,2022-03-02,14
Franklin,2022-03-02,57
Giles,2022-03-02,1
Grainger,2022-03-02,1
Greene,2022-03-02,4
Grundy,2022-03-02,110
Hamblen,2022-03-02,1
Hamilton,2022-03-02,0
Hancock,2022-03-02,129
Hawkins,2022-03-02,14
Henry,2022-03-02,53
Knox,2022-03-02,223
Lawrence,2022-03-02,32
Lewis,2022-03-02,0
Lincoln,2022-03-02,0
Loudon,2022-03-02,2
Macon,2022-03-02,2
Madison,2022-03-02,28
Marion,2022-03-02,11
Marshall,2022-03-02,0
Maury,2022-03-02,69
McMinn,2022-03-02,2
Meigs,2022-03-02,26
Monroe,2022-03-02,45
Montgomery,2022-03-02,120
Moore,2022-03-02,6
Morgan,2022-03-02,0
Overton,2022-03-02,13
Pickett,2022-03-02,0
Polk,2022-03-02,0
Putnam,2022-03-02,0
Rhea,2022-03-02,0
Roane,2022-03-02,28
Robertson,2022-03-02,14
Rutherford,2022-03-02,90
Scott,2022-03-02,0
Sequatchie,2022-03-02,0
Sevier,2022-03-02,42
Shelby,2022-03-02,207
Stewart,2022-03-02,116
Sullivan,2022-03-02,116
Sumner,2022-03-02,2898
Tipton,2022-03-02,3
Trousdale,2022-03-02,1
Union,2022-03-02,30
Van Buren,2022-03-02,0
Warren,2022-03-02,0
Washington,2022-03-02,1717
White,2022-03-02,0
Williamson,2022-03-02,665
Wilson,2022-03-02,63
Anderson,2022-03-03,43
Bedford,2022-03-03,0
Bledsoe,2022-03-03,0
Blount,2022-03-03,26
Bradley,2022-03-03,1
Campbell,2022-03-03,17
Cannon,2022-03-03,2
Cheatham,2022-03-03,3
Chester,2022-03-03,1
Clay,2022-03-03,9
Cocke,2022-03-03,4
Coffee,2022-03-03,3
Crockett,2022-03-03,2
Cumberland,2022-03-03,48
Davidson,2022-03-03,136
DeKalb,2022-03-03,0
Dickson,2022-03-03,0
Fayette,2022-03-03,5
Fentress,2022-03-03,351
Franklin,2022-03-03,1
Gibson,2022-03-03,1296
Giles,2022-03-03,1
Grainger,2022-03-03,4
Greene,2022-03-03,2
Grundy,2022-03-03,0
Hamblen,2022-03-03,33
Hamilton,2022-03-03,1
Hancock,2022-03-03,109
Hawkins,2022-03-03,8
Henry,2022-03-03,998
Hickman,2022-03-03,0
Jefferson,2022-03-03,0
Knox,2022-03-03,90
Lawrence,2022-03-03,7
Lewis,2022-03-03,0
Lincoln,2022-03-03,0
Loudon,2022-03-03,25
Macon,2022-03-03,1348
Madison,2022-03-03,30
Marion,2022-03-03,19
Marshall,2022-03-03,2
Maury,2022-03-03,90
McMinn,2022-03-03,2
Meigs,2022-03-03,121
Monroe,2022-03-03,132
Montgomery,2022-03-03,17
Moore,2022-03-03,0
Morgan,2022-03-03,4
Obion,2022-03-03,1
Putnam,2022-03-03,20
Rhea,2022-03-03,0
Roane,2022-03-03,2
Robertson,2022-03-03,31
Rutherford,2022-03-03,14
Scott,2022-03-03,41
Sequatchie,2022-03-03,0
Sevier,2022-03-03,62
Shelby,2022-03-03,1070
Smith,2022-03-03,0
Stewart,2022-03-03,3
Sullivan,2022-03-03,9
Sumner,2022-03-03,22
Tipton,2022-03-03,5
Trousdale,2022-03-03,0
Union,2022-03-03,3
Van Buren,2022-03-03,0
Warren,2022-03-03,0
Washington,2022-03-03,42
White,2022-03-03,0
Williamson,2022-03-03,34
Wilson,2022-03-03,10
Anderson,2022-03-04,13
Bedford,2022-03-04,2
Bledsoe,2022-03-04,2
Blount,2022-03-04,28
Bradley,2022-03-04,2
Campbell,2022-03-04,41
Cannon,2022-03-04,1
Carroll,2022-03-04,0
Carter,2022-03-04,0
Cheatham,2022-03-04,3
Chester,2022-03-04,3
Claiborne,2022-03-04,1
Cocke,2022-03-04,21
Coffee,2022-03-04,1
Crockett,2022-03-04,18
Cumberland,2022-03-04,92
Davidson,2022-03-04,40
DeKalb,2022-03-04,0
Dickson,2022-03-04,0
Fayette,2022-03-04,5
Fentress,2022-03-04,1
Franklin,2022-03-04,4
Gibson,2022-03-04,0
Giles,2022-03-04,64
Grainger,2022-03-04,3
Greene,2022-03-04,2
Grundy,2022-03-04,0
Hamblen,2022-03-04,1
Hamilton,2022-03-04,0
Hancock,2022-03-04,0
Hardeman,2022-03-04,0
Hawkins,2022-03-04,10
Haywood,2022-03-04,0
Henderson,2022-03-04,0
Henry,2022-03-04,74
Hickman,2022-03-04,0
Jefferson,2022-03-04,0
Knox,2022-03-04,217
Lauderdale,2022-03-04,0
Lawrence,2022-03-04,16
Lewis,2022-03-04,0
Lincoln,2022-03-04,0
Loudon,2022-03-04,33
Macon,2022-03-04,4189
Madison,2022-03-04,18
Marion,2022-03-04,9
Marshall,2022-03-04,13
Maury,2022-03-04,2
McMinn,2022-03-04,2
McNairy,2022-03-04,0
Meigs,2022-03-04,1
Monroe,2022-03-04,13
Montgomery,2022-03-04,48
Moore,2022-03-04,19
Polk,2022-03-04,3
Rhea,2022-03-04,1
Roane,2022-03-04,1
Robertson,2022-03-04,152
Rutherford,2022-03-04,59
Sequatchie,2022-03-04,0
Sevier,2022-03-04,496
Shelby,2022-03-04,1955
Smith,2022-03-04,0
Sullivan,2022-03-04,17
Sumner,2022-03-04,17
Tipton,2022-03-04,3
Trousdale,2022-03-04,9
Union,2022-03-04,0
Van Buren,2022-03-04,0
Warren,2022-03-04,0
Washington,2022-03-04,18
Wayne,2022-03-04,0
White,2022-03-04,1
Williamson,2022-03-04,96
Wilson,2022-03-04,3
Anderson,2022-03-05,2
Bedford,2022-03-05,72
Bledsoe,2022-03-05,2
Blount,2022-03-05,296
Campbell,2022-03-05,26
Cheatham,2022-03-05,55
Chester,2022-03-05,5
Claiborne,2022-03-05,30
Cocke,2022-03-05,9
Coffee,2022-03-05,3
Crockett,2022-03-05,3
Cumberland,2022-03-05,1
Davidson,2022-03-05,43
Fayette,2022-03-05,2174
Fentress,2022-03-05,1
Franklin,2022-03-05,124
Gibson,2022-03-05,6
Giles,2022-03-05,18
Greene,2022-03-05,1
Grundy,2022-03-05,1
Hamblen,2022-03-05,44
Hamilton,2022-03-05,3
Hawkins,2022-03-05,45
Haywood,2022-03-05,3
Henry,2022-03-05,7
Knox,2022-03-05,46
Lake,2022-03-05,4
Lawrence,2022-03-05,12
Loudon,2022-03-05,3
Madison,2022-03-05,11
Marion,2022-03-05,1
Marshall,2022-03-05,110
Maury,2022-03-05,1
McMinn,2022-03-05,2
Meigs,2022-03-05,14
Monroe,2022-03-05,33
Montgomery,2022-03-05,93
Moore,2022-03-05,6
Rhea,2022-03-05,4
Roane,2022-03-05,2
Robertson,2022-03-05,92
Rutherford,2022-03-05,1
Sequatchie,2022-03-05,1
Sevier,2022-03-05,19
Shelby,2022-03-05,1306
Stewart,2022-03-05,4
Sullivan,2022-03-05,9
Sumner,2022-03-05,59
Tipton,2022-03-05,3
Trousdale,2022-03-05,2
Union,2022-03-05,4
Washington,2022-03-05,14
Williamson,2022-03-05,49
Wilson,2022-03-05,1
Anderson,2022-03-06,1
Bledsoe,2022-03-06,343
Blount,2022-03-06,921
Bradley,2022-03-06,4
Campbell,2022-03-06,24
Cheatham,2022-03-06,8
Chester,2022-03-06,5
Claiborne,2022-03-06,65
Cocke,2022-03-06,2
Coffee,2022-03-06,5965
Cumberland,2022-03-06,12014
Davidson,2022-03-06,361
Fayette,2022-03-06,1
Fentress,2022-03-06,3080
Franklin,2022-03-06,55
Gibson,2022-03-06,1
Giles,2022-03-06,105
Greene,2022-03-06,27
Hamilton,2022-03-06,6723
Hancock,2022-03-06,26
Hardeman,2022-03-06,1
Hawkins,2022-03-06,948
Henry,2022-03-06,11
Jefferson,2022-03-06,31
Knox,2022-03-06,502
Lawrence,2022-03-06,107
Loudon,2022-03-06,13
Macon,2022-03-06,1
Madison,2022-03-06,5
Marion,2022-03-06,4
Marshall,2022-03-06,5
Maury,2022-03-06,3
McMinn,2022-03-06,395
Meigs,2022-03-06,3594
Monroe,2022-03-06,18
Montgomery,2022-03-06,9
Morgan,2022-03-06,37
Obion,2022-03-06,872
Overton,2022-03-06,308
Pickett,2022-03-06,0
Polk,2022-03-06,0
Putnam,2022-03-06,495
Rhea,2022-03-06,17
Roane,2022-03-06,971
Robertson,2022-03-06,1231
Rutherford,2022-03-06,393
Scott,2022-03-06,0
Sevier,2022-03-06,8
Shelby,2022-03-06,468
Stewart,2022-03-06,14
Sullivan,2022-03-06,9
Sumner,2022-03-06,59
Tipton,2022-03-06,5
Unicoi,2022-03-06,1
Union,2022-03-06,40
Washington,2022-03-06,67
White,2022-03-06,1400
Williamson,2022-03-06,28
Wilson,2022-03-06,8
Anderson,2022-03-07,3939
Bedford,2022-03-07,9
Bledsoe,2022-03-07,0
Blount,2022-03-07,1044
Bradley,2022-03-07,18
Campbell,2022-03-07,38
Cannon,2022-03-07,1
Cheatham,2022-03-07,4
Chester,2022-03-07,2
Claiborne,2022-03-07,265
Cocke,2022-03-07,30
Coffee,2022-03-07,5965
Crockett,2022-03-07,45
Cumberland,2022-03-07,2
Davidson,2022-03-07,2312
DeKalb,2022-03-07,0
Dickson,2022-03-07,0
Fayette,2022-03-07,566
Fentress,2022-03-07,1
Franklin,2022-03-07,5
Giles,2022-03-07,1
Grainger,2022-03-07,2
Greene,2022-03-07,142
Grundy,2022-03-07,0
Hamblen,2022-03-07,54
Hamilton,2022-03-07,0
Hancock,2022-03-07,105
Hawkins,2022-03-07,130
Haywood,2022-03-07,1
Henry,2022-03-07,123
Hickman,2022-03-07,0
Jefferson,2022-03-07,42
Knox,2022-03-07,1472
Lawrence,2022-03-07,4
Loudon,2022-03-07,436
Macon,2022-03-07,522
Madison,2022-03-07,2
Marion,2022-03-07,4
Marshall,2022-03-07,0
Maury,2022-03-07,30
McMinn,2022-03-07,61
Meigs,2022-03-07,27
Monroe,2022-03-07,61
Montgomery,2022-03-07,134
Moore,2022-03-07,2
Obion,2022-03-07,28
Pickett,2022-03-07,1
Polk,2022-03-07,311
Rhea,2022-03-07,1
Roane,2022-03-07,19
Robertson,2022-03-07,468
Rutherford,2022-03-07,76
Scott,2022-03-07,0
Sequatchie,2022-03-07,0
Sevier,2022-03-07,921
Shelby,2022-03-07,7794
Smith,2022-03-07,0
Stewart,2022-03-07,1
Sullivan,2022-03-07,572
Sumner,2022-03-07,484
Tipton,2022-03-07,1964
Trousdale,2022-03-07,0
Unicoi,2022-03-07,1
Union,2022-03-07,243
Van Buren,2022-03-07,0
Warren,2022-03-07,0
Washington,2022-03-07,862
White,2022-03-07,0
Williamson,2022-03-07,3
Wilson,2022-03-07,52
Anderson,2022-03-08,0
Bedford,2022-03-08,1
Bledsoe,2022-03-08,1
Blount,2022-03-08,48
Bradley,2022-03-08,63
Campbell,2022-03-08,17
Carroll,2022-03-08,0
Cheatham,2022-03-08,4
Chester,2022-03-08,8
Claiborne,2022-03-08,14
Cocke,2022-03-08,2
Coffee,2022-03-08,23
Cumberland,2022-03-08,35
Davidson,2022-03-08,147
Fayette,2022-03-08,16
Fentress,2022-03-08,1111
Franklin,2022-03-08,3
Gibson,2022-03-08,4
Giles,2022-03-08,1442
Grainger,2022-03-08,0
Greene,2022-03-08,3
Hamblen,2022-03-08,1
Hamilton,2022-03-08,39
Hawkins,2022-03-08,59
Haywood,2022-03-08,1
Henry,2022-03-08,1
Jefferson,2022-03-08,2
Knox,2022-03-08,323
Lawrence,2022-03-08,10
Lincoln,2022-03-08,0
Loudon,2022-03-08,5
Macon,2022-03-08,4
Madison,2022-03-08,3
Marion,2022-03-08,4
Marshall,2022-03-08,50
Maury,2022-03-08,30
McMinn,2022-03-08,1
Monroe,2022-03-08,12
Montgomery,2022-03-08,10
Moore,2022-03-08,1
Pickett,2022-03-08,34
Polk,2022-03-08,133
Roane,2022-03-08,3
Robertson,2022-03-08,18
Rutherford,2022-03-08,13
Sequatchie,2022-03-08,1
Sevier,2022-03-08,1721
Shelby,2022-03-08,2312
Stewart,2022-03-08,1
Sullivan,2022-03-08,67
Sumner,2022-03-08,9
Tipton,2022-03-08,38
Unicoi,2022-03-08,1
Union,2022-03-08,3
Washington,2022-03-08,48
Weakley,2022-03-08,0
White,2022-03-08,36
Williamson,2022-03-08,40
Wilson,2022-03-08,71
Anderson,2022-03-09,16
Bedford,2022-03-09,2
Blount,2022-03-09,29
Bradley,2022-03-09,21
Campbell,2022-03-09,9
Cannon,2022-03-09,7
Carter,2022-03-09,0
Cheatham,2022-03-09,38
Chester,2022-03-09,2
Claiborne,2022-03-09,31
Clay,2022-03-09,32
Cocke,2022-03-09,12
Coffee,2022-03-09,7
Crockett,2022-03-09,7
Cumberland,2022-03-09,1905
Davidson,2022-03-09,652
Fayette,2022-03-09,14
Fentress,2022-03-09,1110
Franklin,2022-03-09,4
Giles,2022-03-09,5
Grainger,2022-03-09,7
Greene,2022-03-09,26
Grundy,2022-03-09,1
Hamblen,2022-03-09,2
Hamilton,2022-03-09,9
Hancock,2022-03-09,12
Hawkins,2022-03-09,59
Haywood,2022-03-09,1
Henry,2022-03-09,42
Jefferson,2022-03-09,139
Knox,2022-03-09,1408
Lawrence,2022-03-09,17
Loudon,2022-03-09,5
Macon,2022-03-09,1348
Madison,2022-03-09,1
Marion,2022-03-09,18
Marshall,2022-03-09,2
Maury,2022-03-09,113
McMinn,2022-03-09,1
Meigs,2022-03-09,17
Monroe,2022-03-09,4
Montgomery,2022-03-09,244
Moore,2022-03-09,3
Polk,2022-03-09,234
Rhea,2022-03-09,1
Roane,2022-03-09,3
Robertson,2022-03-09,18
Rutherford,2022-03-09,647
Sequatchie,2022-03-09,1
Sevier,2022-03-09,93
Shelby,2022-03-09,1273
Smith,2022-03-09,24
Stewart,2022-03-09,19
Sullivan,2022-03-09,96
Sumner,2022-03-09,88
Tipton,2022-03-09,1
Trousdale,2022-03-09,129
Union,2022-03-09,5
Washington,2022-03-09,48
Williamson,2022-03-09,17
Wilson,2022-03-09,157
Anderson,2022-03-10,1
Bedford,2022-03-10,11
Blount,2022-03-10,931
Bradley,2022-03-10,455
Campbell,2022-03-10,23
Cannon,2022-03-10,3
Cheatham,2022-03-10,1
Chester,2022-03-10,11
Claiborne,2022-03-10,41
Clay,2022-03-10,7
Cocke,2022-03-10,588
Coffee,2022-03-10,2
Crockett,2022-03-10,4
Cumberland,2022-03-10,65
Davidson,2022-03-10,164
DeKalb,2022-03-10,2
Fayette,2022-03-10,480
Fentress,2022-03-10,572
Franklin,2022-03-10,216
Gibson,2022-03-10,36
Giles,2022-03-10,3
Grainger,2022-03-10,1
Greene,2022-03-10,5
Hamblen,2022-03-10,46
Hamilton,2022-03-10,270
Hancock,2022-03-10,12
Hardeman,2022-03-10,2
Hawkins,2022-03-10,5
Haywood,2022-03-10,1
Henry,2022-03-10,15
Jefferson,2022-03-10,1
Knox,2022-03-10,119
Lawrence,2022-03-10,5
Loudon,2022-03-10,5
Macon,2022-03-10,6
Madison,2022-03-10,42
Marion,2022-03-10,1
Marshall,2022-03-10,7
Maury,2022-03-10,6
McMinn,2022-03-10,1
Meigs,2022-03-10,23
Monroe,2022-03-10,27
Montgomery,2022-03-10,108
Moore,2022-03-10,47
Obion,2022-03-10,64
Pickett,2022-03-10,0
Polk,2022-03-10,1
Putnam,2022-03-10,8
Roane,2022-03-10,2
Robertson,2022-03-10,51
Rutherford,2022-03-10,10
Scott,2022-03-10,41
Sevier,2022-03-10,55
Shelby,2022-03-10,2223
Smith,2022-03-10,1
Sullivan,2022-03-10,13
Sumner,2022-03-10,29
Tipton,2022-03-10,26
Trousdale,2022-03-10,3
Unicoi,2022-03-10,1
Union,2022-03-10,242
Washington,2022-03-10,11
Williamson,2022-03-10,75
Wilson,2022-03-10,36
Anderson,2022-03-11,94
Bedford,2022-03-11,7
Bledsoe,2022-03-11,18
Blount,2022-03-11,142
Bradley,2022-03-11,1551
Campbell,2022-03-11,1182
Cannon,2022-03-11,1
Cheatham,2022-03-11,63
Chester,2022-03-11,3
Claiborne,2022-03-11,806
Clay,2022-03-11,25
Cocke,2022-03-11,1
Crockett,2022-03-11,43
Cumberland,2022-03-11,98
Davidson,2022-03-11,512
Fayette,2022-03-11,2
Fentress,2022-03-11,385
Franklin,2022-03-11,579
Gibson,2022-03-11,8
Giles,2022-03-11,1165
Grainger,2022-03-11,1
Greene,2022-03-11,3
Hamblen,2022-03-11,5
Hamilton,2022-03-11,278
Hawkins,2022-03-11,15
Haywood,2022-03-11,1
Henderson,2022-03-11,2
Henry,2022-03-11,22
Knox,2022-03-11,6695
Lawrence,2022-03-11,5
Loudon,2022-03-11,33
Macon,2022-03-11,43
Madison,2022-03-11,46
Marion,2022-03-11,33
Marshall,2022-03-11,2
Maury,2022-03-11,2
McMinn,2022-03-11,911
Meigs,2022-03-11,2
Monroe,2022-03-11,4
Montgomery,2022-03-11,18
Morgan,2022-03-11,54
Obion,2022-03-11,27
Overton,2022-03-11,289
Rhea,2022-03-11,627
Roane,2022-03-11,15
Robertson,2022-03-11,6
Rutherford,2022-03-11,29
Sequatchie,2022-03-11,31
Sevier,2022-03-11,99
Shelby,2022-03-11,4392
Stewart,2022-03-11,9
Sullivan,2022-03-11,20
Sumner,2022-03-11,26
Tipton,2022-03-11,444
Unicoi,2022-03-11,1
Union,2022-03-11,389
Washington,2022-03-11,3
Williamson,2022-03-11,9
Wilson,2022-03-11,5
Anderson,2022-03-12,305
Bedford,2022-03-12,19
Bledsoe,2022-03-12,50
Blount,2022-03-12,64
Bradley,2022-03-12,1550
Campbell,2022-03-12,2458
Carter,2022-03-12,0
Chester,2022-03-12,2
Claiborne,2022-03-12,2266
Cocke,2022-03-12,258
Coffee,2022-03-12,82
Crockett,2022-03-12,11
Cumberland,2022-03-12,99
Davidson,2022-03-12,1598
Fentress,2022-03-12,1
Franklin,2022-03-12,725
Gibson,2022-03-12,2
Giles,2022-03-12,8
Grainger,2022-03-12,84
Greene,2022-03-12,22
Grundy,2022-03-12,52
Hamblen,2022-03-12,1
Hamilton,2022-03-12,165
Hancock,2022-03-12,66
Hawkins,2022-03-12,56
Haywood,2022-03-12,1
Henry,2022-03-12,1
Jefferson,2022-03-12,3
Knox,2022-03-12,8776
Lawrence,2022-03-12,3
Loudon,2022-03-12,1157
Madison,2022-03-12,27
Marion,2022-03-12,35
Marshall,2022-03-12,1
Maury,2022-03-12,1
McMinn,2022-03-12,2073
Meigs,2022-03-12,933
Monroe,2022-03-12,639
Montgomery,2022-03-12,9
Morgan,2022-03-12,54
Polk,2022-03-12,167
Rhea,2022-03-12,644
Roane,2022-03-12,551
Robertson,2022-03-12,1
Rutherford,2022-03-12,2
Scott,2022-03-12,1
Sequatchie,2022-03-12,72
Sevier,2022-03-12,766
Shelby,2022-03-12,1163
Stewart,2022-03-12,1
Sullivan,2022-03-12,1410
Sumner,2022-03-12,2
Tipton,2022-03-12,1
Union,2022-03-12,400
Washington,2022-03-12,864
Williamson,2022-03-12,2
Wilson,2022-03-12,6
Anderson,2022-03-13,458
Bledsoe,2022-03-13,1
Blount,2022-03-13,1
Bradley,2022-03-13,14
Campbell,2022-03-13,625
Cheatham,2022-03-13,493
Chester,2022-03-13,8
Claiborne,2022-03-13,2
Cocke,2022-03-13,19
Coffee,2022-03-13,27
Cumberland,2022-03-13,2
Davidson,2022-03-13,16
Fentress,2022-03-13,1
Gibson,2022-03-13,2
Giles,2022-03-13,11
Greene,2022-03-13,1
Grundy,2022-03-13,3
Hancock,2022-03-13,4
Hardeman,2022-03-13,9
Hawkins,2022-03-13,91
Henry,2022-03-13,529
Knox,2022-03-13,101
Lawrence,2022-03-13,4
Lewis,2022-03-13,0
Loudon,2022-03-13,33
Madison,2022-03-13,7
Marion,2022-03-13,1
Marshall,2022-03-13,1
Maury,2022-03-13,0
McMinn,2022-03-13,1
Meigs,2022-03-13,20
Monroe,2022-03-13,2
Montgomery,2022-03-13,11
Obion,2022-03-13,3
Pickett,2022-03-13,2
Rhea,2022-03-13,1
Roane,2022-03-13,41
Robertson,2022-03-13,1
Rutherford,2022-03-13,13
Sequatchie,2022-03-13,3
Sevier,2022-03-13,83
Shelby,2022-03-13,1749
Sullivan,2022-03-13,176
Sumner,2022-03-13,271
Tipton,2022-03-13,2
Trousdale,2022-03-13,1
Union,2022-03-13,6
Washington,2022-03-13,59
Wayne,2022-03-13,0
Williamson,2022-03-13,1
Wilson,2022-03-13,3
Anderson,2022-03-14,3
Bedford,2022-03-14,2
Bledsoe,2022-03-14,0
Blount,2022-03-14,54
Bradley,2022-03-14,3
Campbell,2022-03-14,206
Cannon,2022-03-14,3
Carroll,2022-03-14,0
Cheatham,2022-03-14,28
Chester,2022-03-14,8
Claiborne,2022-03-14,97
Cocke,2022-03-14,19
Coffee,2022-03-14,5
Crockett,2022-03-14,1
Cumberland,2022-03-14,1
Davidson,2022-03-14,1643
DeKalb,2022-03-14,0
Dickson,2022-03-14,0
Fayette,2022-03-14,41
Fentress,2022-03-14,31
Franklin,2022-03-14,6
Gibson,2022-03-14,23
Giles,2022-03-14,4
Greene,2022-03-14,2
Grundy,2022-03-14,1
Hamblen,2022-03-14,1
Hamilton,2022-03-14,0
Hancock,2022-03-14,4
Hawkins,2022-03-14,13
Haywood,2022-03-14,11
Henderson,2022-03-14,3
Henry,2022-03-14,1797
Hickman,2022-03-14,0
Jefferson,2022-03-14,3
Knox,2022-03-14,78
Lawrence,2022-03-14,4
Loudon,2022-03-14,100
Macon,2022-03-14,1
Madison,2022-03-14,7
Marion,2022-03-14,12
Marshall,2022-03-14,13
Maury,2022-03-14,2
McMinn,2022-03-14,1
Meigs,2022-03-14,1
Monroe,2022-03-14,42
Montgomery,2022-03-14,20
Moore,2022-03-14,11
Morgan,2022-03-14,0
Overton,2022-03-14,0
Pickett,2022-03-14,167
Polk,2022-03-14,0
Putnam,2022-03-14,0
Rhea,2022-03-14,1
Roane,2022-03-14,24
Robertson,2022-03-14,32
Rutherford,2022-03-14,1259
Scott,2022-03-14,0
Sevier,2022-03-14,134
Shelby,2022-03-14,425
Smith,2022-03-14,0
Stewart,2022-03-14,1
Sullivan,2022-03-14,15
Sumner,2022-03-14,5
Tipton,2022-03-14,3
Trousdale,2022-03-14,1
Unicoi,2022-03-14,1
Union,2022-03-14,5
Warren,2022-03-14,0
Washington,2022-03-14,25
Weakley,2022-03-14,0
White,2022-03-14,0
Williamson,2022-03-14,61
Wilson,2022-03-14,23
Bedford,2022-03-15,46
Bledsoe,2022-03-15,12
Blount,2022-03-15,29
Bradley,2022-03-15,2
Campbell,2022-03-15,54
Cannon,2022-03-15,1
Cheatham,2022-03-15,20
Claiborne,2022-03-15,16
Cocke,2022-03-15,3
Coffee,2022-03-15,3
Cumberland,2022-03-15,99
Davidson,2022-03-15,343
Fayette,2022-03-15,56
Fentress,2022-03-15,1965
Franklin,2022-03-15,6
Gibson,2022-03-15,2
Giles,2022-03-15,30
Greene,2022-03-15,6
Grundy,2022-03-15,49
Hamblen,2022-03-15,37
Hamilton,2022-03-15,5
Hawkins,2022-03-15,409
Haywood,2022-03-15,3
Henderson,2022-03-15,35
Henry,2022-03-15,162
Jefferson,2022-03-15,1
Knox,2022-03-15,1162
Lake,2022-03-15,2
Lawrence,2022-03-15,5
Lincoln,2022-03-15,1
Loudon,2022-03-15,35
Macon,2022-03-15,4
Madison,2022-03-15,37
Marion,2022-03-15,5
Marshall,2022-03-15,1
Maury,2022-03-15,120
Monroe,2022-03-15,5
Montgomery,2022-03-15,118
Obion,2022-03-15,188
Overton,2022-03-15,2
Pickett,2022-03-15,20
Rhea,2022-03-15,505
Roane,2022-03-15,12
Robertson,2022-03-15,16
Rutherford,2022-03-15,17
Scott,2022-03-15,21
Sevier,2022-03-15,71
Shelby,2022-03-15,2434
Stewart,2022-03-15,2
Sullivan,2022-03-15,13
Sumner,2022-03-15,73
Tipton,2022-03-15,2
Trousdale,2022-03-15,1
Unicoi,2022-03-15,1
Union,2022-03-15,58
Washington,2022-03-15,43
White,2022-03-15,3
Williamson,2022-03-15,17
Wilson,2022-03-15,715
Anderson,2022-03-16,2
Bedford,2022-03-16,5
Bledsoe,2022-03-16,343
Blount,2022-03-16,144
Bradley,2022-03-16,111
Campbell,2022-03-16,111
Cannon,2022-03-16,2
Cheatham,2022-03-16,12
Chester,2022-03-16,4
Claiborne,2022-03-16,102
Cocke,2022-03-16,10
Coffee,2022-03-16,2
Crockett,2022-03-16,4
Cumberland,2022-03-16,12118
Davidson,2022-03-16,241
Dickson,2022-03-16,9
Fayette,2022-03-16,294
Fentress,2022-03-16,1
Franklin,2022-03-16,5
Gibson,2022-03-16,1
Giles,2022-03-16,19
Greene,2022-03-16,502
Grundy,2022-03-16,0
Hamblen,2022-03-16,1
Hamilton,2022-03-16,6722
Hancock,2022-03-16,1
Hawkins,2022-03-16,14
Haywood,2022-03-16,2
Henderson,2022-03-16,35
Henry,2022-03-16,20
Knox,2022-03-16,101
Lake,2022-03-16,55
Lawrence,2022-03-16,5
Loudon,2022-03-16,260
Macon,2022-03-16,2
Madison,2022-03-16,4
Marion,2022-03-16,1118
Marshall,2022-03-16,2
Maury,2022-03-16,16
McMinn,2022-03-16,396
Meigs,2022-03-16,3593
Monroe,2022-03-16,72
Montgomery,2022-03-16,16
Moore,2022-03-16,4
Morgan,2022-03-16,0
Overton,2022-03-16,0
Pickett,2022-03-16,0
Polk,2022-03-16,632
Putnam,2022-03-16,487
Rhea,2022-03-16,1
Roane,2022-03-16,3
Robertson,2022-03-16,14
Rutherford,2022-03-16,37
Scott,2022-03-16,0
Sequatchie,2022-03-16,1
Sevier,2022-03-16,26
Shelby,2022-03-16,2233
Stewart,2022-03-16,1
Sullivan,2022-03-16,18
Sumner,2022-03-16,56
Tipton,2022-03-16,1
Unicoi,2022-03-16,0
Van Buren,2022-03-16,0
Warren,2022-03-16,0
Washington,2022-03-16,42
White,2022-03-16,1398
Williamson,2022-03-16,922
Wilson,2022-03-16,15
Anderson,2022-03-17,4
Bedford,2022-03-17,2
Bledsoe,2022-03-17,1
Blount,2022-03-17,2
Bradley,2022-03-17,15
Campbell,2022-03-17,13
Cannon,2022-03-17,1
Cheatham,2022-03-17,11
Chester,2022-03-17,3
Claiborne,2022-03-17,170
Clay,2022-03-17,2
Cocke,2022-03-17,20
Coffee,2022-03-17,3
Crockett,2022-03-17,1
Cumberland,2022-03-17,14
Davidson,2022-03-17,2896
Fayette,2022-03-17,43
Fentress,2022-03-17,35
Franklin,2022-03-17,1
Gibson,2022-03-17,915
Giles,2022-03-17,24
Grainger,2022-03-17,2
Greene,2022-03-17,2
Grundy,2022-03-17,5
Hamblen,2022-03-17,1
Hamilton,2022-03-17,2
Hancock,2022-03-17,5
Hawkins,2022-03-17,41
Haywood,2022-03-17,1
Henry,2022-03-17,13
Knox,2022-03-17,56
Lawrence,2022-03-17,1303
Lewis,2022-03-17,2
Loudon,2022-03-17,2
Macon,2022-03-17,434
Madison,2022-03-17,163
Marion,2022-03-17,5
Marshall,2022-03-17,4
Maury,2022-03-17,35
Meigs,2022-03-17,1
Monroe,2022-03-17,1
Montgomery,2022-03-17,620
Obion,2022-03-17,428
Overton,2022-03-17,15
Polk,2022-03-17,47
Rhea,2022-03-17,0
Roane,2022-03-17,2
Robertson,2022-03-17,40
Rutherford,2022-03-17,17
Sequatchie,2022-03-17,0
Sevier,2022-03-17,662
Shelby,2022-03-17,1657
Stewart,2022-03-17,12
Sullivan,2022-03-17,11
Sumner,2022-03-17,1175
Tipton,2022-03-17,889
Trousdale,2022-03-17,2
Union,2022-03-17,1
Van Buren,2022-03-17,0
Warren,2022-03-17,0
Washington,2022-03-17,1853
White,2022-03-17,0
Williamson,2022-03-17,916
Wilson,2022-03-17,61
Anderson,2022-03-18,1
Bedford,2022-03-18,4
Bledsoe,2022-03-18,201
Blount,2022-03-18,1553
Bradley,2022-03-18,4
Campbell,2022-03-18,48
Cannon,2022-03-18,1
Cheatham,2022-03-18,2
Claiborne,2022-03-18,1
Cocke,2022-03-18,658
Coffee,2022-03-18,82
Crockett,2022-03-18,3
Cumberland,2022-03-18,93
Davidson,2022-03-18,362
DeKalb,2022-03-18,31
Fayette,2022-03-18,315
Fentress,2022-03-18,3078
Franklin,2022-03-18,33
Gibson,2022-03-18,176
Giles,2022-03-18,3
Grainger,2022-03-18,1
Greene,2022-03-18,334
Grundy,2022-03-18,1
Hamblen,2022-03-18,2
Hamilton,2022-03-18,6
Hancock,2022-03-18,24
Hardeman,2022-03-18,17
Hawkins,2022-03-18,127
Haywood,2022-03-18,1
Henry,2022-03-18,30
Hickman,2022-03-18,4
Jefferson,2022-03-18,1
Knox,2022-03-18,55
Lake,2022-03-18,3
Lawrence,2022-03-18,20
Loudon,2022-03-18,4
Madison,2022-03-18,133
Marion,2022-03-18,8
Marshall,2022-03-18,4
Maury,2022-03-18,11
McMinn,2022-03-18,186
Meigs,2022-03-18,1
Monroe,2022-03-18,42
Montgomery,2022-03-18,179
Morgan,2022-03-18,37
Overton,2022-03-18,307
Pickett,2022-03-18,36
Putnam,2022-03-18,193
Rhea,2022-03-18,0
Roane,2022-03-18,19
Robertson,2022-03-18,334
Rutherford,2022-03-18,4
Sequatchie,2022-03-18,2
Sevier,2022-03-18,958
Shelby,2022-03-18,2597
Stewart,2022-03-18,79
Sullivan,2022-03-18,450
Sumner,2022-03-18,1193
Tipton,2022-03-18,24
Union,2022-03-18,17
Van Buren,2022-03-18,0
Warren,2022-03-18,0
Washington,2022-03-18,968
White,2022-03-18,0
Williamson,2022-03-18,111
Wilson,2022-03-18,2
Anderson,2022-03-19,15
Bedford,2022-03-19,1
Bledsoe,2022-03-19,1
Blount,2022-03-19,134
Bradley,2022-03-19,2
Campbell,2022-03-19,7
Cannon,2022-03-19,6
Cheatham,2022-03-19,3
Chester,2022-03-19,2
Claiborne,2022-03-19,10
Cocke,2022-03-19,2
Coffee,2022-03-19,1
Cumberland,2022-03-19,1
Davidson,2022-03-19,7
Dyer,2022-03-19,36
Fayette,2022-03-19,2
Franklin,2022-03-19,1
Giles,2022-03-19,0
Greene,2022-03-19,209
Grundy,2022-03-19,1
Hamblen,2022-03-19,69
Hancock,2022-03-19,83
Hawkins,2022-03-19,116
Henry,2022-03-19,36
Knox,2022-03-19,851
Lawrence,2022-03-19,2
Lincoln,2022-03-19,0
Loudon,2022-03-19,2
Madison,2022-03-19,137
Marion,2022-03-19,1
Marshall,2022-03-19,1
Maury,2022-03-19,1
Meigs,2022-03-19,38
Monroe,2022-03-19,4
Montgomery,2022-03-19,633
Rhea,2022-03-19,1
Robertson,2022-03-19,1439
Rutherford,2022-03-19,3
Sequatchie,2022-03-19,11
Sevier,2022-03-19,25
Shelby,2022-03-19,937
Stewart,2022-03-19,20
Sullivan,2022-03-19,113
Sumner,2022-03-19,1
Tipton,2022-03-19,25
Trousdale,2022-03-19,1
Union,2022-03-19,44
Washington,2022-03-19,225
Williamson,2022-03-19,11
Wilson,2022-03-19,3
Anderson,2022-03-20,15
Bedford,2022-03-20,1
Blount,2022-03-20,1657
Bradley,2022-03-20,50
Campbell,2022-03-20,38
Cannon,2022-03-20,1
Chester,2022-03-20,5
Claiborne,2022-03-20,2
Cocke,2022-03-20,3
Coffee,2022-03-20,49
Cumberland,2022-03-20,23
Davidson,2022-03-20,65
Fayette,2022-03-20,8
Fentress,2022-03-20,11
Gibson,2022-03-20,3
Grainger,2022-03-20,2
Greene,2022-03-20,547
Grundy,2022-03-20,112
Hamblen,2022-03-20,1
Hamilton,2022-03-20,17
Hawkins,2022-03-20,144
Henry,2022-03-20,1
Jefferson,2022-03-20,34
Knox,2022-03-20,69
Lawrence,2022-03-20,326
Loudon,2022-03-20,2
Madison,2022-03-20,103
Marion,2022-03-20,43
Marshall,2022-03-20,1
Maury,2022-03-20,1
McMinn,2022-03-20,1
Meigs,2022-03-20,394
Monroe,2022-03-20,23
Montgomery,2022-03-20,101
Morgan,2022-03-20,26
Putnam,2022-03-20,1
Rhea,2022-03-20,10
Roane,2022-03-20,4
Robertson,2022-03-20,17
Rutherford,2022-03-20,29
Sevier,2022-03-20,13
Shelby,2022-03-20,83
Stewart,2022-03-20,12
Sullivan,2022-03-20,148
Sumner,2022-03-20,11
Tipton,2022-03-20,2
Union,2022-03-20,12
Washington,2022-03-20,4
Weakley,2022-03-20,1
Williamson,2022-03-20,11
Wilson,2022-03-20,45
Bedford,2022-03-21,5
Bledsoe,2022-03-21,1
Blount,2022-03-21,786
Bradley,2022-03-21,1
Campbell,2022-03-21,1
Cannon,2022-03-21,1
Carroll,2022-03-21,0
Cheatham,2022-03-21,3
Chester,2022-03-21,3
Claiborne,2022-03-21,10
Cocke,2022-03-21,85
Coffee,2022-03-21,693
Crockett,2022-03-21,9
Cumberland,2022-03-21,1191
Davidson,2022-03-21,447
DeKalb,2022-03-21,3
Dickson,2022-03-21,0
Fayette,2022-03-21,18
Fentress,2022-03-21,1
Franklin,2022-03-21,93
Gibson,2022-03-21,3
Giles,2022-03-21,69
Grainger,2022-03-21,2
Greene,2022-03-21,130
Grundy,2022-03-21,1
Hamblen,2022-03-21,0
Hamilton,2022-03-21,1
Hardeman,2022-03-21,37
Hawkins,2022-03-21,62
Henderson,2022-03-21,1
Henry,2022-03-21,21
Hickman,2022-03-21,0
Jefferson,2022-03-21,62
Knox,2022-03-21,360
Lawrence,2022-03-21,34
Loudon,2022-03-21,7
Macon,2022-03-21,57
Madison,2022-03-21,27
Marion,2022-03-21,1
Marshall,2022-03-21,9
Maury,2022-03-21,276
Meigs,2022-03-21,6
Monroe,2022-03-21,45
Montgomery,2022-03-21,46
Rhea,2022-03-21,1
Roane,2022-03-21,56
Robertson,2022-03-21,18
Rutherford,2022-03-21,154
Sequatchie,2022-03-21,0
Sevier,2022-03-21,1752
Shelby,2022-03-21,201
Smith,2022-03-21,0
Stewart,2022-03-21,2
Sullivan,2022-03-21,510
Sumner,2022-03-21,7
Tipton,2022-03-21,198
Trousdale,2022-03-21,1
Unicoi,2022-03-21,0
Union,2022-03-21,12
Van Buren,2022-03-21,0
Warren,2022-03-21,0
Washington,2022-03-21,120
Weakley,2022-03-21,0
White,2022-03-21,0
Williamson,2022-03-21,8
Wilson,2022-03-21,58
Anderson,2022-03-22,8
Bedford,2022-03-22,47
Bledsoe,2022-03-22,3
Blount,2022-03-22,264
Bradley,2022-03-22,777
Campbell,2022-03-22,75
Cannon,2022-03-22,2
Cheatham,2022-03-22,23
Chester,2022-03-22,1
Claiborne,2022-03-22,0
Cocke,2022-03-22,1
Coffee,2022-03-22,176
Crockett,2022-03-22,1781
Cumberland,2022-03-22,75
Davidson,2022-03-22,120
Fayette,2022-03-22,19
Franklin,2022-03-22,5
Giles,2022-03-22,740
Greene,2022-03-22,4
Grundy,2022-03-22,8
Hamblen,2022-03-22,2
Hamilton,2022-03-22,762
Hancock,2022-03-22,2
Hawkins,2022-03-22,33
Haywood,2022-03-22,155
Henry,2022-03-22,50
Jefferson,2022-03-22,0
Knox,2022-03-22,360
Lauderdale,2022-03-22,1
Lawrence,2022-03-22,1301
Lewis,2022-03-22,2
Loudon,2022-03-22,29
Madison,2022-03-22,764
Marion,2022-03-22,144
Marshall,2022-03-22,15
Maury,2022-03-22,20
McMinn,2022-03-22,33
Meigs,2022-03-22,37
Monroe,2022-03-22,441
Montgomery,2022-03-22,265
Moore,2022-03-22,3
Obion,2022-03-22,10
Pickett,2022-03-22,1
Polk,2022-03-22,40
Rhea,2022-03-22,30
Roane,2022-03-22,3
Robertson,2022-03-22,31
Rutherford,2022-03-22,9
Sequatchie,2022-03-22,4
Sevier,2022-03-22,1148
Shelby,2022-03-22,4286
Stewart,2022-03-22,1
Sullivan,2022-03-22,21
Sumner,2022-03-22,15
Tipton,2022-03-22,6
Trousdale,2022-03-22,2
Unicoi,2022-03-22,19
Union,2022-03-22,35
Washington,2022-03-22,30
Wayne,2022-03-22,0
Williamson,2022-03-22,58
Wilson,2022-03-22,86
Bedford,2022-03-23,3
Bledsoe,2022-03-23,0
Blount,2022-03-23,149
Bradley,2022-03-23,438
Cheatham,2022-03-23,16
Cocke,2022-03-23,0
Coffee,2022-03-23,0
Crockett,2022-03-23,13
Cumberland,2022-03-23,233
Davidson,2022-03-23,80
Fayette,2022-03-23,90
Fentress,2022-03-23,126
Franklin,2022-03-23,5
Giles,2022-03-23,1
Greene,2022-03-23,30
Grundy,2022-03-23,6
Hamblen,2022-03-23,3
Hamilton,2022-03-23,1
Hancock,2022-03-23,13
Hawkins,2022-03-23,6
Haywood,2022-03-23,550
Henry,2022-03-23,1
Jefferson,2022-03-23,0
Knox,2022-03-23,44
Lawrence,2022-03-23,1
Lincoln,2022-03-23,0
Loudon,2022-03-23,1
Marion,2022-03-23,86
Maury,2022-03-23,460
McMinn,2022-03-23,6
Meigs,2022-03-23,17
Monroe,2022-03-23,602
Montgomery,2022-03-23,52
Pickett,2022-03-23,1
Polk,2022-03-23,40
Rhea,2022-03-23,0
Roane,2022-03-23,3
Robertson,2022-03-23,2
Sequatchie,2022-03-23,1
Sevier,2022-03-23,623
Shelby,2022-03-23,453
Sullivan,2022-03-23,4
Sumner,2022-03-23,1746
Tipton,2022-03-23,3
Van Buren,2022-03-23,0
Warren,2022-03-23,0
White,2022-03-23,0
Williamson,2022-03-23,1
Wilson,2022-03-23,2
Bledsoe,2022-12-31,6
Blount,2022-12-31,1
Cumberland,2022-12-31,1
Davidson,2022-12-31,1498
Grundy,2022-12-31,8
Hawkins,2022-12-31,1039
Henry,2022-12-31,5
Jefferson,2022-12-31,293
Knox,2022-12-31,1
Lake,2022-12-31,8
Lawrence,2022-12-31,1
Macon,2022-12-31,1
Madison,2022-12-31,2
Marion,2022-12-31,6
McMinn,2022-12-31,2
Montgomery,2022-12-31,92
Obion,2022-12-31,2
Rhea,2022-12-31,3
Robertson,2022-12-31,401
Rutherford,2022-12-31,2
Sequatchie,2022-12-31,6
Sevier,2022-12-31,26
Shelby,2022-12-31,30
Sullivan,2022-12-31,21
Sumner,2022-12-31,1
Tipton,2022-12-31,2
Washington,2022-12-31,4
Williamson,2022-12-31,2
Bedford,2023-01-01,24
Bledsoe,2023-01-01,5
Blount,2023-01-01,40
Bradley,2023-01-01,114
Campbell,2023-01-01,9
Cheatham,2023-01-01,32
Chester,2023-01-01,2
Claiborne,2023-01-01,1
Cocke,2023-01-01,82
Crockett,2023-01-01,40
Davidson,2023-01-01,1464
Gibson,2023-01-01,55
Giles,2023-01-01,20
Grainger,2023-01-01,0
Greene,2023-01-01,625
Grundy,2023-01-01,8
Hamblen,2023-01-01,25
Hamilton,2023-01-01,1
Hawkins,2023-01-01,1039
Haywood,2023-01-01,583
Henderson,2023-01-01,2
Henry,2023-01-01,1
Jefferson,2023-01-01,52
Knox,2023-01-01,90
Lawrence,2023-01-01,2
Lincoln,2023-01-01,0
Loudon,2023-01-01,1
Madison,2023-01-01,5
Marion,2023-01-01,13
Marshall,2023-01-01,2
Maury,2023-01-01,1
McMinn,2023-01-01,3
Meigs,2023-01-01,166
Montgomery,2023-01-01,5
Obion,2023-01-01,1
Pickett,2023-01-01,7
Roane,2023-01-01,17
Robertson,2023-01-01,62
Rutherford,2023-01-01,2311
Scott,2023-01-01,0
Sequatchie,2023-01-01,7
Sevier,2023-01-01,13
Shelby,2023-01-01,1821
Stewart,2023-01-01,1
Sullivan,2023-01-01,6
Sumner,2023-01-01,131
Tipton,2023-01-01,10
Union,2023-01-01,3
Van Buren,2023-01-01,5
Washington,2023-01-01,90
Williamson,2023-01-01,1
Wilson,2023-01-01,3
Anderson,2023-01-02,4
Bedford,2023-01-02,2
Bledsoe,2023-01-02,28
Blount,2023-01-02,19
Bradley,2023-01-02,35
Campbell,2023-01-02,87
Cannon,2023-01-02,1
Cheatham,2023-01-02,4
Chester,2023-01-02,453
Claiborne,2023-01-02,0
Cocke,2023-01-02,15
Coffee,2023-01-02,721
Crockett,2023-01-02,29
Cumberland,2023-01-02,26
Davidson,2023-01-02,6971
DeKalb,2023-01-02,0
Dickson,2023-01-02,0
Dyer,2023-01-02,1
Fayette,2023-01-02,36
Fentress,2023-01-02,486
Franklin,2023-01-02,22
Giles,2023-01-02,5
Grainger,2023-01-02,0
Greene,2023-01-02,1
Grundy,2023-01-02,8
Hamblen,2023-01-02,6
Hamilton,2023-01-02,22
Hawkins,2023-01-02,0
Haywood,2023-01-02,9
Henry,2023-01-02,16
Hickman,2023-01-02,0
Jefferson,2023-01-02,1117
Knox,2023-01-02,37
Lake,2023-01-02,117
Lauderdale,2023-01-02,1
Lawrence,2023-01-02,4
Lincoln,2023-01-02,0
Loudon,2023-01-02,2
Macon,2023-01-02,17
Madison,2023-01-02,28
Marion,2023-01-02,6
Marshall,2023-01-02,592
Maury,2023-01-02,3
McMinn,2023-01-02,1
Meigs,2023-01-02,0
Monroe,2023-01-02,15
Montgomery,2023-01-02,4513
Morgan,2023-01-02,21
Obion,2023-01-02,96
Overton,2023-01-02,0
Pickett,2023-01-02,0
Polk,2023-01-02,0
Putnam,2023-01-02,0
Rhea,2023-01-02,1
Roane,2023-01-02,38
Robertson,2023-01-02,20
Rutherford,2023-01-02,17
Scott,2023-01-02,42
Sequatchie,2023-01-02,6
Sevier,2023-01-02,15
Shelby,2023-01-02,392
Smith,2023-01-02,0
Stewart,2023-01-02,1
Sullivan,2023-01-02,4
Sumner,2023-01-02,69
Tipton,2023-01-02,18
Trousdale,2023-01-02,0
Union,2023-01-02,0
Warren,2023-01-02,0
Washington,2023-01-02,42
White,2023-01-02,0
Williamson,2023-01-02,4
Wilson,2023-01-02,4
Anderson,2023-01-03,582
Bedford,2023-01-03,67
Bledsoe,2023-01-03,10
Blount,2023-01-03,262
Bradley,2023-01-03,1220
Campbell,2023-01-03,153
Cannon,2023-01-03,1
Cheatham,2023-01-03,496
Chester,2023-01-03,63
Claiborne,2023-01-03,165
Cocke,2023-01-03,402
Coffee,2023-01-03,3
Crockett,2023-01-03,1450
Cumberland,2023-01-03,1511
Davidson,2023-01-03,949
Fayette,2023-01-03,1148
Fentress,2023-01-03,10
Franklin,2023-01-03,244
Gibson,2023-01-03,5
Giles,2023-01-03,127
Grainger,2023-01-03,159
Greene,2023-01-03,1048
Grundy,2023-01-03,8
Hamblen,2023-01-03,68
Hamilton,2023-01-03,868
Hancock,2023-01-03,59
Hardeman,2023-01-03,943
Hawkins,2023-01-03,648
Haywood,2023-01-03,410
Henry,2023-01-03,1671
Jefferson,2023-01-03,1019
Knox,2023-01-03,1926
Lawrence,2023-01-03,25
Lincoln,2023-01-03,0
Loudon,2023-01-03,2184
Macon,2023-01-03,7
Madison,2023-01-03,1156
Marion,2023-01-03,11
Marshall,2023-01-03,1
Maury,2023-01-03,52
McMinn,2023-01-03,1695
Meigs,2023-01-03,184
Monroe,2023-01-03,4043
Montgomery,2023-01-03,4520
Moore,2023-01-03,1
Morgan,2023-01-03,182
Obion,2023-01-03,64
Polk,2023-01-03,807
Rhea,2023-01-03,0
Roane,2023-01-03,1
Robertson,2023-01-03,76
Rutherford,2023-01-03,23
Sequatchie,2023-01-03,62
Sevier,2023-01-03,1665
Shelby,2023-01-03,6148
Smith,2023-01-03,57
Stewart,2023-01-03,3
Sullivan,2023-01-03,15053
Sumner,2023-01-03,1668
Tipton,2023-01-03,331
Trousdale,2023-01-03,2
Unicoi,2023-01-03,21
Union,2023-01-03,36
Van Buren,2023-01-03,0
Warren,2023-01-03,0
Washington,2023-01-03,416
White,2023-01-03,1
Williamson,2023-01-03,3305
Wilson,2023-01-03,472
Anderson,2023-01-04,86
Bedford,2023-01-04,33
Blount,2023-01-04,152
Bradley,2023-01-04,73
Campbell,2023-01-04,724
Cannon,2023-01-04,1
Cheatham,2023-01-04,2
Claiborne,2023-01-04,20
Cocke,2023-01-04,100
Coffee,2023-01-04,3
Crockett,2023-01-04,1
Cumberland,2023-01-04,19
Davidson,2023-01-04,1277
Fayette,2023-01-04,1
Fentress,2023-01-04,140
Franklin,2023-01-04,5
Gibson,2023-01-04,22
Giles,2023-01-04,34
Grainger,2023-01-04,1375
Greene,2023-01-04,314
Grundy,2023-01-04,2
Hamblen,2023-01-04,64
Hamilton,2023-01-04,4
Hancock,2023-01-04,12
Hardeman,2023-01-04,2
Hawkins,2023-01-04,74
Henry,2023-01-04,2
Jefferson,2023-01-04,96
Knox,2023-01-04,175
Lake,2023-01-04,12
Lauderdale,2023-01-04,1
Lawrence,2023-01-04,322
Lincoln,2023-01-04,0
Loudon,2023-01-04,2
Macon,2023-01-04,7
Madison,2023-01-04,36
Marshall,2023-01-04,1261
Maury,2023-01-04,56
McMinn,2023-01-04,321
Meigs,2023-01-04,91
Monroe,2023-01-04,31
Montgomery,2023-01-04,22
Morgan,2023-01-04,2
Obion,2023-01-04,35
Overton,2023-01-04,281
Polk,2023-01-04,2
Rhea,2023-01-04,4
Robertson,2023-01-04,11
Rutherford,2023-01-04,46
Sevier,2023-01-04,47
Shelby,2023-01-04,1656
Sullivan,2023-01-04,147
Sumner,2023-01-04,13
Tipton,2023-01-04,1
Unicoi,2023-01-04,6
Union,2023-01-04,12
Washington,2023-01-04,92
Williamson,2023-01-04,914
Wilson,2023-01-04,7
Anderson,2023-01-05,2
Bedford,2023-01-05,33
Bledsoe,2023-01-05,0
Blount,2023-01-05,1534
Bradley,2023-01-05,116
Campbell,2023-01-05,53
Cannon,2023-01-05,1
Cheatham,2023-01-05,2
Chester,2023-01-05,28
Claiborne,2023-01-05,22
Cocke,2023-01-05,31
Coffee,2023-01-05,30
Cumberland,2023-01-05,7
Davidson,2023-01-05,3385
Fayette,2023-01-05,1
Fentress,2023-01-05,2
Franklin,2023-01-05,4
Giles,2023-01-05,937
Grainger,2023-01-05,0
Greene,2023-01-05,302
Hamblen,2023-01-05,770
Hamilton,2023-01-05,191
Hancock,2023-01-05,3
Hardeman,2023-01-05,1
Hawkins,2023-01-05,1720
Henry,2023-01-05,28
Jefferson,2023-01-05,125
Knox,2023-01-05,1081
Lawrence,2023-01-05,4
Lincoln,2023-01-05,0
Loudon,2023-01-05,2
Macon,2023-01-05,6
Madison,2023-01-05,3285
Marion,2023-01-05,1
Marshall,2023-01-05,21
Maury,2023-01-05,4
McMinn,2023-01-05,660
Meigs,2023-01-05,44
Monroe,2023-01-05,27
Montgomery,2023-01-05,28
Morgan,2023-01-05,0
Overton,2023-01-05,0
Pickett,2023-01-05,1
Polk,2023-01-05,49
Putnam,2023-01-05,1
Rhea,2023-01-05,1
Roane,2023-01-05,1
Robertson,2023-01-05,64
Rutherford,2023-01-05,51
Scott,2023-01-05,0
Sevier,2023-01-05,57
Shelby,2023-01-05,172
Stewart,2023-01-05,1
Sullivan,2023-01-05,46
Sumner,2023-01-05,6
Tipton,2023-01-05,12
Union,2023-01-05,4
Van Buren,2023-01-05,1
Washington,2023-01-05,105
White,2023-01-05,0
Williamson,2023-01-05,11
Wilson,2023-01-05,329
Anderson,2023-01-06,2
Bedford,2023-01-06,6
Bledsoe,2023-01-06,1
Blount,2023-01-06,42
Bradley,2023-01-06,1
Campbell,2023-01-06,0
Cannon,2023-01-06,3
Carter,2023-01-06,0
Cheatham,2023-01-06,3
Chester,2023-01-06,1
Claiborne,2023-01-06,50
Cocke,2023-01-06,16
Coffee,2023-01-06,1
Crockett,2023-01-06,6
Cumberland,2023-01-06,4
Davidson,2023-01-06,113
Fayette,2023-01-06,1
Fentress,2023-01-06,11
Franklin,2023-01-06,5
Gibson,2023-01-06,1
Giles,2023-01-06,21
Grainger,2023-01-06,0
Greene,2023-01-06,34
Hamblen,2023-01-06,5
Hamilton,2023-01-06,70
Hawkins,2023-01-06,594
Haywood,2023-01-06,7
Henry,2023-01-06,1
Jefferson,2023-01-06,67
Knox,2023-01-06,218
Lake,2023-01-06,12
Lauderdale,2023-01-06,1
Lawrence,2023-01-06,5
Lewis,2023-01-06,0
Lincoln,2023-01-06,0
Loudon,2023-01-06,19
Macon,2023-01-06,1
Madison,2023-01-06,15
Marion,2023-01-06,1
Marshall,2023-01-06,19
Maury,2023-01-06,1
McMinn,2023-01-06,386
Meigs,2023-01-06,1
Monroe,2023-01-06,42
Montgomery,2023-01-06,51
Moore,2023-01-06,1
Morgan,2023-01-06,0
Overton,2023-01-06,0
Pickett,2023-01-06,0
Polk,2023-01-06,1
Putnam,2023-01-06,0
Rhea,2023-01-06,1
Roane,2023-01-06,7
Robertson,2023-01-06,116
Rutherford,2023-01-06,8
Scott,2023-01-06,0
Sequatchie,2023-01-06,1
Sevier,2023-01-06,66
Shelby,2023-01-06,4065
Stewart,2023-01-06,1
Sullivan,2023-01-06,745
Sumner,2023-01-06,24
Tipton,2023-01-06,6
Unicoi,2023-01-06,2
Washington,2023-01-06,118
Wayne,2023-01-06,0
White,2023-01-06,1
Williamson,2023-01-06,2
Wilson,2023-01-06,7
Anderson,2023-01-07,5
Bedford,2023-01-07,3
Bledsoe,2023-01-07,1
Blount,2023-01-07,45
Bradley,2023-01-07,3
Campbell,2023-01-07,19
Cannon,2023-01-07,1
Claiborne,2023-01-07,48
Cocke,2023-01-07,2
Coffee,2023-01-07,1
Crockett,2023-01-07,2
Cumberland,2023-01-07,4
Davidson,2023-01-07,105
Fayette,2023-01-07,7
Fentress,2023-01-07,1372
Franklin,2023-01-07,5
Giles,2023-01-07,66
Grainger,2023-01-07,2
Greene,2023-01-07,1
Grundy,2023-01-07,2
Hamblen,2023-01-07,0
Hamilton,2023-01-07,1
Hancock,2023-01-07,6
Hawkins,2023-01-07,4
Jefferson,2023-01-07,74
Knox,2023-01-07,167
Lake,2023-01-07,12
Lawrence,2023-01-07,2
Loudon,2023-01-07,13
Madison,2023-01-07,3
Marion,2023-01-07,22
Marshall,2023-01-07,104
Maury,2023-01-07,34
Monroe,2023-01-07,3
Montgomery,2023-01-07,2
Pickett,2023-01-07,123
Polk,2023-01-07,3
Robertson,2023-01-07,3
Rutherford,2023-01-07,5
Sevier,2023-01-07,41
Shelby,2023-01-07,85
Stewart,2023-01-07,1
Sullivan,2023-01-07,745
Sumner,2023-01-07,16
Tipton,2023-01-07,3
Van Buren,2023-01-07,1
Washington,2023-01-07,55
Williamson,2023-01-07,1
Wilson,2023-01-07,1037
Anderson,2023-01-08,6
Bedford,2023-01-08,10
Bledsoe,2023-01-08,1
Blount,2023-01-08,66
Bradley,2023-01-08,1
Campbell,2023-01-08,13
Cannon,2023-01-08,3
Cheatham,2023-01-08,1
Chester,2023-01-08,8
Claiborne,2023-01-08,2
Cocke,2023-01-08,81
Cumberland,2023-01-08,3
Davidson,2023-01-08,26
Fayette,2023-01-08,8
Giles,2023-01-08,4
Grainger,2023-01-08,0
Greene,2023-01-08,81
Grundy,2023-01-08,2
Hamblen,2023-01-08,1110
Hamilton,2023-01-08,4
Hardeman,2023-01-08,3
Hawkins,2023-01-08,8
Henry,2023-01-08,18
Jefferson,2023-01-08,55
Knox,2023-01-08,322
Lawrence,2023-01-08,3
Loudon,2023-01-08,120
Madison,2023-01-08,3
Marion,2023-01-08,3
Marshall,2023-01-08,5
Maury,2023-01-08,5
McMinn,2023-01-08,58
Meigs,2023-01-08,47
Monroe,2023-01-08,4
Montgomery,2023-01-08,47
Morgan,2023-01-08,3
Polk,2023-01-08,16
Rhea,2023-01-08,90
Roane,2023-01-08,21
Robertson,2023-01-08,1
Rutherford,2023-01-08,1
Sevier,2023-01-08,44
Shelby,2023-01-08,2355
Stewart,2023-01-08,2
Sullivan,2023-01-08,48
Sumner,2023-01-08,39
Tipton,2023-01-08,4
Unicoi,2023-01-08,0
Union,2023-01-08,0
Washington,2023-01-08,32
Wilson,2023-01-08,1713
Bedford,2023-01-09,3
Bledsoe,2023-01-09,2
Blount,2023-01-09,31
Bradley,2023-01-09,4
Campbell,2023-01-09,87
Cannon,2023-01-09,2
Carter,2023-01-09,0
Cheatham,2023-01-09,2
Claiborne,2023-01-09,7
Cocke,2023-01-09,12
Coffee,2023-01-09,6
Crockett,2023-01-09,2
Cumberland,2023-01-09,4
Davidson,2023-01-09,83
DeKalb,2023-01-09,0
Dickson,2023-01-09,0
Fayette,2023-01-09,3
Fentress,2023-01-09,2
Franklin,2023-01-09,35
Giles,2023-01-09,6
Grainger,2023-01-09,1
Greene,2023-01-09,12
Grundy,2023-01-09,2
Hamblen,2023-01-09,1040
Hamilton,2023-01-09,1
Hawkins,2023-01-09,28
Haywood,2023-01-09,17
Henry,2023-01-09,42
Hickman,2023-01-09,0
Jefferson,2023-01-09,2
Knox,2023-01-09,1860
Lake,2023-01-09,12
Lawrence,2023-01-09,5
Lincoln,2023-01-09,0
Loudon,2023-01-09,5
Macon,2023-01-09,40
Madison,2023-01-09,18
Marion,2023-01-09,1
Marshall,2023-01-09,16
Maury,2023-01-09,12
Meigs,2023-01-09,1
Monroe,2023-01-09,91
Montgomery,2023-01-09,3686
Moore,2023-01-09,1
Obion,2023-01-09,3
Polk,2023-01-09,17
Roane,2023-01-09,2
Robertson,2023-01-09,18
Rutherford,2023-01-09,17
Sequatchie,2023-01-09,1
Sevier,2023-01-09,15
Shelby,2023-01-09,177
Smith,2023-01-09,0
Stewart,2023-01-09,1
Sullivan,2023-01-09,20
Sumner,2023-01-09,2
Tipton,2023-01-09,6
Trousdale,2023-01-09,0
Union,2023-01-09,2
Warren,2023-01-09,0
Washington,2023-01-09,50
Williamson,2023-01-09,12
Wilson,2023-01-09,8
Anderson,2023-01-10,0
Bedford,2023-01-10,12
Blount,2023-01-10,25
Bradley,2023-01-10,1258
Campbell,2023-01-10,182
Cannon,2023-01-10,1
Cheatham,2023-01-10,56
Chester,2023-01-10,3
Claiborne,2023-01-10,5
Cocke,2023-01-10,5
Coffee,2023-01-10,5
Crockett,2023-01-10,50
Cumberland,2023-01-10,24
Davidson,2023-01-10,23
Dyer,2023-01-10,4
Fayette,2023-01-10,27
Fentress,2023-01-10,2
Franklin,2023-01-10,18
Gibson,2023-01-10,6
Giles,2023-01-10,3
Grainger,2023-01-10,3
Greene,2023-01-10,14
Hamblen,2023-01-10,12
Hawkins,2023-01-10,19
Haywood,2023-01-10,5
Henry,2023-01-10,47
Jefferson,2023-01-10,124
Knox,2023-01-10,654
Lake,2023-01-10,10
Lawrence,2023-01-10,6
Lincoln,2023-01-10,0
Loudon,2023-01-10,5
Madison,2023-01-10,538
Marion,2023-01-10,1
Marshall,2023-01-10,6
Maury,2023-01-10,5
McMinn,2023-01-10,1
Meigs,2023-01-10,6
Monroe,2023-01-10,1
Montgomery,2023-01-10,10
Obion,2023-01-10,9
Polk,2023-01-10,879
Putnam,2023-01-10,20
Roane,2023-01-10,1
Robertson,2023-01-10,39
Rutherford,2023-01-10,13
Sevier,2023-01-10,1707
Shelby,2023-01-10,4587
Sullivan,2023-01-10,658
Sumner,2023-01-10,4
Tipton,2023-01-10,35
Union,2023-01-10,21
Washington,2023-01-10,7
White,2023-01-10,1
Williamson,2023-01-10,12
Wilson,2023-01-10,9
Anderson,2023-01-11,27
Bedford,2023-01-11,8
Blount,2023-01-11,34
Bradley,2023-01-11,1
Campbell,2023-01-11,111
Cannon,2023-01-11,3
Cheatham,2023-01-11,3
Claiborne,2023-01-11,207
Cocke,2023-01-11,42
Coffee,2023-01-11,10
Crockett,2023-01-11,27
Cumberland,2023-01-11,12
Davidson,2023-01-11,8
Fayette,2023-01-11,3
Fentress,2023-01-11,3
Franklin,2023-01-11,6
Gibson,2023-01-11,4
Giles,2023-01-11,16
Grainger,2023-01-11,0
Greene,2023-01-11,15
Hamblen,2023-01-11,1
Hamilton,2023-01-11,2
Hardeman,2023-01-11,12
Hawkins,2023-01-11,11
Henry,2023-01-11,2
Jefferson,2023-01-11,38
Knox,2023-01-11,94
Lawrence,2023-01-11,3
Lincoln,2023-01-11,0
Loudon,2023-01-11,2
Macon,2023-01-11,3
Madison,2023-01-11,36
Marion,2023-01-11,1
Marshall,2023-01-11,9
Maury,2023-01-11,2
McMinn,2023-01-11,1
Meigs,2023-01-11,1
Monroe,2023-01-11,39
Montgomery,2023-01-11,5
Obion,2023-01-11,1
Polk,2023-01-11,1
Rhea,2023-01-11,4
Robertson,2023-01-11,61
Rutherford,2023-01-11,32
Sevier,2023-01-11,24
Shelby,2023-01-11,978
Stewart,2023-01-11,1
Sullivan,2023-01-11,14
Sumner,2023-01-11,7
Tipton,2023-01-11,482
Unicoi,2023-01-11,3
Union,2023-01-11,14
Washington,2023-01-11,40
Williamson,2023-01-11,679
Wilson,2023-01-11,17
Anderson,2023-01-12,14
Bedford,2023-01-12,78
Bledsoe,2023-01-12,1034
Blount,2023-01-12,6556
Bradley,2023-01-12,2464
Campbell,2023-01-12,100
Cheatham,2023-01-12,19
Chester,2023-01-12,1
Claiborne,2023-01-12,136
Cocke,2023-01-12,1965
Coffee,2023-01-12,103
Cumberland,2023-01-12,518
Davidson,2023-01-12,742
Fayette,2023-01-12,262
Fentress,2023-01-12,15
Franklin,2023-01-12,190
Gibson,2023-01-12,2
Giles,2023-01-12,468
Grainger,2023-01-12,1177
Greene,2023-01-12,1739
Grundy,2023-01-12,8
Hamblen,2023-01-12,446
Hamilton,2023-01-12,551
Hancock,2023-01-12,17
Hardeman,2023-01-12,13
Hawkins,2023-01-12,521
Haywood,2023-01-12,65
Henderson,2023-01-12,1
Henry,2023-01-12,43
Hickman,2023-01-12,1
Jefferson,2023-01-12,5494
Knox,2023-01-12,9518
Lake,2023-01-12,18
Lauderdale,2023-01-12,157
Lawrence,2023-01-12,870
Loudon,2023-01-12,982
Madison,2023-01-12,12
Marion,2023-01-12,179
Marshall,2023-01-12,2
Maury,2023-01-12,8
McMinn,2023-01-12,843
Meigs,2023-01-12,1071
Monroe,2023-01-12,966
Montgomery,2023-01-12,36
Obion,2023-01-12,39
Polk,2023-01-12,1014
Putnam,2023-01-12,3
Rhea,2023-01-12,18
Roane,2023-01-12,72
Robertson,2023-01-12,22
Rutherford,2023-01-12,1031
Sequatchie,2023-01-12,154
Sevier,2023-01-12,8571
Shelby,2023-01-12,7887
Stewart,2023-01-12,24
Sullivan,2023-01-12,1839
Sumner,2023-01-12,256
Tipton,2023-01-12,32
Unicoi,2023-01-12,18
Union,2023-01-12,1949
Washington,2023-01-12,15626
Williamson,2023-01-12,2557
Wilson,2023-01-12,62
Anderson,2023-01-13,3
Bedford,2023-01-13,30
Bledsoe,2023-01-13,20
Blount,2023-01-13,118
Bradley,2023-01-13,57
Campbell,2023-01-13,20
Cheatham,2023-01-13,7
Chester,2023-01-13,2
Claiborne,2023-01-13,890
Cocke,2023-01-13,307
Coffee,2023-01-13,1
Cumberland,2023-01-13,3
Davidson,2023-01-13,109
Fayette,2023-01-13,2
Fentress,2023-01-13,4
Franklin,2023-01-13,210
Gibson,2023-01-13,17
Giles,2023-01-13,10
Grainger,2023-01-13,27
Greene,2023-01-13,72
Grundy,2023-01-13,4
Hamblen,2023-01-13,1
Hamilton,2023-01-13,799
Hancock,2023-01-13,1
Hardeman,2023-01-13,5
Hawkins,2023-01-13,68
Haywood,2023-01-13,5
Henry,2023-01-13,10
Hickman,2023-01-13,1
Jefferson,2023-01-13,554
Knox,2023-01-13,892
Lawrence,2023-01-13,3
Loudon,2023-01-13,4
Madison,2023-01-13,14
Marion,2023-01-13,8
Marshall,2023-01-13,33
Maury,2023-01-13,1
McMinn,2023-01-13,1
Meigs,2023-01-13,67
Monroe,2023-01-13,323
Montgomery,2023-01-13,1
Overton,2023-01-13,1
Pickett,2023-01-13,0
Polk,2023-01-13,1
Roane,2023-01-13,37
Robertson,2023-01-13,2
Rutherford,2023-01-13,38
Scott,2023-01-13,0
Sequatchie,2023-01-13,7
Sevier,2023-01-13,1388
Shelby,2023-01-13,903
Sullivan,2023-01-13,75
Sumner,2023-01-13,3
Tipton,2023-01-13,17
Unicoi,2023-01-13,1
Union,2023-01-13,19
Washington,2023-01-13,407
Williamson,2023-01-13,188
Wilson,2023-01-13,5
Anderson,2023-01-14,22
Bedford,2023-01-14,2
Bledsoe,2023-01-14,5
Blount,2023-01-14,4
Bradley,2023-01-14,30
Campbell,2023-01-14,754
Claiborne,2023-01-14,2
Cocke,2023-01-14,163
Coffee,2023-01-14,1
Cumberland,2023-01-14,1
Davidson,2023-01-14,55
Fayette,2023-01-14,28
Fentress,2023-01-14,1
Gibson,2023-01-14,2
Giles,2023-01-14,11
Grainger,2023-01-14,0
Greene,2023-01-14,23
Grundy,2023-01-14,2
Hamblen,2023-01-14,0
Hamilton,2023-01-14,1
Hawkins,2023-01-14,4
Henry,2023-01-14,6
Jefferson,2023-01-14,3
Knox,2023-01-14,26
Lawrence,2023-01-14,37
Loudon,2023-01-14,2
Madison,2023-01-14,4
Marion,2023-01-14,6
Marshall,2023-01-14,2
Maury,2023-01-14,2
Meigs,2023-01-14,1
Montgomery,2023-01-14,4
Obion,2023-01-14,2
Pickett,2023-01-14,586
Roane,2023-01-14,25
Robertson,2023-01-14,777
Rutherford,2023-01-14,181
Sequatchie,2023-01-14,1
Sevier,2023-01-14,78
Shelby,2023-01-14,416
Stewart,2023-01-14,1
Sullivan,2023-01-14,16
Sumner,2023-01-14,1248
Tipton,2023-01-14,17
Union,2023-01-14,1
Washington,2023-01-14,23
Williamson,2023-01-14,85
Wilson,2023-01-14,3
Bledsoe,2023-01-15,6
Blount,2023-01-15,4
Bradley,2023-01-15,1
Campbell,2023-01-15,757
Cheatham,2023-01-15,0
Chester,2023-01-15,2
Claiborne,2023-01-15,0
Cocke,2023-01-15,12
Coffee,2023-01-15,1
Cumberland,2023-01-15,1
Davidson,2023-01-15,16
Dickson,2023-01-15,0
Fayette,2023-01-15,2
Fentress,2023-01-15,1
Giles,2023-01-15,1
Grainger,2023-01-15,1
Greene,2023-01-15,1
Grundy,2023-01-15,2
Hamblen,2023-01-15,7
Hamilton,2023-01-15,652
Hancock,2023-01-15,24
Hawkins,2023-01-15,21
Henderson,2023-01-15,2
Henry,2023-01-15,4
Houston,2023-01-15,0
Jefferson,2023-01-15,2
Knox,2023-01-15,69
Lawrence,2023-01-15,2
Loudon,2023-01-15,1
Macon,2023-01-15,9
Madison,2023-01-15,8
Marion,2023-01-15,4
Marshall,2023-01-15,4
McMinn,2023-01-15,1
Meigs,2023-01-15,1
Monroe,2023-01-15,4
Montgomery,2023-01-15,1
Morgan,2023-01-15,2
Pickett,2023-01-15,1757
Polk,2023-01-15,307
Rhea,2023-01-15,1
Robertson,2023-01-15,0
Rutherford,2023-01-15,86
Sequatchie,2023-01-15,31
Sevier,2023-01-15,11
Shelby,2023-01-15,870
Stewart,2023-01-15,0
Sullivan,2023-01-15,16
Sumner,2023-01-15,7
Tipton,2023-01-15,1
Union,2023-01-15,1
Washington,2023-01-15,6
Williamson,2023-01-15,444
Wilson,2023-01-15,4
Anderson,2023-01-16,968
Bedford,2023-01-16,47
Bledsoe,2023-01-16,5
Blount,2023-01-16,555
Bradley,2023-01-16,25
Campbell,2023-01-16,135
Cannon,2023-01-16,4
Cheatham,2023-01-16,29
Claiborne,2023-01-16,203
Cocke,2023-01-16,57
Coffee,2023-01-16,1
Cumberland,2023-01-16,1
Davidson,2023-01-16,67
DeKalb,2023-01-16,0
Dickson,2023-01-16,0
Fayette,2023-01-16,3
Franklin,2023-01-16,7
Giles,2023-01-16,117
Grainger,2023-01-16,1
Greene,2023-01-16,1
Hamblen,2023-01-16,17
Hamilton,2023-01-16,1045
Hancock,2023-01-16,1
Hawkins,2023-01-16,305
Haywood,2023-01-16,10
Henderson,2023-01-16,2
Henry,2023-01-16,4
Hickman,2023-01-16,0
Jefferson,2023-01-16,14
Knox,2023-01-16,3113
Lawrence,2023-01-16,2
Lincoln,2023-01-16,0
Loudon,2023-01-16,1
Madison,2023-01-16,2
Marion,2023-01-16,12
Marshall,2023-01-16,15
Maury,2023-01-16,30
McMinn,2023-01-16,13
Monroe,2023-01-16,123
Montgomery,2023-01-16,1189
Moore,2023-01-16,5
Polk,2023-01-16,19
Rhea,2023-01-16,7
Robertson,2023-01-16,5
Rutherford,2023-01-16,11
Sequatchie,2023-01-16,1
Sevier,2023-01-16,10
Shelby,2023-01-16,1247
Smith,2023-01-16,2
Stewart,2023-01-16,171
Sullivan,2023-01-16,114
Sumner,2023-01-16,12
Tipton,2023-01-16,2
Trousdale,2023-01-16,0
Unicoi,2023-01-16,1
Union,2023-01-16,2
Warren,2023-01-16,0
Washington,2023-01-16,6
Williamson,2023-01-16,15
Wilson,2023-01-16,662
Anderson,2023-01-17,581
Bedford,2023-01-17,6
Bledsoe,2023-01-17,5
Blount,2023-01-17,64
Bradley,2023-01-17,8
Campbell,2023-01-17,153
Cannon,2023-01-17,2
Carter,2023-01-17,0
Cheatham,2023-01-17,5
Claiborne,2023-01-17,9
Cocke,2023-01-17,22
Coffee,2023-01-17,2
Crockett,2023-01-17,49
Cumberland,2023-01-17,540
Davidson,2023-01-17,3313
DeKalb,2023-01-17,1
Dyer,2023-01-17,2
Fayette,2023-01-17,2
Franklin,2023-01-17,3
Gibson,2023-01-17,2
Giles,2023-01-17,35
Grainger,2023-01-17,49
Greene,2023-01-17,51
Grundy,2023-01-17,11
Hamblen,2023-01-17,3
Hamilton,2023-01-17,1
Hardeman,2023-01-17,1
Hawkins,2023-01-17,340
Henderson,2023-01-17,1
Henry,2023-01-17,37
Jefferson,2023-01-17,8
Knox,2023-01-17,98
Lawrence,2023-01-17,27
Lewis,2023-01-17,1
Lincoln,2023-01-17,0
Loudon,2023-01-17,15
Macon,2023-01-17,10
Madison,2023-01-17,122
Marion,2023-01-17,29
Marshall,2023-01-17,6
Maury,2023-01-17,7
McMinn,2023-01-17,2
Meigs,2023-01-17,33
Monroe,2023-01-17,11
Montgomery,2023-01-17,489
Moore,2023-01-17,3
Pickett,2023-01-17,3
Polk,2023-01-17,2
Roane,2023-01-17,75
Robertson,2023-01-17,19
Rutherford,2023-01-17,16
Sequatchie,2023-01-17,2
Sevier,2023-01-17,29
Shelby,2023-01-17,2706
Stewart,2023-01-17,171
Sullivan,2023-01-17,36
Sumner,2023-01-17,6
Tipton,2023-01-17,4
Trousdale,2023-01-17,1
Unicoi,2023-01-17,6
Union,2023-01-17,1
Washington,2023-01-17,610
Williamson,2023-01-17,7
Wilson,2023-01-17,8
Anderson,2023-01-18,27
Bedford,2023-01-18,119
Bledsoe,2023-01-18,5
Blount,2023-01-18,133
Bradley,2023-01-18,10
Campbell,2023-01-18,52
Cannon,2023-01-18,1
Cheatham,2023-01-18,623
Chester,2023-01-18,3
Claiborne,2023-01-18,1246
Cocke,2023-01-18,9
Coffee,2023-01-18,5
Cumberland,2023-01-18,9
Davidson,2023-01-18,267
Fayette,2023-01-18,8
Franklin,2023-01-18,17
Gibson,2023-01-18,4
Giles,2023-01-18,1371
Grainger,2023-01-18,1
Greene,2023-01-18,9
Grundy,2023-01-18,21
Hamblen,2023-01-18,74
Hancock,2023-01-18,42
Hawkins,2023-01-18,268
Haywood,2023-01-18,1
Henderson,2023-01-18,29
Henry,2023-01-18,8
Jefferson,2023-01-18,2
Knox,2023-01-18,86
Lawrence,2023-01-18,705
Loudon,2023-01-18,4
Madison,2023-01-18,344
Marion,2023-01-18,12
Marshall,2023-01-18,3
Maury,2023-01-18,10
McMinn,2023-01-18,388
Meigs,2023-01-18,1
Monroe,2023-01-18,40
Montgomery,2023-01-18,4
Moore,2023-01-18,56
Obion,2023-01-18,4
Pickett,2023-01-18,0
Polk,2023-01-18,3
Rhea,2023-01-18,1
Roane,2023-01-18,1
Robertson,2023-01-18,297
Rutherford,2023-01-18,228
Scott,2023-01-18,0
Sequatchie,2023-01-18,1
Sevier,2023-01-18,48
Shelby,2023-01-18,8803
Stewart,2023-01-18,1
Sullivan,2023-01-18,21
Sumner,2023-01-18,1857
Tipton,2023-01-18,10
Unicoi,2023-01-18,6
Union,2023-01-18,1
Washington,2023-01-18,32
Williamson,2023-01-18,299
Wilson,2023-01-18,7
Anderson,2023-01-19,38
Bedford,2023-01-19,119
Bledsoe,2023-01-19,206
Blount,2023-01-19,356
Bradley,2023-01-19,99
Campbell,2023-01-19,111
Cannon,2023-01-19,1
Cheatham,2023-01-19,1730
Chester,2023-01-19,2
Claiborne,2023-01-19,61
Cocke,2023-01-19,193
Coffee,2023-01-19,22
Crockett,2023-01-19,67
Cumberland,2023-01-19,489
Davidson,2023-01-19,7404
Fayette,2023-01-19,22
Fentress,2023-01-19,114
Franklin,2023-01-19,155
Gibson,2023-01-19,15
Giles,2023-01-19,4
Grainger,2023-01-19,637
Greene,2023-01-19,10
Grundy,2023-01-19,79
Hamblen,2023-01-19,39
Hamilton,2023-01-19,1663
Hancock,2023-01-19,11
Hardeman,2023-01-19,17
Hawkins,2023-01-19,268
Haywood,2023-01-19,10
Henry,2023-01-19,1826
Jefferson,2023-01-19,447
Knox,2023-01-19,8147
Lawrence,2023-01-19,104
Lincoln,2023-01-19,2
Loudon,2023-01-19,2016
Macon,2023-01-19,25
Madison,2023-01-19,1672
Marion,2023-01-19,45
Marshall,2023-01-19,117
Maury,2023-01-19,1972
McMinn,2023-01-19,532
Meigs,2023-01-19,3838
Monroe,2023-01-19,57
Montgomery,2023-01-19,3413
Moore,2023-01-19,32
Obion,2023-01-19,59
Pickett,2023-01-19,9
Polk,2023-01-19,1
Putnam,2023-01-19,1
Rhea,2023-01-19,31
Roane,2023-01-19,243
Robertson,2023-01-19,1284
Rutherford,2023-01-19,238
Sequatchie,2023-01-19,3704
Sevier,2023-01-19,70
Shelby,2023-01-19,2805
Stewart,2023-01-19,102
Sullivan,2023-01-19,191
Sumner,2023-01-19,160
Tipton,2023-01-19,46
Trousdale,2023-01-19,85
Union,2023-01-19,41
Van Buren,2023-01-19,2
Washington,2023-01-19,1310
Williamson,2023-01-19,1878
Wilson,2023-01-19,35
Anderson,2023-01-20,1
Bledsoe,2023-01-20,6
Blount,2023-01-20,50
Bradley,2023-01-20,24
Campbell,2023-01-20,148
Cannon,2023-01-20,1
Cheatham,2023-01-20,18
Chester,2023-01-20,3
Claiborne,2023-01-20,0
Cocke,2023-01-20,2
Coffee,2023-01-20,15
Cumberland,2023-01-20,3
Davidson,2023-01-20,552
Fayette,2023-01-20,1
Fentress,2023-01-20,2
Franklin,2023-01-20,2
Gibson,2023-01-20,1
Giles,2023-01-20,20
Grainger,2023-01-20,7
Greene,2023-01-20,10
Grundy,2023-01-20,9
Hamblen,2023-01-20,442
Hamilton,2023-01-20,0
Hancock,2023-01-20,13
Hawkins,2023-01-20,1730
Henry,2023-01-20,26
Jefferson,2023-01-20,1
Knox,2023-01-20,107
Lawrence,2023-01-20,11
Loudon,2023-01-20,2
Macon,2023-01-20,7
Madison,2023-01-20,11
Marion,2023-01-20,7
Marshall,2023-01-20,3
Maury,2023-01-20,2
McMinn,2023-01-20,0
Meigs,2023-01-20,30
Monroe,2023-01-20,50
Montgomery,2023-01-20,1546
Moore,2023-01-20,3
Morgan,2023-01-20,0
Obion,2023-01-20,5
Overton,2023-01-20,0
Pickett,2023-01-20,0
Polk,2023-01-20,12
Putnam,2023-01-20,0
Rhea,2023-01-20,1
Roane,2023-01-20,0
Robertson,2023-01-20,8
Rutherford,2023-01-20,9
Scott,2023-01-20,0
Sequatchie,2023-01-20,10
Sevier,2023-01-20,58
Shelby,2023-01-20,384
Stewart,2023-01-20,4
Sullivan,2023-01-20,15
Sumner,2023-01-20,5
Tipton,2023-01-20,14
Unicoi,2023-01-20,0
Union,2023-01-20,3
Washington,2023-01-20,1036
White,2023-01-20,0
Williamson,2023-01-20,3
Wilson,2023-01-20,15
Anderson,2023-01-21,2
Bedford,2023-01-21,36
Bledsoe,2023-01-21,1
Blount,2023-01-21,12
Bradley,2023-01-21,1
Campbell,2023-01-21,1
Cannon,2023-01-21,1
Cheatham,2023-01-21,1
Cocke,2023-01-21,20
Coffee,2023-01-21,1
Cumberland,2023-01-21,96
Davidson,2023-01-21,273
Fayette,2023-01-21,1
Fentress,2023-01-21,1
Gibson,2023-01-21,19
Grainger,2023-01-21,1
Greene,2023-01-21,3
Grundy,2023-01-21,3
Hamblen,2023-01-21,0
Hawkins,2023-01-21,0
Henry,2023-01-21,666
Jefferson,2023-01-21,2
Knox,2023-01-21,37
Lawrence,2023-01-21,39
Loudon,2023-01-21,1
Madison,2023-01-21,16
Marion,2023-01-21,1
Marshall,2023-01-21,6
Maury,2023-01-21,1
McMinn,2023-01-21,1
Monroe,2023-01-21,1
Montgomery,2023-01-21,95
Polk,2023-01-21,1
Rhea,2023-01-21,13
Roane,2023-01-21,5
Robertson,2023-01-21,1
Rutherford,2023-01-21,2
Sequatchie,2023-01-21,5
Sevier,2023-01-21,5
Shelby,2023-01-21,876
Sullivan,2023-01-21,9
Sumner,2023-01-21,7
Tipton,2023-01-21,1
Union,2023-01-21,5
Washington,2023-01-21,7
Williamson,2023-01-21,92
Wilson,2023-01-21,2
Bedford,2023-01-22,37
Bledsoe,2023-01-22,11
Blount,2023-01-22,254
Bradley,2023-01-22,4
Cheatham,2023-01-22,2
Chester,2023-01-22,1
Claiborne,2023-01-22,3
Cocke,2023-01-22,0
Coffee,2023-01-22,64
Cumberland,2023-01-22,1
Davidson,2023-01-22,2573
Fayette,2023-01-22,1
Fentress,2023-01-22,2
Franklin,2023-01-22,6
Gibson,2023-01-22,12
Giles,2023-01-22,30
Grainger,2023-01-22,30
Greene,2023-01-22,19
Grundy,2023-01-22,6
Hamblen,2023-01-22,87
Hamilton,2023-01-22,50
Hardeman,2023-01-22,384
Hawkins,2023-01-22,116
Haywood,2023-01-22,258
Henry,2023-01-22,6
Jefferson,2023-01-22,1
Knox,2023-01-22,374
Lawrence,2023-01-22,1551
Loudon,2023-01-22,45
Madison,2023-01-22,3
Marion,2023-01-22,1
Marshall,2023-01-22,3
Maury,2023-01-22,73
McMinn,2023-01-22,13
Meigs,2023-01-22,1
Montgomery,2023-01-22,37
Morgan,2023-01-22,17
Pickett,2023-01-22,0
Rhea,2023-01-22,1
Robertson,2023-01-22,4
Rutherford,2023-01-22,28
Scott,2023-01-22,0
Sequatchie,2023-01-22,4
Sevier,2023-01-22,3
Shelby,2023-01-22,167
Smith,2023-01-22,27
Sumner,2023-01-22,16
Tipton,2023-01-22,3
Trousdale,2023-01-22,64
Union,2023-01-22,2
Washington,2023-01-22,8
Wilson,2023-01-22,1823
Anderson,2023-01-23,2
Bedford,2023-01-23,5
Bledsoe,2023-01-23,175
Blount,2023-01-23,2
Bradley,2023-01-23,2
Campbell,2023-01-23,16
Cannon,2023-01-23,1
Cheatham,2023-01-23,14
Chester,2023-01-23,18
Claiborne,2023-01-23,0
Cocke,2023-01-23,3
Coffee,2023-01-23,2
Cumberland,2023-01-23,41
Davidson,2023-01-23,281
DeKalb,2023-01-23,0
Dickson,2023-01-23,0
Fayette,2023-01-23,18
Fentress,2023-01-23,44
Franklin,2023-01-23,1
Gibson,2023-01-23,4
Giles,2023-01-23,9
Grainger,2023-01-23,3
Greene,2023-01-23,26
Grundy,2023-01-23,2
Hamblen,2023-01-23,5
Hamilton,2023-01-23,29
Hancock,2023-01-23,11
Hardeman,2023-01-23,0
Hawkins,2023-01-23,29
Haywood,2023-01-23,0
Henry,2023-01-23,569
Hickman,2023-01-23,0
Jefferson,2023-01-23,9
Knox,2023-01-23,27
Lawrence,2023-01-23,1552
Loudon,2023-01-23,3
Madison,2023-01-23,6
Marion,2023-01-23,1
Marshall,2023-01-23,2
Maury,2023-01-23,2
McMinn,2023-01-23,1
Meigs,2023-01-23,1
Monroe,2023-01-23,3
Montgomery,2023-01-23,304
Moore,2023-01-23,5
Obion,2023-01-23,1
Overton,2023-01-23,1
Putnam,2023-01-23,6
Rhea,2023-01-23,1
Robertson,2023-01-23,14
Rutherford,2023-01-23,6
Sequatchie,2023-01-23,523
Sevier,2023-01-23,8
Shelby,2023-01-23,689
Smith,2023-01-23,0
Stewart,2023-01-23,24
Sullivan,2023-01-23,48
Sumner,2023-01-23,22
Tipton,2023-01-23,4
Trousdale,2023-01-23,1
Union,2023-01-23,9
Van Buren,2023-01-23,1
Warren,2023-01-23,0
Washington,2023-01-23,36
Williamson,2023-01-23,7
Wilson,2023-01-23,16
Anderson,2023-01-24,32
Bedford,2023-01-24,8
Bledsoe,2023-01-24,1
Blount,2023-01-24,135
Bradley,2023-01-24,1
Campbell,2023-01-24,16
Cannon,2023-01-24,1
Carroll,2023-01-24,0
Cheatham,2023-01-24,5
Chester,2023-01-24,15
Claiborne,2023-01-24,40
Clay,2023-01-24,16
Cocke,2023-01-24,32
Coffee,2023-01-24,4
Crockett,2023-01-24,5
Cumberland,2023-01-24,4
Davidson,2023-01-24,2676
DeKalb,2023-01-24,0
Dickson,2023-01-24,0
Dyer,2023-01-24,0
Fayette,2023-01-24,52
Franklin,2023-01-24,16
Gibson,2023-01-24,35
Giles,2023-01-24,21
Grainger,2023-01-24,48
Greene,2023-01-24,35
Grundy,2023-01-24,2
Hamblen,2023-01-24,3
Hamilton,2023-01-24,3
Hardeman,2023-01-24,0
Hawkins,2023-01-24,32
Haywood,2023-01-24,0
Henderson,2023-01-24,1
Henry,2023-01-24,52
Hickman,2023-01-24,0
Jefferson,2023-01-24,1
Knox,2023-01-24,42
Lake,2023-01-24,0
Lauderdale,2023-01-24,1
Lawrence,2023-01-24,2
Loudon,2023-01-24,3
Macon,2023-01-24,35
Madison,2023-01-24,3
Marion,2023-01-24,2
Marshall,2023-01-24,21
Maury,2023-01-24,8
McMinn,2023-01-24,2
McNairy,2023-01-24,0
Monroe,2023-01-24,3
Montgomery,2023-01-24,8
Moore,2023-01-24,4
Obion,2023-01-24,6
Polk,2023-01-24,1
Rhea,2023-01-24,1
Roane,2023-01-24,825
Robertson,2023-01-24,464
Rutherford,2023-01-24,14
Sequatchie,2023-01-24,5
Sevier,2023-01-24,895
Shelby,2023-01-24,1469
Smith,2023-01-24,1
Stewart,2023-01-24,9
Sullivan,2023-01-24,62
Sumner,2023-01-24,979
Tipton,2023-01-24,2
Trousdale,2023-01-24,0
Union,2023-01-24,0
Warren,2023-01-24,0
Washington,2023-01-24,84
Weakley,2023-01-24,0
Williamson,2023-01-24,297
Wilson,2023-01-24,41
Anderson,2023-01-25,32
Bedford,2023-01-25,75
Bledsoe,2023-01-25,57
Blount,2023-01-25,906
Bradley,2023-01-25,579
Campbell,2023-01-25,50
Cannon,2023-01-25,23
Cheatham,2023-01-25,29
Chester,2023-01-25,16
Claiborne,2023-01-25,5
Cocke,2023-01-25,38
Coffee,2023-01-25,27
Cumberland,2023-01-25,93
Davidson,2023-01-25,1708
Fayette,2023-01-25,316
Fentress,2023-01-25,29
Franklin,2023-01-25,50
Gibson,2023-01-25,16
Giles,2023-01-25,9
Grainger,2023-01-25,3
Greene,2023-01-25,456
Hamblen,2023-01-25,50
Hamilton,2023-01-25,89
Hancock,2023-01-25,31
Hawkins,2023-01-25,117
Henry,2023-01-25,32
Jefferson,2023-01-25,25
Knox,2023-01-25,123
Lawrence,2023-01-25,23
Lewis,2023-01-25,1
Loudon,2023-01-25,14
Macon,2023-01-25,723
Madison,2023-01-25,70
Marion,2023-01-25,81
Marshall,2023-01-25,57
Maury,2023-01-25,7
McMinn,2023-01-25,5
Meigs,2023-01-25,188
Monroe,2023-01-25,536
Montgomery,2023-01-25,29
Moore,2023-01-25,78
Obion,2023-01-25,3
Overton,2023-01-25,263
Polk,2023-01-25,73
Putnam,2023-01-25,259
Rhea,2023-01-25,548
Roane,2023-01-25,1033
Robertson,2023-01-25,28
Rutherford,2023-01-25,40
Sevier,2023-01-25,872
Shelby,2023-01-25,2015
Stewart,2023-01-25,79
Sullivan,2023-01-25,504
Sumner,2023-01-25,1141
Tipton,2023-01-25,1
Unicoi,2023-01-25,1
Union,2023-01-25,61
Van Buren,2023-01-25,124
Washington,2023-01-25,732
White,2023-01-25,7
Williamson,2023-01-25,6
Wilson,2023-01-25,6
Anderson,2023-01-26,11
Bedford,2023-01-26,5
Blount,2023-01-26,17
Bradley,2023-01-26,23
Campbell,2023-01-26,135
Cannon,2023-01-26,1
Cheatham,2023-01-26,573
Chester,2023-01-26,14
Claiborne,2023-01-26,0
Cocke,2023-01-26,32
Coffee,2023-01-26,6
Cumberland,2023-01-26,3
Davidson,2023-01-26,12324
Dickson,2023-01-26,0
Fayette,2023-01-26,2
Franklin,2023-01-26,1
Gibson,2023-01-26,2
Giles,2023-01-26,30
Grainger,2023-01-26,2
Greene,2023-01-26,16
Grundy,2023-01-26,12
Hamblen,2023-01-26,4
Hamilton,2023-01-26,32
Hardeman,2023-01-26,0
Hawkins,2023-01-26,20
Haywood,2023-01-26,10
Henry,2023-01-26,2
Houston,2023-01-26,0
Jefferson,2023-01-26,12
Knox,2023-01-26,222
Lawrence,2023-01-26,22
Loudon,2023-01-26,2
Macon,2023-01-26,4
Madison,2023-01-26,2
Marion,2023-01-26,4
Marshall,2023-01-26,10
Maury,2023-01-26,9
McMinn,2023-01-26,325
Meigs,2023-01-26,1
Monroe,2023-01-26,173
Montgomery,2023-01-26,1
Moore,2023-01-26,2
Pickett,2023-01-26,6
Polk,2023-01-26,1
Rhea,2023-01-26,11
Robertson,2023-01-26,7
Rutherford,2023-01-26,8
Sequatchie,2023-01-26,6
Sevier,2023-01-26,53
Shelby,2023-01-26,70
Stewart,2023-01-26,1
Sullivan,2023-01-26,26
Sumner,2023-01-26,41
Tipton,2023-01-26,4
Union,2023-01-26,1
Washington,2023-01-26,30
Williamson,2023-01-26,103
Wilson,2023-01-26,10
Anderson,2023-01-27,5
Bedford,2023-01-27,7
Blount,2023-01-27,23
Bradley,2023-01-27,1
Campbell,2023-01-27,33
Cannon,2023-01-27,3
Cheatham,2023-01-27,3
Chester,2023-01-27,16
Claiborne,2023-01-27,93
Cocke,2023-01-27,31
Coffee,2023-01-27,7
Crockett,2023-01-27,4
Cumberland,2023-01-27,2
Davidson,2023-01-27,1899
Dyer,2023-01-27,2
Fayette,2023-01-27,2
Fentress,2023-01-27,1
Franklin,2023-01-27,5
Gibson,2023-01-27,2
Giles,2023-01-27,8
Grainger,2023-01-27,0
Greene,2023-01-27,12
Hamblen,2023-01-27,2
Hamilton,2023-01-27,1
Hancock,2023-01-27,1
Hawkins,2023-01-27,16
Haywood,2023-01-27,10
Henry,2023-01-27,7
Jefferson,2023-01-27,36
Knox,2023-01-27,222
Lawrence,2023-01-27,16
Lincoln,2023-01-27,0
Loudon,2023-01-27,2
Macon,2023-01-27,4
Madison,2023-01-27,10
Marion,2023-01-27,2
Marshall,2023-01-27,3
Maury,2023-01-27,811
McMinn,2023-01-27,215
Meigs,2023-01-27,1
Monroe,2023-01-27,16
Montgomery,2023-01-27,50
Pickett,2023-01-27,0
Polk,2023-01-27,729
Rhea,2023-01-27,22
Robertson,2023-01-27,3
Rutherford,2023-01-27,14
Scott,2023-01-27,0
Sequatchie,2023-01-27,4
Sevier,2023-01-27,51
Shelby,2023-01-27,475
Stewart,2023-01-27,2
Sullivan,2023-01-27,13
Sumner,2023-01-27,5
Tipton,2023-01-27,17
Unicoi,2023-01-27,1
Union,2023-01-27,1
Washington,2023-01-27,464
Williamson,2023-01-27,1669
Wilson,2023-01-27,40
Anderson,2023-01-28,0
Blount,2023-01-28,45
Bradley,2023-01-28,1
Campbell,2023-01-28,31
Cannon,2023-01-28,1
Cheatham,2023-01-28,2
Chester,2023-01-28,6
Claiborne,2023-01-28,4
Cocke,2023-01-28,2
Coffee,2023-01-28,36
Crockett,2023-01-28,39
Cumberland,2023-01-28,2
Davidson,2023-01-28,746
Dyer,2023-01-28,1
Fayette,2023-01-28,491
Franklin,2023-01-28,1
Giles,2023-01-28,24
Grainger,2023-01-28,0
Greene,2023-01-28,1
Hamblen,2023-01-28,0
Hardeman,2023-01-28,5
Hawkins,2023-01-28,1
Haywood,2023-01-28,1
Jefferson,2023-01-28,2
Knox,2023-01-28,67
Lawrence,2023-01-28,4
Loudon,2023-01-28,2
Madison,2023-01-28,1082
Marion,2023-01-28,1
Marshall,2023-01-28,1
Maury,2023-01-28,12
McMinn,2023-01-28,1
Monroe,2023-01-28,3
Montgomery,2023-01-28,56
Pickett,2023-01-28,0
Rhea,2023-01-28,37
Robertson,2023-01-28,1
Rutherford,2023-01-28,1
Scott,2023-01-28,0
Sequatchie,2023-01-28,1
Sevier,2023-01-28,3
Shelby,2023-01-28,2340
Sullivan,2023-01-28,8
Sumner,2023-01-28,43
Tipton,2023-01-28,444
Union,2023-01-28,24
Washington,2023-01-28,7
Williamson,2023-01-28,522
Wilson,2023-01-28,6
Anderson,2023-01-29,0
Bedford,2023-01-29,5
Blount,2023-01-29,0
Bradley,2023-01-29,1
Campbell,2023-01-29,53
Cheatham,2023-01-29,1
Chester,2023-01-29,4
Claiborne,2023-01-29,21
Clay,2023-01-29,16
Cocke,2023-01-29,28
Coffee,2023-01-29,3
Cumberland,2023-01-29,29
Davidson,2023-01-29,587
Fayette,2023-01-29,2
Franklin,2023-01-29,4
Giles,2023-01-29,85
Grainger,2023-01-29,62
Greene,2023-01-29,1
Hamblen,2023-01-29,0
Hamilton,2023-01-29,22
Hancock,2023-01-29,8
Hawkins,2023-01-29,303
Haywood,2023-01-29,1
Jefferson,2023-01-29,2
Knox,2023-01-29,109
Lawrence,2023-01-29,2
Madison,2023-01-29,26
Marion,2023-01-29,1
Maury,2023-01-29,550
Monroe,2023-01-29,869
Montgomery,2023-01-29,47
Pickett,2023-01-29,0
Polk,2023-01-29,1
Rhea,2023-01-29,35
Robertson,2023-01-29,2
Rutherford,2023-01-29,1142
Scott,2023-01-29,0
Sequatchie,2023-01-29,1
Sevier,2023-01-29,23
Shelby,2023-01-29,2079
Sullivan,2023-01-29,154
Sumner,2023-01-29,2
Tipton,2023-01-29,13
Union,2023-01-29,1
Washington,2023-01-29,40
Williamson,2023-01-29,49
Wilson,2023-01-29,22
Anderson,2023-01-30,32
Bedford,2023-01-30,62
Blount,2023-01-30,35
Bradley,2023-01-30,171
Campbell,2023-01-30,5
Cannon,2023-01-30,2
Cheatham,2023-01-30,31
Chester,2023-01-30,499
Claiborne,2023-01-30,0
Cocke,2023-01-30,1
Coffee,2023-01-30,5
Crockett,2023-01-30,8
Cumberland,2023-01-30,16
Davidson,2023-01-30,1774
DeKalb,2023-01-30,0
Dickson,2023-01-30,0
Fayette,2023-01-30,3
Fentress,2023-01-30,7
Franklin,2023-01-30,2
Giles,2023-01-30,74
Grainger,2023-01-30,0
Greene,2023-01-30,15
Grundy,2023-01-30,1
Hamblen,2023-01-30,22
Hamilton,2023-01-30,18
Hancock,2023-01-30,93
Hawkins,2023-01-30,472
Haywood,2023-01-30,10
Henderson,2023-01-30,1
Henry,2023-01-30,37
Hickman,2023-01-30,0
Jefferson,2023-01-30,6
Knox,2023-01-30,80
Lake,2023-01-30,11
Lawrence,2023-01-30,6
Loudon,2023-01-30,3
Madison,2023-01-30,13
Marion,2023-01-30,2
Marshall,2023-01-30,13
Maury,2023-01-30,12
McMinn,2023-01-30,23
Meigs,2023-01-30,1
Monroe,2023-01-30,11
Montgomery,2023-01-30,358
Moore,2023-01-30,1
Pickett,2023-01-30,0
Polk,2023-01-30,1
Rhea,2023-01-30,36
Roane,2023-01-30,4
Robertson,2023-01-30,12
Rutherford,2023-01-30,6
Scott,2023-01-30,0
Sequatchie,2023-01-30,6
Sevier,2023-01-30,132
Shelby,2023-01-30,1287
Smith,2023-01-30,0
Stewart,2023-01-30,2
Sullivan,2023-01-30,74
Sumner,2023-01-30,452
Tipton,2023-01-30,1
Trousdale,2023-01-30,0
Unicoi,2023-01-30,1
Union,2023-01-30,8
Warren,2023-01-30,0
Washington,2023-01-30,13
White,2023-01-30,1
Williamson,2023-01-30,20
Wilson,2023-01-30,780
Anderson,2023-01-31,16
Bedford,2023-01-31,8
Bledsoe,2023-01-31,2
Blount,2023-01-31,8
Bradley,2023-01-31,1
Campbell,2023-01-31,177
Cannon,2023-01-31,7
Cheatham,2023-01-31,457
Chester,2023-01-31,1
Claiborne,2023-01-31,9
Cocke,2023-01-31,8
Coffee,2023-01-31,70
Crockett,2023-01-31,67
Cumberland,2023-01-31,126
Davidson,2023-01-31,323
DeKalb,2023-01-31,2
Fayette,2023-01-31,842
Franklin,2023-01-31,70
Gibson,2023-01-31,317
Giles,2023-01-31,5
Grainger,2023-01-31,1
Greene,2023-01-31,1
Grundy,2023-01-31,22
Hamblen,2023-01-31,3
Hamilton,2023-01-31,2
Hancock,2023-01-31,58
Hardeman,2023-01-31,12
Hawkins,2023-01-31,378
Haywood,2023-01-31,35
Henry,2023-01-31,370
Jefferson,2023-01-31,0
Knox,2023-01-31,1086
Lawrence,2023-01-31,24
Loudon,2023-01-31,1
Madison,2023-01-31,57
Marshall,2023-01-31,108
Maury,2023-01-31,1
McMinn,2023-01-31,1
Meigs,2023-01-31,1
Monroe,2023-01-31,55
Montgomery,2023-01-31,193
Moore,2023-01-31,2
Obion,2023-01-31,923
Pickett,2023-01-31,0
Polk,2023-01-31,1
Rhea,2023-01-31,1
Roane,2023-01-31,2
Robertson,2023-01-31,2848
Rutherford,2023-01-31,14
Scott,2023-01-31,0
Sequatchie,2023-01-31,2
Sevier,2023-01-31,308
Shelby,2023-01-31,4815
Stewart,2023-01-31,4
Sullivan,2023-01-31,13
Sumner,2023-01-31,3156
Tipton,2023-01-31,42
Trousdale,2023-01-31,1
Unicoi,2023-01-31,1
Union,2023-01-31,19
Washington,2023-01-31,177
Williamson,2023-01-31,2
Wilson,2023-01-31,103
Anderson,2023-02-01,8
Bedford,2023-02-01,2
Blount,2023-02-01,31
Bradley,2023-02-01,34
Campbell,2023-02-01,0
Cannon,2023-02-01,1
Cheatham,2023-02-01,502
Chester,2023-02-01,12
Claiborne,2023-02-01,32
Clay,2023-02-01,0
Cocke,2023-02-01,6
Coffee,2023-02-01,8
Cumberland,2023-02-01,5
Davidson,2023-02-01,323
DeKalb,2023-02-01,1
Fayette,2023-02-01,1639
Fentress,2023-02-01,1
Franklin,2023-02-01,67
Grainger,2023-02-01,19
Greene,2023-02-01,176
Grundy,2023-02-01,2
Hamblen,2023-02-01,1
Hardeman,2023-02-01,73
Hawkins,2023-02-01,39
Haywood,2023-02-01,35
Henry,2023-02-01,416
Jackson,2023-02-01,0
Jefferson,2023-02-01,164
Knox,2023-02-01,55
Lawrence,2023-02-01,6
Loudon,2023-02-01,34
Macon,2023-02-01,2
Madison,2023-02-01,4
Marion,2023-02-01,11
Marshall,2023-02-01,15
Maury,2023-02-01,4
McMinn,2023-02-01,1
Meigs,2023-02-01,110
Monroe,2023-02-01,2
Montgomery,2023-02-01,38
Moore,2023-02-01,3
Overton,2023-02-01,0
Pickett,2023-02-01,586
Polk,2023-02-01,1
Roane,2023-02-01,41
Robertson,2023-02-01,1043
Rutherford,2023-02-01,5
Sevier,2023-02-01,64
Shelby,2023-02-01,1558
Smith,2023-02-01,0
Sullivan,2023-02-01,262
Sumner,2023-02-01,668
Tipton,2023-02-01,330
Trousdale,2023-02-01,0
Union,2023-02-01,2
Washington,2023-02-01,100
Williamson,2023-02-01,400
Wilson,2023-02-01,10
Anderson,2023-02-02,47
Bedford,2023-02-02,1
Blount,2023-02-02,18
Bradley,2023-02-02,26
Campbell,2023-02-02,6
Cannon,2023-02-02,1
Cheatham,2023-02-02,998
Chester,2023-02-02,571
Claiborne,2023-02-02,36
Cocke,2023-02-02,1
Coffee,2023-02-02,3
Crockett,2023-02-02,1
Cumberland,2023-02-02,8
Davidson,2023-02-02,347
DeKalb,2023-02-02,1
Fayette,2023-02-02,2302
Franklin,2023-02-02,5
Gibson,2023-02-02,20
Giles,2023-02-02,141
Grainger,2023-02-02,2
Greene,2023-02-02,36
Hamblen,2023-02-02,10
Hamilton,2023-02-02,13
Hancock,2023-02-02,70
Hardeman,2023-02-02,847
Hawkins,2023-02-02,7
Haywood,2023-02-02,3
Henderson,2023-02-02,26
Henry,2023-02-02,785
Jefferson,2023-02-02,46
Knox,2023-02-02,537
Lauderdale,2023-02-02,364
Lawrence,2023-02-02,6
Loudon,2023-02-02,33
Madison,2023-02-02,746
Marshall,2023-02-02,153
Maury,2023-02-02,567
McMinn,2023-02-02,1
Meigs,2023-02-02,110
Monroe,2023-02-02,96
Montgomery,2023-02-02,121
Obion,2023-02-02,1
Polk,2023-02-02,16
Putnam,2023-02-02,1
Rhea,2023-02-02,1
Robertson,2023-02-02,105
Rutherford,2023-02-02,51
Sequatchie,2023-02-02,1
Sevier,2023-02-02,18
Shelby,2023-02-02,21801
Smith,2023-02-02,2
Stewart,2023-02-02,3
Sullivan,2023-02-02,15
Sumner,2023-02-02,94
Tipton,2023-02-02,314
Union,2023-02-02,1
Washington,2023-02-02,23
Williamson,2023-02-02,272
Wilson,2023-02-02,7
Anderson,2023-02-03,4
Bedford,2023-02-03,4
Blount,2023-02-03,9
Bradley,2023-02-03,122
Cannon,2023-02-03,3
Cheatham,2023-02-03,2
Claiborne,2023-02-03,19
Cocke,2023-02-03,3
Coffee,2023-02-03,16
Crockett,2023-02-03,2
Cumberland,2023-02-03,2
Davidson,2023-02-03,63
DeKalb,2023-02-03,1
Fayette,2023-02-03,1086
Fentress,2023-02-03,37
Franklin,2023-02-03,23
Giles,2023-02-03,18
Grainger,2023-02-03,0
Greene,2023-02-03,13
Grundy,2023-02-03,1
Hamblen,2023-02-03,1
Hamilton,2023-02-03,13
Hancock,2023-02-03,79
Hardeman,2023-02-03,84
Hawkins,2023-02-03,10
Haywood,2023-02-03,10
Henry,2023-02-03,1
Jefferson,2023-02-03,2
Knox,2023-02-03,27
Lawrence,2023-02-03,4
Loudon,2023-02-03,2
Macon,2023-02-03,2
Madison,2023-02-03,5
Marion,2023-02-03,39
Marshall,2023-02-03,146
Maury,2023-02-03,1929
McMinn,2023-02-03,52
Meigs,2023-02-03,4
Monroe,2023-02-03,50
Montgomery,2023-02-03,7
Moore,2023-02-03,5
Obion,2023-02-03,28
Polk,2023-02-03,1
Rhea,2023-02-03,30
Roane,2023-02-03,1
Robertson,2023-02-03,7
Rutherford,2023-02-03,40
Sequatchie,2023-02-03,366
Sevier,2023-02-03,50
Shelby,2023-02-03,5794
Stewart,2023-02-03,1
Sullivan,2023-02-03,13
Sumner,2023-02-03,5
Tipton,2023-02-03,3
Unicoi,2023-02-03,2
Union,2023-02-03,8
Washington,2023-02-03,23
Williamson,2023-02-03,6
Wilson,2023-02-03,66
Anderson,2023-02-04,13
Bedford,2023-02-04,3
Blount,2023-02-04,7
Bradley,2023-02-04,1
Cannon,2023-02-04,1
Cheatham,2023-02-04,1
Cocke,2023-02-04,2
Coffee,2023-02-04,6
Cumberland,2023-02-04,1858
Davidson,2023-02-04,562
DeKalb,2023-02-04,1
Fayette,2023-02-04,68
Fentress,2023-02-04,1
Franklin,2023-02-04,4
Giles,2023-02-04,805
Grainger,2023-02-04,33
Greene,2023-02-04,1
Hamblen,2023-02-04,4
Hancock,2023-02-04,20
Hardeman,2023-02-04,11
Hawkins,2023-02-04,410
Henry,2023-02-04,3
Jefferson,2023-02-04,24
Knox,2023-02-04,245
Lawrence,2023-02-04,3
Madison,2023-02-04,2
Marion,2023-02-04,1
Marshall,2023-02-04,2
Maury,2023-02-04,25
McMinn,2023-02-04,8
Monroe,2023-02-04,6
Montgomery,2023-02-04,9
Overton,2023-02-04,3
Polk,2023-02-04,1
Putnam,2023-02-04,503
Robertson,2023-02-04,38
Rutherford,2023-02-04,2
Sequatchie,2023-02-04,1
Sevier,2023-02-04,513
Shelby,2023-02-04,966
Sullivan,2023-02-04,6
Sumner,2023-02-04,13
Tipton,2023-02-04,6
Trousdale,2023-02-04,25
Union,2023-02-04,0
Washington,2023-02-04,13
White,2023-02-04,2
Williamson,2023-02-04,2
Wilson,2023-02-04,3
Anderson,2023-02-05,4
Bledsoe,2023-02-05,47
Blount,2023-02-05,47
Bradley,2023-02-05,0
Campbell,2023-02-05,7
Cannon,2023-02-05,81
Cheatham,2023-02-05,15
Chester,2023-02-05,593
Cocke,2023-02-05,1
Coffee,2023-02-05,4
Cumberland,2023-02-05,25
Davidson,2023-02-05,142
Fayette,2023-02-05,65
Fentress,2023-02-05,1
Franklin,2023-02-05,12
Gibson,2023-02-05,665
Grainger,2023-02-05,1
Greene,2023-02-05,5
Grundy,2023-02-05,14
Hamblen,2023-02-05,1
Hamilton,2023-02-05,1
Hawkins,2023-02-05,81
Haywood,2023-02-05,4
Henry,2023-02-05,10
Jefferson,2023-02-05,42
Knox,2023-02-05,21
Lake,2023-02-05,537
Lawrence,2023-02-05,5
Loudon,2023-02-05,5
Madison,2023-02-05,220
Marion,2023-02-05,1
Marshall,2023-02-05,90
Maury,2023-02-05,1
McMinn,2023-02-05,0
Meigs,2023-02-05,0
Monroe,2023-02-05,1
Montgomery,2023-02-05,50
Moore,2023-02-05,1
Morgan,2023-02-05,0
Overton,2023-02-05,0
Pickett,2023-02-05,0
Polk,2023-02-05,0
Putnam,2023-02-05,1
Rhea,2023-02-05,0
Roane,2023-02-05,0
Robertson,2023-02-05,10
Rutherford,2023-02-05,28
Scott,2023-02-05,0
Sevier,2023-02-05,8
Shelby,2023-02-05,343
Sullivan,2023-02-05,121
Sumner,2023-02-05,160
Tipton,2023-02-05,4
Washington,2023-02-05,28
White,2023-02-05,0
Williamson,2023-02-05,21
Wilson,2023-02-05,1
Anderson,2023-02-06,13
Bedford,2023-02-06,104
Blount,2023-02-06,63
Bradley,2023-02-06,173
Campbell,2023-02-06,42
Cannon,2023-02-06,2
Cheatham,2023-02-06,26
Chester,2023-02-06,1
Claiborne,2023-02-06,7
Cocke,2023-02-06,5
Coffee,2023-02-06,3
Crockett,2023-02-06,133
Cumberland,2023-02-06,2
Davidson,2023-02-06,872
DeKalb,2023-02-06,0
Dickson,2023-02-06,0
Fayette,2023-02-06,26
Franklin,2023-02-06,4
Giles,2023-02-06,676
Grainger,2023-02-06,1
Greene,2023-02-06,15
Grundy,2023-02-06,2
Hamblen,2023-02-06,1
Hamilton,2023-02-06,2
Hardeman,2023-02-06,2
Hawkins,2023-02-06,3
Haywood,2023-02-06,4
Henry,2023-02-06,336
Hickman,2023-02-06,0
Jefferson,2023-02-06,5
Knox,2023-02-06,89
Lawrence,2023-02-06,2
Loudon,2023-02-06,10
Macon,2023-02-06,3
Madison,2023-02-06,5
Marion,2023-02-06,2
Marshall,2023-02-06,2
Maury,2023-02-06,5
McMinn,2023-02-06,23
Meigs,2023-02-06,59
Monroe,2023-02-06,396
Montgomery,2023-02-06,26
Moore,2023-02-06,3
Obion,2023-02-06,14
Pickett,2023-02-06,1
Rhea,2023-02-06,1
Roane,2023-02-06,2
Robertson,2023-02-06,113
Rutherford,2023-02-06,14
Sequatchie,2023-02-06,116
Sevier,2023-02-06,76
Shelby,2023-02-06,157
Smith,2023-02-06,0
Stewart,2023-02-06,10
Sullivan,2023-02-06,162
Sumner,2023-02-06,10
Trousdale,2023-02-06,0
Union,2023-02-06,46
Van Buren,2023-02-06,7
Warren,2023-02-06,0
Washington,2023-02-06,889
Williamson,2023-02-06,49
Wilson,2023-02-06,8
Anderson,2023-02-07,2
Bedford,2023-02-07,15
Bledsoe,2023-02-07,1
Blount,2023-02-07,1574
Bradley,2023-02-07,1024
Campbell,2023-02-07,37
Cannon,2023-02-07,45
Cheatham,2023-02-07,40
Chester,2023-02-07,3
Claiborne,2023-02-07,1168
Cocke,2023-02-07,491
Coffee,2023-02-07,4
Cumberland,2023-02-07,9
Davidson,2023-02-07,209
Fayette,2023-02-07,26
Fentress,2023-02-07,1653
Franklin,2023-02-07,4
Gibson,2023-02-07,1
Giles,2023-02-07,29
Grainger,2023-02-07,50
Greene,2023-02-07,42
Grundy,2023-02-07,2
Hamblen,2023-02-07,3
Hamilton,2023-02-07,35
Hancock,2023-02-07,44
Hawkins,2023-02-07,71
Haywood,2023-02-07,10
Jefferson,2023-02-07,1
Knox,2023-02-07,391
Lawrence,2023-02-07,13
Lincoln,2023-02-07,0
Loudon,2023-02-07,3
Macon,2023-02-07,17
Madison,2023-02-07,12
Marion,2023-02-07,1
Marshall,2023-02-07,46
Maury,2023-02-07,8
Meigs,2023-02-07,2
Monroe,2023-02-07,222
Montgomery,2023-02-07,15
Moore,2023-02-07,2
Morgan,2023-02-07,1
Overton,2023-02-07,3
Pickett,2023-02-07,1
Putnam,2023-02-07,4
Robertson,2023-02-07,83
Rutherford,2023-02-07,40
Sequatchie,2023-02-07,124
Sevier,2023-02-07,63
Shelby,2023-02-07,1465
Stewart,2023-02-07,1
Sullivan,2023-02-07,9
Sumner,2023-02-07,20
Tipton,2023-02-07,1
Trousdale,2023-02-07,2
Unicoi,2023-02-07,2
Union,2023-02-07,346
Van Buren,2023-02-07,7
Washington,2023-02-07,22
Williamson,2023-02-07,48
Wilson,2023-02-07,75
Anderson,2023-02-08,4
Bedford,2023-02-08,6
Blount,2023-02-08,39
Bradley,2023-02-08,2
Campbell,2023-02-08,12
Cannon,2023-02-08,13
Carter,2023-02-08,0
Cheatham,2023-02-08,15
Chester,2023-02-08,1
Claiborne,2023-02-08,92
Clay,2023-02-08,0
Cocke,2023-02-08,5
Coffee,2023-02-08,4
Crockett,2023-02-08,1
Cumberland,2023-02-08,352
Davidson,2023-02-08,168
DeKalb,2023-02-08,87
Fayette,2023-02-08,740
Fentress,2023-02-08,2062
Franklin,2023-02-08,1
Gibson,2023-02-08,1
Giles,2023-02-08,4
Grainger,2023-02-08,0
Greene,2023-02-08,11
Grundy,2023-02-08,1
Hamblen,2023-02-08,25
Hamilton,2023-02-08,2
Hardeman,2023-02-08,16
Hawkins,2023-02-08,62
Jackson,2023-02-08,0
Jefferson,2023-02-08,1
Knox,2023-02-08,253
Lauderdale,2023-02-08,1
Lawrence,2023-02-08,8
Lincoln,2023-02-08,0
Loudon,2023-02-08,5
Macon,2023-02-08,0
Madison,2023-02-08,47
Marion,2023-02-08,2
Marshall,2023-02-08,24
Maury,2023-02-08,38
McMinn,2023-02-08,1
Meigs,2023-02-08,1
Monroe,2023-02-08,63
Montgomery,2023-02-08,10
Obion,2023-02-08,16
Overton,2023-02-08,1
Pickett,2023-02-08,22
Polk,2023-02-08,3
Putnam,2023-02-08,397
Rhea,2023-02-08,9
Robertson,2023-02-08,22
Rutherford,2023-02-08,7
Scott,2023-02-08,17
Sequatchie,2023-02-08,3
Sevier,2023-02-08,62
Shelby,2023-02-08,490
Smith,2023-02-08,0
Stewart,2023-02-08,1
Sullivan,2023-02-08,552
Sumner,2023-02-08,44
Tipton,2023-02-08,3
Trousdale,2023-02-08,0
Unicoi,2023-02-08,2
Union,2023-02-08,1
Van Buren,2023-02-08,2
Washington,2023-02-08,378
White,2023-02-08,1
Williamson,2023-02-08,32
Wilson,2023-02-08,76
Anderson,2023-02-09,71
Bedford,2023-02-09,284
Bledsoe,2023-02-09,29
Blount,2023-02-09,2440
Bradley,2023-02-09,342
Campbell,2023-02-09,114
Cannon,2023-02-09,78
Cheatham,2023-02-09,59
Chester,2023-02-09,11
Claiborne,2023-02-09,4094
Clay,2023-02-09,1
Cocke,2023-02-09,61
Coffee,2023-02-09,94
Crockett,2023-02-09,3
Cumberland,2023-02-09,1783
Davidson,2023-02-09,3682
Fayette,2023-02-09,205
Fentress,2023-02-09,418
Franklin,2023-02-09,800
Gibson,2023-02-09,83
Giles,2023-02-09,317
Grainger,2023-02-09,70
Greene,2023-02-09,38
Grundy,2023-02-09,6
Hamblen,2023-02-09,59
Hamilton,2023-02-09,1
Hancock,2023-02-09,36
Hardeman,2023-02-09,1
Hawkins,2023-02-09,73
Haywood,2023-02-09,392
Henry,2023-02-09,434
Jefferson,2023-02-09,293
Knox,2023-02-09,153
Lawrence,2023-02-09,294
Loudon,2023-02-09,454
Macon,2023-02-09,2
Madison,2023-02-09,562
Marion,2023-02-09,1
Marshall,2023-02-09,81
Maury,2023-02-09,75
McMinn,2023-02-09,386
Monroe,2023-02-09,449
Montgomery,2023-02-09,513
Obion,2023-02-09,190
Overton,2023-02-09,49
Pickett,2023-02-09,8
Polk,2023-02-09,608
Putnam,2023-02-09,4
Rhea,2023-02-09,2
Robertson,2023-02-09,34
Rutherford,2023-02-09,69
Scott,2023-02-09,0
Sequatchie,2023-02-09,3
Sevier,2023-02-09,2704
Shelby,2023-02-09,2670
Stewart,2023-02-09,190
Sullivan,2023-02-09,41
Sumner,2023-02-09,39
Tipton,2023-02-09,59
Trousdale,2023-02-09,2
Unicoi,2023-02-09,50
Union,2023-02-09,42
Van Buren,2023-02-09,2
Washington,2023-02-09,1075
Williamson,2023-02-09,12
Wilson,2023-02-09,2
Anderson,2023-02-10,1
Bedford,2023-02-10,5
Bledsoe,2023-02-10,2
Blount,2023-02-10,17
Bradley,2023-02-10,1
Campbell,2023-02-10,159
Cannon,2023-02-10,3
Cheatham,2023-02-10,5
Chester,2023-02-10,1341
Claiborne,2023-02-10,1
Clay,2023-02-10,15
Cocke,2023-02-10,5
Coffee,2023-02-10,40
Crockett,2023-02-10,2
Cumberland,2023-02-10,1
Davidson,2023-02-10,374
Fayette,2023-02-10,17
Fentress,2023-02-10,1
Franklin,2023-02-10,11
Gibson,2023-02-10,83
Giles,2023-02-10,642
Grainger,2023-02-10,0
Greene,2023-02-10,78
Grundy,2023-02-10,3
Hamblen,2023-02-10,1
Hamilton,2023-02-10,1
Hawkins,2023-02-10,12
Haywood,2023-02-10,313
Henderson,2023-02-10,1
Henry,2023-02-10,20
Jefferson,2023-02-10,33
Knox,2023-02-10,958
Lawrence,2023-02-10,5
Loudon,2023-02-10,11
Macon,2023-02-10,1
Madison,2023-02-10,68
Marion,2023-02-10,1
Marshall,2023-02-10,65
Maury,2023-02-10,3
McMinn,2023-02-10,4
Meigs,2023-02-10,1
Monroe,2023-02-10,62
Montgomery,2023-02-10,12
Obion,2023-02-10,2
Polk,2023-02-10,1
Rhea,2023-02-10,1
Roane,2023-02-10,1
Robertson,2023-02-10,62
Rutherford,2023-02-10,13
Sequatchie,2023-02-10,3
Sevier,2023-02-10,17
Shelby,2023-02-10,2447
Stewart,2023-02-10,2
Sullivan,2023-02-10,6
Sumner,2023-02-10,5
Tipton,2023-02-10,11
Union,2023-02-10,35
Van Buren,2023-02-10,2
Washington,2023-02-10,18
Williamson,2023-02-10,34
Wilson,2023-02-10,79
Anderson,2023-02-11,6
Bedford,2023-02-11,3
Bledsoe,2023-02-11,2
Blount,2023-02-11,7
Bradley,2023-02-11,67
Cheatham,2023-02-11,73
Chester,2023-02-11,36
Cocke,2023-02-11,1
Coffee,2023-02-11,8
Cumberland,2023-02-11,27
Davidson,2023-02-11,1922
Fayette,2023-02-11,1
Fentress,2023-02-11,3
Giles,2023-02-11,19
Grainger,2023-02-11,13
Greene,2023-02-11,913
Hamblen,2023-02-11,119
Hamilton,2023-02-11,3
Hawkins,2023-02-11,16
Haywood,2023-02-11,10
Henry,2023-02-11,19
Jefferson,2023-02-11,998
Knox,2023-02-11,1124
Lawrence,2023-02-11,5
Lincoln,2023-02-11,0
Loudon,2023-02-11,2
Madison,2023-02-11,1
Marion,2023-02-11,1
Montgomery,2023-02-11,12
Obion,2023-02-11,5
Polk,2023-02-11,726
Robertson,2023-02-11,20
Rutherford,2023-02-11,2
Sequatchie,2023-02-11,3
Sevier,2023-02-11,94
Shelby,2023-02-11,16
Sullivan,2023-02-11,217
Tipton,2023-02-11,8
Van Buren,2023-02-11,2
Washington,2023-02-11,180
White,2023-02-11,4
Williamson,2023-02-11,1
Wilson,2023-02-11,1
Anderson,2023-02-12,4
Bledsoe,2023-02-12,3
Blount,2023-02-12,436
Bradley,2023-02-12,15
Cheatham,2023-02-12,1
Chester,2023-02-12,1
Claiborne,2023-02-12,22
Cocke,2023-02-12,8
Coffee,2023-02-12,1
Crockett,2023-02-12,13
Cumberland,2023-02-12,1
Davidson,2023-02-12,318
Fayette,2023-02-12,1
Fentress,2023-02-12,1
Franklin,2023-02-12,1
Gibson,2023-02-12,1
Giles,2023-02-12,4
Grainger,2023-02-12,20
Greene,2023-02-12,4
Hamblen,2023-02-12,0
Hancock,2023-02-12,7
Hawkins,2023-02-12,134
Haywood,2023-02-12,10
Henry,2023-02-12,37
Jefferson,2023-02-12,997
Knox,2023-02-12,938
Lawrence,2023-02-12,330
Loudon,2023-02-12,13
Madison,2023-02-12,14
Marion,2023-02-12,1
Marshall,2023-02-12,1
Maury,2023-02-12,23
McMinn,2023-02-12,8
Meigs,2023-02-12,1
Monroe,2023-02-12,583
Montgomery,2023-02-12,2
Obion,2023-02-12,4
Pickett,2023-02-12,22
Rhea,2023-02-12,35
Robertson,2023-02-12,1
Rutherford,2023-02-12,2
Sequatchie,2023-02-12,3
Sevier,2023-02-12,94
Shelby,2023-02-12,380
Sullivan,2023-02-12,28
Sumner,2023-02-12,82
Union,2023-02-12,3
Van Buren,2023-02-12,2
Washington,2023-02-12,181
Williamson,2023-02-12,3
Wilson,2023-02-12,4
Anderson,2023-02-13,2
Bedford,2023-02-13,2
Bledsoe,2023-02-13,1
Blount,2023-02-13,15
Bradley,2023-02-13,1
Campbell,2023-02-13,17
Cannon,2023-02-13,3
Cheatham,2023-02-13,5
Chester,2023-02-13,28
Claiborne,2023-02-13,5
Cocke,2023-02-13,19
Coffee,2023-02-13,6
Cumberland,2023-02-13,18
Davidson,2023-02-13,28
DeKalb,2023-02-13,0
Dickson,2023-02-13,0
Dyer,2023-02-13,1
Fayette,2023-02-13,1
Fentress,2023-02-13,2
Franklin,2023-02-13,1
Gibson,2023-02-13,29
Giles,2023-02-13,64
Grainger,2023-02-13,13
Greene,2023-02-13,7
Hamblen,2023-02-13,6
Hamilton,2023-02-13,60
Hardeman,2023-02-13,2
Hawkins,2023-02-13,1720
Haywood,2023-02-13,19
Hickman,2023-02-13,0
Jefferson,2023-02-13,124
Knox,2023-02-13,549
Lawrence,2023-02-13,8
Loudon,2023-02-13,3
Madison,2023-02-13,12
Marion,2023-02-13,1
Marshall,2023-02-13,1
Maury,2023-02-13,15
McMinn,2023-02-13,1
Meigs,2023-02-13,1
Monroe,2023-02-13,28
Montgomery,2023-02-13,128
Moore,2023-02-13,5
Obion,2023-02-13,2
Pickett,2023-02-13,1
Rhea,2023-02-13,1
Robertson,2023-02-13,17
Rutherford,2023-02-13,911
Sequatchie,2023-02-13,3
Sevier,2023-02-13,170
Shelby,2023-02-13,292
Smith,2023-02-13,0
Stewart,2023-02-13,1
Sullivan,2023-02-13,8
Sumner,2023-02-13,13
Tipton,2023-02-13,2
Trousdale,2023-02-13,0
Union,2023-02-13,4
Van Buren,2023-02-13,2
Warren,2023-02-13,0
Washington,2023-02-13,601
White,2023-02-13,7
Williamson,2023-02-13,9
Wilson,2023-02-13,921
Anderson,2023-02-14,1524
Bedford,2023-02-14,12
Bledsoe,2023-02-14,63
Blount,2023-02-14,509
Bradley,2023-02-14,332
Campbell,2023-02-14,129
Cannon,2023-02-14,3
Cheatham,2023-02-14,4
Chester,2023-02-14,4
Claiborne,2023-02-14,25
Cocke,2023-02-14,27
Coffee,2023-02-14,63
Cumberland,2023-02-14,1102
Davidson,2023-02-14,1950
DeKalb,2023-02-14,1
Fayette,2023-02-14,1
Fentress,2023-02-14,25
Franklin,2023-02-14,5
Gibson,2023-02-14,4
Giles,2023-02-14,3
Grainger,2023-02-14,3
Greene,2023-02-14,57
Grundy,2023-02-14,44
Hamblen,2023-02-14,7
Hamilton,2023-02-14,9
Hancock,2023-02-14,123
Hardeman,2023-02-14,1
Hawkins,2023-02-14,13
Haywood,2023-02-14,1
Henry,2023-02-14,16
Jefferson,2023-02-14,48
Knox,2023-02-14,127
Lawrence,2023-02-14,3
Loudon,2023-02-14,3
Macon,2023-02-14,2
Madison,2023-02-14,1188
Marion,2023-02-14,3
Marshall,2023-02-14,2
Maury,2023-02-14,45
McMinn,2023-02-14,89
Meigs,2023-02-14,31
Monroe,2023-02-14,20
Montgomery,2023-02-14,6
Moore,2023-02-14,2
Overton,2023-02-14,11
Pickett,2023-02-14,0
Polk,2023-02-14,152
Putnam,2023-02-14,206
Rhea,2023-02-14,93
Robertson,2023-02-14,130
Rutherford,2023-02-14,2025
Scott,2023-02-14,0
Sequatchie,2023-02-14,295
Sevier,2023-02-14,108
Shelby,2023-02-14,2225
Stewart,2023-02-14,1
Sullivan,2023-02-14,65
Sumner,2023-02-14,40
Tipton,2023-02-14,22
Union,2023-02-14,1
Van Buren,2023-02-14,2
Washington,2023-02-14,1669
White,2023-02-14,9
Williamson,2023-02-14,358
Wilson,2023-02-14,8
Anderson,2023-02-15,22
Bedford,2023-02-15,2
Bledsoe,2023-02-15,64
Blount,2023-02-15,66
Bradley,2023-02-15,99
Campbell,2023-02-15,112
Cannon,2023-02-15,2
Cheatham,2023-02-15,10
Chester,2023-02-15,28
Claiborne,2023-02-15,94
Cocke,2023-02-15,2727
Coffee,2023-02-15,7
Cumberland,2023-02-15,48
Davidson,2023-02-15,419
Dyer,2023-02-15,10
Fayette,2023-02-15,27
Fentress,2023-02-15,25
Franklin,2023-02-15,921
Gibson,2023-02-15,11
Giles,2023-02-15,11
Grainger,2023-02-15,82
Greene,2023-02-15,14
Grundy,2023-02-15,51
Hamblen,2023-02-15,13
Hamilton,2023-02-15,9
Hancock,2023-02-15,0
Hardeman,2023-02-15,3
Hawkins,2023-02-15,67
Haywood,2023-02-15,1025
Henry,2023-02-15,1303
Jefferson,2023-02-15,10
Knox,2023-02-15,99
Lawrence,2023-02-15,4
Loudon,2023-02-15,32
Madison,2023-02-15,19
Marion,2023-02-15,1
Marshall,2023-02-15,1
Maury,2023-02-15,6
McMinn,2023-02-15,455
Meigs,2023-02-15,13
Monroe,2023-02-15,57
Montgomery,2023-02-15,8
Moore,2023-02-15,5
Obion,2023-02-15,21
Pickett,2023-02-15,1
Polk,2023-02-15,120
Roane,2023-02-15,14
Robertson,2023-02-15,23
Rutherford,2023-02-15,334
Sequatchie,2023-02-15,116
Sevier,2023-02-15,489
Shelby,2023-02-15,1029
Stewart,2023-02-15,1
Sullivan,2023-02-15,16
Sumner,2023-02-15,8
Tipton,2023-02-15,39
Union,2023-02-15,243
Van Buren,2023-02-15,2
Washington,2023-02-15,303
White,2023-02-15,1
Williamson,2023-02-15,29
Wilson,2023-02-15,7
Anderson,2023-02-16,42
Bedford,2023-02-16,116
Bledsoe,2023-02-16,64
Blount,2023-02-16,3
Bradley,2023-02-16,915
Campbell,2023-02-16,216
Cannon,2023-02-16,30
Cheatham,2023-02-16,5
Chester,2023-02-16,32
Claiborne,2023-02-16,79
Clay,2023-02-16,254
Cocke,2023-02-16,54
Coffee,2023-02-16,54
Crockett,2023-02-16,385
Cumberland,2023-02-16,1167
Davidson,2023-02-16,4769
DeKalb,2023-02-16,5
Fayette,2023-02-16,19
Fentress,2023-02-16,4
Franklin,2023-02-16,1
Gibson,2023-02-16,180
Giles,2023-02-16,76
Grainger,2023-02-16,1
Greene,2023-02-16,9
Grundy,2023-02-16,3
Hamblen,2023-02-16,14
Hamilton,2023-02-16,654
Hancock,2023-02-16,35
Hardeman,2023-02-16,3
Hawkins,2023-02-16,19
Haywood,2023-02-16,5
Henderson,2023-02-16,2
Henry,2023-02-16,1221
Jefferson,2023-02-16,537
Knox,2023-02-16,189
Lake,2023-02-16,3
Lauderdale,2023-02-16,13
Lawrence,2023-02-16,559
Loudon,2023-02-16,7
Macon,2023-02-16,134
Madison,2023-02-16,67
Marion,2023-02-16,12
Marshall,2023-02-16,19
Maury,2023-02-16,1870
McMinn,2023-02-16,27
Meigs,2023-02-16,42
Monroe,2023-02-16,68
Montgomery,2023-02-16,1536
Moore,2023-02-16,2
Obion,2023-02-16,46
Pickett,2023-02-16,30
Polk,2023-02-16,42
Putnam,2023-02-16,1
Rhea,2023-02-16,77
Roane,2023-02-16,3
Robertson,2023-02-16,92
Rutherford,2023-02-16,891
Sequatchie,2023-02-16,20
Sevier,2023-02-16,24
Shelby,2023-02-16,5735
Stewart,2023-02-16,137
Sullivan,2023-02-16,27
Sumner,2023-02-16,122
Tipton,2023-02-16,43
Trousdale,2023-02-16,5
Unicoi,2023-02-16,1
Union,2023-02-16,241
Van Buren,2023-02-16,2
Washington,2023-02-16,34
White,2023-02-16,1
Williamson,2023-02-16,90
Wilson,2023-02-16,8
Anderson,2023-02-17,793
Bedford,2023-02-17,2
Bledsoe,2023-02-17,170
Blount,2023-02-17,27
Bradley,2023-02-17,73
Campbell,2023-02-17,571
Cheatham,2023-02-17,10
Chester,2023-02-17,2
Claiborne,2023-02-17,115
Clay,2023-02-17,254
Cocke,2023-02-17,76
Coffee,2023-02-17,40
Cumberland,2023-02-17,148
Davidson,2023-02-17,1714
Fayette,2023-02-17,8
Fentress,2023-02-17,1
Franklin,2023-02-17,20
Gibson,2023-02-17,2
Grainger,2023-02-17,74
Greene,2023-02-17,1
Grundy,2023-02-17,3
Hamblen,2023-02-17,4
Hamilton,2023-02-17,43
Hancock,2023-02-17,17
Hardeman,2023-02-17,0
Hawkins,2023-02-17,167
Haywood,2023-02-17,10
Henry,2023-02-17,3
Jefferson,2023-02-17,41
Knox,2023-02-17,173
Lake,2023-02-17,18
Lawrence,2023-02-17,23
Loudon,2023-02-17,42
Madison,2023-02-17,60
Marion,2023-02-17,4
Marshall,2023-02-17,6
Maury,2023-02-17,35
McMinn,2023-02-17,76
Meigs,2023-02-17,1211
Monroe,2023-02-17,6
Montgomery,2023-02-17,30
Obion,2023-02-17,1
Pickett,2023-02-17,30
Polk,2023-02-17,23
Rhea,2023-02-17,1
Roane,2023-02-17,273
Robertson,2023-02-17,1141
Rutherford,2023-02-17,5
Sequatchie,2023-02-17,412
Sevier,2023-02-17,351
Shelby,2023-02-17,324
Smith,2023-02-17,2
Stewart,2023-02-17,1
Sullivan,2023-02-17,12
Sumner,2023-02-17,5
Tipton,2023-02-17,2
Unicoi,2023-02-17,1
Union,2023-02-17,76
Van Buren,2023-02-17,1
Washington,2023-02-17,7
White,2023-02-17,1
Williamson,2023-02-17,2
Wilson,2023-02-17,66
Anderson,2023-02-18,2
Bedford,2023-02-18,4
Bledsoe,2023-02-18,1
Blount,2023-02-18,7
Bradley,2023-02-18,1
Carter,2023-02-18,0
Cheatham,2023-02-18,122
Chester,2023-02-18,46
Claiborne,2023-02-18,51
Cocke,2023-02-18,6
Coffee,2023-02-18,35
Cumberland,2023-02-18,129
Davidson,2023-02-18,64
Fayette,2023-02-18,698
Fentress,2023-02-18,1
Franklin,2023-02-18,2
Grainger,2023-02-18,1
Greene,2023-02-18,4
Grundy,2023-02-18,4
Hamblen,2023-02-18,20
Hamilton,2023-02-18,1
Hancock,2023-02-18,30
Hardeman,2023-02-18,382
Hawkins,2023-02-18,17
Haywood,2023-02-18,10
Henry,2023-02-18,3
Jefferson,2023-02-18,1
Knox,2023-02-18,60
Lauderdale,2023-02-18,1
Lawrence,2023-02-18,3
Loudon,2023-02-18,20
Marshall,2023-02-18,2
Maury,2023-02-18,1
McMinn,2023-02-18,102
Meigs,2023-02-18,2413
Monroe,2023-02-18,8
Montgomery,2023-02-18,75
Pickett,2023-02-18,1
Polk,2023-02-18,6
Rhea,2023-02-18,1
Roane,2023-02-18,3740
Robertson,2023-02-18,42
Rutherford,2023-02-18,4
Scott,2023-02-18,0
Sequatchie,2023-02-18,1
Sevier,2023-02-18,135
Shelby,2023-02-18,1216
Stewart,2023-02-18,2
Sullivan,2023-02-18,27
Sumner,2023-02-18,4
Tipton,2023-02-18,2
Unicoi,2023-02-18,1
Union,2023-02-18,4
Washington,2023-02-18,42
Williamson,2023-02-18,28
Wilson,2023-02-18,66
Anderson,2023-02-19,13
Bledsoe,2023-02-19,1
Blount,2023-02-19,42
Bradley,2023-02-19,68
Cheatham,2023-02-19,1
Chester,2023-02-19,46
Claiborne,2023-02-19,50
Cocke,2023-02-19,0
Coffee,2023-02-19,13
Cumberland,2023-02-19,1
Davidson,2023-02-19,34
DeKalb,2023-02-19,1
Fentress,2023-02-19,8307
Franklin,2023-02-19,1
Giles,2023-02-19,14
Grainger,2023-02-19,0
Greene,2023-02-19,3
Grundy,2023-02-19,3
Hamblen,2023-02-19,22
Hardeman,2023-02-19,382
Hawkins,2023-02-19,2
Haywood,2023-02-19,10
Jefferson,2023-02-19,181
Knox,2023-02-19,15
Lawrence,2023-02-19,1
Loudon,2023-02-19,11
Madison,2023-02-19,5
Maury,2023-02-19,1
McMinn,2023-02-19,2
Meigs,2023-02-19,8
Monroe,2023-02-19,3
Montgomery,2023-02-19,35
Obion,2023-02-19,16
Pickett,2023-02-19,31
Roane,2023-02-19,1
Robertson,2023-02-19,5
Rutherford,2023-02-19,6
Scott,2023-02-19,33
Sevier,2023-02-19,56
Shelby,2023-02-19,1150
Sullivan,2023-02-19,4
Sumner,2023-02-19,43
Tipton,2023-02-19,448
Union,2023-02-19,1
Washington,2023-02-19,95
Williamson,2023-02-19,2
Wilson,2023-02-19,1
Anderson,2023-02-20,10
Bedford,2023-02-20,13
Bledsoe,2023-02-20,1
Blount,2023-02-20,23
Bradley,2023-02-20,13
Campbell,2023-02-20,2
Cannon,2023-02-20,2
Carter,2023-02-20,0
Cheatham,2023-02-20,15
Chester,2023-02-20,1
Claiborne,2023-02-20,66
Cocke,2023-02-20,5
Coffee,2023-02-20,11
Cumberland,2023-02-20,1142
Davidson,2023-02-20,51
DeKalb,2023-02-20,0
Dickson,2023-02-20,0
Dyer,2023-02-20,6
Fayette,2023-02-20,1
Fentress,2023-02-20,66
Franklin,2023-02-20,2
Gibson,2023-02-20,87
Giles,2023-02-20,9
Grainger,2023-02-20,0
Greene,2023-02-20,2
Grundy,2023-02-20,3
Hamblen,2023-02-20,0
Hamilton,2023-02-20,3
Hawkins,2023-02-20,75
Haywood,2023-02-20,10
Henry,2023-02-20,12
Hickman,2023-02-20,0
Jefferson,2023-02-20,27
Knox,2023-02-20,80
Lawrence,2023-02-20,1031
Lincoln,2023-02-20,0
Macon,2023-02-20,157
Madison,2023-02-20,47
Marshall,2023-02-20,5
Maury,2023-02-20,3
McMinn,2023-02-20,8
Meigs,2023-02-20,1
Monroe,2023-02-20,3
Montgomery,2023-02-20,2
Moore,2023-02-20,119
Obion,2023-02-20,4
Pickett,2023-02-20,1
Rhea,2023-02-20,269
Roane,2023-02-20,53
Robertson,2023-02-20,40
Rutherford,2023-02-20,21
Scott,2023-02-20,0
Sevier,2023-02-20,2
Shelby,2023-02-20,1690
Smith,2023-02-20,0
Sullivan,2023-02-20,780
Sumner,2023-02-20,3
Trousdale,2023-02-20,0
Union,2023-02-20,0
Warren,2023-02-20,0
Washington,2023-02-20,977
Wayne,2023-02-20,7
Williamson,2023-02-20,18
Wilson,2023-02-20,4
Anderson,2023-02-21,49
Bedford,2023-02-21,11
Bledsoe,2023-02-21,1
Blount,2023-02-21,11
Bradley,2023-02-21,15
Campbell,2023-02-21,4
Cannon,2023-02-21,7
Cheatham,2023-02-21,14
Chester,2023-02-21,45
Claiborne,2023-02-21,67
Cocke,2023-02-21,1
Coffee,2023-02-21,3
Cumberland,2023-02-21,14
Davidson,2023-02-21,21
DeKalb,2023-02-21,0
Dickson,2023-02-21,0
Fayette,2023-02-21,1
Fentress,2023-02-21,17
Franklin,2023-02-21,762
Gibson,2023-02-21,159
Giles,2023-02-21,1
Grainger,2023-02-21,6
Greene,2023-02-21,11
Grundy,2023-02-21,2
Hamblen,2023-02-21,15
Hamilton,2023-02-21,1
Hardeman,2023-02-21,7
Hawkins,2023-02-21,33
Haywood,2023-02-21,5
Hickman,2023-02-21,0
Jefferson,2023-02-21,1
Knox,2023-02-21,502
Lawrence,2023-02-21,4
Lincoln,2023-02-21,1
Loudon,2023-02-21,2
Macon,2023-02-21,1
Madison,2023-02-21,22
Marion,2023-02-21,1
Marshall,2023-02-21,19
Maury,2023-02-21,38
McMinn,2023-02-21,8
Monroe,2023-02-21,5
Montgomery,2023-02-21,144
Moore,2023-02-21,1
Obion,2023-02-21,2
Polk,2023-02-21,1
Rhea,2023-02-21,13
Robertson,2023-02-21,89
Rutherford,2023-02-21,297
Sequatchie,2023-02-21,1
Sevier,2023-02-21,1694
Shelby,2023-02-21,125
Smith,2023-02-21,0
Stewart,2023-02-21,1
Sullivan,2023-02-21,14
Sumner,2023-02-21,9
Tipton,2023-02-21,2
Trousdale,2023-02-21,11
Union,2023-02-21,7
Warren,2023-02-21,0
Washington,2023-02-21,274
White,2023-02-21,8
Williamson,2023-02-21,24
Wilson,2023-02-21,8
Anderson,2023-02-22,97
Bedford,2023-02-22,1458
Bledsoe,2023-02-22,12
Blount,2023-02-22,480
Bradley,2023-02-22,157
Campbell,2023-02-22,75
Cannon,2023-02-22,2
Carter,2023-02-22,0
Cheatham,2023-02-22,139
Chester,2023-02-22,771
Claiborne,2023-02-22,13
Clay,2023-02-22,49
Cocke,2023-02-22,76
Coffee,2023-02-22,14
Crockett,2023-02-22,494
Cumberland,2023-02-22,2
Davidson,2023-02-22,207
Dyer,2023-02-22,1
Fayette,2023-02-22,158
Fentress,2023-02-22,1
Franklin,2023-02-22,1
Gibson,2023-02-22,140
Giles,2023-02-22,18
Grainger,2023-02-22,2
Greene,2023-02-22,40
Grundy,2023-02-22,5
Hamblen,2023-02-22,3
Hamilton,2023-02-22,1
Hancock,2023-02-22,11
Hawkins,2023-02-22,842
Haywood,2023-02-22,1
Henry,2023-02-22,1
Jefferson,2023-02-22,2
Knox,2023-02-22,138
Lauderdale,2023-02-22,365
Lawrence,2023-02-22,3
Loudon,2023-02-22,105
Macon,2023-02-22,57
Madison,2023-02-22,28
Marion,2023-02-22,3
Marshall,2023-02-22,1
Maury,2023-02-22,44
McMinn,2023-02-22,38
Meigs,2023-02-22,3
Monroe,2023-02-22,20
Montgomery,2023-02-22,1204
Moore,2023-02-22,47
Obion,2023-02-22,21
Polk,2023-02-22,35
Putnam,2023-02-22,38
Rhea,2023-02-22,102
Roane,2023-02-22,62
Robertson,2023-02-22,694
Rutherford,2023-02-22,14
Sevier,2023-02-22,49
Shelby,2023-02-22,2681
Smith,2023-02-22,1
Stewart,2023-02-22,93
Sullivan,2023-02-22,190
Sumner,2023-02-22,13
Tipton,2023-02-22,38
Unicoi,2023-02-22,0
Union,2023-02-22,352
Washington,2023-02-22,393
Williamson,2023-02-22,659
Wilson,2023-02-22,3
Anderson,2023-02-23,3
Bedford,2023-02-23,695
Bledsoe,2023-02-23,8
Blount,2023-02-23,3891
Bradley,2023-02-23,147
Campbell,2023-02-23,56
Cannon,2023-02-23,0
Cheatham,2023-02-23,4
Claiborne,2023-02-23,4
Cocke,2023-02-23,79
Coffee,2023-02-23,14
Crockett,2023-02-23,7
Cumberland,2023-02-23,1
Davidson,2023-02-23,34
Fayette,2023-02-23,2
Fentress,2023-02-23,1
Franklin,2023-02-23,3
Gibson,2023-02-23,6
Giles,2023-02-23,4
Grainger,2023-02-23,0
Greene,2023-02-23,11
Grundy,2023-02-23,2
Hamblen,2023-02-23,5
Hamilton,2023-02-23,7
Hawkins,2023-02-23,22
Henry,2023-02-23,6457
Jefferson,2023-02-23,79
Knox,2023-02-23,72
Lawrence,2023-02-23,13
Lewis,2023-02-23,0
Lincoln,2023-02-23,0
Loudon,2023-02-23,114
Madison,2023-02-23,15
Marion,2023-02-23,3
Marshall,2023-02-23,2
Maury,2023-02-23,100
McMinn,2023-02-23,2
Meigs,2023-02-23,1
Monroe,2023-02-23,85
Montgomery,2023-02-23,80
Moore,2023-02-23,17
Overton,2023-02-23,19
Polk,2023-02-23,1
Roane,2023-02-23,35
Robertson,2023-02-23,5
Rutherford,2023-02-23,33
Sequatchie,2023-02-23,5
Sevier,2023-02-23,22
Shelby,2023-02-23,1518
Stewart,2023-02-23,1273
Sullivan,2023-02-23,60
Sumner,2023-02-23,117
Tipton,2023-02-23,49
Union,2023-02-23,4
Warren,2023-02-23,0
Washington,2023-02-23,639
Williamson,2023-02-23,70
Wilson,2023-02-23,54
Anderson,2023-02-24,969
Bedford,2023-02-24,1
Blount,2023-02-24,11
Bradley,2023-02-24,10
Campbell,2023-02-24,53
Cannon,2023-02-24,1
Cheatham,2023-02-24,7
Chester,2023-02-24,3
Claiborne,2023-02-24,62
Cocke,2023-02-24,29
Coffee,2023-02-24,6
Cumberland,2023-02-24,1
Davidson,2023-02-24,10
DeKalb,2023-02-24,0
Dickson,2023-02-24,0
Fayette,2023-02-24,6
Franklin,2023-02-24,1
Gibson,2023-02-24,2
Grainger,2023-02-24,51
Greene,2023-02-24,4
Grundy,2023-02-24,2
Hamblen,2023-02-24,6
Hamilton,2023-02-24,1
Hardeman,2023-02-24,0
Hawkins,2023-02-24,24
Haywood,2023-02-24,1
Henry,2023-02-24,13
Hickman,2023-02-24,0
Jefferson,2023-02-24,2
Knox,2023-02-24,41
Lawrence,2023-02-24,2
Loudon,2023-02-24,23
Macon,2023-02-24,10
Madison,2023-02-24,9
Marion,2023-02-24,1
Marshall,2023-02-24,9
Maury,2023-02-24,29
McMinn,2023-02-24,10
Monroe,2023-02-24,55
Montgomery,2023-02-24,10
Moore,2023-02-24,2
Obion,2023-02-24,3
Rhea,2023-02-24,1
Roane,2023-02-24,35
Robertson,2023-02-24,2
Rutherford,2023-02-24,5
Sevier,2023-02-24,13
Shelby,2023-02-24,1664
Smith,2023-02-24,0
Stewart,2023-02-24,9
Sullivan,2023-02-24,20
Sumner,2023-02-24,13
Tipton,2023-02-24,24
Trousdale,2023-02-24,0
Unicoi,2023-02-24,0
Union,2023-02-24,2
Warren,2023-02-24,0
Washington,2023-02-24,17
Williamson,2023-02-24,5
Wilson,2023-02-24,9
Anderson,2023-02-25,16
Bledsoe,2023-02-25,1
Blount,2023-02-25,98
Bradley,2023-02-25,10
Campbell,2023-02-25,40
Cannon,2023-02-25,1
Chester,2023-02-25,1
Claiborne,2023-02-25,49
Cocke,2023-02-25,20
Coffee,2023-02-25,1
Crockett,2023-02-25,67
Cumberland,2023-02-25,1
Davidson,2023-02-25,2921
Gibson,2023-02-25,5
Grainger,2023-02-25,5
Greene,2023-02-25,141
Grundy,2023-02-25,3
Hamblen,2023-02-25,0
Hamilton,2023-02-25,1
Hancock,2023-02-25,8
Hardeman,2023-02-25,3
Hawkins,2023-02-25,726
Henry,2023-02-25,17
Jefferson,2023-02-25,12
Knox,2023-02-25,47
Lawrence,2023-02-25,5
Loudon,2023-02-25,1
Madison,2023-02-25,4
Marion,2023-02-25,2
Marshall,2023-02-25,2
McMinn,2023-02-25,13
Meigs,2023-02-25,1
Monroe,2023-02-25,1
Montgomery,2023-02-25,127
Obion,2023-02-25,1
Pickett,2023-02-25,0
Polk,2023-02-25,95
Putnam,2023-02-25,1
Robertson,2023-02-25,1
Rutherford,2023-02-25,1
Scott,2023-02-25,0
Sevier,2023-02-25,1719
Shelby,2023-02-25,102
Sullivan,2023-02-25,118
Sumner,2023-02-25,39
Tipton,2023-02-25,1
Washington,2023-02-25,140
Williamson,2023-02-25,2
Wilson,2023-02-25,1
Anderson,2023-02-26,0
Bedford,2023-02-26,1
Blount,2023-02-26,157
Bradley,2023-02-26,20
Campbell,2023-02-26,53
Cannon,2023-02-26,2
Chester,2023-02-26,2
Claiborne,2023-02-26,79
Cocke,2023-02-26,49
Coffee,2023-02-26,3
Crockett,2023-02-26,1
Cumberland,2023-02-26,1
Davidson,2023-02-26,416
Fayette,2023-02-26,3
Franklin,2023-02-26,11
Gibson,2023-02-26,25
Giles,2023-02-26,4
Grainger,2023-02-26,14
Greene,2023-02-26,486
Grundy,2023-02-26,1
Hamblen,2023-02-26,0
Hawkins,2023-02-26,38
Jefferson,2023-02-26,33
Knox,2023-02-26,58
Lawrence,2023-02-26,1
Madison,2023-02-26,158
Marion,2023-02-26,1
Maury,2023-02-26,10
McMinn,2023-02-26,1
Monroe,2023-02-26,18
Montgomery,2023-02-26,93
Obion,2023-02-26,1
Polk,2023-02-26,67
Robertson,2023-02-26,3
Rutherford,2023-02-26,3
Sevier,2023-02-26,70
Shelby,2023-02-26,987
Sullivan,2023-02-26,4
Sumner,2023-02-26,858
Tipton,2023-02-26,1
Union,2023-02-26,0
Washington,2023-02-26,22
Williamson,2023-02-26,2
Wilson,2023-02-26,54
Anderson,2023-02-27,41
Bedford,2023-02-27,1122
Blount,2023-02-27,638
Bradley,2023-02-27,203
Campbell,2023-02-27,80
Cannon,2023-02-27,2
Cheatham,2023-02-27,102
Chester,2023-02-27,32
Claiborne,2023-02-27,35
Clay,2023-02-27,10
Cocke,2023-02-27,102
Coffee,2023-02-27,7
Cumberland,2023-02-27,24
Davidson,2023-02-27,5192
DeKalb,2023-02-27,0
Dickson,2023-02-27,0
Dyer,2023-02-27,1
Fayette,2023-02-27,22
Fentress,2023-02-27,6
Franklin,2023-02-27,736
Giles,2023-02-27,925
Grainger,2023-02-27,17
Greene,2023-02-27,166
Grundy,2023-02-27,3
Hamblen,2023-02-27,158
Hamilton,2023-02-27,105
Hancock,2023-02-27,79
Hawkins,2023-02-27,22
Haywood,2023-02-27,29
Henry,2023-02-27,1213
Hickman,2023-02-27,0
Jefferson,2023-02-27,885
Knox,2023-02-27,4198
Lake,2023-02-27,2
Lauderdale,2023-02-27,157
Lawrence,2023-02-27,253
Loudon,2023-02-27,49
Macon,2023-02-27,296
Madison,2023-02-27,21
Marion,2023-02-27,49
Marshall,2023-02-27,171
Maury,2023-02-27,109
McMinn,2023-02-27,24
Meigs,2023-02-27,664
Monroe,2023-02-27,189
Montgomery,2023-02-27,2758
Moore,2023-02-27,1
Obion,2023-02-27,13
Overton,2023-02-27,2
Pickett,2023-02-27,331
Polk,2023-02-27,7
Putnam,2023-02-27,1
Rhea,2023-02-27,4
Roane,2023-02-27,14
Robertson,2023-02-27,1549
Rutherford,2023-02-27,8
Sequatchie,2023-02-27,46
Sevier,2023-02-27,1388
Shelby,2023-02-27,4029
Smith,2023-02-27,0
Stewart,2023-02-27,805
Sullivan,2023-02-27,63
Sumner,2023-02-27,1356
Tipton,2023-02-27,2
Trousdale,2023-02-27,0
Union,2023-02-27,89
Warren,2023-02-27,0
Washington,2023-02-27,1132
White,2023-02-27,1
Williamson,2023-02-27,68
Wilson,2023-02-27,5
Anderson,2023-02-28,35
Bedford,2023-02-28,8
Bledsoe,2023-02-28,2
Blount,2023-02-28,96
Bradley,2023-02-28,8
Campbell,2023-02-28,35
Cannon,2023-02-28,2
Cheatham,2023-02-28,5
Chester,2023-02-28,6
Claiborne,2023-02-28,26
Cocke,2023-02-28,35
Coffee,2023-02-28,24
Cumberland,2023-02-28,630
Davidson,2023-02-28,631
DeKalb,2023-02-28,1
Fayette,2023-02-28,21
Fentress,2023-02-28,1
Franklin,2023-02-28,1
Giles,2023-02-28,4
Grainger,2023-02-28,6
Greene,2023-02-28,13
Hamblen,2023-02-28,7
Hamilton,2023-02-28,1
Hardeman,2023-02-28,0
Hawkins,2023-02-28,38
Haywood,2023-02-28,3
Henry,2023-02-28,23
Jefferson,2023-02-28,463
Knox,2023-02-28,287
Lawrence,2023-02-28,35
Loudon,2023-02-28,42
Macon,2023-02-28,3
Madison,2023-02-28,80
Marion,2023-02-28,38
Marshall,2023-02-28,2
Maury,2023-02-28,6
McMinn,2023-02-28,6
Meigs,2023-02-28,36
Monroe,2023-02-28,2
Montgomery,2023-02-28,24
Moore,2023-02-28,6
Morgan,2023-02-28,0
Overton,2023-02-28,0
Pickett,2023-02-28,0
Polk,2023-02-28,49
Putnam,2023-02-28,0
Rhea,2023-02-28,16
Roane,2023-02-28,0
Robertson,2023-02-28,22
Rutherford,2023-02-28,1446
Scott,2023-02-28,0
Sequatchie,2023-02-28,3
Sevier,2023-02-28,809
Shelby,2023-02-28,775
Stewart,2023-02-28,1
Sullivan,2023-02-28,91
Sumner,2023-02-28,37
Tipton,2023-02-28,9
Union,2023-02-28,13
Van Buren,2023-02-28,4
Washington,2023-02-28,2230
White,2023-02-28,2
Williamson,2023-02-28,16
Wilson,2023-02-28,38
Anderson,2023-03-01,22
Bedford,2023-03-01,23
Bledsoe,2023-03-01,1
Blount,2023-03-01,76
Bradley,2023-03-01,4
Campbell,2023-03-01,65
Cannon,2023-03-01,2
Cheatham,2023-03-01,50
Chester,2023-03-01,1
Claiborne,2023-03-01,98
Cocke,2023-03-01,7
Coffee,2023-03-01,3
Crockett,2023-03-01,1
Cumberland,2023-03-01,30
Davidson,2023-03-01,1052
Dyer,2023-03-01,7
Fayette,2023-03-01,1
Fentress,2023-03-01,9
Franklin,2023-03-01,112
Gibson,2023-03-01,142
Giles,2023-03-01,4
Grainger,2023-03-01,1
Greene,2023-03-01,235
Grundy,2023-03-01,33
Hamblen,2023-03-01,2
Hamilton,2023-03-01,1
Hancock,2023-03-01,91
Hawkins,2023-03-01,9
Haywood,2023-03-01,27
Jefferson,2023-03-01,63
Knox,2023-03-01,544
Lauderdale,2023-03-01,2
Lawrence,2023-03-01,81
Macon,2023-03-01,5
Madison,2023-03-01,9
Marion,2023-03-01,48
Marshall,2023-03-01,10
Maury,2023-03-01,4
McMinn,2023-03-01,42
Meigs,2023-03-01,32
Monroe,2023-03-01,7
Montgomery,2023-03-01,81
Moore,2023-03-01,29
Obion,2023-03-01,14
Overton,2023-03-01,1
Pickett,2023-03-01,1
Polk,2023-03-01,49
Rhea,2023-03-01,1
Roane,2023-03-01,1
Robertson,2023-03-01,3
Rutherford,2023-03-01,476
Scott,2023-03-01,0
Sevier,2023-03-01,37
Shelby,2023-03-01,3259
Stewart,2023-03-01,36
Sullivan,2023-03-01,365
Sumner,2023-03-01,7
Tipton,2023-03-01,398
Union,2023-03-01,6
Washington,2023-03-01,3
White,2023-03-01,6
Williamson,2023-03-01,7
Wilson,2023-03-01,67
Anderson,2023-03-02,47
Bedford,2023-03-02,45
Bledsoe,2023-03-02,27
Blount,2023-03-02,144
Bradley,2023-03-02,84
Campbell,2023-03-02,224
Cheatham,2023-03-02,5
Chester,2023-03-02,2
Claiborne,2023-03-02,8762
Cocke,2023-03-02,5
Cumberland,2023-03-02,307
Davidson,2023-03-02,192
Fayette,2023-03-02,135
Fentress,2023-03-02,8
Franklin,2023-03-02,2
Gibson,2023-03-02,7
Giles,2023-03-02,4
Grainger,2023-03-02,880
Greene,2023-03-02,30
Grundy,2023-03-02,39
Hamblen,2023-03-02,32
Hamilton,2023-03-02,1608
Hancock,2023-03-02,118
Hawkins,2023-03-02,129
Haywood,2023-03-02,2
Henry,2023-03-02,21
Jefferson,2023-03-02,100
Knox,2023-03-02,3241
Lauderdale,2023-03-02,1
Lawrence,2023-03-02,28
Loudon,2023-03-02,2
Macon,2023-03-02,7
Madison,2023-03-02,59
Marion,2023-03-02,76
Marshall,2023-03-02,1
Maury,2023-03-02,1520
McMinn,2023-03-02,64
Meigs,2023-03-02,761
Monroe,2023-03-02,57
Montgomery,2023-03-02,987
Moore,2023-03-02,23
Morgan,2023-03-02,1
Obion,2023-03-02,23
Polk,2023-03-02,26
Rhea,2023-03-02,704
Roane,2023-03-02,37
Robertson,2023-03-02,5
Rutherford,2023-03-02,4
Sequatchie,2023-03-02,1
Sevier,2023-03-02,517
Shelby,2023-03-02,2942
Stewart,2023-03-02,3
Sullivan,2023-03-02,19
Sumner,2023-03-02,53
Tipton,2023-03-02,22
Union,2023-03-02,4
Washington,2023-03-02,55
Williamson,2023-03-02,3130
Wilson,2023-03-02,67
Anderson,2023-03-03,778
Bedford,2023-03-03,4563
Bledsoe,2023-03-03,1256
Blount,2023-03-03,13526
Bradley,2023-03-03,3179
Campbell,2023-03-03,7845
Cannon,2023-03-03,78
Cheatham,2023-03-03,7239
Chester,2023-03-03,2397
Claiborne,2023-03-03,1325
Clay,2023-03-03,1953
Cocke,2023-03-03,1895
Coffee,2023-03-03,1086
Crockett,2023-03-03,5026
Cumberland,2023-03-03,5904
Davidson,2023-03-03,104359
DeKalb,2023-03-03,1
Dickson,2023-03-03,24
Dyer,2023-03-03,965
Fayette,2023-03-03,2597
Fentress,2023-03-03,5594
Franklin,2023-03-03,3498
Gibson,2023-03-03,4098
Giles,2023-03-03,5760
Grainger,2023-03-03,1369
Greene,2023-03-03,7
Grundy,2023-03-03,813
Hamblen,2023-03-03,233
Hamilton,2023-03-03,2573
Hancock,2023-03-03,90
Hardeman,2023-03-03,414
Hawkins,2023-03-03,688
Haywood,2023-03-03,1704
Henderson,2023-03-03,176
Henry,2023-03-03,13970
Hickman,2023-03-03,27
Houston,2023-03-03,0
Jefferson,2023-03-03,1088
Knox,2023-03-03,20927
Lake,2023-03-03,154
Lauderdale,2023-03-03,60
Lawrence,2023-03-03,8889
Lewis,2023-03-03,6
Lincoln,2023-03-03,189
Loudon,2023-03-03,2879
Macon,2023-03-03,4785
Madison,2023-03-03,28099
Marion,2023-03-03,2345
Marshall,2023-03-03,2027
Maury,2023-03-03,2882
McMinn,2023-03-03,3518
Meigs,2023-03-03,1516
Monroe,2023-03-03,4745
Montgomery,2023-03-03,48425
Moore,2023-03-03,816
Morgan,2023-03-03,126
Obion,2023-03-03,4314
Overton,2023-03-03,312
Pickett,2023-03-03,726
Polk,2023-03-03,3708
Putnam,2023-03-03,1311
Rhea,2023-03-03,969
Roane,2023-03-03,1390
Robertson,2023-03-03,9431
Rutherford,2023-03-03,5070
Scott,2023-03-03,33
Sequatchie,2023-03-03,1640
Sevier,2023-03-03,5324
Shelby,2023-03-03,31058
Smith,2023-03-03,1
Stewart,2023-03-03,6923
Sullivan,2023-03-03,2980
Sumner,2023-03-03,24019
Tipton,2023-03-03,3181
Trousdale,2023-03-03,1201
Unicoi,2023-03-03,26
Union,2023-03-03,602
Van Buren,2023-03-03,48
Warren,2023-03-03,1
Washington,2023-03-03,5408
Wayne,2023-03-03,34
White,2023-03-03,658
Williamson,2023-03-03,8667
Wilson,2023-03-03,5289
Anderson,2023-03-04,191
Bedford,2023-03-04,2263
Bledsoe,2023-03-04,915
Blount,2023-03-04,4321
Bradley,2023-03-04,2966
Campbell,2023-03-04,1128
Cannon,2023-03-04,2
Cheatham,2023-03-04,3434
Chester,2023-03-04,369
Claiborne,2023-03-04,566
Clay,2023-03-04,249
Cocke,2023-03-04,1845
Coffee,2023-03-04,268
Crockett,2023-03-04,99
Cumberland,2023-03-04,1301
Davidson,2023-03-04,57461
Dyer,2023-03-04,165
Fayette,2023-03-04,843
Fentress,2023-03-04,2406
Franklin,2023-03-04,460
Gibson,2023-03-04,827
Giles,2023-03-04,180
Grainger,2023-03-04,95
Greene,2023-03-04,40
Grundy,2023-03-04,902
Hamblen,2023-03-04,29
Hamilton,2023-03-04,1567
Hancock,2023-03-04,4
Hardeman,2023-03-04,93
Hawkins,2023-03-04,462
Haywood,2023-03-04,167
Henderson,2023-03-04,53
Henry,2023-03-04,8777
Hickman,2023-03-04,24
Jefferson,2023-03-04,69
Knox,2023-03-04,6758
Lake,2023-03-04,9
Lauderdale,2023-03-04,28
Lawrence,2023-03-04,377
Lewis,2023-03-04,1
Lincoln,2023-03-04,189
Loudon,2023-03-04,711
Macon,2023-03-04,1166
Madison,2023-03-04,1016
Marion,2023-03-04,861
Marshall,2023-03-04,125
Maury,2023-03-04,132
McMinn,2023-03-04,2476
Meigs,2023-03-04,750
Monroe,2023-03-04,1100
Montgomery,2023-03-04,20813
Moore,2023-03-04,178
Morgan,2023-03-04,16
Obion,2023-03-04,556
Overton,2023-03-04,103
Pickett,2023-03-04,430
Polk,2023-03-04,2292
Putnam,2023-03-04,6
Rhea,2023-03-04,392
Roane,2023-03-04,61
Robertson,2023-03-04,9442
Rutherford,2023-03-04,268
Scott,2023-03-04,33
Sequatchie,2023-03-04,569
Sevier,2023-03-04,962
Shelby,2023-03-04,3535
Smith,2023-03-04,1
Stewart,2023-03-04,2417
Sullivan,2023-03-04,2868
Sumner,2023-03-04,12652
Tipton,2023-03-04,24
Trousdale,2023-03-04,114
Union,2023-03-04,169
Van Buren,2023-03-04,95
Washington,2023-03-04,668
Wayne,2023-03-04,5
White,2023-03-04,25
Williamson,2023-03-04,758
Wilson,2023-03-04,314
Anderson,2023-03-05,38
Bledsoe,2023-03-05,149
Blount,2023-03-05,335
Bradley,2023-03-05,1269
Campbell,2023-03-05,727
Cheatham,2023-03-05,1852
Chester,2023-03-05,8
Claiborne,2023-03-05,37
Cocke,2023-03-05,1
Coffee,2023-03-05,1
Cumberland,2023-03-05,57
Davidson,2023-03-05,14419
Fayette,2023-03-05,21
Fentress,2023-03-05,348
Franklin,2023-03-05,2
Gibson,2023-03-05,1
Giles,2023-03-05,54
Grainger,2023-03-05,61
Greene,2023-03-05,2
Grundy,2023-03-05,304
Hamblen,2023-03-05,3
Hamilton,2023-03-05,123
Hardeman,2023-03-05,6
Hawkins,2023-03-05,4
Haywood,2023-03-05,41
Henderson,2023-03-05,3
Henry,2023-03-05,4242
Jefferson,2023-03-05,84
Knox,2023-03-05,220
Lawrence,2023-03-05,87
Lewis,2023-03-05,1
Loudon,2023-03-05,107
Macon,2023-03-05,101
Madison,2023-03-05,160
Marion,2023-03-05,142
Marshall,2023-03-05,1
Maury,2023-03-05,8
McMinn,2023-03-05,815
Meigs,2023-03-05,62
Monroe,2023-03-05,270
Montgomery,2023-03-05,10019
Moore,2023-03-05,1
Obion,2023-03-05,8
Overton,2023-03-05,8
Pickett,2023-03-05,332
Polk,2023-03-05,1164
Putnam,2023-03-05,33
Rhea,2023-03-05,40
Roane,2023-03-05,5
Robertson,2023-03-05,4498
Rutherford,2023-03-05,253
Scott,2023-03-05,11
Sequatchie,2023-03-05,90
Sevier,2023-03-05,48
Shelby,2023-03-05,3651
Stewart,2023-03-05,984
Sullivan,2023-03-05,72
Sumner,2023-03-05,3078
Tipton,2023-03-05,28
Trousdale,2023-03-05,3
Union,2023-03-05,16
Van Buren,2023-03-05,95
Washington,2023-03-05,23
White,2023-03-05,11
Williamson,2023-03-05,122
Wilson,2023-03-05,16
Anderson,2023-03-06,3
Bedford,2023-03-06,79
Bledsoe,2023-03-06,3
Blount,2023-03-06,905
Bradley,2023-03-06,119
Campbell,2023-03-06,42
Cannon,2023-03-06,2
Carroll,2023-03-06,0
Cheatham,2023-03-06,897
Chester,2023-03-06,1
Claiborne,2023-03-06,47
Clay,2023-03-06,1
Cocke,2023-03-06,2
Coffee,2023-03-06,2
Cumberland,2023-03-06,29
Davidson,2023-03-06,11745
DeKalb,2023-03-06,5
Dickson,2023-03-06,0
Fayette,2023-03-06,31
Fentress,2023-03-06,2064
Franklin,2023-03-06,6
Gibson,2023-03-06,4
Giles,2023-03-06,14
Grainger,2023-03-06,55
Greene,2023-03-06,1
Grundy,2023-03-06,4
Hamblen,2023-03-06,62
Hamilton,2023-03-06,2
Hawkins,2023-03-06,14
Haywood,2023-03-06,203
Henry,2023-03-06,2191
Hickman,2023-03-06,0
Jefferson,2023-03-06,7
Knox,2023-03-06,2070
Lawrence,2023-03-06,180
Loudon,2023-03-06,3
Macon,2023-03-06,49
Madison,2023-03-06,19
Marion,2023-03-06,51
Marshall,2023-03-06,85
Maury,2023-03-06,54
McMinn,2023-03-06,712
Meigs,2023-03-06,59
Monroe,2023-03-06,4
Montgomery,2023-03-06,5037
Moore,2023-03-06,10
Obion,2023-03-06,1
Overton,2023-03-06,2
Pickett,2023-03-06,22
Polk,2023-03-06,6
Rhea,2023-03-06,1
Roane,2023-03-06,2
Robertson,2023-03-06,1377
Rutherford,2023-03-06,223
Scott,2023-03-06,17
Sequatchie,2023-03-06,8
Sevier,2023-03-06,27
Shelby,2023-03-06,1468
Smith,2023-03-06,0
Stewart,2023-03-06,621
Sullivan,2023-03-06,90
Sumner,2023-03-06,3241
Tipton,2023-03-06,4
Trousdale,2023-03-06,41
Unicoi,2023-03-06,2
Union,2023-03-06,14
Van Buren,2023-03-06,1
Warren,2023-03-06,0
Washington,2023-03-06,37
Weakley,2023-03-06,0
Williamson,2023-03-06,40
Wilson,2023-03-06,17
Anderson,2023-03-07,21
Bedford,2023-03-07,12
Bledsoe,2023-03-07,1
Blount,2023-03-07,104
Bradley,2023-03-07,28
Campbell,2023-03-07,4
Cannon,2023-03-07,3
Cheatham,2023-03-07,284
Chester,2023-03-07,1
Claiborne,2023-03-07,64
Cocke,2023-03-07,2
Coffee,2023-03-07,5
Crockett,2023-03-07,37
Cumberland,2023-03-07,8
Davidson,2023-03-07,6156
Fayette,2023-03-07,19
Fentress,2023-03-07,2063
Franklin,2023-03-07,9
Gibson,2023-03-07,1
Giles,2023-03-07,5
Grainger,2023-03-07,55
Greene,2023-03-07,46
Grundy,2023-03-07,9
Hamblen,2023-03-07,355
Hamilton,2023-03-07,2
Hardeman,2023-03-07,1
Hawkins,2023-03-07,9
Haywood,2023-03-07,205
Henry,2023-03-07,489
Jefferson,2023-03-07,45
Knox,2023-03-07,109
Lawrence,2023-03-07,17
Loudon,2023-03-07,6
Macon,2023-03-07,2
Madison,2023-03-07,5
Marion,2023-03-07,49
Marshall,2023-03-07,2
Maury,2023-03-07,6
McMinn,2023-03-07,50
Meigs,2023-03-07,1
Monroe,2023-03-07,19
Montgomery,2023-03-07,1903
Moore,2023-03-07,1
Morgan,2023-03-07,2
Obion,2023-03-07,2
Overton,2023-03-07,202
Pickett,2023-03-07,22
Polk,2023-03-07,32
Rhea,2023-03-07,1
Roane,2023-03-07,2
Robertson,2023-03-07,690
Rutherford,2023-03-07,1479
Scott,2023-03-07,17
Sequatchie,2023-03-07,1
Sevier,2023-03-07,67
Shelby,2023-03-07,1349
Smith,2023-03-07,1
Stewart,2023-03-07,262
Sullivan,2023-03-07,19
Sumner,2023-03-07,792
Tipton,2023-03-07,3
Unicoi,2023-03-07,0
Union,2023-03-07,13
Washington,2023-03-07,312
Williamson,2023-03-07,40
Wilson,2023-03-07,22
Anderson,2023-03-08,0
Bedford,2023-03-08,14
Bledsoe,2023-03-08,1
Blount,2023-03-08,44
Bradley,2023-03-08,2
Campbell,2023-03-08,26
Cheatham,2023-03-08,481
Cocke,2023-03-08,28
Coffee,2023-03-08,38
Crockett,2023-03-08,1
Cumberland,2023-03-08,54
Davidson,2023-03-08,1913
Dyer,2023-03-08,3
Fayette,2023-03-08,41
Fentress,2023-03-08,23
Franklin,2023-03-08,5
Giles,2023-03-08,4
Grainger,2023-03-08,11
Greene,2023-03-08,6
Grundy,2023-03-08,9
Hamblen,2023-03-08,50
Hamilton,2023-03-08,873
Hancock,2023-03-08,1
Hardeman,2023-03-08,54
Hawkins,2023-03-08,16
Haywood,2023-03-08,518
Henry,2023-03-08,3
Jefferson,2023-03-08,0
Knox,2023-03-08,238
Lake,2023-03-08,20
Lawrence,2023-03-08,1555
Loudon,2023-03-08,2
Madison,2023-03-08,16
Marion,2023-03-08,46
Marshall,2023-03-08,2
Maury,2023-03-08,54
McMinn,2023-03-08,2
Meigs,2023-03-08,772
Monroe,2023-03-08,35
Montgomery,2023-03-08,674
Moore,2023-03-08,1
Morgan,2023-03-08,0
Obion,2023-03-08,34
Overton,2023-03-08,3
Pickett,2023-03-08,2
Polk,2023-03-08,74
Putnam,2023-03-08,0
Rhea,2023-03-08,23
Roane,2023-03-08,2
Robertson,2023-03-08,223
Rutherford,2023-03-08,318
Scott,2023-03-08,0
Sequatchie,2023-03-08,1
Sevier,2023-03-08,383
Shelby,2023-03-08,1109
Smith,2023-03-08,1
Stewart,2023-03-08,5
Sullivan,2023-03-08,71
Sumner,2023-03-08,1717
Tipton,2023-03-08,1
Union,2023-03-08,14
Washington,2023-03-08,42
White,2023-03-08,0
Williamson,2023-03-08,23
Wilson,2023-03-08,22
Anderson,2023-03-09,1
Bedford,2023-03-09,15
Bledsoe,2023-03-09,1
Blount,2023-03-09,79
Bradley,2023-03-09,18
Campbell,2023-03-09,24
Cheatham,2023-03-09,28
Claiborne,2023-03-09,13
Clay,2023-03-09,0
Cocke,2023-03-09,324
Coffee,2023-03-09,2
Crockett,2023-03-09,1
Cumberland,2023-03-09,29
Davidson,2023-03-09,526
Dyer,2023-03-09,0
Fayette,2023-03-09,3
Fentress,2023-03-09,1
Franklin,2023-03-09,461
Gibson,2023-03-09,33
Giles,2023-03-09,1371
Grainger,2023-03-09,1
Greene,2023-03-09,36
Grundy,2023-03-09,0
Hamblen,2023-03-09,769
Hamilton,2023-03-09,4
Hancock,2023-03-09,11
Hawkins,2023-03-09,335
Haywood,2023-03-09,11
Henry,2023-03-09,788
Jackson,2023-03-09,0
Jefferson,2023-03-09,77
Knox,2023-03-09,809
Lake,2023-03-09,0
Lauderdale,2023-03-09,0
Lawrence,2023-03-09,2
Loudon,2023-03-09,11
Macon,2023-03-09,1
Madison,2023-03-09,46
Marion,2023-03-09,2
Marshall,2023-03-09,2
Maury,2023-03-09,54
McMinn,2023-03-09,38
Meigs,2023-03-09,1
Monroe,2023-03-09,15
Montgomery,2023-03-09,248
Moore,2023-03-09,3
Obion,2023-03-09,10
Overton,2023-03-09,0
Polk,2023-03-09,2
Rhea,2023-03-09,0
Roane,2023-03-09,2
Robertson,2023-03-09,1518
Rutherford,2023-03-09,9
Sequatchie,2023-03-09,1
Sevier,2023-03-09,18
Shelby,2023-03-09,2679
Smith,2023-03-09,0
Stewart,2023-03-09,2
Sullivan,2023-03-09,70
Sumner,2023-03-09,1213
Tipton,2023-03-09,46
Trousdale,2023-03-09,0
Unicoi,2023-03-09,0
Union,2023-03-09,6
Van Buren,2023-03-09,0
Warren,2023-03-09,0
Washington,2023-03-09,135
Weakley,2023-03-09,0
White,2023-03-09,0
Williamson,2023-03-09,11
Wilson,2023-03-09,6
Anderson,2023-03-10,5
Bedford,2023-03-10,2
Bledsoe,2023-03-10,22
Blount,2023-03-10,4947
Bradley,2023-03-10,2
Campbell,2023-03-10,16
Cannon,2023-03-10,0
Cheatham,2023-03-10,3
Claiborne,2023-03-10,44
Cocke,2023-03-10,74
Coffee,2023-03-10,4
Crockett,2023-03-10,10
Cumberland,2023-03-10,123
Davidson,2023-03-10,164
DeKalb,2023-03-10,0
Dickson,2023-03-10,0
Fayette,2023-03-10,3
Fentress,2023-03-10,39
Franklin,2023-03-10,123
Giles,2023-03-10,5
Grainger,2023-03-10,1
Greene,2023-03-10,0
Hamblen,2023-03-10,769
Hamilton,2023-03-10,1726
Hancock,2023-03-10,1303
Hawkins,2023-03-10,335
Haywood,2023-03-10,18
Henry,2023-03-10,50
Hickman,2023-03-10,0
Jefferson,2023-03-10,2
Knox,2023-03-10,87
Lake,2023-03-10,5
Lawrence,2023-03-10,5
Loudon,2023-03-10,1
Macon,2023-03-10,57
Madison,2023-03-10,56
Marion,2023-03-10,1
Marshall,2023-03-10,5
Maury,2023-03-10,3
McMinn,2023-03-10,2
Meigs,2023-03-10,772
Monroe,2023-03-10,15
Montgomery,2023-03-10,748
Pickett,2023-03-10,1
Polk,2023-03-10,1
Rhea,2023-03-10,7
Roane,2023-03-10,1
Robertson,2023-03-10,657
Rutherford,2023-03-10,10
Sevier,2023-03-10,28
Shelby,2023-03-10,596
Smith,2023-03-10,0
Sullivan,2023-03-10,242
Sumner,2023-03-10,5912
Tipton,2023-03-10,4
Trousdale,2023-03-10,0
Union,2023-03-10,0
Warren,2023-03-10,0
Washington,2023-03-10,475
Williamson,2023-03-10,305
Wilson,2023-03-10,3
Bedford,2023-03-11,8
Bledsoe,2023-03-11,5
Blount,2023-03-11,4427
Bradley,2023-03-11,19
Campbell,2023-03-11,9
Cannon,2023-03-11,3
Cheatham,2023-03-11,34
Chester,2023-03-11,5
Claiborne,2023-03-11,7
Cocke,2023-03-11,2
Coffee,2023-03-11,36
Crockett,2023-03-11,10
Cumberland,2023-03-11,6
Davidson,2023-03-11,771
DeKalb,2023-03-11,1
Fayette,2023-03-11,2
Fentress,2023-03-11,1
Franklin,2023-03-11,83
Gibson,2023-03-11,5
Giles,2023-03-11,449
Grainger,2023-03-11,1
Greene,2023-03-11,2
Hamblen,2023-03-11,0
Hamilton,2023-03-11,1
Hancock,2023-03-11,1
Hawkins,2023-03-11,20
Haywood,2023-03-11,11
Henry,2023-03-11,1
Jefferson,2023-03-11,0
Knox,2023-03-11,23
Lauderdale,2023-03-11,11
Lawrence,2023-03-11,53
Loudon,2023-03-11,1
Macon,2023-03-11,62
Madison,2023-03-11,74
Marion,2023-03-11,1
Marshall,2023-03-11,2
Maury,2023-03-11,1198
McMinn,2023-03-11,17
Meigs,2023-03-11,3
Monroe,2023-03-11,56
Montgomery,2023-03-11,86
Obion,2023-03-11,31
Pickett,2023-03-11,2
Polk,2023-03-11,24
Rhea,2023-03-11,3
Roane,2023-03-11,1
Robertson,2023-03-11,110
Rutherford,2023-03-11,112
Scott,2023-03-11,0
Sequatchie,2023-03-11,13
Sevier,2023-03-11,76
Shelby,2023-03-11,2419
Stewart,2023-03-11,9
Sullivan,2023-03-11,22
Sumner,2023-03-11,265
Tipton,2023-03-11,6
Union,2023-03-11,2
Washington,2023-03-11,17
Williamson,2023-03-11,10
Wilson,2023-03-11,3
Anderson,2023-03-12,121
Bedford,2023-03-12,28
Bledsoe,2023-03-12,6
Blount,2023-03-12,4427
Bradley,2023-03-12,4
Campbell,2023-03-12,8
Cannon,2023-03-12,77
Cheatham,2023-03-12,139
Chester,2023-03-12,1
Claiborne,2023-03-12,26
Cocke,2023-03-12,88
Coffee,2023-03-12,1
Cumberland,2023-03-12,50
Davidson,2023-03-12,542
Fayette,2023-03-12,23
Fentress,2023-03-12,5
Franklin,2023-03-12,1
Giles,2023-03-12,50
Grainger,2023-03-12,32
Greene,2023-03-12,1
Hamblen,2023-03-12,34
Hamilton,2023-03-12,36
Hancock,2023-03-12,32
Hardeman,2023-03-12,0
Hawkins,2023-03-12,229
Haywood,2023-03-12,58
Henry,2023-03-12,182
Jefferson,2023-03-12,0
Knox,2023-03-12,119
Lauderdale,2023-03-12,7
Lawrence,2023-03-12,20
Lewis,2023-03-12,0
Loudon,2023-03-12,49
Macon,2023-03-12,62
Madison,2023-03-12,2735
Marion,2023-03-12,11
Marshall,2023-03-12,2
Maury,2023-03-12,1198
McMinn,2023-03-12,178
Monroe,2023-03-12,78
Montgomery,2023-03-12,25
Obion,2023-03-12,24
Polk,2023-03-12,880
Rhea,2023-03-12,1
Roane,2023-03-12,225
Robertson,2023-03-12,69
Rutherford,2023-03-12,214
Sequatchie,2023-03-12,2
Sevier,2023-03-12,23
Shelby,2023-03-12,119
Stewart,2023-03-12,6
Sullivan,2023-03-12,111
Sumner,2023-03-12,266
Tipton,2023-03-12,513
Union,2023-03-12,18
Washington,2023-03-12,20
Wayne,2023-03-12,0
Williamson,2023-03-12,4
Wilson,2023-03-12,1
Anderson,2023-03-13,1
Bedford,2023-03-13,5
Bledsoe,2023-03-13,216
Blount,2023-03-13,1242
Bradley,2023-03-13,2
Campbell,2023-03-13,155
Cannon,2023-03-13,2
Cheatham,2023-03-13,7
Chester,2023-03-13,3
Claiborne,2023-03-13,3
Cocke,2023-03-13,3
Coffee,2023-03-13,5
Cumberland,2023-03-13,55
Davidson,2023-03-13,85
DeKalb,2023-03-13,172
Dickson,2023-03-13,0
Fayette,2023-03-13,49
Fentress,2023-03-13,2
Franklin,2023-03-13,7
Giles,2023-03-13,5
Grainger,2023-03-13,32
Greene,2023-03-13,5
Grundy,2023-03-13,1
Hamblen,2023-03-13,14
Hamilton,2023-03-13,29
Hardeman,2023-03-13,1
Hawkins,2023-03-13,408
Haywood,2023-03-13,10
Henry,2023-03-13,6
Hickman,2023-03-13,0
Jefferson,2023-03-13,119
Knox,2023-03-13,243
Lake,2023-03-13,1
Lauderdale,2023-03-13,7
Lawrence,2023-03-13,10
Loudon,2023-03-13,4
Madison,2023-03-13,1828
Marshall,2023-03-13,3
Maury,2023-03-13,75
McMinn,2023-03-13,1
Monroe,2023-03-13,231
Montgomery,2023-03-13,84
Pickett,2023-03-13,0
Polk,2023-03-13,3
Putnam,2023-03-13,38
Robertson,2023-03-13,1658
Rutherford,2023-03-13,16
Scott,2023-03-13,0
Sequatchie,2023-03-13,1436
Sevier,2023-03-13,63
Shelby,2023-03-13,83
Smith,2023-03-13,0
Stewart,2023-03-13,19
Sullivan,2023-03-13,20
Sumner,2023-03-13,162
Tipton,2023-03-13,1047
Trousdale,2023-03-13,0
Unicoi,2023-03-13,2
Union,2023-03-13,1
Van Buren,2023-03-13,1
Warren,2023-03-13,0
Washington,2023-03-13,17
Williamson,2023-03-13,23
Wilson,2023-03-13,6
Anderson,2023-03-14,1
Bedford,2023-03-14,3
Bledsoe,2023-03-14,3
Blount,2023-03-14,10
Bradley,2023-03-14,9
Campbell,2023-03-14,22
Cannon,2023-03-14,2
Cheatham,2023-03-14,5
Chester,2023-03-14,20
Claiborne,2023-03-14,76
Cocke,2023-03-14,13
Coffee,2023-03-14,50
Crockett,2023-03-14,4
Cumberland,2023-03-14,1412
Davidson,2023-03-14,387
Dyer,2023-03-14,34
Fayette,2023-03-14,3
Fentress,2023-03-14,1
Franklin,2023-03-14,445
Gibson,2023-03-14,6
Giles,2023-03-14,2
Grainger,2023-03-14,191
Greene,2023-03-14,28
Grundy,2023-03-14,5
Hamblen,2023-03-14,2
Hamilton,2023-03-14,1
Hardeman,2023-03-14,1
Hawkins,2023-03-14,44
Haywood,2023-03-14,13
Jefferson,2023-03-14,0
Knox,2023-03-14,64
Lawrence,2023-03-14,15
Loudon,2023-03-14,3
Macon,2023-03-14,3
Madison,2023-03-14,1
Marion,2023-03-14,1
Marshall,2023-03-14,24
Maury,2023-03-14,1
McMinn,2023-03-14,1
Monroe,2023-03-14,231
Montgomery,2023-03-14,104
Obion,2023-03-14,6
Polk,2023-03-14,73
Putnam,2023-03-14,1
Rhea,2023-03-14,1
Roane,2023-03-14,2
Robertson,2023-03-14,981
Rutherford,2023-03-14,69
Sevier,2023-03-14,39
Shelby,2023-03-14,2590
Stewart,2023-03-14,1
Sullivan,2023-03-14,24
Sumner,2023-03-14,44
Union,2023-03-14,4
Washington,2023-03-14,8
Williamson,2023-03-14,35
Wilson,2023-03-14,7
Anderson,2023-03-15,7
Bedford,2023-03-15,6
Bledsoe,2023-03-15,1
Blount,2023-03-15,17
Bradley,2023-03-15,173
Campbell,2023-03-15,774
Cannon,2023-03-15,4
Carter,2023-03-15,0
Cheatham,2023-03-15,4
Chester,2023-03-15,5
Claiborne,2023-03-15,17
Clay,2023-03-15,0
Cocke,2023-03-15,51
Coffee,2023-03-15,4
Cumberland,2023-03-15,3
Davidson,2023-03-15,1174
Dickson,2023-03-15,0
Fayette,2023-03-15,3
Fentress,2023-03-15,61
Franklin,2023-03-15,4
Gibson,2023-03-15,78
Giles,2023-03-15,10
Grainger,2023-03-15,1
Greene,2023-03-15,6
Grundy,2023-03-15,8
Hamblen,2023-03-15,14
Hamilton,2023-03-15,1
Hancock,2023-03-15,0
Hardeman,2023-03-15,2
Hawkins,2023-03-15,20
Haywood,2023-03-15,12
Henry,2023-03-15,14
Houston,2023-03-15,0
Jackson,2023-03-15,0
Jefferson,2023-03-15,46
Knox,2023-03-15,1421
Lauderdale,2023-03-15,5
Lawrence,2023-03-15,5
Lewis,2023-03-15,0
Lincoln,2023-03-15,0
Loudon,2023-03-15,975
Macon,2023-03-15,0
Madison,2023-03-15,2
Marion,2023-03-15,0
Marshall,2023-03-15,2
Maury,2023-03-15,2
McMinn,2023-03-15,2
Meigs,2023-03-15,34
Monroe,2023-03-15,19
Montgomery,2023-03-15,139
Moore,2023-03-15,4
Morgan,2023-03-15,0
Overton,2023-03-15,0
Pickett,2023-03-15,2
Polk,2023-03-15,3
Putnam,2023-03-15,0
Rhea,2023-03-15,0
Roane,2023-03-15,7
Robertson,2023-03-15,8
Rutherford,2023-03-15,79
Scott,2023-03-15,0
Sequatchie,2023-03-15,1
Sevier,2023-03-15,65
Shelby,2023-03-15,1598
Smith,2023-03-15,0
Stewart,2023-03-15,1
Sullivan,2023-03-15,19
Sumner,2023-03-15,25
Tipton,2023-03-15,2
Trousdale,2023-03-15,0
Unicoi,2023-03-15,0
Union,2023-03-15,7
Warren,2023-03-15,0
Washington,2023-03-15,124
White,2023-03-15,0
Williamson,2023-03-15,35
Wilson,2023-03-15,23
Anderson,2023-03-16,43
Bedford,2023-03-16,2
Bledsoe,2023-03-16,5
Blount,2023-03-16,2054
Bradley,2023-03-16,48
Campbell,2023-03-16,16
Cannon,2023-03-16,3
Carter,2023-03-16,0
Cheatham,2023-03-16,6
Chester,2023-03-16,1
Claiborne,2023-03-16,5
Clay,2023-03-16,21
Cocke,2023-03-16,1
Coffee,2023-03-16,8
Cumberland,2023-03-16,2
Davidson,2023-03-16,1510
Fayette,2023-03-16,171
Fentress,2023-03-16,2
Franklin,2023-03-16,5
Gibson,2023-03-16,146
Giles,2023-03-16,37
Grainger,2023-03-16,1
Greene,2023-03-16,4144
Grundy,2023-03-16,47
Hamblen,2023-03-16,9
Hamilton,2023-03-16,2
Hancock,2023-03-16,17
Hardeman,2023-03-16,54
Hawkins,2023-03-16,5
Haywood,2023-03-16,269
Jefferson,2023-03-16,4
Knox,2023-03-16,74
Lawrence,2023-03-16,3
Loudon,2023-03-16,2
Madison,2023-03-16,6
Marion,2023-03-16,153
Marshall,2023-03-16,3
Maury,2023-03-16,12
McMinn,2023-03-16,1
Meigs,2023-03-16,1
Monroe,2023-03-16,421
Montgomery,2023-03-16,41
Obion,2023-03-16,2
Pickett,2023-03-16,1
Polk,2023-03-16,662
Rhea,2023-03-16,68
Robertson,2023-03-16,6
Rutherford,2023-03-16,16
Scott,2023-03-16,0
Sequatchie,2023-03-16,1
Sevier,2023-03-16,856
Shelby,2023-03-16,2924
Stewart,2023-03-16,1
Sullivan,2023-03-16,19
Sumner,2023-03-16,41
Tipton,2023-03-16,409
Unicoi,2023-03-16,0
Union,2023-03-16,68
Washington,2023-03-16,271
White,2023-03-16,1
Williamson,2023-03-16,413
Wilson,2023-03-16,1347
Anderson,2023-03-17,4
Bedford,2023-03-17,1
Bledsoe,2023-03-17,18
Blount,2023-03-17,200
Bradley,2023-03-17,53
Campbell,2023-03-17,460
Cannon,2023-03-17,2
Carroll,2023-03-17,0
Cheatham,2023-03-17,32
Claiborne,2023-03-17,0
Cocke,2023-03-17,96
Coffee,2023-03-17,19
Cumberland,2023-03-17,4
Davidson,2023-03-17,1735
DeKalb,2023-03-17,1
Dickson,2023-03-17,0
Fayette,2023-03-17,10
Fentress,2023-03-17,2
Franklin,2023-03-17,17
Gibson,2023-03-17,146
Giles,2023-03-17,842
Grainger,2023-03-17,433
Greene,2023-03-17,402
Grundy,2023-03-17,14
Hamblen,2023-03-17,3
Hamilton,2023-03-17,19
Hardeman,2023-03-17,54
Hawkins,2023-03-17,2
Haywood,2023-03-17,13
Henry,2023-03-17,158
Hickman,2023-03-17,0
Jefferson,2023-03-17,411
Knox,2023-03-17,286
Lawrence,2023-03-17,57
Lewis,2023-03-17,2
Loudon,2023-03-17,530
Madison,2023-03-17,666
Marion,2023-03-17,6
Marshall,2023-03-17,38
Maury,2023-03-17,65
McMinn,2023-03-17,1
Meigs,2023-03-17,1
Monroe,2023-03-17,9
Montgomery,2023-03-17,1301
Moore,2023-03-17,1
Obion,2023-03-17,8
Pickett,2023-03-17,7
Rhea,2023-03-17,51
Roane,2023-03-17,4
Robertson,2023-03-17,3
Rutherford,2023-03-17,87
Sequatchie,2023-03-17,8
Sevier,2023-03-17,1434
Shelby,2023-03-17,5392
Smith,2023-03-17,0
Stewart,2023-03-17,40
Sullivan,2023-03-17,28
Sumner,2023-03-17,164
Tipton,2023-03-17,4
Trousdale,2023-03-17,1
Union,2023-03-17,424
Van Buren,2023-03-17,1
Warren,2023-03-17,0
Washington,2023-03-17,2
Weakley,2023-03-17,0
Williamson,2023-03-17,3
Wilson,2023-03-17,943
Anderson,2023-03-18,8
Bedford,2023-03-18,1
Bledsoe,2023-03-18,1
Blount,2023-03-18,22
Bradley,2023-03-18,1
Campbell,2023-03-18,3
Cannon,2023-03-18,42
Cheatham,2023-03-18,1
Cocke,2023-03-18,3
Coffee,2023-03-18,47
Cumberland,2023-03-18,27
Davidson,2023-03-18,246
Fayette,2023-03-18,461
Franklin,2023-03-18,2
Giles,2023-03-18,14
Grainger,2023-03-18,758
Greene,2023-03-18,11
Grundy,2023-03-18,263
Hamblen,2023-03-18,554
Hamilton,2023-03-18,1
Hawkins,2023-03-18,16
Haywood,2023-03-18,10
Henderson,2023-03-18,1
Henry,2023-03-18,1
Jefferson,2023-03-18,1
Knox,2023-03-18,422
Lawrence,2023-03-18,2
Lincoln,2023-03-18,16
Loudon,2023-03-18,7
Madison,2023-03-18,122
Marion,2023-03-18,4
Marshall,2023-03-18,2
Maury,2023-03-18,1
Monroe,2023-03-18,1
Montgomery,2023-03-18,13
Polk,2023-03-18,7
Putnam,2023-03-18,11
Rhea,2023-03-18,2
Roane,2023-03-18,1
Robertson,2023-03-18,19
Rutherford,2023-03-18,4
Sequatchie,2023-03-18,7
Sevier,2023-03-18,30
Shelby,2023-03-18,191
Stewart,2023-03-18,749
Sullivan,2023-03-18,21
Sumner,2023-03-18,489
Tipton,2023-03-18,1
Unicoi,2023-03-18,1
Union,2023-03-18,244
Washington,2023-03-18,114
White,2023-03-18,4
Williamson,2023-03-18,5
Wilson,2023-03-18,72
Bedford,2023-03-19,3
Bledsoe,2023-03-19,6
Blount,2023-03-19,23
Bradley,2023-03-19,1
Cannon,2023-03-19,40
Claiborne,2023-03-19,2
Cocke,2023-03-19,6
Coffee,2023-03-19,27
Cumberland,2023-03-19,36
Davidson,2023-03-19,2618
Fayette,2023-03-19,1
Fentress,2023-03-19,0
Gibson,2023-03-19,2
Giles,2023-03-19,938
Grainger,2023-03-19,702
Greene,2023-03-19,1
Grundy,2023-03-19,1
Hamblen,2023-03-19,0
Hamilton,2023-03-19,1
Hardeman,2023-03-19,2
Hawkins,2023-03-19,0
Haywood,2023-03-19,10
Jefferson,2023-03-19,813
Knox,2023-03-19,56
Lawrence,2023-03-19,2
Loudon,2023-03-19,2
Madison,2023-03-19,8
Marshall,2023-03-19,2
Maury,2023-03-19,8
McMinn,2023-03-19,0
Meigs,2023-03-19,0
Monroe,2023-03-19,3
Montgomery,2023-03-19,1
Morgan,2023-03-19,0
Overton,2023-03-19,0
Pickett,2023-03-19,0
Polk,2023-03-19,0
Putnam,2023-03-19,0
Rhea,2023-03-19,0
Roane,2023-03-19,0
Robertson,2023-03-19,3
Rutherford,2023-03-19,292
Scott,2023-03-19,0
Sequatchie,2023-03-19,1
Sevier,2023-03-19,680
Shelby,2023-03-19,188
Stewart,2023-03-19,1
Sullivan,2023-03-19,14
Sumner,2023-03-19,8
Tipton,2023-03-19,7
Washington,2023-03-19,18
White,2023-03-19,0
Williamson,2023-03-19,3
Wilson,2023-03-19,4
Anderson,2023-03-20,0
Bedford,2023-03-20,3
Bledsoe,2023-03-20,0
Blount,2023-03-20,1249
Bradley,2023-03-20,49
Campbell,2023-03-20,17
Cannon,2023-03-20,4
Cheatham,2023-03-20,9
Chester,2023-03-20,4
Claiborne,2023-03-20,18
Cocke,2023-03-20,12
Coffee,2023-03-20,3
Crockett,2023-03-20,2
Cumberland,2023-03-20,3
Davidson,2023-03-20,606
DeKalb,2023-03-20,33
Dickson,2023-03-20,0
Fayette,2023-03-20,7
Fentress,2023-03-20,1675
Franklin,2023-03-20,2
Gibson,2023-03-20,2
Giles,2023-03-20,18
Grainger,2023-03-20,2
Greene,2023-03-20,1074
Grundy,2023-03-20,1
Hamblen,2023-03-20,72
Hamilton,2023-03-20,0
Hardeman,2023-03-20,0
Hawkins,2023-03-20,69
Haywood,2023-03-20,11
Henry,2023-03-20,1
Hickman,2023-03-20,0
Jefferson,2023-03-20,47
Knox,2023-03-20,756
Lawrence,2023-03-20,19
Loudon,2023-03-20,2
Macon,2023-03-20,1
Madison,2023-03-20,6
Marion,2023-03-20,1
Marshall,2023-03-20,1
Maury,2023-03-20,4
McMinn,2023-03-20,0
Meigs,2023-03-20,2
Monroe,2023-03-20,12
Montgomery,2023-03-20,1371
Morgan,2023-03-20,1
Obion,2023-03-20,3
Overton,2023-03-20,3
Pickett,2023-03-20,1
Polk,2023-03-20,16
Putnam,2023-03-20,5
Rhea,2023-03-20,17
Roane,2023-03-20,1
Robertson,2023-03-20,5
Rutherford,2023-03-20,9274
Scott,2023-03-20,0
Sequatchie,2023-03-20,1
Sevier,2023-03-20,52
Shelby,2023-03-20,2447
Smith,2023-03-20,0
Stewart,2023-03-20,5
Sullivan,2023-03-20,86
Sumner,2023-03-20,115
Tipton,2023-03-20,7
Trousdale,2023-03-20,2
Union,2023-03-20,1
Warren,2023-03-20,0
Washington,2023-03-20,21
White,2023-03-20,0
Williamson,2023-03-20,64
Wilson,2023-03-20,5
Anderson,2023-03-21,5
Bedford,2023-03-21,9
Bledsoe,2023-03-21,3
Blount,2023-03-21,56
Bradley,2023-03-21,32
Campbell,2023-03-21,19
Cannon,2023-03-21,32
Cheatham,2023-03-21,24
Chester,2023-03-21,1
Claiborne,2023-03-21,29
Cocke,2023-03-21,13
Coffee,2023-03-21,2
Crockett,2023-03-21,7
Cumberland,2023-03-21,2
Davidson,2023-03-21,217
Fayette,2023-03-21,2
Fentress,2023-03-21,1
Franklin,2023-03-21,3
Gibson,2023-03-21,61
Giles,2023-03-21,5
Grainger,2023-03-21,2
Greene,2023-03-21,30
Hamblen,2023-03-21,5
Hamilton,2023-03-21,1
Hawkins,2023-03-21,130
Haywood,2023-03-21,17
Henry,2023-03-21,41
Jefferson,2023-03-21,42
Knox,2023-03-21,86
Lawrence,2023-03-21,3
Loudon,2023-03-21,94
Madison,2023-03-21,14
Marion,2023-03-21,5
Marshall,2023-03-21,3
Maury,2023-03-21,45
McMinn,2023-03-21,1
Meigs,2023-03-21,1
Monroe,2023-03-21,3
Montgomery,2023-03-21,4
Moore,2023-03-21,3
Obion,2023-03-21,4
Pickett,2023-03-21,0
Polk,2023-03-21,1
Roane,2023-03-21,1
Robertson,2023-03-21,5
Rutherford,2023-03-21,751
Scott,2023-03-21,0
Sequatchie,2023-03-21,2
Sevier,2023-03-21,55
Shelby,2023-03-21,3089
Stewart,2023-03-21,2
Sullivan,2023-03-21,29
Sumner,2023-03-21,87
Tipton,2023-03-21,2
Union,2023-03-21,4
Washington,2023-03-21,7
Williamson,2023-03-21,18
Wilson,2023-03-21,26
Anderson,2023-03-22,2
Bedford,2023-03-22,4
Bledsoe,2023-03-22,5
Blount,2023-03-22,1012
Campbell,2023-03-22,461
Cheatham,2023-03-22,206
Claiborne,2023-03-22,1254
Cocke,2023-03-22,145
Coffee,2023-03-22,10
Crockett,2023-03-22,5
Cumberland,2023-03-22,1
Davidson,2023-03-22,4489
DeKalb,2023-03-22,1
Fayette,2023-03-22,2
Fentress,2023-03-22,1
Franklin,2023-03-22,2
Gibson,2023-03-22,6
Giles,2023-03-22,223
Grainger,2023-03-22,19
Greene,2023-03-22,21
Grundy,2023-03-22,1
Hamblen,2023-03-22,55
Hamilton,2023-03-22,77
Hardeman,2023-03-22,0
Hawkins,2023-03-22,1
Haywood,2023-03-22,317
Henry,2023-03-22,316
Jefferson,2023-03-22,1
Knox,2023-03-22,946
Lake,2023-03-22,1
Lawrence,2023-03-22,34
Loudon,2023-03-22,7
Macon,2023-03-22,3
Madison,2023-03-22,56
Marion,2023-03-22,5
Marshall,2023-03-22,1
Maury,2023-03-22,63
McMinn,2023-03-22,1
Meigs,2023-03-22,110
Monroe,2023-03-22,35
Montgomery,2023-03-22,910
Morgan,2023-03-22,2
Obion,2023-03-22,7
Pickett,2023-03-22,1
Polk,2023-03-22,31
Rhea,2023-03-22,19
Roane,2023-03-22,1
Robertson,2023-03-22,929
Rutherford,2023-03-22,38
Sequatchie,2023-03-22,360
Sevier,2023-03-22,516
Shelby,2023-03-22,2896
Stewart,2023-03-22,43
Sullivan,2023-03-22,23
Sumner,2023-03-22,14
Tipton,2023-03-22,1
Union,2023-03-22,7
Washington,2023-03-22,70
Williamson,2023-03-22,815
Wilson,2023-03-22,31
Bedford,2023-03-23,10
Bledsoe,2023-03-23,1
Blount,2023-03-23,1736
Bradley,2023-03-23,1
Campbell,2023-03-23,73
Carroll,2023-03-23,0
Cheatham,2023-03-23,5
Chester,2023-03-23,1
Claiborne,2023-03-23,229
Cocke,2023-03-23,4
Coffee,2023-03-23,2
Crockett,2023-03-23,81
Cumberland,2023-03-23,44
Davidson,2023-03-23,87
DeKalb,2023-03-23,1
Dyer,2023-03-23,2
Fayette,2023-03-23,12
Fentress,2023-03-23,2
Franklin,2023-03-23,111
Gibson,2023-03-23,0
Giles,2023-03-23,11
Grainger,2023-03-23,31
Greene,2023-03-23,12
Grundy,2023-03-23,27
Hamblen,2023-03-23,20
Hamilton,2023-03-23,1
Hardeman,2023-03-23,0
Hawkins,2023-03-23,34
Haywood,2023-03-23,1
Henderson,2023-03-23,0
Henry,2023-03-23,3
Jefferson,2023-03-23,1
Knox,2023-03-23,1587
Lauderdale,2023-03-23,0
Lawrence,2023-03-23,10
Loudon,2023-03-23,1143
Macon,2023-03-23,2
Madison,2023-03-23,12
Marion,2023-03-23,5
Marshall,2023-03-23,7
Maury,2023-03-23,37
McNairy,2023-03-23,0
Meigs,2023-03-23,1
Monroe,2023-03-23,589
Montgomery,2023-03-23,69
Moore,2023-03-23,2
Pickett,2023-03-23,1
Polk,2023-03-23,2
Rhea,2023-03-23,1
Roane,2023-03-23,387
Robertson,2023-03-23,1220
Rutherford,2023-03-23,38
Sequatchie,2023-03-23,6
Sevier,2023-03-23,75
Shelby,2023-03-23,220
Stewart,2023-03-23,4
Sullivan,2023-03-23,31
Sumner,2023-03-23,57
Tipton,2023-03-23,0
Trousdale,2023-03-23,4
Union,2023-03-23,0
Washington,2023-03-23,6
Williamson,2023-03-23,311
Wilson,2023-03-23,22
Anderson,2023-03-24,2
Bedford,2023-03-24,44
Blount,2023-03-24,11
Bradley,2023-03-24,1
Campbell,2023-03-24,36
Cannon,2023-03-24,50
Carroll,2023-03-24,0
Cheatham,2023-03-24,188
Chester,2023-03-24,869
Claiborne,2023-03-24,9
Cocke,2023-03-24,11
Coffee,2023-03-24,1
Crockett,2023-03-24,963
Cumberland,2023-03-24,1
Davidson,2023-03-24,5438
DeKalb,2023-03-24,2
Fayette,2023-03-24,208
Fentress,2023-03-24,2
Franklin,2023-03-24,4
Gibson,2023-03-24,39
Giles,2023-03-24,56
Grainger,2023-03-24,4
Greene,2023-03-24,4
Grundy,2023-03-24,15
Hamblen,2023-03-24,20
Hamilton,2023-03-24,1
Hancock,2023-03-24,3
Hardeman,2023-03-24,43
Hawkins,2023-03-24,68
Haywood,2023-03-24,235
Henderson,2023-03-24,182
Henry,2023-03-24,258
Jefferson,2023-03-24,58
Knox,2023-03-24,107
Lawrence,2023-03-24,11
Loudon,2023-03-24,12
Madison,2023-03-24,5215
Marion,2023-03-24,106
Marshall,2023-03-24,9
Maury,2023-03-24,293
McMinn,2023-03-24,29
Meigs,2023-03-24,2
Monroe,2023-03-24,21
Montgomery,2023-03-24,2618
Moore,2023-03-24,1
Morgan,2023-03-24,0
Obion,2023-03-24,766
Overton,2023-03-24,1
Polk,2023-03-24,50
Putnam,2023-03-24,1
Roane,2023-03-24,3
Robertson,2023-03-24,680
Rutherford,2023-03-24,237
Sequatchie,2023-03-24,5
Sevier,2023-03-24,9
Shelby,2023-03-24,17447
Stewart,2023-03-24,1345
Sullivan,2023-03-24,163
Sumner,2023-03-24,128
Tipton,2023-03-24,54
Unicoi,2023-03-24,1
Union,2023-03-24,243
Washington,2023-03-24,585
Weakley,2023-03-24,0
Williamson,2023-03-24,4853
Wilson,2023-03-24,8
Anderson,2023-03-25,129
Bedford,2023-03-25,4
Bledsoe,2023-03-25,718
Blount,2023-03-25,4980
Bradley,2023-03-25,3689
Campbell,2023-03-25,834
Cannon,2023-03-25,51
Cheatham,2023-03-25,187
Chester,2023-03-25,26
Claiborne,2023-03-25,278
Clay,2023-03-25,67
Cocke,2023-03-25,656
Coffee,2023-03-25,11
Cumberland,2023-03-25,2772
Davidson,2023-03-25,6283
DeKalb,2023-03-25,2
Fayette,2023-03-25,8
Fentress,2023-03-25,40
Franklin,2023-03-25,681
Gibson,2023-03-25,35
Giles,2023-03-25,60
Grainger,2023-03-25,122
Greene,2023-03-25,1913
Grundy,2023-03-25,84
Hamblen,2023-03-25,44
Hamilton,2023-03-25,2142
Hancock,2023-03-25,198
Hawkins,2023-03-25,905
Haywood,2023-03-25,10
Henderson,2023-03-25,345
Henry,2023-03-25,128
Jefferson,2023-03-25,2668
Knox,2023-03-25,18008
Lawrence,2023-03-25,156
Loudon,2023-03-25,511
Macon,2023-03-25,534
Madison,2023-03-25,2828
Marion,2023-03-25,116
Marshall,2023-03-25,9
Maury,2023-03-25,293
McMinn,2023-03-25,880
Meigs,2023-03-25,460
Monroe,2023-03-25,1284
Montgomery,2023-03-25,2678
Moore,2023-03-25,51
Morgan,2023-03-25,0
Obion,2023-03-25,14
Overton,2023-03-25,2
Pickett,2023-03-25,500
Polk,2023-03-25,1838
Putnam,2023-03-25,7
Rhea,2023-03-25,1049
Roane,2023-03-25,1072
Robertson,2023-03-25,972
Rutherford,2023-03-25,360
Sequatchie,2023-03-25,1997
Sevier,2023-03-25,7998
Shelby,2023-03-25,14860
Stewart,2023-03-25,4538
Sullivan,2023-03-25,1351
Sumner,2023-03-25,321
Tipton,2023-03-25,5
Trousdale,2023-03-25,472
Unicoi,2023-03-25,46
Union,2023-03-25,87
Van Buren,2023-03-25,7
Washington,2023-03-25,13074
Williamson,2023-03-25,3719
Wilson,2023-03-25,8
Anderson,2023-03-26,7
Bedford,2023-03-26,3
Bledsoe,2023-03-26,11
Blount,2023-03-26,39
Bradley,2023-03-26,22
Campbell,2023-03-26,28
Cannon,2023-03-26,0
Chester,2023-03-26,3
Claiborne,2023-03-26,10
Cocke,2023-03-26,45
Coffee,2023-03-26,4
Crockett,2023-03-26,9
Cumberland,2023-03-26,16
Davidson,2023-03-26,924
Fayette,2023-03-26,4
Fentress,2023-03-26,8
Franklin,2023-03-26,433
Giles,2023-03-26,1898
Grainger,2023-03-26,12
Greene,2023-03-26,9
Grundy,2023-03-26,3
Hamblen,2023-03-26,35
Hamilton,2023-03-26,27
Hardeman,2023-03-26,1
Hawkins,2023-03-26,20
Haywood,2023-03-26,0
Henderson,2023-03-26,2
Henry,2023-03-26,9
Jefferson,2023-03-26,33
Knox,2023-03-26,101
Lawrence,2023-03-26,667
Lewis,2023-03-26,0
Lincoln,2023-03-26,0
Loudon,2023-03-26,1605
Madison,2023-03-26,3
Marion,2023-03-26,12
Marshall,2023-03-26,1
Maury,2023-03-26,66
McMinn,2023-03-26,3
Meigs,2023-03-26,42
Monroe,2023-03-26,4
Montgomery,2023-03-26,8
Moore,2023-03-26,1
Obion,2023-03-26,2
Pickett,2023-03-26,0
Polk,2023-03-26,22
Putnam,2023-03-26,1
Rhea,2023-03-26,44
Roane,2023-03-26,3
Robertson,2023-03-26,4
Rutherford,2023-03-26,50
Scott,2023-03-26,0
Sequatchie,2023-03-26,3
Sevier,2023-03-26,100
Shelby,2023-03-26,1690
Stewart,2023-03-26,1
Sullivan,2023-03-26,40
Sumner,2023-03-26,94
Tipton,2023-03-26,24
Unicoi,2023-03-26,1
Union,2023-03-26,13
Warren,2023-03-26,0
Washington,2023-03-26,38
White,2023-03-26,1
Williamson,2023-03-26,4
Wilson,2023-03-26,2
Anderson,2023-03-27,22
Bedford,2023-03-27,4
Bledsoe,2023-03-27,14
Blount,2023-03-27,736
Bradley,2023-03-27,71
Campbell,2023-03-27,486
Cannon,2023-03-27,2
Cheatham,2023-03-27,4
Chester,2023-03-27,23
Claiborne,2023-03-27,3
Clay,2023-03-27,13
Cocke,2023-03-27,14
Coffee,2023-03-27,2
Cumberland,2023-03-27,2
Davidson,2023-03-27,2003
DeKalb,2023-03-27,1
Dickson,2023-03-27,0
Fayette,2023-03-27,2
Fentress,2023-03-27,3
Franklin,2023-03-27,2
Gibson,2023-03-27,613
Giles,2023-03-27,3
Grainger,2023-03-27,32
Greene,2023-03-27,8
Grundy,2023-03-27,2
Hamblen,2023-03-27,1
Hamilton,2023-03-27,2
Hardeman,2023-03-27,1
Hawkins,2023-03-27,29
Haywood,2023-03-27,355
Henderson,2023-03-27,2
Henry,2023-03-27,54
Hickman,2023-03-27,0
Jefferson,2023-03-27,1
Knox,2023-03-27,124
Lake,2023-03-27,2
Lawrence,2023-03-27,8
Lincoln,2023-03-27,1
Loudon,2023-03-27,4
Madison,2023-03-27,31
Marion,2023-03-27,13
Marshall,2023-03-27,66
Maury,2023-03-27,20
McMinn,2023-03-27,81
Meigs,2023-03-27,6
Monroe,2023-03-27,16
Montgomery,2023-03-27,61
Moore,2023-03-27,1
Obion,2023-03-27,21
Pickett,2023-03-27,46
Polk,2023-03-27,1
Putnam,2023-03-27,1
Rhea,2023-03-27,1
Roane,2023-03-27,1
Robertson,2023-03-27,55
Rutherford,2023-03-27,18
Sevier,2023-03-27,82
Shelby,2023-03-27,2611
Smith,2023-03-27,0
Stewart,2023-03-27,24
Sullivan,2023-03-27,132
Sumner,2023-03-27,300
Tipton,2023-03-27,9
Trousdale,2023-03-27,2
Unicoi,2023-03-27,1
Union,2023-03-27,6
Warren,2023-03-27,0
Washington,2023-03-27,35
Williamson,2023-03-27,19
Wilson,2023-03-27,47
Anderson,2023-03-28,22
Blount,2023-03-28,3
Bradley,2023-03-28,1
Campbell,2023-03-28,0
Chester,2023-03-28,5
Claiborne,2023-03-28,0
Cocke,2023-03-28,1
Davidson,2023-03-28,2
Franklin,2023-03-28,21
Grainger,2023-03-28,0
Greene,2023-03-28,0
Hamblen,2023-03-28,1
Hawkins,2023-03-28,4
Jefferson,2023-03-28,0
Knox,2023-03-28,4
Lawrence,2023-03-28,1
Loudon,2023-03-28,1
Montgomery,2023-03-28,0
Pickett,2023-03-28,46
Sevier,2023-03-28,32
Shelby,2023-03-28,7
Sullivan,2023-03-28,1
Sumner,2023-03-28,300
Unicoi,2023-03-28,0
Union,2023-03-28,0
Washington,2023-03-28,2
Bledsoe,2024-12-31,24
Campbell,2024-12-31,10
Claiborne,2024-12-31,48
Cocke,2024-12-31,2
Coffee,2024-12-31,1
Crockett,2024-12-31,0
Cumberland,2024-12-31,104
Davidson,2024-12-31,35
Dyer,2024-12-31,0
Fentress,2024-12-31,13
Gibson,2024-12-31,0
Hamblen,2024-12-31,2
Hamilton,2024-12-31,68
Hawkins,2024-12-31,2
Haywood,2024-12-31,0
Jefferson,2024-12-31,103
Knox,2024-12-31,67
Lake,2024-12-31,0
Lauderdale,2024-12-31,0
Lawrence,2024-12-31,2
Loudon,2024-12-31,109
Madison,2024-12-31,2
Marion,2024-12-31,2
McMinn,2024-12-31,358
Meigs,2024-12-31,327
Morgan,2024-12-31,2
Obion,2024-12-31,0
Overton,2024-12-31,1
Rhea,2024-12-31,4
Roane,2024-12-31,2
Rutherford,2024-12-31,1
Sequatchie,2024-12-31,1
Sevier,2024-12-31,28
Shelby,2024-12-31,873
Stewart,2024-12-31,1
Sullivan,2024-12-31,69
Sumner,2024-12-31,3
Union,2024-12-31,31
Washington,2024-12-31,51
Weakley,2024-12-31,0
Bledsoe,2025-01-01,1
Blount,2025-01-01,25
Bradley,2025-01-01,1
Campbell,2025-01-01,137
Cheatham,2025-01-01,489
Claiborne,2025-01-01,98
Clay,2025-01-01,10
Cocke,2025-01-01,215
Coffee,2025-01-01,4
Crockett,2025-01-01,0
Cumberland,2025-01-01,1
Davidson,2025-01-01,8
Dyer,2025-01-01,0
Fayette,2025-01-01,1
Fentress,2025-01-01,1
Franklin,2025-01-01,1213
Gibson,2025-01-01,0
Giles,2025-01-01,75
Grainger,2025-01-01,20
Greene,2025-01-01,1
Grundy,2025-01-01,1
Hamblen,2025-01-01,1
Hamilton,2025-01-01,22
Hawkins,2025-01-01,17
Haywood,2025-01-01,0
Jefferson,2025-01-01,18
Knox,2025-01-01,1711
Lake,2025-01-01,0
Lauderdale,2025-01-01,0
Lawrence,2025-01-01,33
Loudon,2025-01-01,27
Macon,2025-01-01,11
Madison,2025-01-01,1
Marion,2025-01-01,6
Maury,2025-01-01,3
Monroe,2025-01-01,60
Montgomery,2025-01-01,4
Moore,2025-01-01,5
Morgan,2025-01-01,2
Obion,2025-01-01,0
Pickett,2025-01-01,1
Rhea,2025-01-01,1
Roane,2025-01-01,16
Robertson,2025-01-01,1
Rutherford,2025-01-01,6
Sequatchie,2025-01-01,1
Sevier,2025-01-01,64
Shelby,2025-01-01,686
Sullivan,2025-01-01,14
Sumner,2025-01-01,7
Tipton,2025-01-01,4
Union,2025-01-01,528
Van Buren,2025-01-01,1
Washington,2025-01-01,4
Weakley,2025-01-01,0
Williamson,2025-01-01,4
Wilson,2025-01-01,2
Bedford,2025-01-02,0
Bledsoe,2025-01-02,1
Blount,2025-01-02,47
Bradley,2025-01-02,50
Campbell,2025-01-02,50
Cannon,2025-01-02,3
Cheatham,2025-01-02,8
Chester,2025-01-02,3
Cocke,2025-01-02,343
Coffee,2025-01-02,0
Crockett,2025-01-02,0
Cumberland,2025-01-02,22
Davidson,2025-01-02,361
DeKalb,2025-01-02,0
Dickson,2025-01-02,0
Dyer,2025-01-02,0
Fayette,2025-01-02,18
Fentress,2025-01-02,1
Franklin,2025-01-02,52
Gibson,2025-01-02,0
Giles,2025-01-02,12
Grainger,2025-01-02,1
Greene,2025-01-02,1
Hamblen,2025-01-02,4
Hamilton,2025-01-02,101
Hawkins,2025-01-02,44
Haywood,2025-01-02,1
Henry,2025-01-02,510
Hickman,2025-01-02,0
Jefferson,2025-01-02,22
Knox,2025-01-02,106
Lake,2025-01-02,0
Lauderdale,2025-01-02,4
Lawrence,2025-01-02,16
Loudon,2025-01-02,5
Macon,2025-01-02,3
Madison,2025-01-02,5
Marion,2025-01-02,1
Marshall,2025-01-02,12
Maury,2025-01-02,3
McMinn,2025-01-02,1
Monroe,2025-01-02,42
Montgomery,2025-01-02,8
Obion,2025-01-02,0
Overton,2025-01-02,1
Pickett,2025-01-02,1
Polk,2025-01-02,2
Putnam,2025-01-02,20
Rhea,2025-01-02,1
Roane,2025-01-02,1
Robertson,2025-01-02,4
Rutherford,2025-01-02,5
Sevier,2025-01-02,63
Shelby,2025-01-02,686
Smith,2025-01-02,0
Stewart,2025-01-02,2
Sullivan,2025-01-02,42
Sumner,2025-01-02,276
Tipton,2025-01-02,20
Trousdale,2025-01-02,0
Union,2025-01-02,6
Van Buren,2025-01-02,1
Warren,2025-01-02,0
Washington,2025-01-02,141
Weakley,2025-01-02,0
White,2025-01-02,1
Williamson,2025-01-02,44
Wilson,2025-01-02,2
Anderson,2025-01-03,1
Bedford,2025-01-03,1
Bledsoe,2025-01-03,2
Blount,2025-01-03,77
Bradley,2025-01-03,2
Campbell,2025-01-03,18
Cannon,2025-01-03,2
Cheatham,2025-01-03,6
Claiborne,2025-01-03,6
Clay,2025-01-03,1
Cocke,2025-01-03,3
Coffee,2025-01-03,2
Crockett,2025-01-03,0
Cumberland,2025-01-03,357
Davidson,2025-01-03,22
DeKalb,2025-01-03,1
Dyer,2025-01-03,0
Fayette,2025-01-03,2
Fentress,2025-01-03,1
Franklin,2025-01-03,227
Gibson,2025-01-03,0
Giles,2025-01-03,5
Grainger,2025-01-03,13
Greene,2025-01-03,3
Hamblen,2025-01-03,69
Hamilton,2025-01-03,2374
Hawkins,2025-01-03,44
Haywood,2025-01-03,0
Henry,2025-01-03,1
Jefferson,2025-01-03,37
Knox,2025-01-03,61
Lake,2025-01-03,0
Lauderdale,2025-01-03,4
Lawrence,2025-01-03,8
Loudon,2025-01-03,8
Macon,2025-01-03,2
Madison,2025-01-03,3
Marion,2025-01-03,3
Marshall,2025-01-03,62
Maury,2025-01-03,44
McMinn,2025-01-03,1
Meigs,2025-01-03,3
Monroe,2025-01-03,308
Montgomery,2025-01-03,3
Moore,2025-01-03,2
Obion,2025-01-03,0
Overton,2025-01-03,1
Polk,2025-01-03,2
Putnam,2025-01-03,1
Rhea,2025-01-03,4
Roane,2025-01-03,3
Robertson,2025-01-03,2
Rutherford,2025-01-03,6
Sequatchie,2025-01-03,14
Sevier,2025-01-03,1077
Shelby,2025-01-03,72
Stewart,2025-01-03,1
Sullivan,2025-01-03,32
Sumner,2025-01-03,134
Tipton,2025-01-03,1
Union,2025-01-03,1
Van Buren,2025-01-03,1
Washington,2025-01-03,51
Weakley,2025-01-03,0
Williamson,2025-01-03,55
Wilson,2025-01-03,4
Anderson,2025-01-04,1
Bedford,2025-01-04,1
Bledsoe,2025-01-04,2
Blount,2025-01-04,44
Bradley,2025-01-04,2
Campbell,2025-01-04,30
Cannon,2025-01-04,37
Cheatham,2025-01-04,1
Chester,2025-01-04,3
Claiborne,2025-01-04,6
Cocke,2025-01-04,1
Crockett,2025-01-04,0
Cumberland,2025-01-04,356
Davidson,2025-01-04,1230
DeKalb,2025-01-04,1
Dyer,2025-01-04,0
Franklin,2025-01-04,2
Gibson,2025-01-04,0
Giles,2025-01-04,835
Greene,2025-01-04,1
Grundy,2025-01-04,1
Hamblen,2025-01-04,20
Hamilton,2025-01-04,12
Hawkins,2025-01-04,2
Haywood,2025-01-04,0
Henry,2025-01-04,5
Jefferson,2025-01-04,186
Knox,2025-01-04,606
Lake,2025-01-04,0
Lauderdale,2025-01-04,0
Lawrence,2025-01-04,4
Loudon,2025-01-04,4
Madison,2025-01-04,5
Marion,2025-01-04,7
Maury,2025-01-04,1
McMinn,2025-01-04,80
Monroe,2025-01-04,308
Obion,2025-01-04,0
Rhea,2025-01-04,3
Roane,2025-01-04,2
Robertson,2025-01-04,1
Rutherford,2025-01-04,85
Sequatchie,2025-01-04,1
Sevier,2025-01-04,22
Shelby,2025-01-04,1565
Stewart,2025-01-04,1
Sullivan,2025-01-04,5
Sumner,2025-01-04,1
Tipton,2025-01-04,3
Van Buren,2025-01-04,1
Washington,2025-01-04,1
Weakley,2025-01-04,0
Williamson,2025-01-04,2
Wilson,2025-01-04,4
Anderson,2025-01-05,12
Bedford,2025-01-05,85
Bledsoe,2025-01-05,1
Blount,2025-01-05,9
Bradley,2025-01-05,74
Campbell,2025-01-05,412
Cannon,2025-01-05,85
Claiborne,2025-01-05,913
Cocke,2025-01-05,31
Coffee,2025-01-05,11
Crockett,2025-01-05,0
Cumberland,2025-01-05,307
Davidson,2025-01-05,2031
DeKalb,2025-01-05,5
Dyer,2025-01-05,0
Fayette,2025-01-05,6
Fentress,2025-01-05,111
Franklin,2025-01-05,74
Gibson,2025-01-05,0
Giles,2025-01-05,9
Grainger,2025-01-05,10
Greene,2025-01-05,52
Hamblen,2025-01-05,1
Hamilton,2025-01-05,170
Hancock,2025-01-05,1
Hardeman,2025-01-05,2
Hawkins,2025-01-05,3
Haywood,2025-01-05,9
Henry,2025-01-05,1
Jefferson,2025-01-05,1
Knox,2025-01-05,52
Lake,2025-01-05,0
Lauderdale,2025-01-05,0
Lawrence,2025-01-05,5
Lincoln,2025-01-05,1
Loudon,2025-01-05,95
Macon,2025-01-05,540
Madison,2025-01-05,42
Marion,2025-01-05,2
Maury,2025-01-05,56
McMinn,2025-01-05,9
Meigs,2025-01-05,4
Monroe,2025-01-05,164
Montgomery,2025-01-05,227
Obion,2025-01-05,0
Overton,2025-01-05,1
Polk,2025-01-05,4
Putnam,2025-01-05,1
Rhea,2025-01-05,1
Roane,2025-01-05,1
Robertson,2025-01-05,101
Rutherford,2025-01-05,203
Sequatchie,2025-01-05,41
Sevier,2025-01-05,66
Shelby,2025-01-05,1521
Stewart,2025-01-05,13
Sullivan,2025-01-05,1017
Sumner,2025-01-05,70
Tipton,2025-01-05,48
Union,2025-01-05,547
Van Buren,2025-01-05,1
Washington,2025-01-05,36
Weakley,2025-01-05,0
White,2025-01-05,44
Williamson,2025-01-05,1
Wilson,2025-01-05,67
Anderson,2025-01-06,12
Bedford,2025-01-06,243
Bledsoe,2025-01-06,114
Blount,2025-01-06,1095
Bradley,2025-01-06,1637
Campbell,2025-01-06,26
Cannon,2025-01-06,85
Cheatham,2025-01-06,1
Chester,2025-01-06,6
Claiborne,2025-01-06,6
Clay,2025-01-06,5
Cocke,2025-01-06,31
Coffee,2025-01-06,4
Crockett,2025-01-06,0
Cumberland,2025-01-06,346
Davidson,2025-01-06,49
DeKalb,2025-01-06,5
Dickson,2025-01-06,0
Dyer,2025-01-06,0
Fayette,2025-01-06,65
Fentress,2025-01-06,475
Franklin,2025-01-06,106
Gibson,2025-01-06,0
Giles,2025-01-06,22
Grainger,2025-01-06,21
Greene,2025-01-06,36
Hamblen,2025-01-06,2
Hamilton,2025-01-06,771
Hancock,2025-01-06,8
Hardeman,2025-01-06,29
Hawkins,2025-01-06,18
Haywood,2025-01-06,35
Hickman,2025-01-06,0
Jefferson,2025-01-06,2
Knox,2025-01-06,1175
Lake,2025-01-06,0
Lauderdale,2025-01-06,2
Lawrence,2025-01-06,31
Lincoln,2025-01-06,1
Loudon,2025-01-06,23
Macon,2025-01-06,1
Madison,2025-01-06,2
Marion,2025-01-06,328
Marshall,2025-01-06,3
Maury,2025-01-06,56
McMinn,2025-01-06,213
Meigs,2025-01-06,434
Monroe,2025-01-06,62
Montgomery,2025-01-06,5
Obion,2025-01-06,0
Pickett,2025-01-06,1
Polk,2025-01-06,4
Putnam,2025-01-06,15
Rhea,2025-01-06,59
Roane,2025-01-06,15
Robertson,2025-01-06,12
Rutherford,2025-01-06,378
Sequatchie,2025-01-06,123
Sevier,2025-01-06,289
Shelby,2025-01-06,1868
Smith,2025-01-06,0
Stewart,2025-01-06,12
Sullivan,2025-01-06,1017
Sumner,2025-01-06,5
Tipton,2025-01-06,337
Trousdale,2025-01-06,42
Unicoi,2025-01-06,0
Union,2025-01-06,56
Van Buren,2025-01-06,21
Warren,2025-01-06,0
Washington,2025-01-06,10
Weakley,2025-01-06,0
Williamson,2025-01-06,26
Wilson,2025-01-06,3
Anderson,2025-01-07,95
Bedford,2025-01-07,7
Blount,2025-01-07,176
Bradley,2025-01-07,2
Campbell,2025-01-07,1
Cannon,2025-01-07,3
Cheatham,2025-01-07,674
Claiborne,2025-01-07,16
Cocke,2025-01-07,3
Coffee,2025-01-07,3
Crockett,2025-01-07,0
Cumberland,2025-01-07,17
Davidson,2025-01-07,19
Dyer,2025-01-07,0
Fayette,2025-01-07,71
Fentress,2025-01-07,2
Franklin,2025-01-07,11
Gibson,2025-01-07,0
Giles,2025-01-07,4
Grainger,2025-01-07,9
Greene,2025-01-07,4
Hamblen,2025-01-07,3
Hamilton,2025-01-07,53
Hawkins,2025-01-07,250
Haywood,2025-01-07,5
Henry,2025-01-07,1
Jefferson,2025-01-07,18
Knox,2025-01-07,275
Lake,2025-01-07,0
Lauderdale,2025-01-07,2
Lawrence,2025-01-07,4
Loudon,2025-01-07,8
Macon,2025-01-07,4
Madison,2025-01-07,803
Marion,2025-01-07,3
Marshall,2025-01-07,8
Maury,2025-01-07,11
McMinn,2025-01-07,1
Meigs,2025-01-07,1
Monroe,2025-01-07,712
Montgomery,2025-01-07,12
Moore,2025-01-07,1
Obion,2025-01-07,0
Rhea,2025-01-07,2
Roane,2025-01-07,2
Robertson,2025-01-07,5
Rutherford,2025-01-07,6
Sequatchie,2025-01-07,48
Sevier,2025-01-07,15
Shelby,2025-01-07,1586
Stewart,2025-01-07,3
Sullivan,2025-01-07,874
Sumner,2025-01-07,4
Tipton,2025-01-07,318
Union,2025-01-07,1
Washington,2025-01-07,5
Weakley,2025-01-07,0
Williamson,2025-01-07,9
Wilson,2025-01-07,4
Anderson,2025-01-08,4
Bledsoe,2025-01-08,1
Blount,2025-01-08,11
Cheatham,2025-01-08,2
Chester,2025-01-08,1
Claiborne,2025-01-08,20
Cocke,2025-01-08,4
Coffee,2025-01-08,4
Crockett,2025-01-08,0
Cumberland,2025-01-08,23
Davidson,2025-01-08,3976
DeKalb,2025-01-08,7
Dyer,2025-01-08,0
Fayette,2025-01-08,1
Fentress,2025-01-08,10
Franklin,2025-01-08,9
Gibson,2025-01-08,0
Giles,2025-01-08,56
Grainger,2025-01-08,0
Greene,2025-01-08,5
Grundy,2025-01-08,2
Hamblen,2025-01-08,8
Hamilton,2025-01-08,77
Hawkins,2025-01-08,1
Haywood,2025-01-08,5
Henry,2025-01-08,4
Jefferson,2025-01-08,1
Knox,2025-01-08,60
Lake,2025-01-08,0
Lauderdale,2025-01-08,0
Lawrence,2025-01-08,34
Loudon,2025-01-08,2
Madison,2025-01-08,803
Marion,2025-01-08,6
Marshall,2025-01-08,50
Maury,2025-01-08,8
McMinn,2025-01-08,2
Meigs,2025-01-08,1
Monroe,2025-01-08,2
Montgomery,2025-01-08,17
Obion,2025-01-08,0
Polk,2025-01-08,1
Rhea,2025-01-08,4
Roane,2025-01-08,1
Robertson,2025-01-08,27
Rutherford,2025-01-08,51
Sevier,2025-01-08,13
Shelby,2025-01-08,10537
Stewart,2025-01-08,17
Sullivan,2025-01-08,12
Sumner,2025-01-08,2
Tipton,2025-01-08,688
Union,2025-01-08,2
Washington,2025-01-08,53
Weakley,2025-01-08,0
Williamson,2025-01-08,9
Wilson,2025-01-08,6
Anderson,2025-01-09,0
Bedford,2025-01-09,2
Bledsoe,2025-01-09,2
Blount,2025-01-09,25
Bradley,2025-01-09,22
Campbell,2025-01-09,49
Cannon,2025-01-09,2
Cheatham,2025-01-09,2
Chester,2025-01-09,5
Claiborne,2025-01-09,47
Cocke,2025-01-09,1
Coffee,2025-01-09,5
Crockett,2025-01-09,0
Cumberland,2025-01-09,1
Davidson,2025-01-09,2496
Dyer,2025-01-09,0
Fentress,2025-01-09,187
Franklin,2025-01-09,3018
Gibson,2025-01-09,0
Giles,2025-01-09,108
Grainger,2025-01-09,19
Greene,2025-01-09,718
Grundy,2025-01-09,2
Hamblen,2025-01-09,25
Hamilton,2025-01-09,247
Hancock,2025-01-09,17
Hardeman,2025-01-09,1
Hawkins,2025-01-09,5
Haywood,2025-01-09,0
Henry,2025-01-09,53
Jefferson,2025-01-09,2
Knox,2025-01-09,2548
Lake,2025-01-09,0
Lauderdale,2025-01-09,0
Lawrence,2025-01-09,14
Lewis,2025-01-09,0
Lincoln,2025-01-09,0
Loudon,2025-01-09,9
Madison,2025-01-09,3
Marion,2025-01-09,7
Marshall,2025-01-09,21
Maury,2025-01-09,47
McMinn,2025-01-09,732
Meigs,2025-01-09,85
Monroe,2025-01-09,14
Montgomery,2025-01-09,159
Moore,2025-01-09,5
Obion,2025-01-09,0
Overton,2025-01-09,1
Polk,2025-01-09,321
Rhea,2025-01-09,2
Roane,2025-01-09,1058
Robertson,2025-01-09,2
Rutherford,2025-01-09,51
Sequatchie,2025-01-09,6
Sevier,2025-01-09,274
Shelby,2025-01-09,409
Stewart,2025-01-09,6
Sullivan,2025-01-09,21
Sumner,2025-01-09,5
Tipton,2025-01-09,9
Union,2025-01-09,66
Warren,2025-01-09,0
Washington,2025-01-09,22
Weakley,2025-01-09,0
Williamson,2025-01-09,31
Wilson,2025-01-09,15
Bledsoe,2025-01-10,208
Blount,2025-01-10,20
Bradley,2025-01-10,18
Campbell,2025-01-10,3
Chester,2025-01-10,138
Claiborne,2025-01-10,12
Cocke,2025-01-10,9
Coffee,2025-01-10,4
Crockett,2025-01-10,0
Cumberland,2025-01-10,8
Davidson,2025-01-10,376
Dyer,2025-01-10,0
Fayette,2025-01-10,522
Franklin,2025-01-10,32
Gibson,2025-01-10,0
Giles,2025-01-10,23
Grainger,2025-01-10,0
Greene,2025-01-10,146
Grundy,2025-01-10,1
Hamblen,2025-01-10,36
Hamilton,2025-01-10,1981
Hancock,2025-01-10,23
Hardeman,2025-01-10,39
Hawkins,2025-01-10,26
Haywood,2025-01-10,52
Henderson,2025-01-10,23
Henry,2025-01-10,15
Knox,2025-01-10,147
Lake,2025-01-10,0
Lauderdale,2025-01-10,0
Lawrence,2025-01-10,17
Madison,2025-01-10,160
Marion,2025-01-10,4
Marshall,2025-01-10,15
Maury,2025-01-10,5
McMinn,2025-01-10,17
Meigs,2025-01-10,1
Monroe,2025-01-10,86
Montgomery,2025-01-10,85
Obion,2025-01-10,0
Polk,2025-01-10,1
Rhea,2025-01-10,39
Roane,2025-01-10,156
Robertson,2025-01-10,2
Rutherford,2025-01-10,24
Sequatchie,2025-01-10,8
Sevier,2025-01-10,31
Shelby,2025-01-10,2327
Stewart,2025-01-10,1
Sullivan,2025-01-10,9
Sumner,2025-01-10,2
Tipton,2025-01-10,94
Union,2025-01-10,2
Van Buren,2025-01-10,1
Washington,2025-01-10,12
Weakley,2025-01-10,0
Williamson,2025-01-10,1
Wilson,2025-01-10,1
Anderson,2025-01-11,0
Bedford,2025-01-11,3
Bledsoe,2025-01-11,1
Blount,2025-01-11,1502
Bradley,2025-01-11,2
Cannon,2025-01-11,1
Cheatham,2025-01-11,25
Chester,2025-01-11,25
Claiborne,2025-01-11,69
Cocke,2025-01-11,3
Coffee,2025-01-11,2
Crockett,2025-01-11,0
Cumberland,2025-01-11,1
Davidson,2025-01-11,10
Dyer,2025-01-11,0
Fayette,2025-01-11,1
Fentress,2025-01-11,1
Gibson,2025-01-11,0
Greene,2025-01-11,1
Hamilton,2025-01-11,207
Hancock,2025-01-11,1
Hawkins,2025-01-11,26
Haywood,2025-01-11,44
Henderson,2025-01-11,6
Henry,2025-01-11,1
Jefferson,2025-01-11,5
Knox,2025-01-11,78
Lake,2025-01-11,0
Lauderdale,2025-01-11,0
Lawrence,2025-01-11,187
Loudon,2025-01-11,1
Madison,2025-01-11,0
Marion,2025-01-11,10
Maury,2025-01-11,42
McMinn,2025-01-11,1
Monroe,2025-01-11,12
Montgomery,2025-01-11,129
Obion,2025-01-11,0
Overton,2025-01-11,47
Pickett,2025-01-11,1
Polk,2025-01-11,12
Rhea,2025-01-11,2
Roane,2025-01-11,11
Robertson,2025-01-11,8
Rutherford,2025-01-11,1
Sequatchie,2025-01-11,2
Sevier,2025-01-11,60
Shelby,2025-01-11,143
Sullivan,2025-01-11,173
Sumner,2025-01-11,1
Tipton,2025-01-11,7
Washington,2025-01-11,9
Weakley,2025-01-11,0
Williamson,2025-01-11,1
Wilson,2025-01-11,31
Anderson,2025-01-12,137
Bledsoe,2025-01-12,2
Bradley,2025-01-12,7
Campbell,2025-01-12,32
Cannon,2025-01-12,1
Cheatham,2025-01-12,25
Chester,2025-01-12,5
Claiborne,2025-01-12,1
Cocke,2025-01-12,23
Coffee,2025-01-12,1
Crockett,2025-01-12,0
Cumberland,2025-01-12,7
Davidson,2025-01-12,9
Dyer,2025-01-12,0
Fayette,2025-01-12,1
Franklin,2025-01-12,3
Gibson,2025-01-12,0
Giles,2025-01-12,14
Greene,2025-01-12,4
Grundy,2025-01-12,1
Hamblen,2025-01-12,7
Hamilton,2025-01-12,22
Hawkins,2025-01-12,47
Haywood,2025-01-12,1
Henry,2025-01-12,24
Jefferson,2025-01-12,25
Knox,2025-01-12,31
Lake,2025-01-12,0
Lauderdale,2025-01-12,0
Lawrence,2025-01-12,17
Lewis,2025-01-12,0
Macon,2025-01-12,1
Madison,2025-01-12,328
Marion,2025-01-12,1
Maury,2025-01-12,3
McMinn,2025-01-12,3
Meigs,2025-01-12,7
Monroe,2025-01-12,38
Montgomery,2025-01-12,1
Obion,2025-01-12,0
Polk,2025-01-12,1
Rhea,2025-01-12,4
Roane,2025-01-12,2
Robertson,2025-01-12,4
Rutherford,2025-01-12,1
Sequatchie,2025-01-12,10
Sevier,2025-01-12,11
Shelby,2025-01-12,100
Stewart,2025-01-12,12
Sullivan,2025-01-12,487
Sumner,2025-01-12,62
Tipton,2025-01-12,7
Washington,2025-01-12,18
Wayne,2025-01-12,0
Weakley,2025-01-12,0
Wilson,2025-01-12,48
Bedford,2025-01-13,16
Bledsoe,2025-01-13,6
Blount,2025-01-13,13
Bradley,2025-01-13,1
Campbell,2025-01-13,1
Cannon,2025-01-13,1
Cheatham,2025-01-13,3
Chester,2025-01-13,1
Claiborne,2025-01-13,7
Cocke,2025-01-13,3
Coffee,2025-01-13,7
Crockett,2025-01-13,0
Cumberland,2025-01-13,48
Davidson,2025-01-13,24
DeKalb,2025-01-13,548
Dickson,2025-01-13,0
Dyer,2025-01-13,0
Fayette,2025-01-13,1
Fentress,2025-01-13,1
Franklin,2025-01-13,13
Gibson,2025-01-13,0
Giles,2025-01-13,27
Grainger,2025-01-13,1
Greene,2025-01-13,3
Hamblen,2025-01-13,1
Hamilton,2025-01-13,53
Hawkins,2025-01-13,10
Haywood,2025-01-13,1
Henry,2025-01-13,1
Hickman,2025-01-13,0
Jefferson,2025-01-13,13
Knox,2025-01-13,81
Lake,2025-01-13,0
Lauderdale,2025-01-13,0
Lawrence,2025-01-13,7
Loudon,2025-01-13,3
Macon,2025-01-13,35
Madison,2025-01-13,20
Marion,2025-01-13,4
Marshall,2025-01-13,2
Maury,2025-01-13,14
McMinn,2025-01-13,26
Meigs,2025-01-13,1
Monroe,2025-01-13,4
Montgomery,2025-01-13,50
Moore,2025-01-13,2
Obion,2025-01-13,0
Polk,2025-01-13,114
Rhea,2025-01-13,1
Roane,2025-01-13,1
Robertson,2025-01-13,33
Rutherford,2025-01-13,673
Sevier,2025-01-13,51
Shelby,2025-01-13,790
Smith,2025-01-13,89
Stewart,2025-01-13,16
Sullivan,2025-01-13,12
Sumner,2025-01-13,3
Tipton,2025-01-13,1028
Trousdale,2025-01-13,3
Union,2025-01-13,2
Warren,2025-01-13,0
Washington,2025-01-13,1458
Weakley,2025-01-13,0
White,2025-01-13,1
Williamson,2025-01-13,80
Wilson,2025-01-13,3
Anderson,2025-01-14,1
Bedford,2025-01-14,44
Bledsoe,2025-01-14,1
Blount,2025-01-14,4
Bradley,2025-01-14,1
Campbell,2025-01-14,1458
Cannon,2025-01-14,1
Cheatham,2025-01-14,3
Chester,2025-01-14,3
Claiborne,2025-01-14,25
Cocke,2025-01-14,11
Coffee,2025-01-14,111
Crockett,2025-01-14,0
Cumberland,2025-01-14,2
Davidson,2025-01-14,1530
Dyer,2025-01-14,0
Fayette,2025-01-14,1
Fentress,2025-01-14,14
Franklin,2025-01-14,38
Gibson,2025-01-14,0
Giles,2025-01-14,16
Greene,2025-01-14,6
Hamblen,2025-01-14,0
Hamilton,2025-01-14,11
Hawkins,2025-01-14,14
Haywood,2025-01-14,2
Henry,2025-01-14,53
Jefferson,2025-01-14,2
Knox,2025-01-14,237
Lake,2025-01-14,0
Lauderdale,2025-01-14,0
Lawrence,2025-01-14,9
Loudon,2025-01-14,2
Macon,2025-01-14,11
Madison,2025-01-14,11
Marshall,2025-01-14,2
Maury,2025-01-14,15
McMinn,2025-01-14,26
Meigs,2025-01-14,2
Monroe,2025-01-14,4
Montgomery,2025-01-14,25
Obion,2025-01-14,0
Polk,2025-01-14,1
Roane,2025-01-14,2
Robertson,2025-01-14,12
Rutherford,2025-01-14,27
Sequatchie,2025-01-14,1
Sevier,2025-01-14,42
Shelby,2025-01-14,94
Stewart,2025-01-14,2
Sullivan,2025-01-14,10
Sumner,2025-01-14,1219
Tipton,2025-01-14,229
Trousdale,2025-01-14,1
Union,2025-01-14,9
Washington,2025-01-14,7
Weakley,2025-01-14,0
White,2025-01-14,7
Williamson,2025-01-14,9
Wilson,2025-01-14,90
Anderson,2025-01-15,2
Bedford,2025-01-15,5
Bledsoe,2025-01-15,1
Blount,2025-01-15,5
Bradley,2025-01-15,4
Campbell,2025-01-15,3
Cannon,2025-01-15,2
Cheatham,2025-01-15,1
Claiborne,2025-01-15,24
Clay,2025-01-15,14
Cocke,2025-01-15,26
Coffee,2025-01-15,113
Crockett,2025-01-15,0
Cumberland,2025-01-15,12
Davidson,2025-01-15,428
DeKalb,2025-01-15,4
Dyer,2025-01-15,0
Fayette,2025-01-15,2
Fentress,2025-01-15,1
Franklin,2025-01-15,107
Gibson,2025-01-15,0
Giles,2025-01-15,12
Grainger,2025-01-15,194
Greene,2025-01-15,127
Grundy,2025-01-15,1
Hamblen,2025-01-15,1
Hamilton,2025-01-15,44
Hancock,2025-01-15,995
Hardeman,2025-01-15,1
Hawkins,2025-01-15,725
Haywood,2025-01-15,2
Henry,2025-01-15,43
Jefferson,2025-01-15,4
Knox,2025-01-15,807
Lake,2025-01-15,0
Lauderdale,2025-01-15,0
Lawrence,2025-01-15,6
Loudon,2025-01-15,23
Madison,2025-01-15,60
Marion,2025-01-15,1
Maury,2025-01-15,14
McMinn,2025-01-15,86
Meigs,2025-01-15,4
Monroe,2025-01-15,44
Montgomery,2025-01-15,97
Moore,2025-01-15,1
Obion,2025-01-15,0
Polk,2025-01-15,1
Putnam,2025-01-15,3
Rhea,2025-01-15,1
Roane,2025-01-15,5
Robertson,2025-01-15,42
Rutherford,2025-01-15,83
Sevier,2025-01-15,149
Shelby,2025-01-15,410
Stewart,2025-01-15,7
Sullivan,2025-01-15,18
Sumner,2025-01-15,39
Tipton,2025-01-15,24
Union,2025-01-15,3
Washington,2025-01-15,8
Weakley,2025-01-15,0
Williamson,2025-01-15,16
Wilson,2025-01-15,9
Anderson,2025-01-16,4
Bedford,2025-01-16,50
Bledsoe,2025-01-16,1
Blount,2025-01-16,121
Bradley,2025-01-16,2
Campbell,2025-01-16,6
Cannon,2025-01-16,0
Cheatham,2025-01-16,2
Chester,2025-01-16,50
Claiborne,2025-01-16,13
Cocke,2025-01-16,14
Coffee,2025-01-16,44
Crockett,2025-01-16,0
Cumberland,2025-01-16,16
Davidson,2025-01-16,15
DeKalb,2025-01-16,3
Dickson,2025-01-16,0
Dyer,2025-01-16,0
Franklin,2025-01-16,7
Gibson,2025-01-16,0
Giles,2025-01-16,3
Grainger,2025-01-16,2
Greene,2025-01-16,2
Grundy,2025-01-16,1
Hamblen,2025-01-16,3
Hamilton,2025-01-16,407
Hancock,2025-01-16,25
Hardeman,2025-01-16,1
Hawkins,2025-01-16,7
Haywood,2025-01-16,2
Henry,2025-01-16,2
Hickman,2025-01-16,0
Jefferson,2025-01-16,3
Knox,2025-01-16,82
Lake,2025-01-16,0
Lauderdale,2025-01-16,0
Lawrence,2025-01-16,8
Loudon,2025-01-16,4
Macon,2025-01-16,2
Madison,2025-01-16,2
Marion,2025-01-16,3
Marshall,2025-01-16,2
Maury,2025-01-16,8
McMinn,2025-01-16,90
Meigs,2025-01-16,1
Monroe,2025-01-16,6
Montgomery,2025-01-16,213
Moore,2025-01-16,2
Obion,2025-01-16,0
Pickett,2025-01-16,1
Rhea,2025-01-16,1
Robertson,2025-01-16,27
Rutherford,2025-01-16,26
Sevier,2025-01-16,33
Shelby,2025-01-16,2077
Smith,2025-01-16,0
Stewart,2025-01-16,2
Sullivan,2025-01-16,13
Sumner,2025-01-16,17
Tipton,2025-01-16,2
Trousdale,2025-01-16,0
Union,2025-01-16,3
Warren,2025-01-16,0
Washington,2025-01-16,20
Weakley,2025-01-16,0
Williamson,2025-01-16,90
Wilson,2025-01-16,86
Anderson,2025-01-17,21
Bedford,2025-01-17,62
Bledsoe,2025-01-17,1
Blount,2025-01-17,59
Bradley,2025-01-17,39
Cannon,2025-01-17,1
Cheatham,2025-01-17,2
Claiborne,2025-01-17,2
Cocke,2025-01-17,1089
Coffee,2025-01-17,71
Crockett,2025-01-17,0
Cumberland,2025-01-17,3379
Davidson,2025-01-17,244
DeKalb,2025-01-17,1
Dyer,2025-01-17,0
Fayette,2025-01-17,3
Fentress,2025-01-17,1
Franklin,2025-01-17,42
Gibson,2025-01-17,0
Giles,2025-01-17,1
Grainger,2025-01-17,2
Greene,2025-01-17,5
Hamblen,2025-01-17,2
Hamilton,2025-01-17,48
Hawkins,2025-01-17,7
Haywood,2025-01-17,0
Jefferson,2025-01-17,11
Knox,2025-01-17,128
Lake,2025-01-17,0
Lauderdale,2025-01-17,0
Lawrence,2025-01-17,5
Loudon,2025-01-17,51
Macon,2025-01-17,544
Madison,2025-01-17,3
Marion,2025-01-17,27
Marshall,2025-01-17,2
Maury,2025-01-17,1842
McMinn,2025-01-17,12
Meigs,2025-01-17,1
Monroe,2025-01-17,7
Montgomery,2025-01-17,1676
Obion,2025-01-17,0
Pickett,2025-01-17,1
Polk,2025-01-17,1
Rhea,2025-01-17,4
Roane,2025-01-17,60
Robertson,2025-01-17,19
Rutherford,2025-01-17,30
Sequatchie,2025-01-17,2
Sevier,2025-01-17,129
Shelby,2025-01-17,1556
Sullivan,2025-01-17,24
Sumner,2025-01-17,6
Tipton,2025-01-17,1
Trousdale,2025-01-17,6
Unicoi,2025-01-17,1
Washington,2025-01-17,216
Weakley,2025-01-17,0
White,2025-01-17,9
Williamson,2025-01-17,7
Wilson,2025-01-17,19
Anderson,2025-01-18,18
Bedford,2025-01-18,2
Bledsoe,2025-01-18,8
Blount,2025-01-18,41
Bradley,2025-01-18,4
Campbell,2025-01-18,220
Cannon,2025-01-18,24
Cheatham,2025-01-18,2
Chester,2025-01-18,2
Claiborne,2025-01-18,19
Cocke,2025-01-18,40
Coffee,2025-01-18,71
Crockett,2025-01-18,0
Cumberland,2025-01-18,3402
Davidson,2025-01-18,2052
Dyer,2025-01-18,0
Fayette,2025-01-18,465
Fentress,2025-01-18,1
Gibson,2025-01-18,0
Giles,2025-01-18,49
Grainger,2025-01-18,2
Greene,2025-01-18,1
Grundy,2025-01-18,21
Hamblen,2025-01-18,2
Hamilton,2025-01-18,6
Hancock,2025-01-18,2
Hawkins,2025-01-18,5
Haywood,2025-01-18,0
Henderson,2025-01-18,1
Henry,2025-01-18,9
Jefferson,2025-01-18,2
Knox,2025-01-18,323
Lake,2025-01-18,0
Lauderdale,2025-01-18,0
Lawrence,2025-01-18,3
Loudon,2025-01-18,4
Macon,2025-01-18,7
Madison,2025-01-18,4
Marion,2025-01-18,1
Marshall,2025-01-18,24
Maury,2025-01-18,1
McMinn,2025-01-18,14
Meigs,2025-01-18,404
Monroe,2025-01-18,25
Montgomery,2025-01-18,8
Obion,2025-01-18,0
Overton,2025-01-18,1
Pickett,2025-01-18,2
Polk,2025-01-18,1
Rhea,2025-01-18,4
Roane,2025-01-18,15
Robertson,2025-01-18,7
Rutherford,2025-01-18,5
Sevier,2025-01-18,91
Shelby,2025-01-18,1251
Stewart,2025-01-18,12
Sullivan,2025-01-18,9
Sumner,2025-01-18,4
Tipton,2025-01-18,8
Unicoi,2025-01-18,1
Union,2025-01-18,15
Washington,2025-01-18,6
Weakley,2025-01-18,0
Williamson,2025-01-18,7
Wilson,2025-01-18,1
Bedford,2025-01-19,3
Bledsoe,2025-01-19,1
Blount,2025-01-19,2
Bradley,2025-01-19,1
Campbell,2025-01-19,15
Cannon,2025-01-19,1
Cheatham,2025-01-19,1
Chester,2025-01-19,2
Claiborne,2025-01-19,1
Clay,2025-01-19,1
Cocke,2025-01-19,13
Crockett,2025-01-19,0
Cumberland,2025-01-19,2
Davidson,2025-01-19,6
Dyer,2025-01-19,0
Fayette,2025-01-19,406
Fentress,2025-01-19,1
Franklin,2025-01-19,33
Gibson,2025-01-19,0
Greene,2025-01-19,1492
Grundy,2025-01-19,1
Hamblen,2025-01-19,7
Hamilton,2025-01-19,27
Hawkins,2025-01-19,19
Haywood,2025-01-19,0
Henry,2025-01-19,1
Jefferson,2025-01-19,27
Knox,2025-01-19,48
Lake,2025-01-19,0
Lauderdale,2025-01-19,0
Lawrence,2025-01-19,3
Loudon,2025-01-19,1
Macon,2025-01-19,2
Madison,2025-01-19,15
Marion,2025-01-19,2
Maury,2025-01-19,6
Meigs,2025-01-19,10
Montgomery,2025-01-19,1
Obion,2025-01-19,0
Rhea,2025-01-19,1
Roane,2025-01-19,6
Robertson,2025-01-19,1
Rutherford,2025-01-19,24
Sevier,2025-01-19,139
Shelby,2025-01-19,230
Sullivan,2025-01-19,197
Sumner,2025-01-19,1
Tipton,2025-01-19,3
Washington,2025-01-19,35
Weakley,2025-01-19,0
Williamson,2025-01-19,1
Wilson,2025-01-19,14
Bedford,2025-01-20,3
Bledsoe,2025-01-20,5
Blount,2025-01-20,1432
Bradley,2025-01-20,1102
Campbell,2025-01-20,82
Cannon,2025-01-20,1
Cheatham,2025-01-20,67
Chester,2025-01-20,2
Claiborne,2025-01-20,2
Cocke,2025-01-20,35
Coffee,2025-01-20,16
Crockett,2025-01-20,0
Cumberland,2025-01-20,1195
Davidson,2025-01-20,751
DeKalb,2025-01-20,0
Dickson,2025-01-20,0
Dyer,2025-01-20,0
Fayette,2025-01-20,405
Fentress,2025-01-20,599
Franklin,2025-01-20,33
Gibson,2025-01-20,0
Giles,2025-01-20,12
Grainger,2025-01-20,2
Greene,2025-01-20,1
Grundy,2025-01-20,116
Hamblen,2025-01-20,17
Hamilton,2025-01-20,221
Hawkins,2025-01-20,5
Haywood,2025-01-20,2
Henry,2025-01-20,30
Hickman,2025-01-20,0
Jefferson,2025-01-20,5
Knox,2025-01-20,36
Lake,2025-01-20,0
Lauderdale,2025-01-20,0
Lawrence,2025-01-20,31
Macon,2025-01-20,1114
Madison,2025-01-20,115
Marion,2025-01-20,74
Marshall,2025-01-20,1
Maury,2025-01-20,114
McMinn,2025-01-20,90
Meigs,2025-01-20,118
Monroe,2025-01-20,3
Montgomery,2025-01-20,784
Moore,2025-01-20,1
Obion,2025-01-20,0
Overton,2025-01-20,5
Pickett,2025-01-20,3
Polk,2025-01-20,1
Putnam,2025-01-20,71
Rhea,2025-01-20,10
Roane,2025-01-20,1
Robertson,2025-01-20,2
Rutherford,2025-01-20,1273
Scott,2025-01-20,16
Sevier,2025-01-20,135
Shelby,2025-01-20,25
Smith,2025-01-20,0
Stewart,2025-01-20,634
Sullivan,2025-01-20,34
Sumner,2025-01-20,4192
Tipton,2025-01-20,3
Trousdale,2025-01-20,0
Union,2025-01-20,4
Warren,2025-01-20,0
Washington,2025-01-20,28
Weakley,2025-01-20,0
White,2025-01-20,12
Williamson,2025-01-20,1183
Wilson,2025-01-20,12
Anderson,2025-01-21,35
Bledsoe,2025-01-21,2
Blount,2025-01-21,7
Bradley,2025-01-21,52
Cheatham,2025-01-21,1
Chester,2025-01-21,2
Claiborne,2025-01-21,23
Clay,2025-01-21,1
Cocke,2025-01-21,9
Coffee,2025-01-21,50
Crockett,2025-01-21,0
Cumberland,2025-01-21,518
Davidson,2025-01-21,63
DeKalb,2025-01-21,1
Dyer,2025-01-21,0
Fayette,2025-01-21,31
Fentress,2025-01-21,2
Franklin,2025-01-21,38
Gibson,2025-01-21,0
Giles,2025-01-21,5
Grainger,2025-01-21,1
Greene,2025-01-21,2
Grundy,2025-01-21,4
Hamblen,2025-01-21,35
Hamilton,2025-01-21,698
Hancock,2025-01-21,8
Hawkins,2025-01-21,55
Haywood,2025-01-21,0
Henry,2025-01-21,30
Jefferson,2025-01-21,97
Knox,2025-01-21,82
Lake,2025-01-21,0
Lauderdale,2025-01-21,0
Lawrence,2025-01-21,74
Loudon,2025-01-21,12
Macon,2025-01-21,2
Madison,2025-01-21,2
Marion,2025-01-21,2
Marshall,2025-01-21,3
Maury,2025-01-21,1
McMinn,2025-01-21,1
Meigs,2025-01-21,1
Monroe,2025-01-21,6
Montgomery,2025-01-21,371
Obion,2025-01-21,0
Pickett,2025-01-21,2
Putnam,2025-01-21,1
Rhea,2025-01-21,1
Roane,2025-01-21,10
Robertson,2025-01-21,19
Rutherford,2025-01-21,105
Sequatchie,2025-01-21,1
Sevier,2025-01-21,176
Shelby,2025-01-21,440
Stewart,2025-01-21,13
Sullivan,2025-01-21,345
Sumner,2025-01-21,37
Tipton,2025-01-21,1034
Trousdale,2025-01-21,1
Union,2025-01-21,2
Washington,2025-01-21,400
Weakley,2025-01-21,0
White,2025-01-21,1
Williamson,2025-01-21,1361
Wilson,2025-01-21,2
Anderson,2025-01-22,23
Bedford,2025-01-22,2
Bledsoe,2025-01-22,5
Blount,2025-01-22,27
Bradley,2025-01-22,534
Campbell,2025-01-22,174
Cannon,2025-01-22,2
Cheatham,2025-01-22,11
Chester,2025-01-22,1
Claiborne,2025-01-22,6
Cocke,2025-01-22,43
Coffee,2025-01-22,4
Crockett,2025-01-22,0
Cumberland,2025-01-22,74
Davidson,2025-01-22,364
Dyer,2025-01-22,0
Fayette,2025-01-22,9
Fentress,2025-01-22,3
Franklin,2025-01-22,13
Gibson,2025-01-22,0
Giles,2025-01-22,3025
Grainger,2025-01-22,32
Greene,2025-01-22,3
Grundy,2025-01-22,4
Hamblen,2025-01-22,7
Hamilton,2025-01-22,981
Hancock,2025-01-22,1
Hawkins,2025-01-22,8
Haywood,2025-01-22,4
Henry,2025-01-22,11
Jefferson,2025-01-22,64
Knox,2025-01-22,244
Lake,2025-01-22,0
Lauderdale,2025-01-22,0
Lawrence,2025-01-22,74
Loudon,2025-01-22,3
Macon,2025-01-22,4
Madison,2025-01-22,391
Marion,2025-01-22,208
Marshall,2025-01-22,8
Maury,2025-01-22,170
McMinn,2025-01-22,58
Meigs,2025-01-22,180
Monroe,2025-01-22,39
Montgomery,2025-01-22,1474
Moore,2025-01-22,1
Obion,2025-01-22,0
Pickett,2025-01-22,1822
Polk,2025-01-22,694
Rhea,2025-01-22,3
Roane,2025-01-22,2773
Robertson,2025-01-22,2
Rutherford,2025-01-22,17
Sequatchie,2025-01-22,1
Sevier,2025-01-22,100
Shelby,2025-01-22,1758
Smith,2025-01-22,80
Stewart,2025-01-22,86
Sullivan,2025-01-22,19
Sumner,2025-01-22,28
Tipton,2025-01-22,1
Trousdale,2025-01-22,374
Unicoi,2025-01-22,1
Union,2025-01-22,4
Washington,2025-01-22,105
Weakley,2025-01-22,0
Williamson,2025-01-22,1767
Wilson,2025-01-22,1246
Anderson,2025-01-23,3
Bedford,2025-01-23,4
Bledsoe,2025-01-23,2
Blount,2025-01-23,36
Bradley,2025-01-23,1
Campbell,2025-01-23,96
Cannon,2025-01-23,2
Cheatham,2025-01-23,5
Chester,2025-01-23,4
Claiborne,2025-01-23,2
Clay,2025-01-23,9
Cocke,2025-01-23,16
Coffee,2025-01-23,3
Crockett,2025-01-23,0
Cumberland,2025-01-23,18
Davidson,2025-01-23,2287
DeKalb,2025-01-23,1
Dyer,2025-01-23,0
Fayette,2025-01-23,557
Fentress,2025-01-23,11
Franklin,2025-01-23,6
Gibson,2025-01-23,0
Giles,2025-01-23,9
Grainger,2025-01-23,1
Greene,2025-01-23,3
Grundy,2025-01-23,5
Hamblen,2025-01-23,6
Hamilton,2025-01-23,53
Hardeman,2025-01-23,24
Hawkins,2025-01-23,9
Haywood,2025-01-23,1
Henry,2025-01-23,140
Jefferson,2025-01-23,2
Knox,2025-01-23,90
Lake,2025-01-23,0
Lauderdale,2025-01-23,0
Lawrence,2025-01-23,7
Loudon,2025-01-23,1
Macon,2025-01-23,3
Madison,2025-01-23,8
Marion,2025-01-23,7
Marshall,2025-01-23,8
Maury,2025-01-23,7
McMinn,2025-01-23,89
Meigs,2025-01-23,5
Monroe,2025-01-23,3
Montgomery,2025-01-23,10
Moore,2025-01-23,1
Obion,2025-01-23,0
Polk,2025-01-23,1
Rhea,2025-01-23,12
Roane,2025-01-23,10
Robertson,2025-01-23,1
Rutherford,2025-01-23,268
Sequatchie,2025-01-23,1
Sevier,2025-01-23,870
Shelby,2025-01-23,1515
Smith,2025-01-23,1
Stewart,2025-01-23,13
Sullivan,2025-01-23,23
Sumner,2025-01-23,273
Tipton,2025-01-23,57
Trousdale,2025-01-23,1
Union,2025-01-23,3
Washington,2025-01-23,3
Weakley,2025-01-23,0
Williamson,2025-01-23,190
Wilson,2025-01-23,1
Anderson,2025-01-24,1
Bedford,2025-01-24,6
Bledsoe,2025-01-24,2
Blount,2025-01-24,82
Bradley,2025-01-24,4
Cannon,2025-01-24,2
Cheatham,2025-01-24,5
Chester,2025-01-24,5
Claiborne,2025-01-24,13
Cocke,2025-01-24,3
Coffee,2025-01-24,172
Cumberland,2025-01-24,189
Davidson,2025-01-24,667
DeKalb,2025-01-24,0
Dickson,2025-01-24,0
Fayette,2025-01-24,1
Franklin,2025-01-24,3
Giles,2025-01-24,4
Greene,2025-01-24,5
Grundy,2025-01-24,5
Hamblen,2025-01-24,41
Hamilton,2025-01-24,16
Hawkins,2025-01-24,40
Henry,2025-01-24,0
Hickman,2025-01-24,0
Jefferson,2025-01-24,2
Knox,2025-01-24,41
Lawrence,2025-01-24,27
Loudon,2025-01-24,2
Macon,2025-01-24,1
Madison,2025-01-24,22
Marion,2025-01-24,6
Marshall,2025-01-24,9
Maury,2025-01-24,80
McMinn,2025-01-24,1
Meigs,2025-01-24,1
Monroe,2025-01-24,1
Montgomery,2025-01-24,1
Overton,2025-01-24,1
Polk,2025-01-24,1
Rhea,2025-01-24,1
Roane,2025-01-24,1
Robertson,2025-01-24,1
Rutherford,2025-01-24,1152
Sevier,2025-01-24,18
Shelby,2025-01-24,987
Smith,2025-01-24,0
Sullivan,2025-01-24,133
Sumner,2025-01-24,2
Tipton,2025-01-24,3
Trousdale,2025-01-24,0
Unicoi,2025-01-24,2
Union,2025-01-24,9
Warren,2025-01-24,0
Washington,2025-01-24,34
Weakley,2025-01-24,0
Williamson,2025-01-24,34
Wilson,2025-01-24,4
Anderson,2025-01-25,1
Bedford,2025-01-25,64
Bledsoe,2025-01-25,3
Blount,2025-01-25,1
Campbell,2025-01-25,13
Cheatham,2025-01-25,1
Claiborne,2025-01-25,9
Cocke,2025-01-25,5
Coffee,2025-01-25,11
Cumberland,2025-01-25,363
Davidson,2025-01-25,667
Fentress,2025-01-25,1
Franklin,2025-01-25,1
Giles,2025-01-25,2
Greene,2025-01-25,5
Grundy,2025-01-25,3
Hamilton,2025-01-25,41
Hancock,2025-01-25,42
Hardeman,2025-01-25,3
Haywood,2025-01-25,13
Henderson,2025-01-25,2
Henry,2025-01-25,1
Jefferson,2025-01-25,2
Knox,2025-01-25,219
Lawrence,2025-01-25,3
Madison,2025-01-25,22
Marion,2025-01-25,9
Marshall,2025-01-25,1
Maury,2025-01-25,6
McMinn,2025-01-25,1
Meigs,2025-01-25,3
Monroe,2025-01-25,12
Montgomery,2025-01-25,5
Polk,2025-01-25,1
Putnam,2025-01-25,1
Rhea,2025-01-25,1
Robertson,2025-01-25,9
Rutherford,2025-01-25,21
Sequatchie,2025-01-25,1
Sevier,2025-01-25,325
Shelby,2025-01-25,257
Stewart,2025-01-25,1
Sullivan,2025-01-25,134
Sumner,2025-01-25,2
Tipton,2025-01-25,16
Union,2025-01-25,3
Washington,2025-01-25,1
White,2025-01-25,153
Williamson,2025-01-25,2
Wilson,2025-01-25,1
Anderson,2025-01-26,3
Bedford,2025-01-26,691
Bledsoe,2025-01-26,1
Blount,2025-01-26,25
Bradley,2025-01-26,1
Campbell,2025-01-26,27
Cannon,2025-01-26,1
Cheatham,2025-01-26,1
Chester,2025-01-26,2
Claiborne,2025-01-26,2144
Cocke,2025-01-26,1
Coffee,2025-01-26,107
Cumberland,2025-01-26,1
Davidson,2025-01-26,375
Giles,2025-01-26,23
Grainger,2025-01-26,1
Greene,2025-01-26,1
Hamblen,2025-01-26,9
Hamilton,2025-01-26,413
Hawkins,2025-01-26,3
Henry,2025-01-26,18
Jefferson,2025-01-26,1
Knox,2025-01-26,852
Lawrence,2025-01-26,2
Madison,2025-01-26,26
Marion,2025-01-26,11
Marshall,2025-01-26,7
Maury,2025-01-26,12
Meigs,2025-01-26,1
Monroe,2025-01-26,5
Montgomery,2025-01-26,70
Overton,2025-01-26,1
Rhea,2025-01-26,1
Robertson,2025-01-26,4
Rutherford,2025-01-26,18
Scott,2025-01-26,23
Sequatchie,2025-01-26,43
Sevier,2025-01-26,11
Shelby,2025-01-26,2028
Sullivan,2025-01-26,42
Sumner,2025-01-26,166
Tipton,2025-01-26,57
Union,2025-01-26,97
Washington,2025-01-26,5
Williamson,2025-01-26,3
Wilson,2025-01-26,37
Bedford,2025-01-27,40
Bledsoe,2025-01-27,2
Blount,2025-01-27,23
Bradley,2025-01-27,2
Campbell,2025-01-27,78
Cannon,2025-01-27,2
Cheatham,2025-01-27,3
Chester,2025-01-27,4
Claiborne,2025-01-27,14
Cocke,2025-01-27,1
Coffee,2025-01-27,8
Cumberland,2025-01-27,1
Davidson,2025-01-27,593
DeKalb,2025-01-27,4
Dickson,2025-01-27,0
Fayette,2025-01-27,3
Fentress,2025-01-27,7
Franklin,2025-01-27,10
Giles,2025-01-27,1233
Greene,2025-01-27,356
Grundy,2025-01-27,1
Hamblen,2025-01-27,21
Hamilton,2025-01-27,1512
Hardeman,2025-01-27,1
Hawkins,2025-01-27,86
Haywood,2025-01-27,6
Henry,2025-01-27,72
Hickman,2025-01-27,0
Jefferson,2025-01-27,36
Knox,2025-01-27,405
Lawrence,2025-01-27,4
Loudon,2025-01-27,8
Macon,2025-01-27,3
Madison,2025-01-27,26
Marion,2025-01-27,11
Marshall,2025-01-27,2
Maury,2025-01-27,7
McMinn,2025-01-27,2
Monroe,2025-01-27,15
Pickett,2025-01-27,1
Polk,2025-01-27,1
Putnam,2025-01-27,5
Roane,2025-01-27,1
Robertson,2025-01-27,3
Rutherford,2025-01-27,28
Sequatchie,2025-01-27,2
Sevier,2025-01-27,20
Shelby,2025-01-27,203
Smith,2025-01-27,1
Stewart,2025-01-27,3
Sullivan,2025-01-27,18
Sumner,2025-01-27,6
Tipton,2025-01-27,57
Trousdale,2025-01-27,1
Union,2025-01-27,252
Warren,2025-01-27,0
Washington,2025-01-27,7
Williamson,2025-01-27,16
Wilson,2025-01-27,11
Anderson,2025-01-28,4
Bedford,2025-01-28,997
Bledsoe,2025-01-28,7
Blount,2025-01-28,17
Bradley,2025-01-28,2
Campbell,2025-01-28,17
Cannon,2025-01-28,2
Cheatham,2025-01-28,279
Chester,2025-01-28,17
Claiborne,2025-01-28,23
Cocke,2025-01-28,2
Coffee,2025-01-28,15
Cumberland,2025-01-28,1
Davidson,2025-01-28,1546
DeKalb,2025-01-28,4
Fayette,2025-01-28,7
Fentress,2025-01-28,1269
Franklin,2025-01-28,75
Giles,2025-01-28,9
Grainger,2025-01-28,24
Greene,2025-01-28,4
Grundy,2025-01-28,15
Hamblen,2025-01-28,6
Hamilton,2025-01-28,26
Hawkins,2025-01-28,11
Haywood,2025-01-28,1
Henderson,2025-01-28,1
Henry,2025-01-28,0
Jefferson,2025-01-28,1
Knox,2025-01-28,43
Lawrence,2025-01-28,9
Loudon,2025-01-28,12
Macon,2025-01-28,579
Madison,2025-01-28,3
Marion,2025-01-28,5
Marshall,2025-01-28,3
Maury,2025-01-28,318
McMinn,2025-01-28,9
Meigs,2025-01-28,1
Monroe,2025-01-28,548
Montgomery,2025-01-28,6
Overton,2025-01-28,2
Pickett,2025-01-28,9
Rhea,2025-01-28,46
Roane,2025-01-28,3
Robertson,2025-01-28,3
Rutherford,2025-01-28,82
Scott,2025-01-28,0
Sequatchie,2025-01-28,1
Sevier,2025-01-28,52
Shelby,2025-01-28,2513
Stewart,2025-01-28,5
Sullivan,2025-01-28,11
Sumner,2025-01-28,19
Tipton,2025-01-28,2
Trousdale,2025-01-28,1
Union,2025-01-28,3
Washington,2025-01-28,6
Weakley,2025-01-28,0
Williamson,2025-01-28,169
Wilson,2025-01-28,11
Anderson,2025-01-29,0
Bedford,2025-01-29,9
Bledsoe,2025-01-29,3
Blount,2025-01-29,21
Bradley,2025-01-29,43
Campbell,2025-01-29,4
Cannon,2025-01-29,4
Cheatham,2025-01-29,2
Chester,2025-01-29,4
Claiborne,2025-01-29,8
Clay,2025-01-29,5
Cocke,2025-01-29,3
Coffee,2025-01-29,5
Cumberland,2025-01-29,2448
Davidson,2025-01-29,57
DeKalb,2025-01-29,3
Fayette,2025-01-29,1
Fentress,2025-01-29,1
Franklin,2025-01-29,2
Giles,2025-01-29,21
Grainger,2025-01-29,194
Greene,2025-01-29,41
Grundy,2025-01-29,40
Hamblen,2025-01-29,6
Hamilton,2025-01-29,284
Hancock,2025-01-29,1516
Hardeman,2025-01-29,1
Hawkins,2025-01-29,146
Henry,2025-01-29,1
Jefferson,2025-01-29,22
Knox,2025-01-29,106
Lawrence,2025-01-29,5
Loudon,2025-01-29,2
Macon,2025-01-29,14
Madison,2025-01-29,19
Marion,2025-01-29,2
Marshall,2025-01-29,4
Maury,2025-01-29,30
McMinn,2025-01-29,40
Meigs,2025-01-29,75
Monroe,2025-01-29,54
Montgomery,2025-01-29,9
Moore,2025-01-29,1
Pickett,2025-01-29,1
Putnam,2025-01-29,2
Rhea,2025-01-29,48
Roane,2025-01-29,1998
Robertson,2025-01-29,37
Rutherford,2025-01-29,80
Sequatchie,2025-01-29,3
Sevier,2025-01-29,41
Shelby,2025-01-29,458
Stewart,2025-01-29,3
Sullivan,2025-01-29,10
Sumner,2025-01-29,3
Tipton,2025-01-29,2
Unicoi,2025-01-29,0
Washington,2025-01-29,48
White,2025-01-29,1
Williamson,2025-01-29,32
Wilson,2025-01-29,24
Anderson,2025-01-30,3
Bedford,2025-01-30,76
Bledsoe,2025-01-30,18
Blount,2025-01-30,121
Bradley,2025-01-30,1
Campbell,2025-01-30,14
Cannon,2025-01-30,1
Cheatham,2025-01-30,7
Chester,2025-01-30,6
Claiborne,2025-01-30,133
Cocke,2025-01-30,10
Coffee,2025-01-30,6
Cumberland,2025-01-30,2489
Davidson,2025-01-30,563
DeKalb,2025-01-30,0
Dickson,2025-01-30,0
Fayette,2025-01-30,1
Fentress,2025-01-30,1
Franklin,2025-01-30,5
Gibson,2025-01-30,32
Giles,2025-01-30,15
Grainger,2025-01-30,28
Greene,2025-01-30,52
Grundy,2025-01-30,2
Hamblen,2025-01-30,2
Hamilton,2025-01-30,111
Hardeman,2025-01-30,8
Hawkins,2025-01-30,47
Haywood,2025-01-30,25
Henry,2025-01-30,83
Hickman,2025-01-30,0
Knox,2025-01-30,73
Lauderdale,2025-01-30,360
Lawrence,2025-01-30,54
Loudon,2025-01-30,36
Marion,2025-01-30,2
Marshall,2025-01-30,2
Maury,2025-01-30,1106
McMinn,2025-01-30,37
Meigs,2025-01-30,75
Monroe,2025-01-30,18
Montgomery,2025-01-30,96
Rhea,2025-01-30,77
Rutherford,2025-01-30,1811
Sequatchie,2025-01-30,46
Sevier,2025-01-30,163
Shelby,2025-01-30,300
Smith,2025-01-30,0
Stewart,2025-01-30,1
Sullivan,2025-01-30,182
Sumner,2025-01-30,16
Tipton,2025-01-30,1
Trousdale,2025-01-30,0
Union,2025-01-30,2
Warren,2025-01-30,0
Washington,2025-01-30,3
Williamson,2025-01-30,29
Wilson,2025-01-30,13
Anderson,2025-01-31,24
Bedford,2025-01-31,20
Bledsoe,2025-01-31,18
Blount,2025-01-31,33
Bradley,2025-01-31,26
Campbell,2025-01-31,17
Cannon,2025-01-31,61
Carroll,2025-01-31,0
Chester,2025-01-31,6
Claiborne,2025-01-31,19
Clay,2025-01-31,45
Cocke,2025-01-31,123
Coffee,2025-01-31,947
Cumberland,2025-01-31,2517
Davidson,2025-01-31,3095
DeKalb,2025-01-31,15
Fayette,2025-01-31,13
Franklin,2025-01-31,1
Gibson,2025-01-31,32
Giles,2025-01-31,14
Grainger,2025-01-31,444
Greene,2025-01-31,18
Grundy,2025-01-31,197
Hamblen,2025-01-31,16
Hamilton,2025-01-31,64
Hancock,2025-01-31,24
Hawkins,2025-01-31,29
Haywood,2025-01-31,25
Henry,2025-01-31,42
Jefferson,2025-01-31,49
Knox,2025-01-31,1090
Lawrence,2025-01-31,26
Loudon,2025-01-31,17
Madison,2025-01-31,46
Marion,2025-01-31,4
Marshall,2025-01-31,28
Maury,2025-01-31,2
McMinn,2025-01-31,476
Meigs,2025-01-31,6
Monroe,2025-01-31,238
Montgomery,2025-01-31,58
Moore,2025-01-31,17
Morgan,2025-01-31,4
Pickett,2025-01-31,61
Polk,2025-01-31,1
Putnam,2025-01-31,1
Rhea,2025-01-31,20
Roane,2025-01-31,1
Robertson,2025-01-31,142
Rutherford,2025-01-31,77
Sequatchie,2025-01-31,62
Sevier,2025-01-31,126
Shelby,2025-01-31,3049
Stewart,2025-01-31,9
Sullivan,2025-01-31,24
Sumner,2025-01-31,6
Tipton,2025-01-31,5
Unicoi,2025-01-31,5
Union,2025-01-31,145
Washington,2025-01-31,432
Weakley,2025-01-31,0
Williamson,2025-01-31,183
Wilson,2025-01-31,277
Anderson,2025-02-01,2
Bledsoe,2025-02-01,2
Blount,2025-02-01,59
Bradley,2025-02-01,40
Campbell,2025-02-01,57
Cheatham,2025-02-01,44
Claiborne,2025-02-01,5
Clay,2025-02-01,45
Cocke,2025-02-01,10
Coffee,2025-02-01,4
Cumberland,2025-02-01,1
Davidson,2025-02-01,29
Fayette,2025-02-01,1
Fentress,2025-02-01,1
Gibson,2025-02-01,1
Grainger,2025-02-01,6
Greene,2025-02-01,1
Grundy,2025-02-01,1
Hamblen,2025-02-01,1
Hamilton,2025-02-01,27
Hancock,2025-02-01,1
Haywood,2025-02-01,2
Henry,2025-02-01,1
Jefferson,2025-02-01,1002
Knox,2025-02-01,158
Lawrence,2025-02-01,4
Loudon,2025-02-01,33
Macon,2025-02-01,7
Marion,2025-02-01,3
Maury,2025-02-01,2
McMinn,2025-02-01,1
Meigs,2025-02-01,1
Monroe,2025-02-01,4
Montgomery,2025-02-01,2
Rhea,2025-02-01,1
Roane,2025-02-01,1
Robertson,2025-02-01,3
Rutherford,2025-02-01,5
Sequatchie,2025-02-01,5
Sevier,2025-02-01,4
Shelby,2025-02-01,1681
Stewart,2025-02-01,3
Sullivan,2025-02-01,10
Sumner,2025-02-01,7
Tipton,2025-02-01,4
Union,2025-02-01,1081
Washington,2025-02-01,1
Williamson,2025-02-01,7
Wilson,2025-02-01,3
Anderson,2025-02-02,0
Bedford,2025-02-02,1
Bledsoe,2025-02-02,555
Blount,2025-02-02,29
Bradley,2025-02-02,3
Cheatham,2025-02-02,462
Claiborne,2025-02-02,3
Cocke,2025-02-02,20
Coffee,2025-02-02,16
Cumberland,2025-02-02,124
Davidson,2025-02-02,238
Fayette,2025-02-02,1
Fentress,2025-02-02,2140
Franklin,2025-02-02,6
Grainger,2025-02-02,16
Greene,2025-02-02,2
Grundy,2025-02-02,2
Hamblen,2025-02-02,6
Hamilton,2025-02-02,70
Hawkins,2025-02-02,4
Haywood,2025-02-02,1
Henderson,2025-02-02,37
Henry,2025-02-02,1
Jefferson,2025-02-02,9
Knox,2025-02-02,1081
Lawrence,2025-02-02,4
Macon,2025-02-02,2
Marion,2025-02-02,3
Maury,2025-02-02,32
McMinn,2025-02-02,1
Meigs,2025-02-02,2
Monroe,2025-02-02,1
Montgomery,2025-02-02,36
Pickett,2025-02-02,22
Polk,2025-02-02,1
Rhea,2025-02-02,7403
Roane,2025-02-02,16
Robertson,2025-02-02,119
Rutherford,2025-02-02,4
Scott,2025-02-02,17
Sevier,2025-02-02,5389
Shelby,2025-02-02,615
Stewart,2025-02-02,1
Sullivan,2025-02-02,1
Sumner,2025-02-02,3
Tipton,2025-02-02,7
Union,2025-02-02,167
Washington,2025-02-02,5
Williamson,2025-02-02,2
Wilson,2025-02-02,1
Anderson,2025-02-03,17
Bedford,2025-02-03,14
Bledsoe,2025-02-03,2
Blount,2025-02-03,27
Bradley,2025-02-03,51
Campbell,2025-02-03,6
Cannon,2025-02-03,6
Cheatham,2025-02-03,5
Claiborne,2025-02-03,3
Cocke,2025-02-03,50
Coffee,2025-02-03,2
Cumberland,2025-02-03,13
Davidson,2025-02-03,1844
DeKalb,2025-02-03,0
Dickson,2025-02-03,0
Fayette,2025-02-03,1
Fentress,2025-02-03,2
Franklin,2025-02-03,6
Giles,2025-02-03,11
Grainger,2025-02-03,1
Greene,2025-02-03,1089
Grundy,2025-02-03,7
Hamblen,2025-02-03,13
Hamilton,2025-02-03,61
Hancock,2025-02-03,8
Hawkins,2025-02-03,1063
Haywood,2025-02-03,8
Henry,2025-02-03,179
Hickman,2025-02-03,0
Jefferson,2025-02-03,79
Knox,2025-02-03,6130
Lawrence,2025-02-03,6
Loudon,2025-02-03,2
Macon,2025-02-03,32
Madison,2025-02-03,24
Marion,2025-02-03,6
Marshall,2025-02-03,6
Maury,2025-02-03,36
McMinn,2025-02-03,24
Meigs,2025-02-03,2
Monroe,2025-02-03,2
Montgomery,2025-02-03,20
Overton,2025-02-03,50
Rhea,2025-02-03,57
Roane,2025-02-03,1
Robertson,2025-02-03,1
Rutherford,2025-02-03,401
Sequatchie,2025-02-03,1
Sevier,2025-02-03,53
Shelby,2025-02-03,1840
Smith,2025-02-03,0
Stewart,2025-02-03,1
Sullivan,2025-02-03,38
Sumner,2025-02-03,33
Tipton,2025-02-03,3
Trousdale,2025-02-03,0
Unicoi,2025-02-03,1
Union,2025-02-03,28
Warren,2025-02-03,0
Washington,2025-02-03,76
White,2025-02-03,1
Williamson,2025-02-03,63
Wilson,2025-02-03,159
Anderson,2025-02-04,5
Bedford,2025-02-04,23
Bledsoe,2025-02-04,13
Blount,2025-02-04,25
Bradley,2025-02-04,357
Campbell,2025-02-04,27
Cannon,2025-02-04,2
Cheatham,2025-02-04,2
Chester,2025-02-04,1
Claiborne,2025-02-04,56
Cocke,2025-02-04,14
Coffee,2025-02-04,4
Cumberland,2025-02-04,24
Davidson,2025-02-04,318
DeKalb,2025-02-04,1
Franklin,2025-02-04,9
Giles,2025-02-04,4
Grainger,2025-02-04,29
Greene,2025-02-04,60
Grundy,2025-02-04,1
Hamblen,2025-02-04,1
Hamilton,2025-02-04,59
Hancock,2025-02-04,1
Hawkins,2025-02-04,14
Henry,2025-02-04,47
Jefferson,2025-02-04,9
Knox,2025-02-04,115
Lauderdale,2025-02-04,1
Lawrence,2025-02-04,8
Loudon,2025-02-04,4
Madison,2025-02-04,11
Marion,2025-02-04,5
Marshall,2025-02-04,9
Maury,2025-02-04,16
McMinn,2025-02-04,317
Meigs,2025-02-04,2
Monroe,2025-02-04,62
Montgomery,2025-02-04,134
Moore,2025-02-04,1
Pickett,2025-02-04,1
Polk,2025-02-04,752
Rhea,2025-02-04,1
Roane,2025-02-04,1
Robertson,2025-02-04,6
Rutherford,2025-02-04,125
Sequatchie,2025-02-04,1
Sevier,2025-02-04,122
Shelby,2025-02-04,209
Stewart,2025-02-04,2
Sullivan,2025-02-04,26
Sumner,2025-02-04,72
Tipton,2025-02-04,4
Trousdale,2025-02-04,1
Union,2025-02-04,5
Washington,2025-02-04,25
Williamson,2025-02-04,234
Wilson,2025-02-04,6
Anderson,2025-02-05,33
Bedford,2025-02-05,20
Bledsoe,2025-02-05,1
Blount,2025-02-05,36
Bradley,2025-02-05,2
Campbell,2025-02-05,81
Cannon,2025-02-05,3
Carroll,2025-02-05,0
Cheatham,2025-02-05,4
Claiborne,2025-02-05,3
Cocke,2025-02-05,389
Coffee,2025-02-05,6
Cumberland,2025-02-05,33
Davidson,2025-02-05,68
DeKalb,2025-02-05,4
Fayette,2025-02-05,2
Fentress,2025-02-05,2
Franklin,2025-02-05,5
Gibson,2025-02-05,12
Giles,2025-02-05,20
Grainger,2025-02-05,1
Greene,2025-02-05,13
Grundy,2025-02-05,1
Hamblen,2025-02-05,16
Hamilton,2025-02-05,160
Hancock,2025-02-05,1
Hawkins,2025-02-05,44
Haywood,2025-02-05,4
Henry,2025-02-05,1
Jefferson,2025-02-05,7
Knox,2025-02-05,82
Lawrence,2025-02-05,130
Loudon,2025-02-05,4
Macon,2025-02-05,35
Madison,2025-02-05,1
Marion,2025-02-05,88
Marshall,2025-02-05,3
Maury,2025-02-05,9
McMinn,2025-02-05,3
Meigs,2025-02-05,20
Monroe,2025-02-05,6
Montgomery,2025-02-05,5
Moore,2025-02-05,2
Morgan,2025-02-05,28
Overton,2025-02-05,1
Polk,2025-02-05,16
Rhea,2025-02-05,1
Roane,2025-02-05,1
Robertson,2025-02-05,5
Rutherford,2025-02-05,12
Sevier,2025-02-05,22
Shelby,2025-02-05,15280
Stewart,2025-02-05,2
Sullivan,2025-02-05,16
Sumner,2025-02-05,5
Tipton,2025-02-05,3
Trousdale,2025-02-05,2
Unicoi,2025-02-05,57
Union,2025-02-05,10
Washington,2025-02-05,6592
Weakley,2025-02-05,0
Williamson,2025-02-05,25
Wilson,2025-02-05,8
Anderson,2025-02-06,9
Bedford,2025-02-06,5
Bledsoe,2025-02-06,168
Blount,2025-02-06,272
Bradley,2025-02-06,3
Campbell,2025-02-06,16
Cannon,2025-02-06,6
Cheatham,2025-02-06,1
Claiborne,2025-02-06,4293
Cocke,2025-02-06,2163
Coffee,2025-02-06,1
Cumberland,2025-02-06,1392
Davidson,2025-02-06,33
Fayette,2025-02-06,2
Fentress,2025-02-06,240
Franklin,2025-02-06,7
Giles,2025-02-06,2
Grainger,2025-02-06,472
Greene,2025-02-06,792
Grundy,2025-02-06,1
Hamblen,2025-02-06,129
Hamilton,2025-02-06,50
Hancock,2025-02-06,99
Hawkins,2025-02-06,473
Haywood,2025-02-06,7
Henderson,2025-02-06,1
Henry,2025-02-06,236
Jefferson,2025-02-06,358
Knox,2025-02-06,1920
Lawrence,2025-02-06,12
Loudon,2025-02-06,2
Macon,2025-02-06,2
Madison,2025-02-06,22
Marion,2025-02-06,30
Marshall,2025-02-06,3
Maury,2025-02-06,1
McMinn,2025-02-06,20
Meigs,2025-02-06,1
Monroe,2025-02-06,1179
Montgomery,2025-02-06,137
Morgan,2025-02-06,1
Overton,2025-02-06,417
Putnam,2025-02-06,93
Rhea,2025-02-06,108
Roane,2025-02-06,0
Robertson,2025-02-06,657
Rutherford,2025-02-06,10
Sequatchie,2025-02-06,3
Sevier,2025-02-06,722
Shelby,2025-02-06,2458
Stewart,2025-02-06,2
Sullivan,2025-02-06,61
Sumner,2025-02-06,23
Tipton,2025-02-06,2
Trousdale,2025-02-06,9
Union,2025-02-06,23
Van Buren,2025-02-06,18
Washington,2025-02-06,75
White,2025-02-06,757
Williamson,2025-02-06,2
Wilson,2025-02-06,7
Anderson,2025-02-07,3
Bedford,2025-02-07,14
Bledsoe,2025-02-07,1
Blount,2025-02-07,12
Bradley,2025-02-07,273
Campbell,2025-02-07,120
Cannon,2025-02-07,1
Cheatham,2025-02-07,4
Chester,2025-02-07,1
Claiborne,2025-02-07,58
Cocke,2025-02-07,422
Coffee,2025-02-07,32
Cumberland,2025-02-07,1
Davidson,2025-02-07,19
Fayette,2025-02-07,4
Fentress,2025-02-07,239
Franklin,2025-02-07,5
Gibson,2025-02-07,12
Giles,2025-02-07,729
Grainger,2025-02-07,472
Greene,2025-02-07,4
Hamilton,2025-02-07,70
Hancock,2025-02-07,4
Hawkins,2025-02-07,71
Henry,2025-02-07,36
Jefferson,2025-02-07,358
Knox,2025-02-07,1353
Lawrence,2025-02-07,7
Loudon,2025-02-07,123
Madison,2025-02-07,2
Marion,2025-02-07,10
Marshall,2025-02-07,2
McMinn,2025-02-07,2
Meigs,2025-02-07,8
Monroe,2025-02-07,165
Montgomery,2025-02-07,51
Morgan,2025-02-07,1
Overton,2025-02-07,416
Pickett,2025-02-07,1
Putnam,2025-02-07,2
Roane,2025-02-07,22
Robertson,2025-02-07,3
Rutherford,2025-02-07,18
Sequatchie,2025-02-07,1
Sevier,2025-02-07,452
Shelby,2025-02-07,1243
Stewart,2025-02-07,1
Sullivan,2025-02-07,44
Sumner,2025-02-07,3
Union,2025-02-07,10
Van Buren,2025-02-07,18
Washington,2025-02-07,65
White,2025-02-07,1
Williamson,2025-02-07,6
Wilson,2025-02-07,4
Anderson,2025-02-08,14
Bedford,2025-02-08,2
Blount,2025-02-08,41
Bradley,2025-02-08,1
Campbell,2025-02-08,152
Cannon,2025-02-08,2
Cheatham,2025-02-08,5
Chester,2025-02-08,5
Claiborne,2025-02-08,32
Cocke,2025-02-08,5
Coffee,2025-02-08,2
Cumberland,2025-02-08,524
Davidson,2025-02-08,382
Fentress,2025-02-08,30
Franklin,2025-02-08,3
Giles,2025-02-08,7
Grainger,2025-02-08,3
Greene,2025-02-08,34
Hamblen,2025-02-08,13
Hamilton,2025-02-08,6
Hancock,2025-02-08,17
Hawkins,2025-02-08,16
Henry,2025-02-08,0
Knox,2025-02-08,66
Lawrence,2025-02-08,4
Loudon,2025-02-08,57
Macon,2025-02-08,218
Madison,2025-02-08,32
Marion,2025-02-08,604
Marshall,2025-02-08,29
McMinn,2025-02-08,21
Monroe,2025-02-08,161
Montgomery,2025-02-08,177
Moore,2025-02-08,8
Overton,2025-02-08,36
Pickett,2025-02-08,80
Putnam,2025-02-08,119
Rhea,2025-02-08,1
Robertson,2025-02-08,2
Rutherford,2025-02-08,6
Sevier,2025-02-08,14
Shelby,2025-02-08,675
Stewart,2025-02-08,1
Sullivan,2025-02-08,70
Sumner,2025-02-08,3
Tipton,2025-02-08,2
Washington,2025-02-08,1255
Weakley,2025-02-08,0
Williamson,2025-02-08,4
Anderson,2025-02-09,25
Bedford,2025-02-09,32
Bledsoe,2025-02-09,1
Blount,2025-02-09,106
Bradley,2025-02-09,24
Carroll,2025-02-09,0
Cheatham,2025-02-09,55
Claiborne,2025-02-09,44
Cocke,2025-02-09,3
Coffee,2025-02-09,26
Cumberland,2025-02-09,5
Davidson,2025-02-09,203
Fentress,2025-02-09,2
Giles,2025-02-09,9
Greene,2025-02-09,1
Hamblen,2025-02-09,5
Hamilton,2025-02-09,308
Hancock,2025-02-09,1
Hawkins,2025-02-09,2
Henry,2025-02-09,0
Jefferson,2025-02-09,78
Knox,2025-02-09,915
Lawrence,2025-02-09,5
Loudon,2025-02-09,23
Madison,2025-02-09,2
Marion,2025-02-09,412
Marshall,2025-02-09,29
Maury,2025-02-09,1
Meigs,2025-02-09,2
Monroe,2025-02-09,350
Montgomery,2025-02-09,3
Rhea,2025-02-09,1
Roane,2025-02-09,1
Robertson,2025-02-09,38
Rutherford,2025-02-09,16030
Sequatchie,2025-02-09,2
Sevier,2025-02-09,154
Shelby,2025-02-09,42
Sullivan,2025-02-09,8
Sumner,2025-02-09,1
Tipton,2025-02-09,1
Union,2025-02-09,1
Washington,2025-02-09,3
Weakley,2025-02-09,0
Williamson,2025-02-09,5
Wilson,2025-02-09,7
Bedford,2025-02-10,5
Bledsoe,2025-02-10,132
Blount,2025-02-10,598
Bradley,2025-02-10,2
Campbell,2025-02-10,24
Cannon,2025-02-10,1
Carroll,2025-02-10,0
Cheatham,2025-02-10,4
Claiborne,2025-02-10,882
Clay,2025-02-10,11
Cocke,2025-02-10,109
Coffee,2025-02-10,1
Cumberland,2025-02-10,1173
Davidson,2025-02-10,55
DeKalb,2025-02-10,0
Dickson,2025-02-10,0
Fayette,2025-02-10,1
Fentress,2025-02-10,2142
Franklin,2025-02-10,6
Giles,2025-02-10,5
Grainger,2025-02-10,1
Greene,2025-02-10,4
Grundy,2025-02-10,1
Hamblen,2025-02-10,2
Hamilton,2025-02-10,728
Hawkins,2025-02-10,34
Henry,2025-02-10,34
Hickman,2025-02-10,0
Jefferson,2025-02-10,3
Knox,2025-02-10,796
Lauderdale,2025-02-10,1
Lawrence,2025-02-10,5
Loudon,2025-02-10,88
Macon,2025-02-10,1
Madison,2025-02-10,2
Marion,2025-02-10,12
Marshall,2025-02-10,90
Maury,2025-02-10,408
McMinn,2025-02-10,1
Meigs,2025-02-10,2
Monroe,2025-02-10,57
Montgomery,2025-02-10,59
Moore,2025-02-10,1
Pickett,2025-02-10,22
Putnam,2025-02-10,1
Rhea,2025-02-10,996
Roane,2025-02-10,1
Robertson,2025-02-10,40
Rutherford,2025-02-10,1303
Scott,2025-02-10,17
Sequatchie,2025-02-10,1
Sevier,2025-02-10,1113
Shelby,2025-02-10,1646
Smith,2025-02-10,1
Stewart,2025-02-10,4
Sullivan,2025-02-10,12
Sumner,2025-02-10,6
Tipton,2025-02-10,4
Trousdale,2025-02-10,20
Union,2025-02-10,10
Warren,2025-02-10,0
Washington,2025-02-10,225
Weakley,2025-02-10,0
Williamson,2025-02-10,89
Wilson,2025-02-10,11
Anderson,2025-02-11,20
Bedford,2025-02-11,50
Blount,2025-02-11,21
Bradley,2025-02-11,2
Campbell,2025-02-11,787
Cannon,2025-02-11,280
Cheatham,2025-02-11,2
Chester,2025-02-11,46
Claiborne,2025-02-11,132
Cocke,2025-02-11,50
Coffee,2025-02-11,1
Cumberland,2025-02-11,677
Davidson,2025-02-11,1180
Fentress,2025-02-11,1
Franklin,2025-02-11,4
Gibson,2025-02-11,5
Giles,2025-02-11,95
Grainger,2025-02-11,54
Greene,2025-02-11,540
Grundy,2025-02-11,3
Hamblen,2025-02-11,2
Hamilton,2025-02-11,242
Hancock,2025-02-11,12
Hawkins,2025-02-11,180
Henderson,2025-02-11,32
Henry,2025-02-11,3
Jefferson,2025-02-11,1
Knox,2025-02-11,188
Lawrence,2025-02-11,75
Loudon,2025-02-11,72
Madison,2025-02-11,1
Marion,2025-02-11,2
Marshall,2025-02-11,1
Maury,2025-02-11,949
McMinn,2025-02-11,1
Monroe,2025-02-11,97
Montgomery,2025-02-11,4
Morgan,2025-02-11,10
Polk,2025-02-11,8
Rhea,2025-02-11,91
Roane,2025-02-11,3
Robertson,2025-02-11,40
Rutherford,2025-02-11,395
Sequatchie,2025-02-11,1
Sevier,2025-02-11,57
Shelby,2025-02-11,2003
Stewart,2025-02-11,61
Sullivan,2025-02-11,746
Sumner,2025-02-11,3
Tipton,2025-02-11,9
Union,2025-02-11,892
Washington,2025-02-11,27
White,2025-02-11,1
Williamson,2025-02-11,43
Wilson,2025-02-11,1
Anderson,2025-02-12,17
Bedford,2025-02-12,13
Bledsoe,2025-02-12,1
Blount,2025-02-12,25
Bradley,2025-02-12,185
Campbell,2025-02-12,478
Cannon,2025-02-12,6
Cheatham,2025-02-12,7
Claiborne,2025-02-12,4172
Clay,2025-02-12,37
Cocke,2025-02-12,51
Coffee,2025-02-12,1
Cumberland,2025-02-12,1
Davidson,2025-02-12,1686
Fayette,2025-02-12,246
Fentress,2025-02-12,1
Franklin,2025-02-12,7
Giles,2025-02-12,40
Grainger,2025-02-12,2
Greene,2025-02-12,1340
Grundy,2025-02-12,3
Hamblen,2025-02-12,50
Hamilton,2025-02-12,228
Hancock,2025-02-12,4
Hawkins,2025-02-12,45
Jefferson,2025-02-12,24
Knox,2025-02-12,3152
Lawrence,2025-02-12,816
Loudon,2025-02-12,20
Macon,2025-02-12,3
Madison,2025-02-12,127
Marion,2025-02-12,520
Marshall,2025-02-12,9
Maury,2025-02-12,3
McMinn,2025-02-12,5
Meigs,2025-02-12,24
Monroe,2025-02-12,49
Montgomery,2025-02-12,35
Moore,2025-02-12,16
Morgan,2025-02-12,10
Polk,2025-02-12,2
Rhea,2025-02-12,27
Roane,2025-02-12,51
Robertson,2025-02-12,1412
Rutherford,2025-02-12,2
Sequatchie,2025-02-12,16
Sevier,2025-02-12,59
Shelby,2025-02-12,3104
Stewart,2025-02-12,1
Sullivan,2025-02-12,14
Sumner,2025-02-12,135
Tipton,2025-02-12,2
Unicoi,2025-02-12,0
Union,2025-02-12,95
Washington,2025-02-12,1103
White,2025-02-12,7
Williamson,2025-02-12,37
Wilson,2025-02-12,3
Anderson,2025-02-13,17
Bedford,2025-02-13,5
Bledsoe,2025-02-13,1
Blount,2025-02-13,69
Bradley,2025-02-13,8327
Campbell,2025-02-13,14
Cannon,2025-02-13,3
Cheatham,2025-02-13,2
Claiborne,2025-02-13,1762
Clay,2025-02-13,1
Cocke,2025-02-13,37
Coffee,2025-02-13,4
Cumberland,2025-02-13,12
Davidson,2025-02-13,5117
Fayette,2025-02-13,246
Fentress,2025-02-13,1
Franklin,2025-02-13,4
Giles,2025-02-13,60
Grainger,2025-02-13,3
Greene,2025-02-13,93
Grundy,2025-02-13,2
Hamblen,2025-02-13,6
Hamilton,2025-02-13,311
Hancock,2025-02-13,2
Hawkins,2025-02-13,1001
Henry,2025-02-13,51
Jefferson,2025-02-13,37
Knox,2025-02-13,230
Lawrence,2025-02-13,11
Loudon,2025-02-13,26
Macon,2025-02-13,3
Madison,2025-02-13,16
Marion,2025-02-13,58
Marshall,2025-02-13,23
Maury,2025-02-13,159
McMinn,2025-02-13,40
Meigs,2025-02-13,1
Monroe,2025-02-13,464
Montgomery,2025-02-13,34
Moore,2025-02-13,3
Morgan,2025-02-13,47
Polk,2025-02-13,1
Putnam,2025-02-13,1
Rhea,2025-02-13,2
Roane,2025-02-13,4
Robertson,2025-02-13,1411
Rutherford,2025-02-13,773
Sevier,2025-02-13,329
Shelby,2025-02-13,55
Stewart,2025-02-13,1
Sullivan,2025-02-13,15
Sumner,2025-02-13,70
Tipton,2025-02-13,16
Union,2025-02-13,248
Washington,2025-02-13,561
White,2025-02-13,500
Williamson,2025-02-13,162
Wilson,2025-02-13,73
Anderson,2025-02-14,16
Bedford,2025-02-14,75
Blount,2025-02-14,27
Bradley,2025-02-14,4
Campbell,2025-02-14,62
Cannon,2025-02-14,1
Cheatham,2025-02-14,2
Chester,2025-02-14,1
Claiborne,2025-02-14,930
Cocke,2025-02-14,7
Coffee,2025-02-14,45
Cumberland,2025-02-14,5
Davidson,2025-02-14,27
Fayette,2025-02-14,14
Fentress,2025-02-14,131
Franklin,2025-02-14,17
Giles,2025-02-14,665
Grainger,2025-02-14,32
Greene,2025-02-14,3
Hamblen,2025-02-14,1
Hamilton,2025-02-14,138
Hancock,2025-02-14,16
Hardeman,2025-02-14,1
Hawkins,2025-02-14,14
Henry,2025-02-14,5
Jefferson,2025-02-14,6
Knox,2025-02-14,155
Lawrence,2025-02-14,64
Loudon,2025-02-14,1
Madison,2025-02-14,8
Marion,2025-02-14,4
Marshall,2025-02-14,52
Maury,2025-02-14,1
McMinn,2025-02-14,20
Meigs,2025-02-14,2
Monroe,2025-02-14,434
Montgomery,2025-02-14,1
Moore,2025-02-14,1
Overton,2025-02-14,1
Putnam,2025-02-14,4
Rhea,2025-02-14,1
Robertson,2025-02-14,6
Rutherford,2025-02-14,57
Sequatchie,2025-02-14,1
Sevier,2025-02-14,1372
Shelby,2025-02-14,1550
Stewart,2025-02-14,2
Sullivan,2025-02-14,11
Sumner,2025-02-14,4
Tipton,2025-02-14,3
Union,2025-02-14,66
Washington,2025-02-14,44
White,2025-02-14,1
Williamson,2025-02-14,3693
Wilson,2025-02-14,4
Anderson,2025-02-15,22
Bedford,2025-02-15,2
Bledsoe,2025-02-15,2
Blount,2025-02-15,110
Bradley,2025-02-15,33
Campbell,2025-02-15,51
Carroll,2025-02-15,0
Cheatham,2025-02-15,462
Chester,2025-02-15,10
Claiborne,2025-02-15,80
Clay,2025-02-15,1
Cocke,2025-02-15,52
Coffee,2025-02-15,76
Cumberland,2025-02-15,59
Davidson,2025-02-15,3743
Fayette,2025-02-15,471
Fentress,2025-02-15,9
Franklin,2025-02-15,737
Gibson,2025-02-15,62
Giles,2025-02-15,1877
Grainger,2025-02-15,2
Grundy,2025-02-15,3
Hamilton,2025-02-15,41
Hancock,2025-02-15,18
Hardeman,2025-02-15,24
Hawkins,2025-02-15,8
Henderson,2025-02-15,2
Henry,2025-02-15,842
Jefferson,2025-02-15,4
Knox,2025-02-15,1322
Lauderdale,2025-02-15,22
Lawrence,2025-02-15,131
Loudon,2025-02-15,6
Macon,2025-02-15,52
Madison,2025-02-15,200
Marion,2025-02-15,1
Marshall,2025-02-15,102
Maury,2025-02-15,1180
Monroe,2025-02-15,13
Montgomery,2025-02-15,2831
Moore,2025-02-15,17
Polk,2025-02-15,16
Putnam,2025-02-15,4
Rhea,2025-02-15,29
Roane,2025-02-15,1
Robertson,2025-02-15,120
Rutherford,2025-02-15,1156
Sevier,2025-02-15,49
Shelby,2025-02-15,4159
Stewart,2025-02-15,69
Sullivan,2025-02-15,44
Sumner,2025-02-15,425
Tipton,2025-02-15,611
Trousdale,2025-02-15,372
Unicoi,2025-02-15,20
Union,2025-02-15,2
Washington,2025-02-15,2
Weakley,2025-02-15,0
White,2025-02-15,21
Williamson,2025-02-15,56
Wilson,2025-02-15,175
Anderson,2025-02-16,1276
Bedford,2025-02-16,41
Bledsoe,2025-02-16,745
Blount,2025-02-16,5133
Bradley,2025-02-16,2090
Campbell,2025-02-16,2390
Cannon,2025-02-16,139
Cheatham,2025-02-16,1038
Chester,2025-02-16,16
Claiborne,2025-02-16,1974
Clay,2025-02-16,2
Cocke,2025-02-16,1442
Coffee,2025-02-16,356
Cumberland,2025-02-16,3103
Davidson,2025-02-16,11418
DeKalb,2025-02-16,17
Fayette,2025-02-16,47
Fentress,2025-02-16,1919
Franklin,2025-02-16,75
Gibson,2025-02-16,10
Giles,2025-02-16,692
Grainger,2025-02-16,193
Greene,2025-02-16,1023
Grundy,2025-02-16,239
Hamblen,2025-02-16,32
Hamilton,2025-02-16,3962
Hancock,2025-02-16,147
Hardeman,2025-02-16,14
Hawkins,2025-02-16,1776
Haywood,2025-02-16,2
Henderson,2025-02-16,2
Henry,2025-02-16,767
Jefferson,2025-02-16,212
Knox,2025-02-16,10233
Lauderdale,2025-02-16,22
Lawrence,2025-02-16,88
Lincoln,2025-02-16,5
Loudon,2025-02-16,2446
Macon,2025-02-16,52
Madison,2025-02-16,56
Marion,2025-02-16,699
Marshall,2025-02-16,104
Maury,2025-02-16,1962
McMinn,2025-02-16,1026
Meigs,2025-02-16,766
Monroe,2025-02-16,619
Montgomery,2025-02-16,410
Moore,2025-02-16,24
Morgan,2025-02-16,558
Overton,2025-02-16,912
Pickett,2025-02-16,61
Polk,2025-02-16,337
Putnam,2025-02-16,88
Rhea,2025-02-16,951
Roane,2025-02-16,2087
Robertson,2025-02-16,65
Rutherford,2025-02-16,1245
Scott,2025-02-16,39
Sequatchie,2025-02-16,725
Sevier,2025-02-16,5019
Shelby,2025-02-16,1913
Smith,2025-02-16,92
Stewart,2025-02-16,14
Sullivan,2025-02-16,1182
Sumner,2025-02-16,481
Tipton,2025-02-16,236
Trousdale,2025-02-16,49
Unicoi,2025-02-16,639
Union,2025-02-16,263
Van Buren,2025-02-16,43
Washington,2025-02-16,1688
Weakley,2025-02-16,0
White,2025-02-16,229
Williamson,2025-02-16,296
Wilson,2025-02-16,761
Anderson,2025-02-17,3
Bedford,2025-02-17,6
Bledsoe,2025-02-17,580
Blount,2025-02-17,33
Bradley,2025-02-17,1
Campbell,2025-02-17,62
Cannon,2025-02-17,3
Cheatham,2025-02-17,5
Chester,2025-02-17,2
Claiborne,2025-02-17,990
Cocke,2025-02-17,48
Coffee,2025-02-17,4
Cumberland,2025-02-17,5
Davidson,2025-02-17,575
DeKalb,2025-02-17,0
Dickson,2025-02-17,0
Fayette,2025-02-17,61
Fentress,2025-02-17,3
Franklin,2025-02-17,3
Gibson,2025-02-17,13
Giles,2025-02-17,4
Grainger,2025-02-17,4
Greene,2025-02-17,13
Hamblen,2025-02-17,2
Hamilton,2025-02-17,13
Hancock,2025-02-17,10
Hawkins,2025-02-17,27
Henry,2025-02-17,47
Hickman,2025-02-17,0
Jefferson,2025-02-17,3
Knox,2025-02-17,212
Lawrence,2025-02-17,8
Loudon,2025-02-17,367
Macon,2025-02-17,2
Madison,2025-02-17,1
Marion,2025-02-17,5
Marshall,2025-02-17,3
Maury,2025-02-17,7
McMinn,2025-02-17,2
Monroe,2025-02-17,24
Montgomery,2025-02-17,189
Overton,2025-02-17,1
Pickett,2025-02-17,3
Polk,2025-02-17,60
Putnam,2025-02-17,1
Rhea,2025-02-17,27
Roane,2025-02-17,2
Robertson,2025-02-17,4
Rutherford,2025-02-17,14
Sequatchie,2025-02-17,3
Sevier,2025-02-17,66
Shelby,2025-02-17,137
Smith,2025-02-17,0
Stewart,2025-02-17,14
Sullivan,2025-02-17,238
Sumner,2025-02-17,42
Tipton,2025-02-17,3
Trousdale,2025-02-17,0
Unicoi,2025-02-17,2
Union,2025-02-17,7
Warren,2025-02-17,0
Washington,2025-02-17,138
Williamson,2025-02-17,41
Wilson,2025-02-17,9
Anderson,2025-02-18,746
Bedford,2025-02-18,6
Bledsoe,2025-02-18,5
Blount,2025-02-18,152
Bradley,2025-02-18,1
Campbell,2025-02-18,25
Cannon,2025-02-18,1
Cheatham,2025-02-18,1
Chester,2025-02-18,46
Claiborne,2025-02-18,131
Cocke,2025-02-18,29
Coffee,2025-02-18,8
Cumberland,2025-02-18,63
Davidson,2025-02-18,168
DeKalb,2025-02-18,1
Fayette,2025-02-18,12
Fentress,2025-02-18,13
Franklin,2025-02-18,6
Gibson,2025-02-18,6
Giles,2025-02-18,6
Grainger,2025-02-18,33
Greene,2025-02-18,17
Hamblen,2025-02-18,5
Hamilton,2025-02-18,29
Hancock,2025-02-18,1
Hawkins,2025-02-18,3
Haywood,2025-02-18,1
Henderson,2025-02-18,1
Henry,2025-02-18,11
Jefferson,2025-02-18,3
Knox,2025-02-18,57
Lauderdale,2025-02-18,22
Lawrence,2025-02-18,8
Loudon,2025-02-18,7
Macon,2025-02-18,1
Madison,2025-02-18,5
Marion,2025-02-18,6
Marshall,2025-02-18,852
Maury,2025-02-18,6
McMinn,2025-02-18,1
Meigs,2025-02-18,1
Monroe,2025-02-18,7
Montgomery,2025-02-18,167
Moore,2025-02-18,17
Pickett,2025-02-18,1
Putnam,2025-02-18,1
Rhea,2025-02-18,21
Roane,2025-02-18,23
Robertson,2025-02-18,2
Rutherford,2025-02-18,1705
Sequatchie,2025-02-18,3
Sevier,2025-02-18,52
Shelby,2025-02-18,101
Stewart,2025-02-18,1
Sullivan,2025-02-18,114
Sumner,2025-02-18,2
Tipton,2025-02-18,4
Unicoi,2025-02-18,1
Union,2025-02-18,27
Washington,2025-02-18,13
Williamson,2025-02-18,145
Wilson,2025-02-18,33
Anderson,2025-02-19,1
Bedford,2025-02-19,3
Bledsoe,2025-02-19,4
Blount,2025-02-19,6
Bradley,2025-02-19,6
Campbell,2025-02-19,1
Cannon,2025-02-19,3
Cheatham,2025-02-19,3
Chester,2025-02-19,46
Claiborne,2025-02-19,145
Cocke,2025-02-19,45
Coffee,2025-02-19,103
Cumberland,2025-02-19,40
Davidson,2025-02-19,4202
Fayette,2025-02-19,1
Fentress,2025-02-19,130
Franklin,2025-02-19,13
Gibson,2025-02-19,3
Giles,2025-02-19,6
Grainger,2025-02-19,4
Greene,2025-02-19,2
Hamblen,2025-02-19,3
Hamilton,2025-02-19,104
Hancock,2025-02-19,1
Hawkins,2025-02-19,48
Henry,2025-02-19,1
Jefferson,2025-02-19,3
Knox,2025-02-19,1008
Lawrence,2025-02-19,7
Macon,2025-02-19,1
Madison,2025-02-19,37
Marion,2025-02-19,6
Marshall,2025-02-19,7
Maury,2025-02-19,4
McMinn,2025-02-19,1
Meigs,2025-02-19,1
Monroe,2025-02-19,751
Montgomery,2025-02-19,19
Polk,2025-02-19,1
Rhea,2025-02-19,38
Robertson,2025-02-19,4
Rutherford,2025-02-19,2
Sequatchie,2025-02-19,3
Sevier,2025-02-19,198
Shelby,2025-02-19,1216
Stewart,2025-02-19,2
Sullivan,2025-02-19,39
Sumner,2025-02-19,2
Unicoi,2025-02-19,1
Union,2025-02-19,0
Washington,2025-02-19,18
Weakley,2025-02-19,0
White,2025-02-19,1
Williamson,2025-02-19,4
Wilson,2025-02-19,3
Anderson,2025-02-20,719
Bedford,2025-02-20,2
Bledsoe,2025-02-20,121
Blount,2025-02-20,10
Bradley,2025-02-20,14
Cannon,2025-02-20,1
Cheatham,2025-02-20,2
Chester,2025-02-20,7
Claiborne,2025-02-20,158
Cocke,2025-02-20,1
Coffee,2025-02-20,2
Cumberland,2025-02-20,150
Davidson,2025-02-20,116
Fayette,2025-02-20,1
Franklin,2025-02-20,3
Gibson,2025-02-20,6
Giles,2025-02-20,1
Grainger,2025-02-20,4
Greene,2025-02-20,2
Grundy,2025-02-20,0
Hamblen,2025-02-20,2
Hamilton,2025-02-20,14
Hancock,2025-02-20,164
Hawkins,2025-02-20,4
Henry,2025-02-20,35
Jefferson,2025-02-20,3
Knox,2025-02-20,126
Lawrence,2025-02-20,7
Loudon,2025-02-20,2
Macon,2025-02-20,1181
Madison,2025-02-20,1
Marion,2025-02-20,10
Marshall,2025-02-20,3
Maury,2025-02-20,1
McMinn,2025-02-20,1
Meigs,2025-02-20,1
Monroe,2025-02-20,8
Montgomery,2025-02-20,1
Rhea,2025-02-20,11
Roane,2025-02-20,1
Robertson,2025-02-20,5
Rutherford,2025-02-20,3
Sequatchie,2025-02-20,4
Sevier,2025-02-20,18
Shelby,2025-02-20,816
Sullivan,2025-02-20,19
Sumner,2025-02-20,3
Tipton,2025-02-20,3
Trousdale,2025-02-20,15
Unicoi,2025-02-20,1
Union,2025-02-20,16
Van Buren,2025-02-20,0
Warren,2025-02-20,0
Washington,2025-02-20,2
White,2025-02-20,0
Williamson,2025-02-20,953
Wilson,2025-02-20,2
Anderson,2025-02-21,123
Bedford,2025-02-21,1
Bledsoe,2025-02-21,544
Blount,2025-02-21,1098
Bradley,2025-02-21,26
Campbell,2025-02-21,64
Cannon,2025-02-21,2
Cheatham,2025-02-21,2
Chester,2025-02-21,3
Claiborne,2025-02-21,5
Clay,2025-02-21,2
Cocke,2025-02-21,143
Coffee,2025-02-21,11
Cumberland,2025-02-21,1086
Davidson,2025-02-21,260
Fayette,2025-02-21,3
Fentress,2025-02-21,232
Franklin,2025-02-21,98
Gibson,2025-02-21,8
Giles,2025-02-21,22
Grainger,2025-02-21,4
Greene,2025-02-21,39
Hamblen,2025-02-21,8
Hamilton,2025-02-21,766
Hardeman,2025-02-21,1
Hawkins,2025-02-21,8
Haywood,2025-02-21,2
Henry,2025-02-21,58
Jefferson,2025-02-21,5
Knox,2025-02-21,36
Lawrence,2025-02-21,6
Loudon,2025-02-21,7
Macon,2025-02-21,7
Madison,2025-02-21,19
Marion,2025-02-21,351
Marshall,2025-02-21,526
Maury,2025-02-21,4
McMinn,2025-02-21,1
Meigs,2025-02-21,1
Monroe,2025-02-21,4
Montgomery,2025-02-21,1315
Moore,2025-02-21,1
Pickett,2025-02-21,3505
Putnam,2025-02-21,74
Rhea,2025-02-21,7389
Robertson,2025-02-21,4
Rutherford,2025-02-21,7
Scott,2025-02-21,0
Sequatchie,2025-02-21,4
Sevier,2025-02-21,37
Shelby,2025-02-21,112
Stewart,2025-02-21,2
Sullivan,2025-02-21,12
Sumner,2025-02-21,1137
Tipton,2025-02-21,2
Union,2025-02-21,2
Washington,2025-02-21,20
Williamson,2025-02-21,22
Wilson,2025-02-21,174
Anderson,2025-02-22,3
Bledsoe,2025-02-22,5
Bradley,2025-02-22,8
Cannon,2025-02-22,1
Claiborne,2025-02-22,37
Cocke,2025-02-22,40
Coffee,2025-02-22,84
Cumberland,2025-02-22,7
Davidson,2025-02-22,9
Fayette,2025-02-22,1
Fentress,2025-02-22,7
Gibson,2025-02-22,164
Giles,2025-02-22,8
Grainger,2025-02-22,4
Greene,2025-02-22,2
Hamblen,2025-02-22,2
Hamilton,2025-02-22,28
Hawkins,2025-02-22,144
Haywood,2025-02-22,2
Henry,2025-02-22,1
Jefferson,2025-02-22,3
Knox,2025-02-22,52
Lawrence,2025-02-22,5
Madison,2025-02-22,107
Marion,2025-02-22,5
Marshall,2025-02-22,1
Maury,2025-02-22,5
McMinn,2025-02-22,38
Monroe,2025-02-22,99
Montgomery,2025-02-22,16
Moore,2025-02-22,4
Putnam,2025-02-22,74
Rhea,2025-02-22,55
Robertson,2025-02-22,220
Rutherford,2025-02-22,32
Sequatchie,2025-02-22,5
Sevier,2025-02-22,6
Shelby,2025-02-22,1145
Stewart,2025-02-22,3
Sullivan,2025-02-22,161
Sumner,2025-02-22,231
Union,2025-02-22,2
Washington,2025-02-22,42
Williamson,2025-02-22,113
Wilson,2025-02-22,1
Anderson,2025-02-23,6
Bledsoe,2025-02-23,4
Blount,2025-02-23,4
Bradley,2025-02-23,18
Campbell,2025-02-23,10
Cannon,2025-02-23,1
Cheatham,2025-02-23,1
Claiborne,2025-02-23,3
Cocke,2025-02-23,44
Coffee,2025-02-23,1
Cumberland,2025-02-23,52
Davidson,2025-02-23,114
Fayette,2025-02-23,28
Fentress,2025-02-23,11
Franklin,2025-02-23,78
Giles,2025-02-23,68
Grainger,2025-02-23,4
Greene,2025-02-23,372
Hamblen,2025-02-23,2
Hamilton,2025-02-23,208
Hawkins,2025-02-23,4
Haywood,2025-02-23,2
Henry,2025-02-23,1
Jefferson,2025-02-23,7
Knox,2025-02-23,21
Lawrence,2025-02-23,4
Lewis,2025-02-23,0
Macon,2025-02-23,1
Madison,2025-02-23,57
Marion,2025-02-23,45
Marshall,2025-02-23,1
Maury,2025-02-23,29
McMinn,2025-02-23,2
Meigs,2025-02-23,2
Monroe,2025-02-23,4
Montgomery,2025-02-23,50
Putnam,2025-02-23,6
Robertson,2025-02-23,1
Rutherford,2025-02-23,12
Sequatchie,2025-02-23,4
Sevier,2025-02-23,72
Shelby,2025-02-23,1146
Stewart,2025-02-23,1
Sullivan,2025-02-23,764
Sumner,2025-02-23,17
Union,2025-02-23,12
Washington,2025-02-23,1
Wayne,2025-02-23,0
Williamson,2025-02-23,1
Wilson,2025-02-23,4
Anderson,2025-02-24,9
Bedford,2025-02-24,2
Bledsoe,2025-02-24,406
Blount,2025-02-24,18
Bradley,2025-02-24,1
Campbell,2025-02-24,13
Cannon,2025-02-24,4
Cheatham,2025-02-24,5
Cocke,2025-02-24,3
Coffee,2025-02-24,4
Cumberland,2025-02-24,1209
Davidson,2025-02-24,44
DeKalb,2025-02-24,4
Dickson,2025-02-24,0
Fayette,2025-02-24,1
Fentress,2025-02-24,1
Franklin,2025-02-24,17
Gibson,2025-02-24,19
Giles,2025-02-24,8
Grainger,2025-02-24,26
Greene,2025-02-24,644
Hamblen,2025-02-24,5
Hamilton,2025-02-24,26
Hawkins,2025-02-24,6
Haywood,2025-02-24,1
Henry,2025-02-24,871
Hickman,2025-02-24,0
Jefferson,2025-02-24,3
Knox,2025-02-24,223
Lawrence,2025-02-24,9
Loudon,2025-02-24,5
Macon,2025-02-24,2
Madison,2025-02-24,6
Marion,2025-02-24,6
Marshall,2025-02-24,5
Maury,2025-02-24,11
McMinn,2025-02-24,4
Meigs,2025-02-24,1
Monroe,2025-02-24,5
Montgomery,2025-02-24,7
Putnam,2025-02-24,1
Rhea,2025-02-24,4
Roane,2025-02-24,28
Robertson,2025-02-24,16
Rutherford,2025-02-24,29
Sequatchie,2025-02-24,5
Sevier,2025-02-24,91
Shelby,2025-02-24,327
Smith,2025-02-24,0
Stewart,2025-02-24,12
Sullivan,2025-02-24,1074
Sumner,2025-02-24,77
Tipton,2025-02-24,2
Trousdale,2025-02-24,0
Union,2025-02-24,7
Warren,2025-02-24,0
Washington,2025-02-24,196
Williamson,2025-02-24,47
Wilson,2025-02-24,5
Anderson,2025-02-25,4
Bedford,2025-02-25,8
Bledsoe,2025-02-25,30
Blount,2025-02-25,35
Bradley,2025-02-25,3
Campbell,2025-02-25,155
Cannon,2025-02-25,6
Carroll,2025-02-25,0
Carter,2025-02-25,0
Cheatham,2025-02-25,2
Chester,2025-02-25,4
Claiborne,2025-02-25,4
Clay,2025-02-25,0
Cocke,2025-02-25,98
Coffee,2025-02-25,8
Crockett,2025-02-25,0
Cumberland,2025-02-25,34
Davidson,2025-02-25,27
DeKalb,2025-02-25,2
Dickson,2025-02-25,0
Dyer,2025-02-25,0
Fayette,2025-02-25,9
Fentress,2025-02-25,1
Franklin,2025-02-25,3
Gibson,2025-02-25,0
Giles,2025-02-25,70
Grainger,2025-02-25,4
Greene,2025-02-25,7
Grundy,2025-02-25,0
Hamblen,2025-02-25,71
Hamilton,2025-02-25,21
Hancock,2025-02-25,0
Hardeman,2025-02-25,3
Hawkins,2025-02-25,12
Haywood,2025-02-25,1
Henderson,2025-02-25,1
Henry,2025-02-25,1
Houston,2025-02-25,0
Jackson,2025-02-25,0
Jefferson,2025-02-25,5
Knox,2025-02-25,423
Lake,2025-02-25,0
Lauderdale,2025-02-25,0
Lawrence,2025-02-25,6
Lewis,2025-02-25,0
Lincoln,2025-02-25,0
Loudon,2025-02-25,38
Macon,2025-02-25,1
Madison,2025-02-25,28
Marion,2025-02-25,6
Marshall,2025-02-25,2
Maury,2025-02-25,18
McMinn,2025-02-25,45
McNairy,2025-02-25,0
Meigs,2025-02-25,1
Monroe,2025-02-25,5
Montgomery,2025-02-25,1
Moore,2025-02-25,2
Morgan,2025-02-25,0
Obion,2025-02-25,0
Overton,2025-02-25,0
Pickett,2025-02-25,1
Polk,2025-02-25,0
Putnam,2025-02-25,0
Rhea,2025-02-25,9
Roane,2025-02-25,28
Robertson,2025-02-25,6
Rutherford,2025-02-25,649
Scott,2025-02-25,0
Sequatchie,2025-02-25,5
Sevier,2025-02-25,61
Shelby,2025-02-25,73352
Smith,2025-02-25,2
Stewart,2025-02-25,1
Sullivan,2025-02-25,18
Sumner,2025-02-25,1188
Tipton,2025-02-25,3
Trousdale,2025-02-25,6
Unicoi,2025-02-25,0
Union,2025-02-25,90
Van Buren,2025-02-25,0
Warren,2025-02-25,0
Washington,2025-02-25,17
Weakley,2025-02-25,0
White,2025-02-25,0
Williamson,2025-02-25,16
Wilson,2025-02-25,12
Anderson,2025-02-26,3
Bedford,2025-02-26,506
Bledsoe,2025-02-26,22
Blount,2025-02-26,30
Bradley,2025-02-26,1
Campbell,2025-02-26,27
Cannon,2025-02-26,78
Cheatham,2025-02-26,6
Chester,2025-02-26,1
Claiborne,2025-02-26,0
Clay,2025-02-26,4
Cocke,2025-02-26,9
Coffee,2025-02-26,6
Cumberland,2025-02-26,62
Davidson,2025-02-26,1888
DeKalb,2025-02-26,6
Fayette,2025-02-26,10
Fentress,2025-02-26,2
Franklin,2025-02-26,13
Giles,2025-02-26,6
Grainger,2025-02-26,6
Greene,2025-02-26,6
Hamblen,2025-02-26,734
Hamilton,2025-02-26,187
Hawkins,2025-02-26,757
Henry,2025-02-26,41
Jefferson,2025-02-26,3
Knox,2025-02-26,623
Lawrence,2025-02-26,13
Loudon,2025-02-26,18
Macon,2025-02-26,401
Madison,2025-02-26,48
Marion,2025-02-26,6
Marshall,2025-02-26,41
Maury,2025-02-26,94
McMinn,2025-02-26,2
Meigs,2025-02-26,1
Monroe,2025-02-26,24
Montgomery,2025-02-26,10
Moore,2025-02-26,1
Overton,2025-02-26,14
Pickett,2025-02-26,0
Polk,2025-02-26,2
Rhea,2025-02-26,8
Roane,2025-02-26,1
Robertson,2025-02-26,1
Rutherford,2025-02-26,14
Scott,2025-02-26,0
Sequatchie,2025-02-26,5
Sevier,2025-02-26,23
Shelby,2025-02-26,21351
Stewart,2025-02-26,8
Sullivan,2025-02-26,18
Sumner,2025-02-26,19
Tipton,2025-02-26,2
Union,2025-02-26,20
Washington,2025-02-26,3
Williamson,2025-02-26,109
Wilson,2025-02-26,162
Anderson,2025-02-27,25
Bedford,2025-02-27,9
Bledsoe,2025-02-27,97
Blount,2025-02-27,15
Bradley,2025-02-27,2
Campbell,2025-02-27,1021
Cannon,2025-02-27,8
Cheatham,2025-02-27,2
Chester,2025-02-27,4
Claiborne,2025-02-27,98
Cocke,2025-02-27,14
Coffee,2025-02-27,59
Cumberland,2025-02-27,52
Davidson,2025-02-27,116
Fayette,2025-02-27,1
Fentress,2025-02-27,240
Franklin,2025-02-27,5
Giles,2025-02-27,63
Grainger,2025-02-27,107
Greene,2025-02-27,5
Grundy,2025-02-27,0
Hamblen,2025-02-27,4
Hamilton,2025-02-27,130
Hancock,2025-02-27,2
Hawkins,2025-02-27,647
Haywood,2025-02-27,15
Henry,2025-02-27,54
Jefferson,2025-02-27,6
Knox,2025-02-27,2062
Lawrence,2025-02-27,10
Lewis,2025-02-27,0
Lincoln,2025-02-27,0
Loudon,2025-02-27,578
Macon,2025-02-27,4
Madison,2025-02-27,148
Marion,2025-02-27,6
Marshall,2025-02-27,708
Maury,2025-02-27,329
McMinn,2025-02-27,5
Meigs,2025-02-27,1
Monroe,2025-02-27,37
Montgomery,2025-02-27,986
Moore,2025-02-27,1
Polk,2025-02-27,1
Rhea,2025-02-27,2
Roane,2025-02-27,16
Robertson,2025-02-27,5
Rutherford,2025-02-27,9
Sequatchie,2025-02-27,6
Sevier,2025-02-27,11
Shelby,2025-02-27,1288
Stewart,2025-02-27,4
Sullivan,2025-02-27,32
Sumner,2025-02-27,112
Tipton,2025-02-27,23
Union,2025-02-27,133
Van Buren,2025-02-27,0
Warren,2025-02-27,0
Washington,2025-02-27,10
White,2025-02-27,1
Williamson,2025-02-27,176
Wilson,2025-02-27,6
Bedford,2025-02-28,2
Bledsoe,2025-02-28,5
Blount,2025-02-28,19
Bradley,2025-02-28,5
Campbell,2025-02-28,6
Cheatham,2025-02-28,25
Chester,2025-02-28,2
Claiborne,2025-02-28,31
Cocke,2025-02-28,3
Coffee,2025-02-28,21
Cumberland,2025-02-28,11
Davidson,2025-02-28,117
DeKalb,2025-02-28,2
Fayette,2025-02-28,8
Franklin,2025-02-28,3
Giles,2025-02-28,20
Grainger,2025-02-28,51
Greene,2025-02-28,3
Grundy,2025-02-28,0
Hamblen,2025-02-28,5
Hamilton,2025-02-28,49
Hawkins,2025-02-28,3
Haywood,2025-02-28,1
Henry,2025-02-28,1
Jefferson,2025-02-28,5
Knox,2025-02-28,70
Lawrence,2025-02-28,32
Loudon,2025-02-28,762
Macon,2025-02-28,7
Madison,2025-02-28,12
Marion,2025-02-28,6
Marshall,2025-02-28,1
Maury,2025-02-28,18
McMinn,2025-02-28,111
Meigs,2025-02-28,2462
Monroe,2025-02-28,169
Montgomery,2025-02-28,75
Overton,2025-02-28,2
Pickett,2025-02-28,0
Polk,2025-02-28,1
Rhea,2025-02-28,2
Roane,2025-02-28,3864
Robertson,2025-02-28,3
Rutherford,2025-02-28,19
Scott,2025-02-28,0
Sequatchie,2025-02-28,5
Sevier,2025-02-28,5
Shelby,2025-02-28,1508
Smith,2025-02-28,1
Stewart,2025-02-28,9
Sullivan,2025-02-28,23
Sumner,2025-02-28,6
Tipton,2025-02-28,4
Union,2025-02-28,11
Van Buren,2025-02-28,0
Warren,2025-02-28,0
Washington,2025-02-28,10
White,2025-02-28,0
Williamson,2025-02-28,8
Wilson,2025-02-28,4
Anderson,2025-03-01,497
Bedford,2025-03-01,2
Bledsoe,2025-03-01,4
Blount,2025-03-01,50
Bradley,2025-03-01,3
Cheatham,2025-03-01,3
Chester,2025-03-01,945
Claiborne,2025-03-01,55
Cocke,2025-03-01,21
Coffee,2025-03-01,0
Cumberland,2025-03-01,2
Davidson,2025-03-01,39
Fentress,2025-03-01,45
Franklin,2025-03-01,0
Giles,2025-03-01,10
Grainger,2025-03-01,51
Greene,2025-03-01,35
Grundy,2025-03-01,0
Hamblen,2025-03-01,6
Hamilton,2025-03-01,260
Hawkins,2025-03-01,47
Henry,2025-03-01,18
Jefferson,2025-03-01,3
Knox,2025-03-01,54
Lawrence,2025-03-01,6
Loudon,2025-03-01,5
Madison,2025-03-01,4
Marion,2025-03-01,8
Marshall,2025-03-01,73
Maury,2025-03-01,30
McMinn,2025-03-01,1
Monroe,2025-03-01,14
Moore,2025-03-01,13
Pickett,2025-03-01,1
Rhea,2025-03-01,0
Roane,2025-03-01,18
Robertson,2025-03-01,4
Rutherford,2025-03-01,3023
Sequatchie,2025-03-01,5
Sevier,2025-03-01,4
Shelby,2025-03-01,517
Stewart,2025-03-01,1
Sullivan,2025-03-01,11
Sumner,2025-03-01,2
Tipton,2025-03-01,2
Union,2025-03-01,12
Van Buren,2025-03-01,0
Warren,2025-03-01,0
Washington,2025-03-01,45
White,2025-03-01,0
Williamson,2025-03-01,29
Wilson,2025-03-01,2
Anderson,2025-03-02,1
Bedford,2025-03-02,1
Bledsoe,2025-03-02,4
Blount,2025-03-02,323
Bradley,2025-03-02,1
Cheatham,2025-03-02,49
Chester,2025-03-02,2
Claiborne,2025-03-02,44
Cocke,2025-03-02,16
Coffee,2025-03-02,1
Cumberland,2025-03-02,2
Davidson,2025-03-02,524
Fayette,2025-03-02,11
Fentress,2025-03-02,5
Franklin,2025-03-02,0
Giles,2025-03-02,24
Grainger,2025-03-02,4
Greene,2025-03-02,1
Grundy,2025-03-02,0
Hamblen,2025-03-02,2
Hamilton,2025-03-02,27
Hancock,2025-03-02,6
Hawkins,2025-03-02,6
Henry,2025-03-02,21
Jefferson,2025-03-02,5
Knox,2025-03-02,30
Lawrence,2025-03-02,5
Loudon,2025-03-02,4
Madison,2025-03-02,25
Marion,2025-03-02,5
Maury,2025-03-02,1
McMinn,2025-03-02,2
Montgomery,2025-03-02,81
Morgan,2025-03-02,1
Putnam,2025-03-02,1
Rhea,2025-03-02,83
Roane,2025-03-02,1
Robertson,2025-03-02,1
Rutherford,2025-03-02,12
Sequatchie,2025-03-02,5
Sevier,2025-03-02,16
Shelby,2025-03-02,601
Stewart,2025-03-02,1
Sullivan,2025-03-02,18
Sumner,2025-03-02,3
Tipton,2025-03-02,4
Van Buren,2025-03-02,0
Warren,2025-03-02,0
Washington,2025-03-02,976
White,2025-03-02,0
Williamson,2025-03-02,33
Wilson,2025-03-02,774
Anderson,2025-03-03,15
Bedford,2025-03-03,58
Bledsoe,2025-03-03,30
Blount,2025-03-03,28
Bradley,2025-03-03,1
Campbell,2025-03-03,12
Cannon,2025-03-03,7
Cheatham,2025-03-03,2
Claiborne,2025-03-03,263
Clay,2025-03-03,1
Cocke,2025-03-03,4
Coffee,2025-03-03,5
Cumberland,2025-03-03,29
Davidson,2025-03-03,1407
DeKalb,2025-03-03,0
Dickson,2025-03-03,0
Fayette,2025-03-03,1
Fentress,2025-03-03,2
Franklin,2025-03-03,5
Giles,2025-03-03,9
Grainger,2025-03-03,198
Greene,2025-03-03,8
Grundy,2025-03-03,0
Hamblen,2025-03-03,4
Hamilton,2025-03-03,106
Hancock,2025-03-03,3558
Hardeman,2025-03-03,1
Hawkins,2025-03-03,146
Henry,2025-03-03,8
Hickman,2025-03-03,0
Jefferson,2025-03-03,22
Knox,2025-03-03,36
Lauderdale,2025-03-03,1
Lawrence,2025-03-03,44
Loudon,2025-03-03,5
Macon,2025-03-03,5
Madison,2025-03-03,2
Marion,2025-03-03,5
Marshall,2025-03-03,3
Maury,2025-03-03,4
McMinn,2025-03-03,2
Meigs,2025-03-03,2
Monroe,2025-03-03,49
Montgomery,2025-03-03,48
Moore,2025-03-03,3
Pickett,2025-03-03,1
Polk,2025-03-03,1
Rhea,2025-03-03,2
Roane,2025-03-03,57
Robertson,2025-03-03,11
Rutherford,2025-03-03,480
Sequatchie,2025-03-03,5
Sevier,2025-03-03,25
Shelby,2025-03-03,10641
Smith,2025-03-03,0
Stewart,2025-03-03,799
Sullivan,2025-03-03,102
Sumner,2025-03-03,100
Tipton,2025-03-03,2
Trousdale,2025-03-03,2
Unicoi,2025-03-03,1
Union,2025-03-03,4
Van Buren,2025-03-03,0
Warren,2025-03-03,0
Washington,2025-03-03,83
White,2025-03-03,1
Williamson,2025-03-03,155
Wilson,2025-03-03,12
Anderson,2025-03-04,949
Bedford,2025-03-04,667
Bledsoe,2025-03-04,672
Blount,2025-03-04,2851
Bradley,2025-03-04,5690
Campbell,2025-03-04,291
Cannon,2025-03-04,87
Carroll,2025-03-04,0
Cheatham,2025-03-04,1308
Chester,2025-03-04,2
Claiborne,2025-03-04,2
Clay,2025-03-04,354
Cocke,2025-03-04,348
Coffee,2025-03-04,299
Cumberland,2025-03-04,10032
Davidson,2025-03-04,6688
DeKalb,2025-03-04,2
Fayette,2025-03-04,40
Fentress,2025-03-04,1311
Franklin,2025-03-04,238
Gibson,2025-03-04,8
Giles,2025-03-04,2287
Grainger,2025-03-04,4
Greene,2025-03-04,668
Grundy,2025-03-04,0
Hamblen,2025-03-04,7
Hamilton,2025-03-04,4847
Hancock,2025-03-04,18
Hardeman,2025-03-04,6
Hawkins,2025-03-04,5
Haywood,2025-03-04,2
Henderson,2025-03-04,1
Henry,2025-03-04,16
Hickman,2025-03-04,23
Jefferson,2025-03-04,112
Knox,2025-03-04,1060
Lawrence,2025-03-04,502
Lincoln,2025-03-04,73
Loudon,2025-03-04,565
Macon,2025-03-04,350
Madison,2025-03-04,591
Marion,2025-03-04,5
Marshall,2025-03-04,483
Maury,2025-03-04,579
McMinn,2025-03-04,2024
Meigs,2025-03-04,2027
Monroe,2025-03-04,5747
Montgomery,2025-03-04,2043
Moore,2025-03-04,82
Morgan,2025-03-04,7
Overton,2025-03-04,1132
Pickett,2025-03-04,724
Polk,2025-03-04,915
Putnam,2025-03-04,1928
Rhea,2025-03-04,1159
Roane,2025-03-04,352
Robertson,2025-03-04,2438
Rutherford,2025-03-04,1319
Scott,2025-03-04,16
Sequatchie,2025-03-04,6
Sevier,2025-03-04,4746
Shelby,2025-03-04,5555
Stewart,2025-03-04,802
Sullivan,2025-03-04,177
Sumner,2025-03-04,2312
Trousdale,2025-03-04,42
Unicoi,2025-03-04,11
Union,2025-03-04,11
Van Buren,2025-03-04,0
Warren,2025-03-04,0
Washington,2025-03-04,272
Weakley,2025-03-04,0
White,2025-03-04,1557
Williamson,2025-03-04,1652
Wilson,2025-03-04,62
Anderson,2025-03-05,950
Bedford,2025-03-05,333
Bledsoe,2025-03-05,709
Blount,2025-03-05,5688
Bradley,2025-03-05,7909
Campbell,2025-03-05,1284
Cannon,2025-03-05,5
Carroll,2025-03-05,0
Cheatham,2025-03-05,95
Chester,2025-03-05,538
Claiborne,2025-03-05,322
Clay,2025-03-05,327
Cocke,2025-03-05,1254
Coffee,2025-03-05,311
Cumberland,2025-03-05,11605
Davidson,2025-03-05,1189
DeKalb,2025-03-05,4
Fayette,2025-03-05,21
Fentress,2025-03-05,671
Franklin,2025-03-05,18
Gibson,2025-03-05,8
Giles,2025-03-05,150
Grainger,2025-03-05,57
Greene,2025-03-05,745
Grundy,2025-03-05,0
Hamblen,2025-03-05,15
Hamilton,2025-03-05,5044
Hancock,2025-03-05,42
Hardeman,2025-03-05,6
Hawkins,2025-03-05,808
Haywood,2025-03-05,283
Henderson,2025-03-05,51
Henry,2025-03-05,1209
Jefferson,2025-03-05,187
Knox,2025-03-05,3861
Lauderdale,2025-03-05,360
Lawrence,2025-03-05,43
Lincoln,2025-03-05,74
Loudon,2025-03-05,1132
Macon,2025-03-05,286
Madison,2025-03-05,364
Marion,2025-03-05,6
Marshall,2025-03-05,144
Maury,2025-03-05,1045
McMinn,2025-03-05,2500
Meigs,2025-03-05,2625
Monroe,2025-03-05,6808
Montgomery,2025-03-05,54
Moore,2025-03-05,3
Morgan,2025-03-05,4
Overton,2025-03-05,1172
Pickett,2025-03-05,776
Polk,2025-03-05,1998
Putnam,2025-03-05,1928
Rhea,2025-03-05,1390
Roane,2025-03-05,513
Robertson,2025-03-05,426
Rutherford,2025-03-05,674
Scott,2025-03-05,3
Sequatchie,2025-03-05,6
Sevier,2025-03-05,7825
Shelby,2025-03-05,2695
Smith,2025-03-05,1
Stewart,2025-03-05,119
Sullivan,2025-03-05,387
Sumner,2025-03-05,3551
Tipton,2025-03-05,567
Unicoi,2025-03-05,100
Union,2025-03-05,746
Van Buren,2025-03-05,0
Warren,2025-03-05,0
Washington,2025-03-05,2208
Weakley,2025-03-05,0
White,2025-03-05,1559
Williamson,2025-03-05,170
Wilson,2025-03-05,363
Anderson,2025-03-06,4
Bedford,2025-03-06,25
Bledsoe,2025-03-06,6
Blount,2025-03-06,227
Bradley,2025-03-06,1050
Campbell,2025-03-06,4
Cannon,2025-03-06,1
Cheatham,2025-03-06,6
Claiborne,2025-03-06,4
Cocke,2025-03-06,92
Coffee,2025-03-06,4
Cumberland,2025-03-06,2578
Davidson,2025-03-06,4246
Fayette,2025-03-06,1
Fentress,2025-03-06,22
Franklin,2025-03-06,5
Giles,2025-03-06,5170
Grainger,2025-03-06,111
Greene,2025-03-06,10
Grundy,2025-03-06,0
Hamblen,2025-03-06,5
Hamilton,2025-03-06,238
Hancock,2025-03-06,17
Hardeman,2025-03-06,1
Hawkins,2025-03-06,60
Haywood,2025-03-06,1
Henry,2025-03-06,1
Jefferson,2025-03-06,5
Knox,2025-03-06,1583
Lawrence,2025-03-06,6
Lewis,2025-03-06,0
Loudon,2025-03-06,477
Macon,2025-03-06,43
Madison,2025-03-06,367
Marion,2025-03-06,5
Marshall,2025-03-06,4
Maury,2025-03-06,3
McMinn,2025-03-06,483
Meigs,2025-03-06,771
Monroe,2025-03-06,296
Montgomery,2025-03-06,4
Moore,2025-03-06,1
Overton,2025-03-06,9
Pickett,2025-03-06,3
Polk,2025-03-06,13
Putnam,2025-03-06,677
Rhea,2025-03-06,22
Roane,2025-03-06,2
Robertson,2025-03-06,2
Rutherford,2025-03-06,15
Sequatchie,2025-03-06,5
Sevier,2025-03-06,1652
Shelby,2025-03-06,109
Stewart,2025-03-06,5
Sullivan,2025-03-06,355
Sumner,2025-03-06,8
Tipton,2025-03-06,31
Union,2025-03-06,350
Van Buren,2025-03-06,0
Warren,2025-03-06,0
Washington,2025-03-06,83
Wayne,2025-03-06,0
White,2025-03-06,1477
Williamson,2025-03-06,137
Wilson,2025-03-06,4
Anderson,2025-03-07,3
Bedford,2025-03-07,2
Bledsoe,2025-03-07,4
Blount,2025-03-07,78
Bradley,2025-03-07,26
Campbell,2025-03-07,31
Cannon,2025-03-07,3
Carroll,2025-03-07,0
Cheatham,2025-03-07,41
Claiborne,2025-03-07,176
Cocke,2025-03-07,3
Coffee,2025-03-07,2
Cumberland,2025-03-07,15
Davidson,2025-03-07,228
DeKalb,2025-03-07,0
Dickson,2025-03-07,0
Fayette,2025-03-07,2
Fentress,2025-03-07,3
Franklin,2025-03-07,218
Giles,2025-03-07,6
Grainger,2025-03-07,4
Greene,2025-03-07,4
Grundy,2025-03-07,0
Hamblen,2025-03-07,5
Hamilton,2025-03-07,286
Hancock,2025-03-07,114
Hawkins,2025-03-07,7
Henry,2025-03-07,3
Hickman,2025-03-07,0
Jefferson,2025-03-07,3
Knox,2025-03-07,63
Lawrence,2025-03-07,16
Loudon,2025-03-07,1
Madison,2025-03-07,18
Marion,2025-03-07,5
Marshall,2025-03-07,3
Maury,2025-03-07,4
McMinn,2025-03-07,1518
Meigs,2025-03-07,28
Monroe,2025-03-07,14
Montgomery,2025-03-07,46
Overton,2025-03-07,1
Polk,2025-03-07,22
Putnam,2025-03-07,1
Rhea,2025-03-07,3
Roane,2025-03-07,38
Robertson,2025-03-07,48
Rutherford,2025-03-07,291
Sequatchie,2025-03-07,5
Sevier,2025-03-07,64
Shelby,2025-03-07,583
Smith,2025-03-07,0
Stewart,2025-03-07,48
Sullivan,2025-03-07,56
Sumner,2025-03-07,12
Trousdale,2025-03-07,0
Union,2025-03-07,18
Van Buren,2025-03-07,0
Warren,2025-03-07,0
Washington,2025-03-07,4
Weakley,2025-03-07,0
White,2025-03-07,18
Williamson,2025-03-07,20
Wilson,2025-03-07,7
Anderson,2025-03-08,3
Bledsoe,2025-03-08,4
Blount,2025-03-08,65
Bradley,2025-03-08,9
Cannon,2025-03-08,1
Carroll,2025-03-08,0
Cheatham,2025-03-08,1
Claiborne,2025-03-08,26
Cocke,2025-03-08,6
Coffee,2025-03-08,2
Cumberland,2025-03-08,2
Davidson,2025-03-08,28
Fayette,2025-03-08,1
Fentress,2025-03-08,2
Franklin,2025-03-08,0
Grainger,2025-03-08,5
Greene,2025-03-08,1
Grundy,2025-03-08,0
Hamblen,2025-03-08,87
Hamilton,2025-03-08,514
Henry,2025-03-08,613
Jefferson,2025-03-08,3
Knox,2025-03-08,34
Lauderdale,2025-03-08,6
Lawrence,2025-03-08,5
Loudon,2025-03-08,16
Madison,2025-03-08,4
Marion,2025-03-08,5
Maury,2025-03-08,6
McMinn,2025-03-08,10
Meigs,2025-03-08,1
Monroe,2025-03-08,2
Montgomery,2025-03-08,34
Overton,2025-03-08,1
Pickett,2025-03-08,1
Rhea,2025-03-08,1
Robertson,2025-03-08,52
Rutherford,2025-03-08,3
Sequatchie,2025-03-08,44
Sevier,2025-03-08,13
Shelby,2025-03-08,834
Sullivan,2025-03-08,8
Sumner,2025-03-08,28
Tipton,2025-03-08,2
Union,2025-03-08,1
Van Buren,2025-03-08,0
Warren,2025-03-08,0
Washington,2025-03-08,2
Weakley,2025-03-08,0
White,2025-03-08,0
Williamson,2025-03-08,2
Wilson,2025-03-08,1
Bedford,2025-03-09,50
Bledsoe,2025-03-09,4
Blount,2025-03-09,10
Campbell,2025-03-09,1
Cheatham,2025-03-09,3
Cocke,2025-03-09,60
Coffee,2025-03-09,4
Cumberland,2025-03-09,5
Davidson,2025-03-09,29
DeKalb,2025-03-09,1
Fayette,2025-03-09,3
Fentress,2025-03-09,1
Franklin,2025-03-09,0
Giles,2025-03-09,1
Grainger,2025-03-09,5
Greene,2025-03-09,1
Grundy,2025-03-09,0
Hamblen,2025-03-09,2
Hamilton,2025-03-09,163
Hawkins,2025-03-09,47
Henry,2025-03-09,7
Jefferson,2025-03-09,3
Knox,2025-03-09,52
Lawrence,2025-03-09,6
Lewis,2025-03-09,0
Loudon,2025-03-09,1491
Madison,2025-03-09,1
Marion,2025-03-09,5
Maury,2025-03-09,2
McMinn,2025-03-09,1
Meigs,2025-03-09,1
Monroe,2025-03-09,2
Montgomery,2025-03-09,1
Rhea,2025-03-09,0
Roane,2025-03-09,1
Robertson,2025-03-09,2
Rutherford,2025-03-09,33
Sequatchie,2025-03-09,5
Sevier,2025-03-09,21
Shelby,2025-03-09,3642
Stewart,2025-03-09,40
Sullivan,2025-03-09,4
Sumner,2025-03-09,44
Tipton,2025-03-09,7
Van Buren,2025-03-09,0
Warren,2025-03-09,0
Washington,2025-03-09,17
Wayne,2025-03-09,0
White,2025-03-09,0
Williamson,2025-03-09,80
Wilson,2025-03-09,1
Anderson,2025-03-10,88
Bedford,2025-03-10,11
Bledsoe,2025-03-10,5
Blount,2025-03-10,247
Bradley,2025-03-10,1365
Campbell,2025-03-10,52
Cannon,2025-03-10,4
Cheatham,2025-03-10,3
Claiborne,2025-03-10,18
Cocke,2025-03-10,3
Coffee,2025-03-10,4
Cumberland,2025-03-10,14
Davidson,2025-03-10,32
DeKalb,2025-03-10,0
Dickson,2025-03-10,0
Fayette,2025-03-10,11
Fentress,2025-03-10,1307
Franklin,2025-03-10,0
Giles,2025-03-10,46
Grainger,2025-03-10,6
Greene,2025-03-10,115
Grundy,2025-03-10,0
Hamblen,2025-03-10,17
Hamilton,2025-03-10,168
Hancock,2025-03-10,110
Hardeman,2025-03-10,1
Hawkins,2025-03-10,6
Haywood,2025-03-10,4
Henry,2025-03-10,577
Hickman,2025-03-10,0
Jefferson,2025-03-10,57
Knox,2025-03-10,1334
Lawrence,2025-03-10,8
Loudon,2025-03-10,4
Macon,2025-03-10,2
Madison,2025-03-10,30
Marion,2025-03-10,5
Marshall,2025-03-10,3
Maury,2025-03-10,5
McMinn,2025-03-10,1
Meigs,2025-03-10,1
Monroe,2025-03-10,895
Montgomery,2025-03-10,184
Pickett,2025-03-10,22
Polk,2025-03-10,59
Rhea,2025-03-10,3
Roane,2025-03-10,3
Robertson,2025-03-10,2
Rutherford,2025-03-10,13
Scott,2025-03-10,16
Sequatchie,2025-03-10,5
Sevier,2025-03-10,90
Shelby,2025-03-10,484
Smith,2025-03-10,0
Stewart,2025-03-10,5
Sullivan,2025-03-10,5
Sumner,2025-03-10,7
Tipton,2025-03-10,7
Trousdale,2025-03-10,2
Union,2025-03-10,1
Van Buren,2025-03-10,0
Warren,2025-03-10,0
Washington,2025-03-10,48
White,2025-03-10,0
Williamson,2025-03-10,41
Wilson,2025-03-10,25
Anderson,2025-03-11,927
Bedford,2025-03-11,10
Bledsoe,2025-03-11,4
Blount,2025-03-11,56
Bradley,2025-03-11,38
Campbell,2025-03-11,44
Cannon,2025-03-11,3
Cheatham,2025-03-11,1
Chester,2025-03-11,1
Claiborne,2025-03-11,158
Clay,2025-03-11,43
Cocke,2025-03-11,8
Coffee,2025-03-11,73
Cumberland,2025-03-11,407
Davidson,2025-03-11,267
DeKalb,2025-03-11,30
Fayette,2025-03-11,1
Fentress,2025-03-11,4
Franklin,2025-03-11,6
Gibson,2025-03-11,1
Giles,2025-03-11,6
Grainger,2025-03-11,6
Greene,2025-03-11,427
Grundy,2025-03-11,0
Hamblen,2025-03-11,9
Hamilton,2025-03-11,76
Hancock,2025-03-11,13
Hardeman,2025-03-11,4
Hawkins,2025-03-11,385
Haywood,2025-03-11,1
Henry,2025-03-11,3
Jefferson,2025-03-11,4
Knox,2025-03-11,2534
Lawrence,2025-03-11,35
Loudon,2025-03-11,22
Madison,2025-03-11,36
Marion,2025-03-11,5
Marshall,2025-03-11,36
Maury,2025-03-11,756
McMinn,2025-03-11,15
Meigs,2025-03-11,68
Monroe,2025-03-11,65
Montgomery,2025-03-11,139
Overton,2025-03-11,12
Pickett,2025-03-11,336
Polk,2025-03-11,1
Putnam,2025-03-11,1
Rhea,2025-03-11,2
Roane,2025-03-11,781
Robertson,2025-03-11,4
Rutherford,2025-03-11,58
Sequatchie,2025-03-11,5
Sevier,2025-03-11,2662
Shelby,2025-03-11,2364
Smith,2025-03-11,1
Stewart,2025-03-11,5
Sullivan,2025-03-11,21
Sumner,2025-03-11,54
Tipton,2025-03-11,54
Unicoi,2025-03-11,7
Union,2025-03-11,72
Van Buren,2025-03-11,0
Warren,2025-03-11,0
Washington,2025-03-11,52
White,2025-03-11,15
Williamson,2025-03-11,595
Wilson,2025-03-11,26
Anderson,2025-03-12,1581
Bedford,2025-03-12,7
Bledsoe,2025-03-12,4
Blount,2025-03-12,36
Bradley,2025-03-12,1
Campbell,2025-03-12,67
Cannon,2025-03-12,2
Carroll,2025-03-12,0
Cheatham,2025-03-12,4
Claiborne,2025-03-12,56
Cocke,2025-03-12,13
Coffee,2025-03-12,5
Cumberland,2025-03-12,24
Davidson,2025-03-12,1353
Fayette,2025-03-12,1
Fentress,2025-03-12,3604
Franklin,2025-03-12,12
Gibson,2025-03-12,23
Giles,2025-03-12,13
Grainger,2025-03-12,6
Greene,2025-03-12,34
Grundy,2025-03-12,0
Hamblen,2025-03-12,9
Hamilton,2025-03-12,35
Hancock,2025-03-12,13
Hawkins,2025-03-12,45
Henry,2025-03-12,10
Jefferson,2025-03-12,6
Knox,2025-03-12,849
Lawrence,2025-03-12,11
Loudon,2025-03-12,2
Madison,2025-03-12,2
Marion,2025-03-12,5
Marshall,2025-03-12,4
Maury,2025-03-12,18
McMinn,2025-03-12,2
Meigs,2025-03-12,2
Monroe,2025-03-12,189
Montgomery,2025-03-12,31
Morgan,2025-03-12,2
Overton,2025-03-12,367
Pickett,2025-03-12,1
Polk,2025-03-12,6
Putnam,2025-03-12,7
Rhea,2025-03-12,20
Roane,2025-03-12,1
Robertson,2025-03-12,16
Rutherford,2025-03-12,12
Sequatchie,2025-03-12,5
Sevier,2025-03-12,94
Shelby,2025-03-12,2722
Stewart,2025-03-12,2
Sullivan,2025-03-12,13
Sumner,2025-03-12,42
Tipton,2025-03-12,3
Trousdale,2025-03-12,1
Union,2025-03-12,16
Van Buren,2025-03-12,0
Warren,2025-03-12,0
Washington,2025-03-12,25
Weakley,2025-03-12,0
White,2025-03-12,1
Williamson,2025-03-12,378
Wilson,2025-03-12,7
Anderson,2025-03-13,27
Bedford,2025-03-13,2
Bledsoe,2025-03-13,5
Blount,2025-03-13,36
Bradley,2025-03-13,462
Campbell,2025-03-13,52
Cannon,2025-03-13,1
Cheatham,2025-03-13,4
Claiborne,2025-03-13,17
Clay,2025-03-13,70
Cocke,2025-03-13,7
Coffee,2025-03-13,10
Cumberland,2025-03-13,100
Davidson,2025-03-13,88
DeKalb,2025-03-13,2
Dickson,2025-03-13,0
Fayette,2025-03-13,14
Fentress,2025-03-13,32
Franklin,2025-03-13,9
Gibson,2025-03-13,1
Giles,2025-03-13,17
Grainger,2025-03-13,6
Greene,2025-03-13,20
Grundy,2025-03-13,0
Hamblen,2025-03-13,4
Hamilton,2025-03-13,95
Hancock,2025-03-13,2
Hawkins,2025-03-13,97
Haywood,2025-03-13,2
Henry,2025-03-13,18
Hickman,2025-03-13,0
Jefferson,2025-03-13,3
Knox,2025-03-13,829
Lawrence,2025-03-13,4
Loudon,2025-03-13,13
Madison,2025-03-13,4
Marion,2025-03-13,14
Marshall,2025-03-13,21
Maury,2025-03-13,5
McMinn,2025-03-13,12
Meigs,2025-03-13,8
Monroe,2025-03-13,900
Montgomery,2025-03-13,44
Moore,2025-03-13,2
Polk,2025-03-13,7
Rhea,2025-03-13,5
Robertson,2025-03-13,8
Rutherford,2025-03-13,21
Sequatchie,2025-03-13,5
Sevier,2025-03-13,100
Shelby,2025-03-13,1590
Smith,2025-03-13,46
Stewart,2025-03-13,2
Sullivan,2025-03-13,20
Sumner,2025-03-13,17
Tipton,2025-03-13,1158
Trousdale,2025-03-13,2
Unicoi,2025-03-13,10
Union,2025-03-13,12
Van Buren,2025-03-13,0
Warren,2025-03-13,0
Washington,2025-03-13,723
White,2025-03-13,0
Williamson,2025-03-13,1437
Wilson,2025-03-13,225
Anderson,2025-03-14,37
Bedford,2025-03-14,1
Bledsoe,2025-03-14,12
Blount,2025-03-14,148
Bradley,2025-03-14,1477
Campbell,2025-03-14,28
Cannon,2025-03-14,2
Cheatham,2025-03-14,16
Chester,2025-03-14,31
Claiborne,2025-03-14,5
Clay,2025-03-14,65
Cocke,2025-03-14,10
Coffee,2025-03-14,4
Cumberland,2025-03-14,1095
Davidson,2025-03-14,3096
Fayette,2025-03-14,794
Fentress,2025-03-14,7
Franklin,2025-03-14,2
Giles,2025-03-14,1905
Grainger,2025-03-14,27
Greene,2025-03-14,5
Grundy,2025-03-14,0
Hamblen,2025-03-14,12
Hamilton,2025-03-14,963
Hancock,2025-03-14,7
Hardeman,2025-03-14,13
Hawkins,2025-03-14,2
Haywood,2025-03-14,5
Henry,2025-03-14,164
Jefferson,2025-03-14,4
Knox,2025-03-14,1621
Lawrence,2025-03-14,13
Loudon,2025-03-14,24
Macon,2025-03-14,676
Madison,2025-03-14,103
Marion,2025-03-14,7
Marshall,2025-03-14,3
Maury,2025-03-14,4
McMinn,2025-03-14,418
Meigs,2025-03-14,329
Monroe,2025-03-14,136
Montgomery,2025-03-14,143
Overton,2025-03-14,51
Pickett,2025-03-14,21
Polk,2025-03-14,1
Rhea,2025-03-14,1716
Roane,2025-03-14,5
Robertson,2025-03-14,12
Rutherford,2025-03-14,21
Scott,2025-03-14,1
Sequatchie,2025-03-14,5
Sevier,2025-03-14,43
Shelby,2025-03-14,4784
Sullivan,2025-03-14,11
Sumner,2025-03-14,18
Tipton,2025-03-14,40
Unicoi,2025-03-14,1
Union,2025-03-14,8
Van Buren,2025-03-14,0
Warren,2025-03-14,0
Washington,2025-03-14,60
White,2025-03-14,1
Williamson,2025-03-14,128
Wilson,2025-03-14,20
Anderson,2025-03-15,341
Bedford,2025-03-15,240
Bledsoe,2025-03-15,278
Blount,2025-03-15,54
Bradley,2025-03-15,738
Campbell,2025-03-15,1201
Cannon,2025-03-15,33
Cheatham,2025-03-15,29
Chester,2025-03-15,5313
Claiborne,2025-03-15,127
Clay,2025-03-15,18
Cocke,2025-03-15,104
Coffee,2025-03-15,354
Cumberland,2025-03-15,4582
Davidson,2025-03-15,13596
DeKalb,2025-03-15,1
Fayette,2025-03-15,816
Fentress,2025-03-15,2868
Franklin,2025-03-15,1371
Gibson,2025-03-15,11
Giles,2025-03-15,5225
Grainger,2025-03-15,5
Greene,2025-03-15,32
Grundy,2025-03-15,0
Hamblen,2025-03-15,3
Hamilton,2025-03-15,1044
Hancock,2025-03-15,1
Hardeman,2025-03-15,72
Hawkins,2025-03-15,8
Haywood,2025-03-15,1053
Henderson,2025-03-15,20
Henry,2025-03-15,1102
Jefferson,2025-03-15,3
Knox,2025-03-15,791
Lawrence,2025-03-15,1052
Lewis,2025-03-15,4
Loudon,2025-03-15,122
Macon,2025-03-15,676
Madison,2025-03-15,651
Marion,2025-03-15,153
Marshall,2025-03-15,95
Maury,2025-03-15,141
McMinn,2025-03-15,1430
Meigs,2025-03-15,220
Monroe,2025-03-15,557
Montgomery,2025-03-15,194
Moore,2025-03-15,161
Morgan,2025-03-15,1
Overton,2025-03-15,12
Pickett,2025-03-15,334
Polk,2025-03-15,2627
Putnam,2025-03-15,715
Rhea,2025-03-15,179
Roane,2025-03-15,1084
Robertson,2025-03-15,562
Rutherford,2025-03-15,725
Sequatchie,2025-03-15,125
Sevier,2025-03-15,1308
Shelby,2025-03-15,7837
Stewart,2025-03-15,1571
Sullivan,2025-03-15,209
Sumner,2025-03-15,383
Tipton,2025-03-15,796
Unicoi,2025-03-15,19
Union,2025-03-15,9
Van Buren,2025-03-15,0
Warren,2025-03-15,1
Washington,2025-03-15,642
Wayne,2025-03-15,28
White,2025-03-15,945
Williamson,2025-03-15,213
Wilson,2025-03-15,1630
Anderson,2025-03-16,341
Bedford,2025-03-16,163
Bledsoe,2025-03-16,482
Blount,2025-03-16,735
Bradley,2025-03-16,1092
Campbell,2025-03-16,2518
Cannon,2025-03-16,27
Cheatham,2025-03-16,19
Claiborne,2025-03-16,537
Clay,2025-03-16,632
Cocke,2025-03-16,71
Coffee,2025-03-16,88
Cumberland,2025-03-16,14944
Davidson,2025-03-16,395
DeKalb,2025-03-16,1
Fayette,2025-03-16,86
Fentress,2025-03-16,4893
Franklin,2025-03-16,1178
Gibson,2025-03-16,62
Giles,2025-03-16,5222
Grainger,2025-03-16,36
Greene,2025-03-16,98
Grundy,2025-03-16,0
Hamblen,2025-03-16,2
Hamilton,2025-03-16,5759
Hancock,2025-03-16,70
Hardeman,2025-03-16,1
Hawkins,2025-03-16,95
Haywood,2025-03-16,1
Henry,2025-03-16,520
Jefferson,2025-03-16,6
Knox,2025-03-16,1940
Lawrence,2025-03-16,103
Loudon,2025-03-16,33
Madison,2025-03-16,35
Marion,2025-03-16,153
Marshall,2025-03-16,2
Maury,2025-03-16,1
McMinn,2025-03-16,154
Meigs,2025-03-16,1910
Monroe,2025-03-16,638
Montgomery,2025-03-16,69
Moore,2025-03-16,160
Morgan,2025-03-16,47
Overton,2025-03-16,886
Pickett,2025-03-16,226
Polk,2025-03-16,509
Putnam,2025-03-16,2070
Rhea,2025-03-16,1131
Roane,2025-03-16,858
Robertson,2025-03-16,1025
Rutherford,2025-03-16,8
Scott,2025-03-16,32
Sequatchie,2025-03-16,130
Sevier,2025-03-16,2599
Shelby,2025-03-16,3538
Stewart,2025-03-16,186
Sullivan,2025-03-16,209
Sumner,2025-03-16,53
Tipton,2025-03-16,17
Unicoi,2025-03-16,93
Union,2025-03-16,568
Van Buren,2025-03-16,0
Warren,2025-03-16,1
Washington,2025-03-16,51
White,2025-03-16,1555
Williamson,2025-03-16,2
Wilson,2025-03-16,3
Anderson,2025-03-17,497
Bedford,2025-03-17,15
Bledsoe,2025-03-17,17
Blount,2025-03-17,29
Bradley,2025-03-17,4108
Campbell,2025-03-17,829
Cannon,2025-03-17,4
Cheatham,2025-03-17,36
Chester,2025-03-17,16
Claiborne,2025-03-17,101
Cocke,2025-03-17,1
Coffee,2025-03-17,3
Cumberland,2025-03-17,567
Davidson,2025-03-17,147
DeKalb,2025-03-17,1
Dickson,2025-03-17,0
Fayette,2025-03-17,2
Fentress,2025-03-17,95
Franklin,2025-03-17,212
Giles,2025-03-17,523
Grainger,2025-03-17,5
Greene,2025-03-17,17
Grundy,2025-03-17,0
Hamblen,2025-03-17,12
Hamilton,2025-03-17,304
Hancock,2025-03-17,1
Hardeman,2025-03-17,9
Hawkins,2025-03-17,10
Henderson,2025-03-17,1
Henry,2025-03-17,1020
Hickman,2025-03-17,0
Jefferson,2025-03-17,3
Knox,2025-03-17,94
Lawrence,2025-03-17,8
Loudon,2025-03-17,2
Macon,2025-03-17,2
Madison,2025-03-17,4
Marion,2025-03-17,5
Marshall,2025-03-17,3
Maury,2025-03-17,6
McMinn,2025-03-17,1
Meigs,2025-03-17,2
Monroe,2025-03-17,106
Montgomery,2025-03-17,142
Moore,2025-03-17,1
Morgan,2025-03-17,3
Overton,2025-03-17,1
Pickett,2025-03-17,2
Polk,2025-03-17,1
Putnam,2025-03-17,2
Rhea,2025-03-17,1716
Roane,2025-03-17,3
Robertson,2025-03-17,3
Rutherford,2025-03-17,87
Scott,2025-03-17,13
Sequatchie,2025-03-17,5
Sevier,2025-03-17,122
Shelby,2025-03-17,3357
Smith,2025-03-17,0
Stewart,2025-03-17,6
Sullivan,2025-03-17,26
Sumner,2025-03-17,7
Tipton,2025-03-17,30
Trousdale,2025-03-17,0
Union,2025-03-17,5
Van Buren,2025-03-17,0
Warren,2025-03-17,0
Washington,2025-03-17,24
White,2025-03-17,128
Williamson,2025-03-17,18
Wilson,2025-03-17,251
Bedford,2025-03-18,14
Bledsoe,2025-03-18,4
Blount,2025-03-18,26
Bradley,2025-03-18,192
Campbell,2025-03-18,47
Cannon,2025-03-18,4
Cheatham,2025-03-18,4
Chester,2025-03-18,16
Claiborne,2025-03-18,2
Clay,2025-03-18,4
Cocke,2025-03-18,22
Coffee,2025-03-18,1
Cumberland,2025-03-18,4
Davidson,2025-03-18,166
DeKalb,2025-03-18,3
Fayette,2025-03-18,43
Fentress,2025-03-18,32
Franklin,2025-03-18,15
Gibson,2025-03-18,4
Giles,2025-03-18,26
Grainger,2025-03-18,58
Greene,2025-03-18,3
Grundy,2025-03-18,0
Hamblen,2025-03-18,19
Hamilton,2025-03-18,713
Hancock,2025-03-18,81
Hawkins,2025-03-18,14
Henry,2025-03-18,16
Jefferson,2025-03-18,1556
Knox,2025-03-18,43
Lawrence,2025-03-18,9
Loudon,2025-03-18,480
Macon,2025-03-18,4
Madison,2025-03-18,5
Marion,2025-03-18,5
Marshall,2025-03-18,623
Maury,2025-03-18,73
McMinn,2025-03-18,3
Meigs,2025-03-18,299
Monroe,2025-03-18,27
Montgomery,2025-03-18,53
Moore,2025-03-18,3
Morgan,2025-03-18,10
Overton,2025-03-18,1
Polk,2025-03-18,1
Putnam,2025-03-18,1
Rhea,2025-03-18,1
Roane,2025-03-18,25
Robertson,2025-03-18,8
Rutherford,2025-03-18,814
Scott,2025-03-18,13
Sequatchie,2025-03-18,5
Sevier,2025-03-18,2858
Shelby,2025-03-18,1850
Smith,2025-03-18,1
Stewart,2025-03-18,28
Sullivan,2025-03-18,607
Sumner,2025-03-18,56
Tipton,2025-03-18,4
Union,2025-03-18,44
Van Buren,2025-03-18,0
Warren,2025-03-18,0
Washington,2025-03-18,20
White,2025-03-18,1
Williamson,2025-03-18,1617
Wilson,2025-03-18,11
Anderson,2025-03-19,3
Bedford,2025-03-19,86
Bledsoe,2025-03-19,22
Blount,2025-03-19,19
Bradley,2025-03-19,879
Campbell,2025-03-19,1441
Cannon,2025-03-19,19
Cheatham,2025-03-19,301
Chester,2025-03-19,3
Claiborne,2025-03-19,145
Clay,2025-03-19,286
Cocke,2025-03-19,7
Coffee,2025-03-19,2
Cumberland,2025-03-19,269
Davidson,2025-03-19,3037
Fayette,2025-03-19,60
Fentress,2025-03-19,14
Franklin,2025-03-19,739
Gibson,2025-03-19,12
Giles,2025-03-19,168
Grainger,2025-03-19,76
Greene,2025-03-19,1
Grundy,2025-03-19,0
Hamblen,2025-03-19,6
Hamilton,2025-03-19,90
Hancock,2025-03-19,6
Hardeman,2025-03-19,34
Hawkins,2025-03-19,7
Haywood,2025-03-19,2
Henry,2025-03-19,166
Jefferson,2025-03-19,4
Knox,2025-03-19,1660
Lauderdale,2025-03-19,11
Lawrence,2025-03-19,33
Loudon,2025-03-19,3
Macon,2025-03-19,9
Madison,2025-03-19,92
Marion,2025-03-19,5
Marshall,2025-03-19,8
Maury,2025-03-19,551
McMinn,2025-03-19,10
Meigs,2025-03-19,31
Monroe,2025-03-19,80
Montgomery,2025-03-19,581
Moore,2025-03-19,17
Overton,2025-03-19,18
Pickett,2025-03-19,1
Polk,2025-03-19,1
Rhea,2025-03-19,17
Roane,2025-03-19,4
Robertson,2025-03-19,172
Rutherford,2025-03-19,34
Sequatchie,2025-03-19,5
Sevier,2025-03-19,167
Shelby,2025-03-19,12398
Stewart,2025-03-19,73
Sullivan,2025-03-19,72
Sumner,2025-03-19,1283
Tipton,2025-03-19,20
Trousdale,2025-03-19,83
Union,2025-03-19,19
Van Buren,2025-03-19,0
Warren,2025-03-19,0
Washington,2025-03-19,20
White,2025-03-19,0
Williamson,2025-03-19,687
Wilson,2025-03-19,679
Anderson,2025-03-20,6
Bedford,2025-03-20,3
Bledsoe,2025-03-20,4
Blount,2025-03-20,582
Bradley,2025-03-20,2
Campbell,2025-03-20,3
Cannon,2025-03-20,29
Cheatham,2025-03-20,2
Chester,2025-03-20,5
Claiborne,2025-03-20,30
Clay,2025-03-20,1782
Cocke,2025-03-20,13
Coffee,2025-03-20,0
Cumberland,2025-03-20,394
Davidson,2025-03-20,3752
DeKalb,2025-03-20,4
Fayette,2025-03-20,17
Fentress,2025-03-20,13
Franklin,2025-03-20,266
Gibson,2025-03-20,1
Giles,2025-03-20,7
Grainger,2025-03-20,188
Greene,2025-03-20,5
Grundy,2025-03-20,0
Hamblen,2025-03-20,4
Hamilton,2025-03-20,99
Hancock,2025-03-20,17
Hawkins,2025-03-20,20
Haywood,2025-03-20,2
Henderson,2025-03-20,4
Henry,2025-03-20,159
Jefferson,2025-03-20,9
Knox,2025-03-20,1468
Lawrence,2025-03-20,12
Loudon,2025-03-20,4
Macon,2025-03-20,9
Madison,2025-03-20,20
Marion,2025-03-20,5
Marshall,2025-03-20,25
Maury,2025-03-20,778
McMinn,2025-03-20,2817
Meigs,2025-03-20,25
Monroe,2025-03-20,59
Montgomery,2025-03-20,1246
Moore,2025-03-20,2
Overton,2025-03-20,1
Pickett,2025-03-20,1
Polk,2025-03-20,755
Putnam,2025-03-20,458
Rhea,2025-03-20,38
Roane,2025-03-20,906
Robertson,2025-03-20,181
Rutherford,2025-03-20,12
Sequatchie,2025-03-20,5
Sevier,2025-03-20,1072
Shelby,2025-03-20,7537
Stewart,2025-03-20,1535
Sullivan,2025-03-20,58
Sumner,2025-03-20,1283
Tipton,2025-03-20,7
Trousdale,2025-03-20,83
Unicoi,2025-03-20,0
Union,2025-03-20,70
Van Buren,2025-03-20,0
Warren,2025-03-20,0
Washington,2025-03-20,19
White,2025-03-20,1
Williamson,2025-03-20,221
Wilson,2025-03-20,72
Anderson,2025-03-21,3
Bedford,2025-03-21,4
Bledsoe,2025-03-21,4
Blount,2025-03-21,346
Bradley,2025-03-21,1
Campbell,2025-03-21,47
Cannon,2025-03-21,1
Cheatham,2025-03-21,3
Claiborne,2025-03-21,5
Cocke,2025-03-21,11
Coffee,2025-03-21,2
Cumberland,2025-03-21,60
Davidson,2025-03-21,153
DeKalb,2025-03-21,4
Fayette,2025-03-21,1
Fentress,2025-03-21,14
Franklin,2025-03-21,4
Giles,2025-03-21,2
Grainger,2025-03-21,5
Greene,2025-03-21,4
Grundy,2025-03-21,0
Hamblen,2025-03-21,2
Hamilton,2025-03-21,94
Hawkins,2025-03-21,127
Haywood,2025-03-21,1
Jefferson,2025-03-21,88
Knox,2025-03-21,474
Lawrence,2025-03-21,5
Loudon,2025-03-21,2
Macon,2025-03-21,9
Madison,2025-03-21,10
Marion,2025-03-21,5
Marshall,2025-03-21,1
Maury,2025-03-21,40
McMinn,2025-03-21,43
Meigs,2025-03-21,3
Monroe,2025-03-21,2
Montgomery,2025-03-21,1
Moore,2025-03-21,2
Polk,2025-03-21,678
Rhea,2025-03-21,2
Roane,2025-03-21,1
Robertson,2025-03-21,4
Rutherford,2025-03-21,27
Sequatchie,2025-03-21,5
Sevier,2025-03-21,91
Shelby,2025-03-21,239
Stewart,2025-03-21,9
Sullivan,2025-03-21,14
Sumner,2025-03-21,67
Tipton,2025-03-21,18
Unicoi,2025-03-21,48
Union,2025-03-21,366
Van Buren,2025-03-21,0
Warren,2025-03-21,0
Washington,2025-03-21,44
White,2025-03-21,0
Williamson,2025-03-21,12
Wilson,2025-03-21,49
