begin_dt,end_dt,county,event_type,damage_property_num,damage_crops_num,DEATHS_DIRECT,INJURIES_DIRECT,EPISODE_ID,EVENT_ID,SOURCE
2021-01-07 17:00:00,2021-01-08 04:00:00,BEDFORD,WINTER WEATHER,0.0,0.0,0,0,156035,941536,CoCoRaHS
2021-01-07 17:00:00,2021-01-08 04:00:00,CANNON,WINTER WEATHER,0.0,0.0,0,0,156035,941538,CoCoRaHS
2021-01-07 17:00:00,2021-01-08 04:00:00,COFFEE,WINTER WEATHER,0.0,0.0,0,0,156035,941537,CoCoRaHS
2021-01-07 17:00:00,2021-01-08 04:00:00,CUMBERLAND,WINTER WEATHER,0.0,0.0,0,0,156035,941542,CoCoRaHS
2021-01-07 17:00:00,2021-01-08 04:00:00,DEKALB,WINTER WEATHER,0.0,0.0,0,0,156035,941539,CoCoRaHS
2021-01-07 17:00:00,2021-01-08 04:00:00,FENTRESS,WINTER WEATHER,0.0,0.0,0,0,156035,941541,CoCoRaHS
2021-01-07 17:00:00,2021-01-08 04:00:00,GILES,WINTER WEATHER,0.0,0.0,0,0,156035,941534,Law Enforcement
2021-01-07 17:00:00,2021-01-08 04:00:00,GRUNDY,WINTER WEATHER,0.0,0.0,0,0,156035,941546,CoCoRaHS
2021-01-07 17:00:00,2021-01-08 04:00:00,HICKMAN,WINTER WEATHER,0.0,0.0,0,0,156035,941530,COOP Observer
2021-01-07 17:00:00,2021-01-08 04:00:00,LAWRENCE,WINTER WEATHER,0.0,0.0,0,0,156035,941533,CoCoRaHS
2021-01-07 17:00:00,2021-01-08 04:00:00,LEWIS,WINTER WEATHER,0.0,0.0,0,0,156035,941529,CoCoRaHS
2021-01-07 17:00:00,2021-01-08 04:00:00,MARSHALL,WINTER WEATHER,0.0,0.0,0,0,156035,941535,CoCoRaHS
2021-01-07 17:00:00,2021-01-08 04:00:00,MAURY,WINTER STORM,0.0,0.0,0,0,156035,941547,Social Media
2021-01-07 17:00:00,2021-01-08 04:00:00,PUTNAM,WINTER WEATHER,0.0,0.0,0,0,156035,941540,CoCoRaHS
2021-01-07 17:00:00,2021-01-08 04:00:00,VAN BUREN,WINTER WEATHER,0.0,0.0,0,0,156035,941544,Social Media
2021-01-07 17:00:00,2021-01-08 04:00:00,WARREN,WINTER WEATHER,0.0,0.0,0,0,156035,941545,CoCoRaHS
2021-01-07 17:00:00,2021-01-08 04:00:00,WHITE,WINTER WEATHER,0.0,0.0,0,0,156035,941543,CoCoRaHS
2021-01-07 17:00:00,2021-01-08 04:00:00,WILLIAMSON,WINTER WEATHER,0.0,0.0,0,0,156035,941531,CoCoRaHS
2021-01-07 18:00:00,2021-01-08 10:00:00,FRANKLIN,WINTER WEATHER,0.0,0.0,0,0,154063,936962,COOP Observer
2021-01-07 18:00:00,2021-01-08 10:00:00,LINCOLN,WINTER WEATHER,0.0,0.0,0,0,154063,936963,CoCoRaHS
2021-01-07 18:00:00,2021-01-08 10:00:00,MOORE,WINTER WEATHER,0.0,0.0,0,0,154063,936964,CoCoRaHS
2021-01-07 19:00:00,2021-01-08 07:00:00,COCKE/SMOKY MOUNTAINS,HEAVY SNOW,0.0,0.0,0,0,154474,930536,911 Call Center
2021-01-07 19:00:00,2021-01-08 07:00:00,JOHNSON,HEAVY SNOW,0.0,0.0,0,0,154474,930532,911 Call Center
2021-01-07 19:00:00,2021-01-08 07:00:00,SEVIER/SMOKY MOUNTAINS,HEAVY SNOW,0.0,0.0,0,0,154474,930530,COOP Observer
2021-01-07 19:00:00,2021-01-08 07:00:00,SOUTHEAST CARTER,HEAVY SNOW,0.0,0.0,0,0,154474,930533,911 Call Center
2021-01-07 19:00:00,2021-01-08 07:00:00,SOUTHEAST GREENE,HEAVY SNOW,0.0,0.0,0,0,154474,930535,911 Call Center
2021-01-07 19:00:00,2021-01-08 07:00:00,UNICOI,HEAVY SNOW,0.0,0.0,0,0,154474,930534,911 Call Center
2021-01-11 01:00:00,2021-01-11 17:00:00,BEDFORD,WINTER WEATHER,0.0,0.0,0,0,156036,941563,CoCoRaHS
2021-01-11 01:00:00,2021-01-11 17:00:00,CANNON,WINTER WEATHER,0.0,0.0,0,0,156036,941551,CoCoRaHS
2021-01-11 01:00:00,2021-01-11 17:00:00,COFFEE,WINTER WEATHER,0.0,0.0,0,0,156036,941564,CoCoRaHS
2021-01-11 01:00:00,2021-01-11 17:00:00,CUMBERLAND,WINTER WEATHER,0.0,0.0,0,0,156036,941556,CoCoRaHS
2021-01-11 01:00:00,2021-01-11 17:00:00,DEKALB,WINTER WEATHER,0.0,0.0,0,0,156036,941552,CoCoRaHS
2021-01-11 01:00:00,2021-01-11 17:00:00,FENTRESS,WINTER WEATHER,0.0,0.0,0,0,156036,941555,CoCoRaHS
2021-01-11 01:00:00,2021-01-11 17:00:00,HICKMAN,WINTER WEATHER,0.0,0.0,0,0,156036,941548,CoCoRaHS
2021-01-11 01:00:00,2021-01-11 17:00:00,LAWRENCE,WINTER WEATHER,0.0,0.0,0,0,156036,941561,CoCoRaHS
2021-01-11 01:00:00,2021-01-11 17:00:00,MARSHALL,WINTER WEATHER,0.0,0.0,0,0,156036,941562,CoCoRaHS
2021-01-11 01:00:00,2021-01-11 17:00:00,OVERTON,WINTER WEATHER,0.0,0.0,0,0,156036,941554,CoCoRaHS
2021-01-11 01:00:00,2021-01-11 17:00:00,PUTNAM,WINTER WEATHER,0.0,0.0,0,0,156036,941553,CoCoRaHS
2021-01-11 01:00:00,2021-01-11 17:00:00,RUTHERFORD,WINTER WEATHER,0.0,0.0,0,0,156036,941550,CoCoRaHS
2021-01-11 01:00:00,2021-01-11 17:00:00,WARREN,WINTER WEATHER,0.0,0.0,0,0,156036,941560,CoCoRaHS
2021-01-11 01:00:00,2021-01-11 17:00:00,WHITE,WINTER WEATHER,0.0,0.0,0,0,156036,941558,CoCoRaHS
2021-01-11 01:00:00,2021-01-11 17:00:00,WILLIAMSON,WINTER WEATHER,0.0,0.0,0,0,156036,941549,CoCoRaHS
2021-01-11 06:00:00,2021-01-11 13:00:00,FRANKLIN,WINTER WEATHER,0.0,0.0,0,0,154116,936965,COOP Observer
2021-01-11 06:00:00,2021-01-11 13:00:00,LINCOLN,WINTER WEATHER,0.0,0.0,0,0,154116,936966,CoCoRaHS
2021-01-11 06:00:00,2021-01-11 13:00:00,MOORE,WINTER WEATHER,0.0,0.0,0,0,154116,936967,COOP Observer
2021-01-15 21:00:00,2021-01-16 12:00:00,CANNON,WINTER WEATHER,0.0,0.0,0,0,156045,941565,CoCoRaHS
2021-01-15 21:00:00,2021-01-16 12:00:00,CANNON,WINTER WEATHER,0.0,0.0,0,0,156045,941566,CoCoRaHS
2021-01-15 21:00:00,2021-01-16 12:00:00,CLAY,WINTER WEATHER,0.0,0.0,0,0,156045,941567,CoCoRaHS
2021-01-15 21:00:00,2021-01-16 12:00:00,COFFEE,WINTER WEATHER,0.0,0.0,0,0,156045,941568,COOP Observer
2021-01-15 21:00:00,2021-01-16 12:00:00,CUMBERLAND,WINTER WEATHER,0.0,0.0,0,0,156045,941569,CoCoRaHS
2021-01-15 21:00:00,2021-01-16 12:00:00,DAVIDSON,WINTER WEATHER,0.0,0.0,0,0,156045,941570,CoCoRaHS
2021-01-15 21:00:00,2021-01-16 12:00:00,DEKALB,WINTER WEATHER,0.0,0.0,0,0,156045,941571,CoCoRaHS
2021-01-15 21:00:00,2021-01-16 12:00:00,FENTRESS,WINTER WEATHER,0.0,0.0,0,0,156045,941575,CoCoRaHS
2021-01-15 21:00:00,2021-01-16 12:00:00,GRUNDY,WINTER WEATHER,0.0,0.0,0,0,156045,941576,CoCoRaHS
2021-01-15 21:00:00,2021-01-16 12:00:00,HICKMAN,WINTER WEATHER,0.0,0.0,0,0,156045,941577,COOP Observer
2021-01-15 21:00:00,2021-01-16 12:00:00,MACON,WINTER WEATHER,0.0,0.0,0,0,156045,941578,Social Media
2021-01-15 21:00:00,2021-01-16 12:00:00,OVERTON,WINTER WEATHER,0.0,0.0,0,0,156045,941579,CoCoRaHS
2021-01-15 21:00:00,2021-01-16 12:00:00,PICKETT,WINTER WEATHER,0.0,0.0,0,0,156045,941580,CoCoRaHS
2021-01-15 21:00:00,2021-01-16 12:00:00,PUTNAM,WINTER WEATHER,0.0,0.0,0,0,156045,941581,CoCoRaHS
2021-01-15 21:00:00,2021-01-16 12:00:00,ROBERTSON,WINTER WEATHER,0.0,0.0,0,0,156045,941582,CoCoRaHS
2021-01-15 21:00:00,2021-01-16 12:00:00,SMITH,WINTER WEATHER,0.0,0.0,0,0,156045,941583,CoCoRaHS
2021-01-15 21:00:00,2021-01-16 12:00:00,SUMNER,WINTER WEATHER,0.0,0.0,0,0,156045,941584,COOP Observer
2021-01-15 21:00:00,2021-01-16 12:00:00,WARREN,WINTER WEATHER,0.0,0.0,0,0,156045,941585,CoCoRaHS
2021-01-15 21:00:00,2021-01-16 12:00:00,WHITE,WINTER WEATHER,0.0,0.0,0,0,156045,941586,CoCoRaHS
2021-01-15 21:00:00,2021-01-16 12:00:00,WILLIAMSON,WINTER WEATHER,0.0,0.0,0,0,156045,941587,CoCoRaHS
2021-01-25 07:10:00,2021-01-25 07:15:00,DYER,HAIL,0.0,0.0,0,0,155893,940420,Public
2021-01-25 12:26:00,2021-01-25 12:26:00,MONTGOMERY,THUNDERSTORM WIND,5000.0,0.0,0,0,156047,941590,Emergency Manager
2021-01-25 15:40:00,2021-01-25 15:45:00,SHELBY,HAIL,0.0,0.0,0,0,155891,940424,Social Media
2021-01-25 15:45:00,2021-01-25 15:50:00,SHELBY,HAIL,0.0,0.0,0,0,155891,940425,Public
2021-01-25 15:45:00,2021-01-25 15:50:00,SHELBY,HAIL,0.0,0.0,0,0,155891,940426,NWS Employee
2021-01-25 16:05:00,2021-01-25 16:10:00,SHELBY,HAIL,0.0,0.0,0,0,155891,940428,Public
2021-01-25 16:05:00,2021-01-25 16:10:00,SHELBY,THUNDERSTORM WIND,15000.0,0.0,0,0,155891,940427,Social Media
2021-01-25 16:29:00,2021-01-25 16:31:00,FAYETTE,TORNADO,10000.0,0.0,0,0,155891,940429,NWS Storm Survey
2021-01-25 17:50:00,2021-01-25 17:50:00,LEWIS,THUNDERSTORM WIND,1000.0,0.0,0,0,156047,941591,Emergency Manager
2021-01-25 18:35:00,2021-01-25 18:35:00,RUTHERFORD,HAIL,0.0,0.0,0,0,156047,941592,Social Media
2021-01-25 19:07:00,2021-01-25 19:07:00,HICKMAN,THUNDERSTORM WIND,2000.0,0.0,0,0,156047,941593,Emergency Manager
2021-01-27 20:00:00,2021-01-28 07:00:00,SEVIER/SMOKY MOUNTAINS,HEAVY SNOW,0.0,0.0,0,0,154470,930515,Broadcast Media
2021-01-27 20:00:00,2021-01-28 07:00:00,SOUTHEAST CARTER,HEAVY SNOW,0.0,0.0,0,0,154470,930514,Broadcast Media
2021-02-01 00:00:00,2021-02-01 11:00:00,BEDFORD,WINTER WEATHER,0.0,0.0,0,0,156358,944062,CoCoRaHS
2021-02-01 00:00:00,2021-02-01 11:00:00,CANNON,WINTER WEATHER,0.0,0.0,0,0,156358,944059,Trained Spotter
2021-02-01 00:00:00,2021-02-01 11:00:00,CLAY,WINTER WEATHER,0.0,0.0,0,0,156358,944050,CoCoRaHS
2021-02-01 00:00:00,2021-02-01 11:00:00,CUMBERLAND,WINTER WEATHER,0.0,0.0,0,0,156358,944057,CoCoRaHS
2021-02-01 00:00:00,2021-02-01 11:00:00,DEKALB,WINTER WEATHER,0.0,0.0,0,0,156358,944060,CoCoRaHS
2021-02-01 00:00:00,2021-02-01 11:00:00,FENTRESS,WINTER WEATHER,0.0,0.0,0,0,156358,944055,CoCoRaHS
2021-02-01 00:00:00,2021-02-01 11:00:00,GRUNDY,WINTER WEATHER,0.0,0.0,0,0,156358,944064,CoCoRaHS
2021-02-01 00:00:00,2021-02-01 11:00:00,MACON,WINTER WEATHER,0.0,0.0,0,0,156358,944049,Social Media
2021-02-01 00:00:00,2021-02-01 11:00:00,OVERTON,WINTER WEATHER,0.0,0.0,0,0,156358,944054,CoCoRaHS
2021-02-01 00:00:00,2021-02-01 11:00:00,PICKETT,WINTER WEATHER,0.0,0.0,0,0,156358,944051,CoCoRaHS
2021-02-01 00:00:00,2021-02-01 11:00:00,PUTNAM,WINTER WEATHER,0.0,0.0,0,0,156358,944056,CoCoRaHS
2021-02-01 00:00:00,2021-02-01 11:00:00,ROBERTSON,WINTER WEATHER,0.0,0.0,0,0,156358,944048,CoCoRaHS
2021-02-01 00:00:00,2021-02-01 11:00:00,RUTHERFORD,WINTER WEATHER,0.0,0.0,0,0,156358,944058,CoCoRaHS
2021-02-01 00:00:00,2021-02-01 11:00:00,SMITH,WINTER WEATHER,0.0,0.0,0,0,156358,944053,CoCoRaHS
2021-02-01 00:00:00,2021-02-01 11:00:00,SUMNER,WINTER WEATHER,0.0,0.0,0,0,156358,944047,CoCoRaHS
2021-02-01 00:00:00,2021-02-01 11:00:00,WARREN,WINTER WEATHER,0.0,0.0,0,0,156358,944063,CoCoRaHS
2021-02-01 00:00:00,2021-02-01 11:00:00,WHITE,WINTER WEATHER,0.0,0.0,0,0,156358,944061,CoCoRaHS
2021-02-01 00:00:00,2021-02-01 11:00:00,WILSON,WINTER WEATHER,0.0,0.0,0,0,156358,944052,CoCoRaHS
2021-02-01 10:00:00,2021-02-02 08:00:00,COCKE/SMOKY MOUNTAINS,HEAVY SNOW,0.0,0.0,0,0,154669,931860,Public
2021-02-01 10:00:00,2021-02-02 08:00:00,NORTHWEST GREENE,HEAVY SNOW,0.0,0.0,0,0,154669,931863,Public
2021-02-01 10:00:00,2021-02-02 08:00:00,SEVIER/SMOKY MOUNTAINS,HEAVY SNOW,0.0,0.0,0,0,154669,931862,Park/Forest Service
2021-02-01 10:00:00,2021-02-02 08:00:00,SOUTHEAST CARTER,HEAVY SNOW,0.0,0.0,0,0,154669,931861,Broadcast Media
2021-02-01 10:00:00,2021-02-02 08:00:00,UNICOI,HEAVY SNOW,0.0,0.0,0,0,154669,931859,Public
2021-02-04 21:00:00,2021-02-04 21:00:00,SOUTHEAST GREENE,HIGH WIND,0.0,0.0,0,0,154671,931865,Mesonet
2021-02-04 22:00:00,2021-02-04 22:00:00,SEVIER/SMOKY MOUNTAINS,HIGH WIND,0.0,0.0,0,0,154671,931866,Mesonet
2021-02-06 20:00:00,2021-02-07 08:00:00,BLEDSOE,HEAVY SNOW,0.0,0.0,0,0,154769,932540,CoCoRaHS
2021-02-06 20:00:00,2021-02-07 08:00:00,MORGAN,HEAVY SNOW,0.0,0.0,0,0,154769,932544,CoCoRaHS
2021-02-06 20:00:00,2021-02-07 06:00:00,SCOTT,HEAVY SNOW,0.0,0.0,0,0,154769,932547,CoCoRaHS
2021-02-06 20:00:00,2021-02-07 09:00:00,SEQUATCHIE,HEAVY SNOW,0.0,0.0,0,0,154769,932545,CoCoRaHS
2021-02-06 20:00:00,2021-02-07 09:00:00,SEVIER/SMOKY MOUNTAINS,HEAVY SNOW,0.0,0.0,0,0,154769,932546,CoCoRaHS
2021-02-06 21:00:00,2021-02-07 06:00:00,FRANKLIN,WINTER WEATHER,0.0,0.0,0,0,154699,939047,COOP Observer
2021-02-06 21:00:00,2021-02-07 06:00:00,LINCOLN,WINTER WEATHER,0.0,0.0,0,0,154699,939049,CoCoRaHS
2021-02-06 21:00:00,2021-02-07 06:00:00,MOORE,WINTER WEATHER,0.0,0.0,0,0,154699,939048,CoCoRaHS
2021-02-06 22:00:00,2021-02-07 06:00:00,BEDFORD,WINTER WEATHER,0.0,0.0,0,0,156423,944690,CoCoRaHS
2021-02-06 22:00:00,2021-02-07 06:00:00,CANNON,WINTER WEATHER,0.0,0.0,0,0,156423,944666,CoCoRaHS
2021-02-06 22:00:00,2021-02-07 06:00:00,CHEATHAM,WINTER WEATHER,0.0,0.0,0,0,156423,944659,CoCoRaHS
2021-02-06 22:00:00,2021-02-07 06:00:00,COFFEE,WINTER WEATHER,0.0,0.0,0,0,156423,944692,CoCoRaHS
2021-02-06 22:00:00,2021-02-07 06:00:00,CUMBERLAND,WINTER WEATHER,0.0,0.0,0,0,156423,944672,CoCoRaHS
2021-02-06 22:00:00,2021-02-07 06:00:00,DEKALB,WINTER WEATHER,0.0,0.0,0,0,156423,944667,CoCoRaHS
2021-02-06 22:00:00,2021-02-07 06:00:00,DICKSON,WINTER WEATHER,0.0,0.0,0,0,156423,944658,CoCoRaHS
2021-02-06 22:00:00,2021-02-07 06:00:00,FENTRESS,WINTER WEATHER,0.0,0.0,0,0,156423,944661,Emergency Manager
2021-02-06 22:00:00,2021-02-07 06:00:00,GILES,WINTER WEATHER,0.0,0.0,0,0,156423,944713,Social Media
2021-02-06 22:00:00,2021-02-07 06:00:00,GRUNDY,WINTER WEATHER,0.0,0.0,0,0,156423,944703,CoCoRaHS
2021-02-06 22:00:00,2021-02-07 06:00:00,HICKMAN,WINTER WEATHER,0.0,0.0,0,0,156423,944662,CoCoRaHS
2021-02-06 22:00:00,2021-02-07 10:00:00,JOHNSON,HEAVY SNOW,0.0,0.0,0,0,154769,932543,CoCoRaHS
2021-02-06 22:00:00,2021-02-07 06:00:00,LAWRENCE,WINTER WEATHER,0.0,0.0,0,0,156423,944711,Department of Highways
2021-02-06 22:00:00,2021-02-07 06:00:00,MARSHALL,WINTER WEATHER,0.0,0.0,0,0,156423,944687,CoCoRaHS
2021-02-06 22:00:00,2021-02-07 06:00:00,MAURY,WINTER WEATHER,0.0,0.0,0,0,156423,944707,Social Media
2021-02-06 22:00:00,2021-02-07 06:00:00,OVERTON,WINTER WEATHER,0.0,0.0,0,0,156423,944660,CoCoRaHS
2021-02-06 22:00:00,2021-02-07 06:00:00,PICKETT,WINTER WEATHER,0.0,0.0,0,0,156423,944657,COOP Observer
2021-02-06 22:00:00,2021-02-07 06:00:00,PUTNAM,WINTER WEATHER,0.0,0.0,0,0,156423,944670,CoCoRaHS
2021-02-06 22:00:00,2021-02-07 06:00:00,RUTHERFORD,WINTER WEATHER,0.0,0.0,0,0,156423,944665,CoCoRaHS
2021-02-06 22:00:00,2021-02-07 10:00:00,SOUTHEAST CARTER,HEAVY SNOW,0.0,0.0,0,0,154769,932542,CoCoRaHS
2021-02-06 22:00:00,2021-02-07 06:00:00,VAN BUREN,WINTER WEATHER,0.0,0.0,0,0,156423,944698,Social Media
2021-02-06 22:00:00,2021-02-07 06:00:00,WARREN,WINTER WEATHER,0.0,0.0,0,0,156423,944695,CoCoRaHS
2021-02-06 22:00:00,2021-02-07 06:00:00,WHITE,WINTER WEATHER,0.0,0.0,0,0,156423,944675,CoCoRaHS
2021-02-06 22:00:00,2021-02-07 06:00:00,WILLIAMSON,WINTER WEATHER,0.0,0.0,0,0,156423,944664,CoCoRaHS
2021-02-06 23:00:00,2021-02-07 11:00:00,CAMPBELL,HEAVY SNOW,0.0,0.0,0,0,154769,932541,CoCoRaHS
2021-02-09 18:00:00,2021-02-11 09:00:00,DYER,WINTER STORM,0.0,0.0,0,0,156301,944020,Trained Spotter
2021-02-09 18:00:00,2021-02-11 09:00:00,LAKE,WINTER STORM,0.0,0.0,0,0,156301,944018,Trained Spotter
2021-02-09 18:00:00,2021-02-11 09:00:00,OBION,WINTER STORM,0.0,0.0,0,0,156301,944019,Trained Spotter
2021-02-10 19:00:00,2021-02-11 10:00:00,BENTON,ICE STORM,0.0,0.0,0,0,156304,944038,Trained Spotter
2021-02-10 19:00:00,2021-02-11 10:00:00,CARROLL,ICE STORM,0.0,0.0,0,0,156304,944035,Trained Spotter
2021-02-10 19:00:00,2021-02-11 10:00:00,CROCKETT,ICE STORM,0.0,0.0,0,0,156304,944032,Trained Spotter
2021-02-10 19:00:00,2021-02-11 10:00:00,GIBSON,ICE STORM,0.0,0.0,0,0,156304,944033,Trained Spotter
2021-02-10 19:00:00,2021-02-11 10:00:00,HAYWOOD,ICE STORM,0.0,0.0,0,0,156304,944031,Trained Spotter
2021-02-10 19:00:00,2021-02-11 10:00:00,HENRY,ICE STORM,0.0,0.0,0,0,156304,944037,Trained Spotter
2021-02-10 19:00:00,2021-02-11 10:00:00,LAUDERDALE,ICE STORM,0.0,0.0,0,0,156304,944030,Trained Spotter
2021-02-10 19:00:00,2021-02-11 10:00:00,MADISON,ICE STORM,0.0,0.0,0,0,156304,944034,Trained Spotter
2021-02-10 19:00:00,2021-02-11 10:00:00,SHELBY,ICE STORM,0.0,0.0,0,0,156304,944028,Trained Spotter
2021-02-10 19:00:00,2021-02-11 10:00:00,TIPTON,ICE STORM,0.0,0.0,0,0,156304,944029,Trained Spotter
2021-02-10 19:00:00,2021-02-11 10:00:00,WEAKLEY,ICE STORM,0.0,0.0,0,0,156304,944036,Trained Spotter
2021-02-11 00:00:00,2021-02-11 13:00:00,CHESTER,WINTER WEATHER,0.0,0.0,0,0,156305,944041,Trained Spotter
2021-02-11 00:00:00,2021-02-11 13:00:00,DECATUR,WINTER WEATHER,0.0,0.0,0,0,156305,944039,Trained Spotter
2021-02-11 00:00:00,2021-02-11 13:00:00,FAYETTE,WINTER WEATHER,0.0,0.0,0,0,156305,944043,Trained Spotter
2021-02-11 00:00:00,2021-02-11 13:00:00,HARDEMAN,WINTER WEATHER,0.0,0.0,0,0,156305,944042,Trained Spotter
2021-02-11 00:00:00,2021-02-11 13:00:00,HENDERSON,WINTER WEATHER,0.0,0.0,0,0,156305,944040,Trained Spotter
2021-02-11 08:00:00,2021-02-11 12:00:00,STEWART,WINTER WEATHER,0.0,0.0,0,0,156428,944719,Emergency Manager
2021-02-12 22:00:00,2021-02-13 10:00:00,FRANKLIN,WINTER WEATHER,0.0,0.0,0,0,154789,939015,AWOS
2021-02-12 22:00:00,2021-02-13 10:00:00,LINCOLN,WINTER WEATHER,0.0,0.0,0,0,154789,939017,AWOS
2021-02-12 22:00:00,2021-02-13 10:00:00,MOORE,WINTER WEATHER,0.0,0.0,0,0,154789,939016,AWOS
2021-02-13 00:00:00,2021-02-20 09:00:00,SHELBY,COLD/WIND CHILL,0.0,0.0,2,0,156374,944215,ASOS
2021-02-13 10:00:00,2021-02-15 06:00:00,FRANKLIN,WINTER WEATHER,0.0,0.0,0,0,154797,942696,AWOS
2021-02-13 10:00:00,2021-02-15 06:00:00,LINCOLN,WINTER WEATHER,0.0,0.0,0,0,154797,942694,AWOS
2021-02-13 10:00:00,2021-02-15 06:00:00,MOORE,WINTER WEATHER,0.0,0.0,0,0,154797,942695,AWOS
2021-02-14 04:00:00,2021-02-15 16:00:00,FAYETTE,WINTER STORM,0.0,0.0,0,0,156362,944104,Trained Spotter
2021-02-14 04:00:00,2021-02-15 16:00:00,SHELBY,WINTER STORM,0.0,0.0,0,0,156362,944103,Trained Spotter
2021-02-14 04:00:00,2021-02-15 16:00:00,TIPTON,WINTER STORM,0.0,0.0,0,0,156362,944102,Trained Spotter
2021-02-14 05:00:00,2021-02-15 18:00:00,CARROLL,WINTER STORM,0.0,0.0,0,0,156362,944098,Trained Spotter
2021-02-14 05:00:00,2021-02-15 18:00:00,CROCKETT,WINTER STORM,0.0,0.0,0,0,156362,944100,Trained Spotter
2021-02-14 05:00:00,2021-02-15 17:00:00,DYER,HEAVY SNOW,0.0,0.0,0,0,156362,944077,Trained Spotter
2021-02-14 05:00:00,2021-02-15 18:00:00,GIBSON,WINTER STORM,0.0,0.0,0,0,156362,944097,Trained Spotter
2021-02-14 05:00:00,2021-02-15 18:00:00,HAYWOOD,WINTER STORM,0.0,0.0,0,0,156362,944101,Trained Spotter
2021-02-14 05:00:00,2021-02-15 18:00:00,HENRY,WINTER STORM,0.0,0.0,0,0,156362,944096,Trained Spotter
2021-02-14 05:00:00,2021-02-15 17:00:00,LAKE,HEAVY SNOW,0.0,0.0,0,0,156362,944075,Trained Spotter
2021-02-14 05:00:00,2021-02-15 17:00:00,LAUDERDALE,HEAVY SNOW,0.0,0.0,0,0,156362,944078,Trained Spotter
2021-02-14 05:00:00,2021-02-15 18:00:00,MADISON,WINTER STORM,0.0,0.0,0,0,156362,944099,Trained Spotter
2021-02-14 05:00:00,2021-02-15 17:00:00,OBION,HEAVY SNOW,0.0,0.0,0,0,156362,944076,Trained Spotter
2021-02-14 05:00:00,2021-02-15 18:00:00,WEAKLEY,WINTER STORM,0.0,0.0,0,0,156362,944095,Trained Spotter
2021-02-14 12:00:00,2021-02-15 18:00:00,BENTON,WINTER STORM,0.0,0.0,0,0,156362,944109,Trained Spotter
2021-02-14 12:00:00,2021-02-15 18:00:00,CHESTER,WINTER STORM,0.0,0.0,0,0,156362,944133,Trained Spotter
2021-02-14 12:00:00,2021-02-15 18:00:00,DECATUR,WINTER STORM,0.0,0.0,0,0,156362,944111,Trained Spotter
2021-02-14 12:00:00,2021-02-15 18:00:00,HARDEMAN,WINTER STORM,0.0,0.0,0,0,156362,944112,Trained Spotter
2021-02-14 12:00:00,2021-02-15 18:00:00,HARDIN,WINTER STORM,0.0,0.0,0,0,156362,944114,Trained Spotter
2021-02-14 12:00:00,2021-02-15 18:00:00,HENDERSON,WINTER STORM,0.0,0.0,0,0,156362,944110,Trained Spotter
2021-02-14 12:00:00,2021-02-15 18:00:00,MCNAIRY,WINTER STORM,0.0,0.0,0,0,156362,944113,Trained Spotter
2021-02-14 19:00:00,2021-02-15 20:00:00,BEDFORD,WINTER STORM,1080000.0,0.0,0,0,156579,946029,Emergency Manager
2021-02-14 19:00:00,2021-02-15 20:00:00,CANNON,WINTER STORM,146000.0,0.0,0,0,156579,946030,Emergency Manager
2021-02-14 19:00:00,2021-02-15 20:00:00,COFFEE,WINTER STORM,1120000.0,0.0,0,0,156579,946031,Emergency Manager
2021-02-14 19:00:00,2021-02-15 20:00:00,DAVIDSON,WINTER STORM,0.0,0.0,0,0,156579,946047,Emergency Manager
2021-02-14 19:00:00,2021-02-15 20:00:00,DEKALB,WINTER STORM,379000.0,0.0,0,0,156579,946032,Emergency Manager
2021-02-14 19:00:00,2021-02-15 20:00:00,DICKSON,WINTER STORM,0.0,0.0,0,0,156579,946049,Emergency Manager
2021-02-14 19:00:00,2021-02-15 20:00:00,FENTRESS,WINTER STORM,2260000.0,0.0,0,0,156579,946033,Emergency Manager
2021-02-14 19:00:00,2021-02-15 20:00:00,GILES,WINTER STORM,0.0,0.0,0,0,156579,946039,Broadcast Media
2021-02-14 19:00:00,2021-02-15 20:00:00,HOUSTON,WINTER STORM,0.0,0.0,0,0,156579,946052,Emergency Manager
2021-02-14 19:00:00,2021-02-15 20:00:00,JACKSON,WINTER STORM,1260000.0,0.0,0,0,156579,946034,Emergency Manager
2021-02-14 19:00:00,2021-02-15 20:00:00,LAWRENCE,WINTER STORM,0.0,0.0,0,0,156579,946044,Emergency Manager
2021-02-14 19:00:00,2021-02-15 20:00:00,MACON,WINTER STORM,0.0,0.0,0,0,156579,946043,Broadcast Media
2021-02-14 19:00:00,2021-02-15 20:00:00,MARSHALL,WINTER STORM,0.0,0.0,0,0,156579,946040,Social Media
2021-02-14 19:00:00,2021-02-15 20:00:00,MAURY,WINTER STORM,0.0,0.0,0,0,156579,946045,Emergency Manager
2021-02-14 19:00:00,2021-02-15 20:00:00,MONTGOMERY,WINTER STORM,0.0,0.0,0,0,156579,946050,Emergency Manager
2021-02-14 19:00:00,2021-02-15 20:00:00,OVERTON,WINTER STORM,3240000.0,0.0,0,0,156579,946035,Emergency Manager
2021-02-14 19:00:00,2021-02-15 20:00:00,PICKETT,WINTER STORM,342000.0,0.0,0,0,156579,946036,Emergency Manager
2021-02-14 19:00:00,2021-02-15 20:00:00,PUTNAM,WINTER STORM,3000000.0,0.0,0,0,156579,946037,Emergency Manager
2021-02-14 19:00:00,2021-02-15 20:00:00,RUTHERFORD,WINTER STORM,0.0,0.0,0,0,156579,946041,Broadcast Media
2021-02-14 19:00:00,2021-02-15 20:00:00,SMITH,WINTER STORM,156000.0,0.0,0,0,156579,946038,Emergency Manager
2021-02-14 19:00:00,2021-02-15 20:00:00,STEWART,WINTER STORM,0.0,0.0,0,0,156579,946051,Emergency Manager
2021-02-14 19:00:00,2021-02-15 20:00:00,SUMNER,WINTER STORM,0.0,0.0,0,0,156579,946048,Emergency Manager
2021-02-14 19:00:00,2021-02-15 20:00:00,WILLIAMSON,WINTER STORM,0.0,0.0,0,0,156579,946046,Emergency Manager
2021-02-14 19:00:00,2021-02-15 20:00:00,WILSON,WINTER STORM,0.0,0.0,0,0,156579,946042,Emergency Manager
2021-02-15 06:00:00,2021-02-15 20:00:00,FRANKLIN,ICE STORM,0.0,0.0,0,0,154836,942754,AWOS
2021-02-15 06:00:00,2021-02-15 20:00:00,LINCOLN,ICE STORM,0.0,0.0,0,0,154836,942756,AWOS
2021-02-15 06:00:00,2021-02-15 20:00:00,MOORE,ICE STORM,629000.0,0.0,0,0,154836,942755,AWOS
2021-02-15 08:00:00,2021-02-15 15:00:00,SCOTT,ICE STORM,0.0,0.0,0,0,154898,933716,Broadcast Media
2021-02-15 17:15:00,2021-02-15 17:15:00,SOUTHEAST GREENE,HIGH WIND,0.0,0.0,0,0,154898,933718,Mesonet
2021-02-15 20:00:00,2021-02-15 20:00:00,SEVIER/SMOKY MOUNTAINS,HIGH WIND,0.0,0.0,0,0,154898,933720,Park/Forest Service
2021-02-16 02:00:00,2021-02-16 09:00:00,LINCOLN,COLD/WIND CHILL,0.0,0.0,0,0,154840,937003,AWOS
2021-02-16 03:00:00,2021-02-16 09:00:00,CARROLL,COLD/WIND CHILL,0.0,0.0,0,0,156374,944208,ASOS
2021-02-16 03:00:00,2021-02-16 09:00:00,CHESTER,COLD/WIND CHILL,0.0,0.0,0,0,156374,944218,ASOS
2021-02-16 03:00:00,2021-02-16 09:00:00,CROCKETT,COLD/WIND CHILL,0.0,0.0,0,0,156374,944210,ASOS
2021-02-16 03:00:00,2021-02-16 09:00:00,DYER,COLD/WIND CHILL,0.0,0.0,0,0,156374,944206,ASOS
2021-02-16 03:00:00,2021-02-16 09:00:00,FAYETTE,COLD/WIND CHILL,0.0,0.0,0,0,156374,944216,ASOS
2021-02-16 03:00:00,2021-02-16 09:00:00,GIBSON,COLD/WIND CHILL,0.0,0.0,0,0,156374,944207,ASOS
2021-02-16 03:00:00,2021-02-16 09:00:00,HARDEMAN,COLD/WIND CHILL,0.0,0.0,0,0,156374,944217,ASOS
2021-02-16 03:00:00,2021-02-16 09:00:00,HAYWOOD,COLD/WIND CHILL,0.0,0.0,0,0,156374,944212,ASOS
2021-02-16 03:00:00,2021-02-16 09:00:00,HENDERSON,COLD/WIND CHILL,0.0,0.0,0,0,156374,944214,ASOS
2021-02-16 03:00:00,2021-02-16 09:00:00,HENRY,COLD/WIND CHILL,0.0,0.0,0,0,156374,944205,ASOS
2021-02-16 03:00:00,2021-02-16 09:00:00,LAKE,COLD/WIND CHILL,0.0,0.0,0,0,156374,944202,ASOS
2021-02-16 03:00:00,2021-02-16 09:00:00,LAUDERDALE,COLD/WIND CHILL,0.0,0.0,0,0,156374,944209,ASOS
2021-02-16 03:00:00,2021-02-16 09:00:00,MADISON,COLD/WIND CHILL,0.0,0.0,0,0,156374,944213,ASOS
2021-02-16 03:00:00,2021-02-21 11:00:00,MCNAIRY,COLD/WIND CHILL,0.0,0.0,0,0,156374,944327,ASOS
2021-02-16 03:00:00,2021-02-16 09:00:00,OBION,COLD/WIND CHILL,0.0,0.0,0,0,156374,944203,ASOS
2021-02-16 03:00:00,2021-02-16 09:00:00,TIPTON,COLD/WIND CHILL,0.0,0.0,0,0,156374,944211,ASOS
2021-02-16 03:00:00,2021-02-16 09:00:00,WEAKLEY,COLD/WIND CHILL,0.0,0.0,0,0,156374,944204,ASOS
2021-02-16 05:00:00,2021-02-16 10:00:00,FRANKLIN,COLD/WIND CHILL,0.0,0.0,0,0,154840,937001,AWOS
2021-02-16 05:00:00,2021-02-16 10:00:00,MOORE,COLD/WIND CHILL,0.0,0.0,0,0,154840,937002,AWOS
2021-02-17 03:00:00,2021-02-17 21:00:00,DYER,HEAVY SNOW,0.0,0.0,0,0,156369,944144,Trained Spotter
2021-02-17 03:00:00,2021-02-17 21:00:00,LAKE,HEAVY SNOW,0.0,0.0,0,0,156369,944142,Trained Spotter
2021-02-17 03:00:00,2021-02-17 21:00:00,LAUDERDALE,HEAVY SNOW,0.0,0.0,0,0,156369,944145,Trained Spotter
2021-02-17 03:00:00,2021-02-17 21:00:00,OBION,HEAVY SNOW,0.0,0.0,0,0,156369,944143,Trained Spotter
2021-02-17 07:00:00,2021-02-17 22:00:00,FAYETTE,HEAVY SNOW,0.0,0.0,0,0,156369,944152,Trained Spotter
2021-02-17 07:00:00,2021-02-17 22:00:00,SHELBY,HEAVY SNOW,0.0,0.0,0,0,156369,944151,Trained Spotter
2021-02-17 07:00:00,2021-02-17 22:00:00,TIPTON,HEAVY SNOW,0.0,0.0,0,0,156369,944150,Trained Spotter
2021-02-17 13:00:00,2021-02-18 00:00:00,BENTON,HEAVY SNOW,0.0,0.0,0,0,156369,944168,Trained Spotter
2021-02-17 13:00:00,2021-02-18 00:00:00,CARROLL,HEAVY SNOW,0.0,0.0,0,0,156369,944167,Trained Spotter
2021-02-17 13:00:00,2021-02-18 00:00:00,CHESTER,HEAVY SNOW,0.0,0.0,0,0,156369,944174,Trained Spotter
2021-02-17 13:00:00,2021-02-18 00:00:00,CROCKETT,HEAVY SNOW,0.0,0.0,0,0,156369,944169,Trained Spotter
2021-02-17 13:00:00,2021-02-18 00:00:00,DECATUR,HEAVY SNOW,0.0,0.0,0,0,156369,944173,Trained Spotter
2021-02-17 13:00:00,2021-02-18 00:00:00,GIBSON,HEAVY SNOW,0.0,0.0,0,0,156369,944166,Trained Spotter
2021-02-17 13:00:00,2021-02-18 00:00:00,HARDEMAN,HEAVY SNOW,0.0,0.0,0,0,156369,944175,Trained Spotter
2021-02-17 13:00:00,2021-02-18 00:00:00,HARDIN,HEAVY SNOW,0.0,0.0,0,0,156369,944177,Trained Spotter
2021-02-17 13:00:00,2021-02-18 00:00:00,HAYWOOD,HEAVY SNOW,0.0,0.0,0,0,156369,944170,Trained Spotter
2021-02-17 13:00:00,2021-02-18 00:00:00,HENDERSON,HEAVY SNOW,0.0,0.0,0,0,156369,944172,Trained Spotter
2021-02-17 13:00:00,2021-02-18 00:00:00,HENRY,HEAVY SNOW,0.0,0.0,0,0,156369,944164,Trained Spotter
2021-02-17 13:00:00,2021-02-18 00:00:00,MADISON,HEAVY SNOW,0.0,0.0,0,0,156369,944171,Trained Spotter
2021-02-17 13:00:00,2021-02-18 00:00:00,MCNAIRY,HEAVY SNOW,0.0,0.0,0,0,156369,944176,Trained Spotter
2021-02-17 13:00:00,2021-02-18 00:00:00,WEAKLEY,HEAVY SNOW,0.0,0.0,0,0,156369,944165,Trained Spotter
2021-02-17 16:00:00,2021-02-18 17:00:00,BEDFORD,WINTER STORM,0.0,0.0,0,0,156581,946094,CoCoRaHS
2021-02-17 16:00:00,2021-02-18 17:00:00,CANNON,WINTER STORM,0.0,0.0,0,0,156581,946088,CoCoRaHS
2021-02-17 16:00:00,2021-02-18 17:00:00,CHEATHAM,WINTER STORM,0.0,0.0,0,0,156581,946066,CoCoRaHS
2021-02-17 16:00:00,2021-02-18 17:00:00,CLAY,WINTER STORM,0.0,0.0,0,0,156581,946061,CoCoRaHS
2021-02-17 16:00:00,2021-02-18 17:00:00,COFFEE,WINTER STORM,0.0,0.0,0,0,156581,946095,CoCoRaHS
2021-02-17 16:00:00,2021-02-18 17:00:00,CUMBERLAND,WINTER STORM,0.0,0.0,0,0,156581,946081,CoCoRaHS
2021-02-17 16:00:00,2021-02-18 17:00:00,DAVIDSON,WINTER STORM,25000.0,0.0,0,0,156581,946069,CoCoRaHS
2021-02-17 16:00:00,2021-02-18 17:00:00,DEKALB,WINTER STORM,0.0,0.0,0,0,156581,946089,CoCoRaHS
2021-02-17 16:00:00,2021-02-18 17:00:00,DICKSON,WINTER STORM,0.0,0.0,0,0,156581,946065,CoCoRaHS
2021-02-17 16:00:00,2021-02-18 17:00:00,FENTRESS,WINTER STORM,0.0,0.0,0,0,156581,946076,CoCoRaHS
2021-02-17 16:00:00,2021-02-18 17:00:00,GILES,WINTER STORM,0.0,0.0,0,0,156581,946101,Broadcast Media
2021-02-17 16:00:00,2021-02-18 17:00:00,GRUNDY,WINTER STORM,0.0,0.0,0,0,156581,946098,CoCoRaHS
2021-02-17 16:00:00,2021-02-18 17:00:00,HICKMAN,WINTER STORM,0.0,0.0,0,0,156581,946085,CoCoRaHS
2021-02-17 16:00:00,2021-02-18 17:00:00,HOUSTON,WINTER STORM,0.0,0.0,0,0,156581,946064,CoCoRaHS
2021-02-17 16:00:00,2021-02-18 17:00:00,JACKSON,WINTER STORM,0.0,0.0,0,0,156581,946072,Social Media
2021-02-17 16:00:00,2021-02-18 17:00:00,LAWRENCE,WINTER STORM,0.0,0.0,0,0,156581,946100,CoCoRaHS
2021-02-17 16:00:00,2021-02-18 17:00:00,LEWIS,WINTER STORM,5000.0,0.0,0,0,156581,946091,CoCoRaHS
2021-02-17 16:00:00,2021-02-18 17:00:00,MACON,WINTER STORM,0.0,0.0,0,0,156581,946060,Social Media
2021-02-17 16:00:00,2021-02-18 17:00:00,MARSHALL,WINTER STORM,0.0,0.0,0,0,156581,946093,CoCoRaHS
2021-02-17 16:00:00,2021-02-18 17:00:00,MAURY,WINTER STORM,0.0,0.0,0,0,156581,946092,CoCoRaHS
2021-02-17 16:00:00,2021-02-18 17:00:00,MONTGOMERY,WINTER STORM,0.0,0.0,0,0,156581,946056,CoCoRaHS
2021-02-17 16:00:00,2021-02-18 17:00:00,OVERTON,WINTER STORM,0.0,0.0,0,0,156581,946075,CoCoRaHS
2021-02-17 16:00:00,2021-02-18 17:00:00,PERRY,WINTER STORM,0.0,0.0,0,0,156581,946084,Social Media
2021-02-17 16:00:00,2021-02-18 17:00:00,PICKETT,WINTER STORM,0.0,0.0,0,0,156581,946063,CoCoRaHS
2021-02-17 16:00:00,2021-02-18 17:00:00,PUTNAM,WINTER STORM,0.0,0.0,0,0,156581,946079,CoCoRaHS
2021-02-17 16:00:00,2021-02-18 17:00:00,ROBERTSON,WINTER STORM,0.0,0.0,0,0,156581,946057,CoCoRaHS
2021-02-17 16:00:00,2021-02-18 17:00:00,RUTHERFORD,WINTER STORM,0.0,0.0,0,0,156581,946087,CoCoRaHS
2021-02-17 16:00:00,2021-02-18 17:00:00,SMITH,WINTER STORM,0.0,0.0,0,0,156581,946071,CoCoRaHS
2021-02-17 16:00:00,2021-02-18 17:00:00,STEWART,WINTER STORM,0.0,0.0,0,0,156581,946054,Emergency Manager
2021-02-17 16:00:00,2021-02-18 17:00:00,SUMNER,WINTER STORM,0.0,0.0,0,0,156581,946058,CoCoRaHS
2021-02-17 16:00:00,2021-02-18 17:00:00,TROUSDALE,WINTER STORM,0.0,0.0,0,0,156581,946097,CoCoRaHS
2021-02-17 16:00:00,2021-02-18 17:00:00,WARREN,WINTER STORM,0.0,0.0,0,0,156581,946096,CoCoRaHS
2021-02-17 16:00:00,2021-02-18 17:00:00,WAYNE,WINTER STORM,0.0,0.0,0,0,156581,946099,CoCoRaHS
2021-02-17 16:00:00,2021-02-18 17:00:00,WHITE,WINTER STORM,0.0,0.0,0,0,156581,946090,CoCoRaHS
2021-02-17 16:00:00,2021-02-18 17:00:00,WILLIAMSON,WINTER STORM,0.0,0.0,0,0,156581,946086,CoCoRaHS
2021-02-17 16:00:00,2021-02-18 17:00:00,WILSON,WINTER STORM,0.0,0.0,0,0,156581,946070,CoCoRaHS
2021-02-17 19:00:00,2021-02-18 00:00:00,FRANKLIN,WINTER STORM,0.0,0.0,0,0,154895,942390,CoCoRaHS
2021-02-17 19:00:00,2021-02-18 01:00:00,LINCOLN,WINTER STORM,0.0,0.0,0,0,154895,942392,CoCoRaHS
2021-02-17 19:00:00,2021-02-18 00:00:00,MOORE,WINTER STORM,0.0,0.0,0,0,154895,942391,CoCoRaHS
2021-02-17 22:00:00,2021-02-18 08:00:00,CAMPBELL,HEAVY SNOW,0.0,0.0,0,0,154900,933724,Public
2021-02-18 00:00:00,2021-02-18 08:00:00,CLAIBORNE,HEAVY SNOW,0.0,0.0,0,0,154900,933722,Public
2021-02-21 22:00:00,2021-02-21 22:00:00,SOUTHEAST GREENE,HIGH WIND,0.0,0.0,0,0,155397,937297,Mesonet
2021-02-22 03:00:00,2021-02-22 03:00:00,SEVIER/SMOKY MOUNTAINS,HIGH WIND,0.0,0.0,0,0,155397,937298,Mesonet
2021-02-22 04:00:00,2021-02-22 04:00:00,BLOUNT/SMOKY MOUNTAINS,HIGH WIND,0.0,0.0,0,0,155397,937299,Mesonet
2021-02-27 20:49:00,2021-02-27 20:49:00,RUTHERFORD,FLASH FLOOD,0.0,0.0,0,0,156583,946102,Social Media
2021-02-27 21:00:00,2021-02-27 21:00:00,SMITH,FLASH FLOOD,0.0,0.0,0,0,156583,946103,Social Media
2021-02-27 22:25:00,2021-02-27 22:25:00,DAVIDSON,FLASH FLOOD,10000.0,0.0,0,0,156583,946104,Social Media
2021-02-28 16:57:00,2021-02-28 18:00:00,LAKE,FLASH FLOOD,15000.0,0.0,0,0,156386,944337,Trained Spotter
2021-02-28 18:00:00,2021-02-28 21:30:00,OBION,FLASH FLOOD,100000.0,0.0,0,0,156386,944339,Emergency Manager
2021-02-28 18:10:00,2021-02-28 18:15:00,SHELBY,HAIL,0.0,0.0,0,0,156386,944333,Social Media
2021-02-28 18:17:00,2021-02-28 18:22:00,SHELBY,THUNDERSTORM WIND,0.0,0.0,0,1,156386,944336,Broadcast Media
2021-02-28 18:20:00,2021-02-28 19:00:00,STEWART,FLASH FLOOD,0.0,0.0,0,0,156583,946105,Emergency Manager
2021-02-28 18:35:00,2021-02-28 18:35:00,HUMPHREYS,THUNDERSTORM WIND,50000.0,0.0,0,0,156583,946106,Emergency Manager
2021-02-28 18:48:00,2021-02-28 21:30:00,HENRY,FLASH FLOOD,25000.0,0.0,0,0,156386,944341,Newspaper
2021-02-28 18:50:00,2021-02-28 18:51:00,GIBSON,LIGHTNING,5000.0,0.0,0,0,156386,944331,Amateur Radio
2021-02-28 19:00:00,2021-02-28 19:00:00,HUMPHREYS,FLASH FLOOD,0.0,0.0,0,0,156583,946107,Fire Department/Rescue
2021-02-28 19:14:00,2021-02-28 21:14:00,MADISON,FLASH FLOOD,50000.0,0.0,0,0,156386,944340,Trained Spotter
2021-02-28 19:24:00,2021-02-28 19:39:00,ROBERTSON,FLASH FLOOD,0.0,0.0,0,0,156583,946108,Social Media
2021-02-28 19:45:00,2021-02-28 19:45:00,DAVIDSON,THUNDERSTORM WIND,1000.0,0.0,0,1,156583,946109,Broadcast Media
2021-02-28 19:53:00,2021-02-28 19:53:00,WILSON,HAIL,0.0,0.0,0,0,156583,946110,NWS Employee
2021-02-28 19:55:00,2021-02-28 19:55:00,SUMNER,HAIL,0.0,0.0,0,0,156583,946111,Social Media
2021-02-28 19:55:00,2021-02-28 19:55:00,WILSON,HAIL,0.0,0.0,0,0,156583,946112,NWS Employee
2021-02-28 19:59:00,2021-02-28 19:59:00,SUMNER,HAIL,0.0,0.0,0,0,156583,946113,Social Media
2021-02-28 20:02:00,2021-02-28 20:02:00,SUMNER,HAIL,0.0,0.0,0,0,156583,946114,Social Media
2021-02-28 20:07:00,2021-02-28 20:07:00,WILSON,HAIL,0.0,0.0,0,0,156583,946120,Social Media
2021-02-28 20:08:00,2021-02-28 20:08:00,WILSON,HAIL,0.0,0.0,0,0,156583,946115,NWS Employee
2021-02-28 20:15:00,2021-02-28 20:15:00,JACKSON,THUNDERSTORM WIND,5000.0,0.0,0,0,156583,946116,911 Call Center
2021-02-28 20:25:00,2021-02-28 20:25:00,HOUSTON,FLASH FLOOD,5000.0,0.0,0,0,156583,946117,Broadcast Media
2021-02-28 20:25:00,2021-02-28 20:25:00,MONTGOMERY,FLASH FLOOD,0.0,0.0,0,0,156583,946118,Broadcast Media
2021-02-28 20:30:00,2021-02-28 20:30:00,OVERTON,THUNDERSTORM WIND,5000.0,0.0,0,0,156583,946119,Emergency Manager
2021-02-28 20:39:00,2021-02-28 20:39:00,CHEATHAM,FLASH FLOOD,0.0,0.0,0,0,156583,946121,Social Media
2021-02-28 21:00:00,2021-02-28 21:00:00,DICKSON,FLASH FLOOD,0.0,0.0,0,0,156583,946122,Fire Department/Rescue
2021-02-28 21:30:00,2021-02-28 21:35:00,HARDIN,STRONG WIND,15000.0,0.0,0,0,156386,948093,Social Media
2021-02-28 21:30:00,2021-02-28 21:35:00,HARDIN,THUNDERSTORM WIND,15000.0,0.0,0,0,156386,1012999,Social Media
2021-02-28 21:54:00,2021-02-28 21:54:00,BEDFORD,THUNDERSTORM WIND,5000.0,0.0,0,0,156583,946123,Social Media
2021-02-28 21:55:00,2021-02-28 21:55:00,RUTHERFORD,THUNDERSTORM WIND,3000.0,0.0,0,0,156583,946124,Social Media
2021-02-28 21:56:00,2021-02-28 21:56:00,BEDFORD,THUNDERSTORM WIND,5000.0,0.0,0,0,156583,946125,Social Media
2021-02-28 21:58:00,2021-02-28 21:58:00,BEDFORD,THUNDERSTORM WIND,10000.0,0.0,0,0,156583,946126,Social Media
2021-02-28 22:00:00,2021-02-28 22:00:00,JACKSON,FLASH FLOOD,5000.0,0.0,0,0,156583,946127,Newspaper
2021-02-28 22:30:00,2021-02-28 22:30:00,ROBERTSON,FLASH FLOOD,5000.0,0.0,0,0,156583,946128,Emergency Manager
2021-03-01 00:00:00,2021-03-01 08:00:00,MADISON,FLOOD,50000.0,0.0,0,0,156823,947643,Broadcast Media
2021-03-01 00:00:00,2021-03-01 06:00:00,SHELBY,FLOOD,0.0,0.0,0,0,156823,947632,Broadcast Media
2021-03-01 09:00:00,2021-03-01 18:00:00,SHELBY,FLOOD,20000.0,0.0,0,0,156823,947629,Broadcast Media
2021-03-16 01:40:00,2021-03-16 01:40:00,LAWRENCE,HAIL,0.0,0.0,0,0,157179,950153,Emergency Manager
2021-03-17 07:45:00,2021-03-17 08:45:00,HARDIN,LIGHTNING,25000.0,0.0,0,0,156895,948229,Amateur Radio
2021-03-17 09:30:00,2021-03-17 11:00:00,HARDEMAN,FLASH FLOOD,0.0,0.0,0,0,156895,948230,Social Media
2021-03-17 09:36:00,2021-03-17 09:36:00,HICKMAN,LIGHTNING,2000.0,0.0,0,0,157180,950154,Public
2021-03-17 10:00:00,2021-03-17 11:00:00,HARDEMAN,FLASH FLOOD,0.0,0.0,0,0,156895,948233,Department of Highways
2021-03-17 12:53:00,2021-03-17 12:58:00,MADISON,THUNDERSTORM WIND,0.0,0.0,0,0,156895,948235,Amateur Radio
2021-03-17 13:00:00,2021-03-17 13:45:00,TIPTON,FLASH FLOOD,0.0,0.0,0,0,156895,948252,Emergency Manager
2021-03-17 13:00:00,2021-03-17 13:45:00,TIPTON,FLASH FLOOD,0.0,0.0,0,0,156895,948253,Social Media
2021-03-17 14:00:00,2021-03-17 16:00:00,SHELBY,FLASH FLOOD,0.0,0.0,0,0,156895,948254,Public
2021-03-17 19:30:00,2021-03-17 21:15:00,HAMILTON,FLASH FLOOD,1000.0,0.0,0,0,155854,950610,Broadcast Media
2021-03-17 23:06:00,2021-03-18 00:30:00,MARION,FLOOD,0.0,0.0,0,0,155854,950608,Amateur Radio
2021-03-17 23:37:00,2021-03-17 23:45:00,HAMILTON,DEBRIS FLOW,0.0,0.0,0,0,155854,950611,Emergency Manager
2021-03-18 04:00:00,2021-03-18 08:00:00,SEVIER/SMOKY MOUNTAINS,HIGH WIND,0.0,0.0,0,0,155854,940181,Park/Forest Service
2021-03-18 08:44:00,2021-03-18 10:00:00,GRAINGER,FLOOD,0.0,0.0,0,0,155854,950609,Trained Spotter
2021-03-18 15:25:00,2021-03-18 15:25:00,CLAIBORNE,HAIL,0.0,0.0,0,0,155854,940182,911 Call Center
2021-03-25 12:33:00,2021-03-25 14:30:00,HAMILTON,FLASH FLOOD,0.0,0.0,0,0,155855,950612,Law Enforcement
2021-03-25 14:40:00,2021-03-25 14:40:00,WARREN,HAIL,0.0,0.0,0,0,157178,950155,Social Media
2021-03-25 14:45:00,2021-03-25 14:45:00,MARSHALL,THUNDERSTORM WIND,5000.0,0.0,0,0,157178,950156,Amateur Radio
2021-03-25 15:10:00,2021-03-25 15:10:00,WILLIAMSON,HAIL,0.0,0.0,0,0,157178,950157,Social Media
2021-03-25 15:15:00,2021-03-25 15:15:00,WILLIAMSON,HAIL,0.0,0.0,0,0,157178,950162,Social Media
2021-03-25 15:20:00,2021-03-25 15:20:00,WILLIAMSON,HAIL,0.0,0.0,0,0,157178,950159,Social Media
2021-03-25 15:27:00,2021-03-25 15:27:00,DAVIDSON,THUNDERSTORM WIND,2000.0,0.0,0,0,157178,950181,Social Media
2021-03-25 15:28:00,2021-03-25 15:28:00,DAVIDSON,HAIL,0.0,0.0,0,0,157178,950164,Social Media
2021-03-25 15:29:00,2021-03-25 15:29:00,DAVIDSON,HAIL,0.0,0.0,0,0,157178,950187,Social Media
2021-03-25 15:29:00,2021-03-25 15:29:00,DAVIDSON,THUNDERSTORM WIND,5000.0,0.0,0,0,157178,950193,Social Media
2021-03-25 15:30:00,2021-03-25 15:30:00,DAVIDSON,HAIL,0.0,0.0,0,0,157178,950163,Social Media
2021-03-25 15:30:00,2021-03-25 15:35:00,DAVIDSON,THUNDERSTORM WIND,500000.0,0.0,0,0,157178,950169,NWS Storm Survey
2021-03-25 15:32:00,2021-03-25 15:32:00,DAVIDSON,THUNDERSTORM WIND,2000.0,0.0,0,0,157178,950174,Social Media
2021-03-25 15:32:00,2021-03-25 15:32:00,DAVIDSON,THUNDERSTORM WIND,5000.0,0.0,0,0,157178,950178,Social Media
2021-03-25 15:32:00,2021-03-25 15:32:00,DAVIDSON,THUNDERSTORM WIND,5000.0,0.0,0,0,157178,950194,Social Media
2021-03-25 15:33:00,2021-03-25 15:33:00,DAVIDSON,THUNDERSTORM WIND,5000.0,0.0,0,0,157178,950172,Social Media
2021-03-25 15:34:00,2021-03-25 15:34:00,DAVIDSON,THUNDERSTORM WIND,5000.0,0.0,0,0,157178,950197,Social Media
2021-03-25 15:36:00,2021-03-25 15:36:00,DAVIDSON,HAIL,0.0,0.0,0,0,157178,950171,Trained Spotter
2021-03-25 15:36:00,2021-03-25 15:36:00,DAVIDSON,THUNDERSTORM WIND,5000.0,0.0,0,0,157178,950186,Social Media
2021-03-25 15:42:00,2021-03-25 15:42:00,DAVIDSON,HAIL,0.0,0.0,0,0,157178,950179,Broadcast Media
2021-03-25 15:51:00,2021-03-25 15:51:00,SUMNER,HAIL,0.0,0.0,0,0,157178,950182,Social Media
2021-03-25 15:52:00,2021-03-25 15:52:00,SUMNER,HAIL,0.0,0.0,0,0,157178,950195,Social Media
2021-03-25 15:57:00,2021-03-25 15:57:00,SUMNER,HAIL,0.0,0.0,0,0,157178,950196,Social Media
2021-03-25 15:59:00,2021-03-25 16:03:00,SUMNER,THUNDERSTORM WIND,200000.0,0.0,0,4,157178,950191,NWS Storm Survey
2021-03-25 17:22:00,2021-03-25 17:27:00,MCNAIRY,HAIL,0.0,0.0,0,0,156997,948996,Social Media
2021-03-25 17:30:00,2021-03-25 17:35:00,MCNAIRY,HAIL,0.0,0.0,0,0,156997,948997,Social Media
2021-03-25 17:38:00,2021-03-25 17:43:00,MCNAIRY,THUNDERSTORM WIND,2000.0,0.0,0,0,156997,948998,Social Media
2021-03-25 17:40:00,2021-03-25 17:45:00,MCNAIRY,HAIL,0.0,0.0,0,0,156997,948999,Social Media
2021-03-25 17:45:00,2021-03-25 18:45:00,KNOX,FLOOD,0.0,0.0,0,0,155855,950613,Broadcast Media
2021-03-25 17:53:00,2021-03-25 17:58:00,HARDIN,HAIL,0.0,0.0,0,0,156997,949000,Social Media
2021-03-25 18:30:00,2021-03-25 18:42:00,WAYNE,TORNADO,300000.0,0.0,0,1,157178,950348,NWS Storm Survey
2021-03-25 18:42:00,2021-03-25 18:52:00,LEWIS,TORNADO,20000.0,0.0,0,0,157178,950349,NWS Storm Survey
2021-03-25 18:52:00,2021-03-25 18:54:00,LAWRENCE,TORNADO,10000.0,0.0,0,0,157178,950350,NWS Storm Survey
2021-03-25 18:54:00,2021-03-25 18:59:00,LEWIS,TORNADO,20000.0,0.0,0,0,157178,950351,NWS Storm Survey
2021-03-25 19:11:00,2021-03-25 19:14:00,RUTHERFORD,TORNADO,50000.0,0.0,0,0,157178,950346,NWS Storm Survey
2021-03-25 19:25:00,2021-03-25 19:28:00,WILSON,TORNADO,50000.0,0.0,0,0,157178,950347,NWS Storm Survey
2021-03-25 20:00:00,2021-03-26 02:00:00,SEVIER/SMOKY MOUNTAINS,HIGH WIND,0.0,0.0,0,0,155855,940184,Park/Forest Service
2021-03-25 20:00:00,2021-03-26 02:00:00,SOUTHEAST GREENE,HIGH WIND,0.0,0.0,0,0,155855,940186,Mesonet
2021-03-25 20:22:00,2021-03-25 20:22:00,BEDFORD,THUNDERSTORM WIND,5000.0,0.0,0,0,157178,950198,Social Media
2021-03-26 00:28:00,2021-03-26 00:28:00,MONROE,HAIL,0.0,0.0,0,0,155855,940187,Broadcast Media
2021-03-26 00:51:00,2021-03-26 00:51:00,BLOUNT,HAIL,0.0,0.0,0,0,155855,940188,Public
2021-03-27 03:30:00,2021-03-27 03:30:00,MARION,HAIL,0.0,0.0,0,0,156063,941680,Broadcast Media
2021-03-27 03:30:00,2021-03-27 03:30:00,MARION,HAIL,0.0,0.0,0,0,156063,941681,Public
2021-03-27 03:35:00,2021-03-27 03:35:00,SEQUATCHIE,HAIL,0.0,0.0,0,0,156063,941682,Public
2021-03-27 03:40:00,2021-03-27 03:40:00,SEQUATCHIE,HAIL,0.0,0.0,0,0,156063,941683,Broadcast Media
2021-03-27 04:18:00,2021-03-27 04:18:00,HICKMAN,HAIL,0.0,0.0,0,0,157248,950548,Social Media
2021-03-27 04:35:00,2021-03-27 04:40:00,SHELBY,THUNDERSTORM WIND,2000.0,0.0,0,0,157121,949716,Broadcast Media
2021-03-27 04:58:00,2021-03-27 04:58:00,CHEATHAM,HAIL,0.0,0.0,0,0,157248,950549,Trained Spotter
2021-03-27 05:30:00,2021-03-27 07:30:00,SHELBY,FLASH FLOOD,0.0,0.0,0,0,157121,949717,Trained Spotter
2021-03-27 05:36:00,2021-03-27 05:36:00,WILLIAMSON,HAIL,0.0,0.0,0,0,157248,950550,Amateur Radio
2021-03-27 05:48:00,2021-03-27 05:48:00,DAVIDSON,HAIL,0.0,0.0,0,0,157248,950551,Social Media
2021-03-27 05:55:00,2021-03-27 05:55:00,BRADLEY,HAIL,0.0,0.0,0,0,156063,941684,Trained Spotter
2021-03-27 06:00:00,2021-03-27 06:00:00,POLK,HAIL,0.0,0.0,0,0,156063,941685,Trained Spotter
2021-03-27 06:08:00,2021-03-27 06:08:00,WILLIAMSON,HAIL,0.0,0.0,0,0,157248,950552,Public
2021-03-27 06:09:00,2021-03-27 06:09:00,WILSON,HAIL,0.0,0.0,0,0,157248,950554,Public
2021-03-27 06:15:00,2021-03-27 06:15:00,WILSON,HAIL,0.0,0.0,0,0,157248,950555,NWS Employee
2021-03-27 06:33:00,2021-03-27 06:33:00,WILLIAMSON,HAIL,0.0,0.0,0,0,157248,950556,Trained Spotter
2021-03-27 07:05:00,2021-03-27 07:05:00,MORGAN,HAIL,0.0,0.0,0,0,156063,941686,Broadcast Media
2021-03-27 07:05:00,2021-03-27 07:05:00,WILLIAMSON,HAIL,0.0,0.0,0,0,157248,950557,Trained Spotter
2021-03-27 08:00:00,2021-03-27 08:00:00,KNOX,HAIL,0.0,0.0,0,0,156063,941687,Public
2021-03-27 08:25:00,2021-03-27 10:25:00,MCNAIRY,FLASH FLOOD,0.0,0.0,0,0,157121,949718,Social Media
2021-03-27 09:05:00,2021-03-27 09:05:00,JEFFERSON,HAIL,0.0,0.0,0,0,156063,941688,Public
2021-03-27 09:15:00,2021-03-27 09:15:00,SCOTT,HAIL,0.0,0.0,0,0,156063,941689,Public
2021-03-27 09:16:00,2021-03-27 11:16:00,HARDIN,FLASH FLOOD,0.0,0.0,0,0,157121,949720,Fire Department/Rescue
2021-03-27 09:20:00,2021-03-27 09:20:00,JEFFERSON,HAIL,0.0,0.0,0,0,156063,941690,Broadcast Media
2021-03-27 09:21:00,2021-03-27 11:21:00,HARDIN,FLASH FLOOD,0.0,0.0,0,0,157121,949719,Fire Department/Rescue
2021-03-27 09:45:00,2021-03-27 11:45:00,MCNAIRY,FLASH FLOOD,0.0,0.0,0,0,157121,949721,Social Media
2021-03-27 09:55:00,2021-03-27 09:55:00,GREENE,HAIL,0.0,0.0,0,0,156063,941691,Public
2021-03-27 09:55:00,2021-03-27 09:55:00,HAWKINS,HAIL,0.0,0.0,0,0,156063,941692,Trained Spotter
2021-03-27 10:20:00,2021-03-27 10:20:00,SULLIVAN,HAIL,0.0,0.0,0,0,156063,941693,Trained Spotter
2021-03-27 10:23:00,2021-03-27 10:23:00,MAURY,FLASH FLOOD,0.0,0.0,0,0,157248,951887,Emergency Manager
2021-03-27 10:30:00,2021-03-27 10:30:00,CLAIBORNE,HAIL,0.0,0.0,0,0,156063,941694,COOP Observer
2021-03-27 10:30:00,2021-03-27 10:30:00,SULLIVAN,THUNDERSTORM WIND,0.0,0.0,0,0,156063,941702,Broadcast Media
2021-03-27 10:31:00,2021-03-27 10:31:00,WASHINGTON,HAIL,0.0,0.0,0,0,156063,941695,Public
2021-03-27 10:41:00,2021-03-27 10:41:00,CARTER,HAIL,0.0,0.0,0,0,156063,941696,Public
2021-03-27 10:43:00,2021-03-27 10:43:00,WASHINGTON,HAIL,0.0,0.0,0,0,156063,941697,Public
2021-03-27 12:10:00,2021-03-27 12:10:00,SULLIVAN,THUNDERSTORM WIND,0.0,0.0,0,0,156063,941703,Broadcast Media
2021-03-27 14:20:00,2021-03-27 16:00:00,RUTHERFORD,FLASH FLOOD,0.0,0.0,0,0,157248,951889,Social Media
2021-03-27 14:27:00,2021-03-27 14:27:00,MAURY,FLOOD,0.0,0.0,0,0,157248,951888,Social Media
2021-03-27 15:30:00,2021-03-27 15:35:00,CHESTER,THUNDERSTORM WIND,0.0,0.0,0,0,157121,949722,Social Media
2021-03-27 15:38:00,2021-03-27 15:44:00,HENDERSON,TORNADO,100000.0,0.0,0,0,157121,949723,NWS Storm Survey
2021-03-27 15:43:00,2021-03-27 15:48:00,HENDERSON,HAIL,0.0,0.0,0,0,157121,949724,Trained Spotter
2021-03-27 15:54:00,2021-03-27 15:55:00,HENDERSON,TORNADO,10000.0,0.0,0,0,157121,949741,NWS Storm Survey
2021-03-27 15:56:00,2021-03-27 18:00:00,HAWKINS,FLASH FLOOD,0.0,0.0,0,0,156063,951008,Public
2021-03-27 15:59:00,2021-03-27 16:04:00,HENDERSON,HAIL,0.0,0.0,0,0,157121,949739,Emergency Manager
2021-03-27 16:00:00,2021-03-27 16:05:00,HENDERSON,HAIL,0.0,0.0,0,0,157121,949740,Trained Spotter
2021-03-27 16:12:00,2021-03-27 16:13:00,DECATUR,TORNADO,0.0,0.0,0,0,157121,949743,Storm Chaser
2021-03-27 16:15:00,2021-03-27 16:20:00,DECATUR,HAIL,0.0,0.0,0,0,157121,949744,Trained Spotter
2021-03-27 16:25:00,2021-03-27 16:25:00,FRANKLIN,HAIL,0.0,0.0,0,0,156881,948196,Public
2021-03-27 16:41:00,2021-03-27 16:47:00,HENDERSON,THUNDERSTORM WIND,5000.0,0.0,0,0,157121,949748,NWS Storm Survey
2021-03-27 16:48:00,2021-03-27 16:48:00,OVERTON,HAIL,0.0,0.0,0,0,157248,950558,Social Media
2021-03-27 17:05:00,2021-03-27 17:05:00,FENTRESS,HAIL,0.0,0.0,0,0,157248,950559,Public
2021-03-27 17:38:00,2021-03-27 17:45:00,LAUDERDALE,TORNADO,25000.0,0.0,0,0,157121,950027,NWS Storm Survey
2021-03-27 17:41:00,2021-03-27 17:41:00,MAURY,HAIL,0.0,0.0,0,0,157248,950560,Social Media
2021-03-27 17:45:00,2021-03-27 17:45:00,MAURY,THUNDERSTORM WIND,0.0,0.0,0,0,157248,950576,Social Media
2021-03-27 17:52:00,2021-03-27 17:52:00,MAURY,HAIL,0.0,0.0,0,0,157248,950561,Trained Spotter
2021-03-27 17:52:00,2021-03-27 17:52:00,MAURY,HAIL,0.0,0.0,0,0,157248,950562,Social Media
2021-03-27 17:53:00,2021-03-27 17:53:00,WILLIAMSON,HAIL,0.0,0.0,0,0,157248,950563,Social Media
2021-03-27 17:55:00,2021-03-27 17:55:00,WILLIAMSON,HAIL,0.0,0.0,0,0,157248,950564,Social Media
2021-03-27 17:56:00,2021-03-27 17:56:00,WILLIAMSON,HAIL,0.0,0.0,0,0,157248,950565,Social Media
2021-03-27 18:03:00,2021-03-27 18:03:00,WILLIAMSON,HAIL,0.0,0.0,0,0,157248,950566,Social Media
2021-03-27 18:04:00,2021-03-27 18:04:00,MARSHALL,HAIL,0.0,0.0,0,0,157248,950567,Social Media
2021-03-27 18:05:00,2021-03-27 18:05:00,RUTHERFORD,HAIL,0.0,0.0,0,0,157248,950568,Social Media
2021-03-27 18:07:00,2021-03-27 19:09:00,MAURY,FLASH FLOOD,334900.0,0.0,1,0,157248,951891,Emergency Manager
2021-03-27 18:20:00,2021-03-27 18:20:00,MARION,HAIL,0.0,0.0,0,0,156063,941699,Public
2021-03-27 18:24:00,2021-03-27 18:24:00,RUTHERFORD,HAIL,0.0,0.0,0,0,157248,950569,Social Media
2021-03-27 18:33:00,2021-03-27 18:33:00,SCOTT,HAIL,0.0,0.0,0,0,156063,941698,Public
2021-03-27 18:40:00,2021-03-27 18:40:00,COFFEE,HAIL,0.0,0.0,0,0,157248,950570,Trained Spotter
2021-03-27 18:51:00,2021-03-27 18:51:00,HICKMAN,FLASH FLOOD,0.0,0.0,0,0,157248,951901,Emergency Manager
2021-03-27 19:05:00,2021-03-27 19:05:00,CANNON,HAIL,0.0,0.0,0,0,157248,950571,Social Media
2021-03-27 19:07:00,2021-03-27 19:07:00,CANNON,HAIL,0.0,0.0,0,0,157248,950572,911 Call Center
2021-03-27 19:19:00,2021-03-27 19:19:00,RUTHERFORD,FLOOD,0.0,0.0,0,0,157248,951890,Fire Department/Rescue
2021-03-27 19:20:00,2021-03-27 19:25:00,CHESTER,HAIL,0.0,0.0,0,0,157121,950030,Public
2021-03-27 19:27:00,2021-03-27 19:27:00,CAMPBELL,THUNDERSTORM WIND,0.0,0.0,0,0,156063,941704,Public
2021-03-27 19:31:00,2021-03-27 19:36:00,MADISON,HAIL,0.0,0.0,0,0,157121,950031,Amateur Radio
2021-03-27 19:32:00,2021-03-27 19:32:00,CANNON,HAIL,0.0,0.0,0,0,157248,950573,Social Media
2021-03-27 19:35:00,2021-03-27 19:40:00,MADISON,HAIL,0.0,0.0,0,0,157121,950032,Trained Spotter
2021-03-27 19:45:00,2021-03-27 19:50:00,MADISON,HAIL,0.0,0.0,0,0,157121,950033,Social Media
2021-03-27 19:50:00,2021-03-27 19:55:00,CHESTER,HAIL,0.0,0.0,0,0,157121,950042,Social Media
2021-03-27 19:51:00,2021-03-27 19:56:00,HENDERSON,HAIL,0.0,0.0,0,0,157121,950034,Public
2021-03-27 19:56:00,2021-03-27 20:01:00,HENDERSON,HAIL,0.0,0.0,0,0,157121,950036,Emergency Manager
2021-03-27 20:01:00,2021-03-27 20:01:00,CLAIBORNE,THUNDERSTORM WIND,0.0,0.0,0,0,156063,941705,Public
2021-03-27 20:12:00,2021-03-27 20:17:00,GIBSON,HAIL,0.0,0.0,0,0,157121,950037,Trained Spotter
2021-03-27 20:13:00,2021-03-27 22:13:00,DECATUR,FLASH FLOOD,0.0,0.0,0,0,157121,950040,Emergency Manager
2021-03-27 20:15:00,2021-03-27 20:15:00,PERRY,HAIL,0.0,0.0,0,0,157248,950574,Social Media
2021-03-27 20:20:00,2021-03-27 21:31:00,WHITE,FLASH FLOOD,0.0,0.0,0,0,157248,951904,Trained Spotter
2021-03-27 20:22:00,2021-03-27 21:42:00,CANNON,FLASH FLOOD,91940.0,0.0,0,0,157248,951903,Amateur Radio
2021-03-27 20:22:00,2021-03-27 22:22:00,DECATUR,FLASH FLOOD,0.0,0.0,0,0,157121,950043,Emergency Manager
2021-03-27 20:35:00,2021-03-27 20:35:00,HAWKINS,HAIL,0.0,0.0,0,0,156063,941700,Public
2021-03-27 20:43:00,2021-03-27 20:48:00,DECATUR,HAIL,0.0,0.0,0,0,157121,950046,Trained Spotter
2021-03-27 20:50:00,2021-03-27 20:51:00,GIBSON,LIGHTNING,50000.0,0.0,0,0,157121,950047,Amateur Radio
2021-03-27 20:55:00,2021-03-27 21:09:00,CHEATHAM,FLASH FLOOD,213720.0,0.0,0,0,157248,951911,Social Media
2021-03-27 21:00:00,2021-03-27 21:05:00,MADISON,HAIL,0.0,0.0,0,0,157121,950049,Amateur Radio
2021-03-27 21:00:00,2021-03-27 23:00:00,TIPTON,FLASH FLOOD,0.0,0.0,0,0,157121,950048,Amateur Radio
2021-03-27 21:01:00,2021-03-27 21:01:00,WASHINGTON,HAIL,0.0,0.0,0,0,156063,941701,Public
2021-03-27 21:08:00,2021-03-27 23:00:00,GREENE,FLOOD,0.0,0.0,0,0,156063,951053,Public
2021-03-27 21:13:00,2021-03-27 21:13:00,DICKSON,FLASH FLOOD,0.0,0.0,0,0,157248,951906,Social Media
2021-03-27 21:22:00,2021-03-27 23:22:00,HAYWOOD,FLASH FLOOD,0.0,0.0,0,0,157121,950051,Fire Department/Rescue
2021-03-27 21:25:00,2021-03-27 21:25:00,PUTNAM,FLASH FLOOD,0.0,0.0,0,0,157248,951905,Social Media
2021-03-27 21:45:00,2021-03-27 21:50:00,SHELBY,THUNDERSTORM WIND,10000.0,0.0,0,0,157121,950053,Broadcast Media
2021-03-27 21:55:00,2021-03-28 04:00:00,DAVIDSON,FLASH FLOOD,20000000.0,0.0,5,0,157248,951956,Emergency Manager
2021-03-27 22:00:00,2021-03-27 22:00:00,HICKMAN,FLASH FLOOD,300000.0,0.0,0,0,157248,951945,Social Media
2021-03-27 22:03:00,2021-03-27 22:08:00,FAYETTE,THUNDERSTORM WIND,0.0,0.0,0,0,157121,950057,Social Media
2021-03-27 22:09:00,2021-03-28 00:30:00,SCOTT,FLOOD,0.0,0.0,0,0,156063,951205,Public
2021-03-27 22:10:00,2021-03-27 22:15:00,FAYETTE,THUNDERSTORM WIND,0.0,0.0,0,0,157121,951534,NWS Storm Survey
2021-03-27 22:18:00,2021-03-27 22:30:00,HARDEMAN,THUNDERSTORM WIND,0.0,0.0,0,0,157121,950327,Emergency Manager
2021-03-27 22:29:00,2021-03-27 23:25:00,WILLIAMSON,FLASH FLOOD,1500000.0,0.0,0,0,157248,951938,Emergency Manager
2021-03-27 22:30:00,2021-03-28 00:30:00,CHESTER,FLASH FLOOD,0.0,0.0,0,0,157121,950328,Social Media
2021-03-27 22:30:00,2021-03-28 02:30:00,HENDERSON,FLASH FLOOD,75000.0,0.0,0,0,157121,951418,Emergency Manager
2021-03-27 22:33:00,2021-03-27 22:38:00,HARDEMAN,THUNDERSTORM WIND,0.0,0.0,0,0,157121,950329,Public
2021-03-27 22:35:00,2021-03-28 02:35:00,MADISON,FLASH FLOOD,75000.0,0.0,0,0,157121,950330,Amateur Radio
2021-03-27 22:49:00,2021-03-27 23:15:00,WILSON,FLASH FLOOD,0.0,0.0,0,0,157248,951923,Emergency Manager
2021-03-27 22:53:00,2021-03-27 22:53:00,FENTRESS,FLASH FLOOD,76250.0,0.0,0,0,157248,951908,Emergency Manager
2021-03-27 22:53:00,2021-03-27 22:58:00,MCNAIRY,THUNDERSTORM WIND,0.0,0.0,0,0,157121,950331,Newspaper
2021-03-27 22:54:00,2021-03-27 22:54:00,WILSON,HAIL,0.0,0.0,0,0,157248,950575,Emergency Manager
2021-03-27 23:10:00,2021-03-27 23:15:00,HARDIN,THUNDERSTORM WIND,0.0,0.0,0,0,157121,950332,Fire Department/Rescue
2021-03-27 23:10:00,2021-03-28 02:30:00,MORGAN,FLASH FLOOD,0.0,0.0,0,0,156063,951070,Law Enforcement
2021-03-27 23:40:00,2021-03-28 00:07:00,DICKSON,FLASH FLOOD,0.0,0.0,0,0,157248,951907,Emergency Manager
2021-03-27 23:46:00,2021-03-27 23:46:00,CAMPBELL,THUNDERSTORM WIND,0.0,0.0,0,0,156063,941706,Law Enforcement
2021-03-28 00:11:00,2021-03-28 00:11:00,JACKSON,FLASH FLOOD,424630.0,0.0,0,0,157248,951909,Emergency Manager
2021-03-28 00:20:00,2021-03-28 00:20:00,CLAY,FLASH FLOOD,238640.0,0.0,0,0,157248,951910,Emergency Manager
2021-03-28 01:16:00,2021-03-28 01:16:00,HAWKINS,THUNDERSTORM WIND,0.0,0.0,0,0,156063,941707,Law Enforcement
2021-03-28 01:22:00,2021-03-28 07:15:00,CAMPBELL,FLASH FLOOD,353000.0,0.0,0,0,156063,951175,Law Enforcement
2021-03-28 01:45:00,2021-03-28 03:30:00,SULLIVAN,FLASH FLOOD,0.0,0.0,0,0,156063,951163,Law Enforcement
2021-03-28 02:07:00,2021-03-28 02:19:00,WILSON,FLASH FLOOD,1000000.0,0.0,0,0,157248,951926,Emergency Manager
2021-03-28 02:30:00,2021-03-28 02:30:00,WILSON,HEAVY RAIN,0.0,0.0,0,0,157248,951927,NWS Employee
2021-03-28 03:23:00,2021-03-28 06:30:00,SULLIVAN,FLASH FLOOD,0.0,0.0,0,0,156063,951167,Broadcast Media
2021-03-28 03:28:00,2021-03-28 06:00:00,CLAIBORNE,FLASH FLOOD,1200000.0,0.0,0,0,156063,951213,Emergency Manager
2021-03-28 04:00:00,2021-03-28 04:00:00,WILSON,FLASH FLOOD,0.0,0.0,0,0,157248,951928,Law Enforcement
2021-03-28 04:11:00,2021-03-28 05:30:00,SEQUATCHIE,FLOOD,0.0,0.0,0,0,156063,951174,Public
2021-03-28 04:31:00,2021-03-28 04:31:00,CAMPBELL,THUNDERSTORM WIND,0.0,0.0,0,0,156063,941708,Public
2021-03-28 05:00:00,2021-03-28 09:00:00,HAWKINS,FLASH FLOOD,200000.0,0.0,0,0,156063,951045,Emergency Manager
2021-03-28 06:00:00,2021-03-28 06:00:00,BRADLEY,THUNDERSTORM WIND,0.0,0.0,0,0,156063,941709,Amateur Radio
2021-03-28 06:20:00,2021-03-28 08:15:00,BRADLEY,FLASH FLOOD,0.0,0.0,0,0,156063,951208,Amateur Radio
2021-03-28 06:20:00,2021-03-28 07:45:00,ROANE,FLASH FLOOD,0.0,0.0,0,0,156063,951173,Amateur Radio
2021-03-28 07:30:00,2021-03-28 09:00:00,BLEDSOE,FLASH FLOOD,0.0,0.0,0,0,156063,951214,911 Call Center
2021-03-28 07:30:00,2021-03-28 09:30:00,JEFFERSON,FLASH FLOOD,1000.0,0.0,0,0,156063,951211,State Official
2021-03-28 07:50:00,2021-03-28 09:30:00,KNOX,FLASH FLOOD,0.0,0.0,0,0,156063,951209,Trained Spotter
2021-03-28 08:00:00,2021-03-28 10:00:00,SULLIVAN,FLASH FLOOD,0.0,0.0,0,0,156063,951169,911 Call Center
2021-03-28 08:05:00,2021-03-28 12:30:00,GREENE,FLASH FLOOD,0.0,0.0,0,0,156063,951055,Broadcast Media
2021-03-28 08:30:00,2021-03-28 10:00:00,CAMPBELL,FLASH FLOOD,0.0,0.0,0,0,156063,951176,Broadcast Media
2021-03-28 08:30:00,2021-03-28 10:00:00,KNOX,FLASH FLOOD,0.0,0.0,0,0,156063,951210,Broadcast Media
2021-03-28 08:30:00,2021-03-28 08:40:00,POLK,FLASH FLOOD,0.0,0.0,0,0,156063,951215,911 Call Center
2021-03-28 09:00:00,2021-03-28 11:00:00,MORGAN,FLASH FLOOD,0.0,0.0,0,0,156063,951071,Public
2021-03-28 09:30:00,2021-03-28 09:40:00,JOHNSON,FLASH FLOOD,0.0,0.0,0,0,156063,951216,911 Call Center
2021-03-28 09:30:00,2021-03-28 12:00:00,SULLIVAN,FLOOD,0.0,0.0,0,0,156063,951171,911 Call Center
2021-03-28 10:00:00,2021-03-28 11:00:00,SCOTT,FLOOD,1730000.0,0.0,0,0,156063,951206,Broadcast Media
2021-03-28 11:00:00,2021-03-28 13:00:00,CARTER,FLOOD,0.0,0.0,0,0,156063,951217,911 Call Center
2021-03-28 11:30:00,2021-03-28 14:00:00,GREENE,FLOOD,0.0,0.0,0,0,156063,951057,911 Call Center
2021-03-28 13:40:00,2021-03-28 14:00:00,HAWKINS,FLOOD,5000.0,0.0,1,0,156063,951050,Law Enforcement
2021-03-28 21:30:00,2021-03-28 21:30:00,CHEATHAM,FLOOD,0.0,0.0,1,0,157248,951940,Emergency Manager
2021-03-30 22:40:00,2021-03-31 00:40:00,HARDIN,FLASH FLOOD,25000.0,0.0,0,0,157383,951654,Fire Department/Rescue
2021-03-31 02:00:00,2021-03-31 02:00:00,WAYNE,FLASH FLOOD,0.0,0.0,0,0,157247,950505,Social Media
2021-03-31 02:00:00,2021-03-31 02:00:00,WAYNE,FLASH FLOOD,0.0,0.0,0,0,157247,950506,Social Media
2021-03-31 02:11:00,2021-03-31 02:11:00,LAWRENCE,FLASH FLOOD,0.0,0.0,0,0,157247,950507,Emergency Manager
2021-03-31 02:15:00,2021-03-31 04:15:00,HARDIN,FLASH FLOOD,0.0,0.0,0,0,157383,951667,Fire Department/Rescue
2021-03-31 02:50:00,2021-03-31 02:50:00,LAWRENCE,FLASH FLOOD,0.0,0.0,0,0,157247,950508,Emergency Manager
2021-03-31 02:50:00,2021-03-31 02:50:00,LAWRENCE,FLASH FLOOD,0.0,0.0,0,0,157247,950509,Emergency Manager
2021-03-31 03:00:00,2021-03-31 03:00:00,LAWRENCE,FLASH FLOOD,0.0,0.0,0,0,157247,950510,Emergency Manager
2021-03-31 03:21:00,2021-03-31 09:10:00,MOORE,FLASH FLOOD,0.0,0.0,0,0,155932,948245,Emergency Manager
2021-03-31 03:48:00,2021-03-31 03:48:00,LAWRENCE,FLASH FLOOD,0.0,0.0,0,0,157247,950513,Emergency Manager
2021-03-31 04:00:00,2021-03-31 04:00:00,WAYNE,FLASH FLOOD,0.0,0.0,0,0,157247,950516,Social Media
2021-03-31 04:11:00,2021-03-31 04:11:00,LAWRENCE,FLASH FLOOD,0.0,0.0,0,0,157247,950525,Emergency Manager
2021-03-31 04:21:00,2021-03-31 04:21:00,LAWRENCE,FLASH FLOOD,0.0,0.0,0,0,157247,950526,Emergency Manager
2021-03-31 04:50:00,2021-03-31 04:50:00,GILES,FLASH FLOOD,0.0,0.0,0,0,157247,950527,Social Media
2021-03-31 05:37:00,2021-03-31 05:37:00,LAWRENCE,FLASH FLOOD,0.0,0.0,0,0,157247,950528,Emergency Manager
2021-03-31 05:45:00,2021-03-31 05:45:00,LAWRENCE,FLASH FLOOD,0.0,0.0,0,0,157247,950532,Emergency Manager
2021-03-31 06:00:00,2021-03-31 12:00:00,FRANKLIN,FLASH FLOOD,0.0,0.0,0,0,155932,948246,Emergency Manager
2021-03-31 06:00:00,2021-03-31 12:00:00,FRANKLIN,FLASH FLOOD,0.0,0.0,0,0,155932,948247,Emergency Manager
2021-03-31 06:00:00,2021-03-31 06:00:00,GILES,FLASH FLOOD,0.0,0.0,0,0,157247,950534,Broadcast Media
2021-03-31 07:00:00,2021-03-31 07:00:00,GILES,FLASH FLOOD,0.0,0.0,0,0,157247,950540,Social Media
2021-03-31 17:30:00,2021-03-31 17:30:00,LAWRENCE,HEAVY RAIN,0.0,0.0,0,0,157247,950543,Broadcast Media
2021-04-02 02:00:00,2021-04-02 08:00:00,FRANKLIN,FROST/FREEZE,0.0,0.0,0,0,155973,950212,COOP Observer
2021-04-02 02:00:00,2021-04-02 08:00:00,LINCOLN,FROST/FREEZE,0.0,0.0,0,0,155973,950213,COOP Observer
2021-04-02 02:00:00,2021-04-02 08:00:00,MOORE,FROST/FREEZE,0.0,0.0,0,0,155973,950214,COOP Observer
2021-04-03 00:00:00,2021-04-03 08:00:00,FRANKLIN,FROST/FREEZE,0.0,0.0,0,0,156042,950215,COOP Observer
2021-04-03 00:00:00,2021-04-03 08:00:00,LINCOLN,FROST/FREEZE,0.0,0.0,0,0,156042,950216,COOP Observer
2021-04-03 00:00:00,2021-04-03 08:00:00,MOORE,FROST/FREEZE,0.0,0.0,0,0,156042,950217,COOP Observer
2021-04-07 23:20:00,2021-04-07 23:20:00,DAVIDSON,THUNDERSTORM WIND,5000.0,0.0,0,0,157901,954435,NWS Employee
2021-04-08 14:11:00,2021-04-08 14:11:00,CUMBERLAND,HAIL,0.0,0.0,0,0,157901,954425,Public
2021-04-08 14:15:00,2021-04-08 14:25:00,CUMBERLAND,TORNADO,25000.0,0.0,0,0,157901,954428,Emergency Manager
2021-04-08 16:30:00,2021-04-08 16:30:00,MORGAN,THUNDERSTORM WIND,0.0,0.0,0,0,157049,949296,911 Call Center
2021-04-08 16:40:00,2021-04-08 16:40:00,MORGAN,HAIL,0.0,0.0,0,0,157049,949288,911 Call Center
2021-04-08 16:45:00,2021-04-08 16:45:00,SCOTT,HAIL,0.0,0.0,0,0,157049,949289,Public
2021-04-08 17:00:00,2021-04-08 17:00:00,SCOTT,HAIL,0.0,0.0,0,0,157049,949291,911 Call Center
2021-04-08 17:07:00,2021-04-08 17:10:00,SCOTT,TORNADO,0.0,0.0,0,0,157049,949306,NWS Storm Survey
2021-04-08 17:12:00,2021-04-08 17:14:00,SCOTT,TORNADO,0.0,0.0,0,0,157049,949299,NWS Storm Survey
2021-04-08 17:15:00,2021-04-08 17:18:00,SCOTT,TORNADO,0.0,0.0,0,0,157049,949300,NWS Storm Survey
2021-04-08 17:53:00,2021-04-08 17:53:00,SCOTT,THUNDERSTORM WIND,0.0,0.0,0,0,157049,949297,Public
2021-04-08 18:15:00,2021-04-08 18:15:00,CAMPBELL,HAIL,0.0,0.0,0,0,157049,949295,Public
2021-04-08 18:35:00,2021-04-08 18:35:00,CLAIBORNE,HAIL,0.0,0.0,0,0,157049,949292,Public
2021-04-09 16:25:00,2021-04-09 16:30:00,TIPTON,HAIL,0.0,0.0,0,0,157817,953915,Social Media
2021-04-09 16:30:00,2021-04-09 16:35:00,TIPTON,HAIL,0.0,0.0,0,0,157817,953916,Social Media
2021-04-09 16:39:00,2021-04-09 16:44:00,HAYWOOD,HAIL,0.0,0.0,0,0,157817,953917,Public
2021-04-09 16:42:00,2021-04-09 16:47:00,FAYETTE,HAIL,0.0,0.0,0,0,157817,953918,Social Media
2021-04-09 16:44:00,2021-04-09 16:49:00,LAUDERDALE,HAIL,0.0,0.0,0,0,157817,953919,Public
2021-04-09 17:01:00,2021-04-09 17:06:00,HAYWOOD,HAIL,0.0,0.0,0,0,157817,953928,Trained Spotter
2021-04-09 17:12:00,2021-04-09 17:12:00,LINCOLN,THUNDERSTORM WIND,200.0,0.0,0,0,156880,948195,Emergency Manager
2021-04-09 20:00:00,2021-04-09 20:01:00,MCNAIRY,LIGHTNING,50000.0,0.0,0,0,157817,954372,Newspaper
2021-04-22 00:00:00,2021-04-22 08:00:00,FRANKLIN,FROST/FREEZE,0.0,0.0,0,0,156278,950493,COOP Observer
2021-04-22 00:00:00,2021-04-22 08:00:00,LINCOLN,FROST/FREEZE,0.0,0.0,0,0,156278,950496,COOP Observer
2021-04-22 00:00:00,2021-04-22 08:00:00,MOORE,FROST/FREEZE,0.0,0.0,0,0,156278,950495,COOP Observer
2021-04-24 14:40:00,2021-04-24 14:40:00,MARSHALL,HAIL,0.0,0.0,0,0,157902,954429,Social Media
2021-04-24 15:15:00,2021-04-24 15:15:00,LAWRENCE,THUNDERSTORM WIND,2000.0,0.0,0,0,157902,954431,Emergency Manager
2021-04-24 15:15:00,2021-04-24 15:15:00,RUTHERFORD,HAIL,0.0,0.0,0,0,157902,954430,Social Media
2021-04-24 15:21:00,2021-04-24 15:21:00,WILLIAMSON,HAIL,0.0,0.0,0,0,157902,954432,Social Media
2021-04-24 15:23:00,2021-04-24 15:23:00,WILLIAMSON,HAIL,0.0,0.0,0,0,157902,954434,Social Media
2021-04-28 16:20:00,2021-04-28 16:25:00,OBION,THUNDERSTORM WIND,1000.0,0.0,0,0,157848,954135,Trained Spotter
2021-04-28 17:52:00,2021-04-28 18:10:00,HENRY,THUNDERSTORM WIND,0.0,0.0,0,0,157848,954150,NWS Employee
2021-04-28 17:53:00,2021-04-28 18:09:00,HENRY,TORNADO,600000.0,0.0,0,1,157848,954125,NWS Storm Survey
2021-05-03 08:00:00,2021-05-03 08:00:00,MAURY,FLOOD,0.0,0.0,0,0,158422,963678,Social Media
2021-05-03 08:00:00,2021-05-03 08:00:00,WILLIAMSON,FLASH FLOOD,0.0,0.0,0,0,158422,963677,Social Media
2021-05-03 10:42:00,2021-05-03 10:44:00,COFFEE,TORNADO,15000.0,0.0,0,0,158422,957708,Emergency Manager
2021-05-03 13:25:00,2021-05-03 13:25:00,GREENE,THUNDERSTORM WIND,0.0,0.0,0,0,157094,949524,Law Enforcement
2021-05-04 00:55:00,2021-05-04 00:55:00,CLAY,HAIL,0.0,0.0,0,0,158421,957711,Trained Spotter
2021-05-04 02:05:00,2021-05-04 02:10:00,LAKE,THUNDERSTORM WIND,0.0,0.0,0,0,158370,957574,Broadcast Media
2021-05-04 02:15:00,2021-05-04 02:20:00,OBION,THUNDERSTORM WIND,350000.0,0.0,0,0,158370,957575,Social Media
2021-05-04 02:18:00,2021-05-04 02:18:00,OVERTON,HAIL,0.0,0.0,0,0,158421,957712,Social Media
2021-05-04 02:20:00,2021-05-04 02:25:00,DYER,THUNDERSTORM WIND,0.0,0.0,0,0,158370,959222,Emergency Manager
2021-05-04 02:20:00,2021-05-04 02:25:00,OBION,THUNDERSTORM WIND,50000.0,0.0,0,0,158370,957576,Broadcast Media
2021-05-04 02:23:00,2021-05-04 02:26:00,OBION,TORNADO,225000.0,0.0,0,0,158370,963110,Emergency Manager
2021-05-04 02:26:00,2021-05-04 02:27:00,OBION,THUNDERSTORM WIND,15000.0,0.0,0,0,158370,963111,Emergency Manager
2021-05-04 02:30:00,2021-05-04 02:35:00,LAUDERDALE,THUNDERSTORM WIND,0.0,0.0,0,0,158370,959225,Emergency Manager
2021-05-04 02:30:00,2021-05-04 02:35:00,OBION,THUNDERSTORM WIND,0.0,0.0,0,0,158370,976737,Emergency Manager
2021-05-04 02:30:00,2021-05-04 02:35:00,OBION,THUNDERSTORM WIND,2500000.0,0.0,0,0,158370,957578,NWS Storm Survey
2021-05-04 02:35:00,2021-05-04 02:40:00,OBION,THUNDERSTORM WIND,175000.0,0.0,0,0,158370,957580,NWS Storm Survey
2021-05-04 02:35:00,2021-05-04 02:40:00,OBION,THUNDERSTORM WIND,270000.0,0.0,0,0,158370,957581,NWS Storm Survey
2021-05-04 02:40:00,2021-05-04 02:45:00,OBION,THUNDERSTORM WIND,100000.0,0.0,0,0,158370,957579,Amateur Radio
2021-05-04 02:40:00,2021-05-04 02:45:00,OBION,THUNDERSTORM WIND,25000.0,0.0,0,0,158370,976732,Emergency Manager
2021-05-04 02:45:00,2021-05-04 02:50:00,WEAKLEY,THUNDERSTORM WIND,0.0,0.0,0,0,158370,957583,NWS Storm Survey
2021-05-04 02:49:00,2021-05-04 02:54:00,WEAKLEY,THUNDERSTORM WIND,0.0,0.0,1,0,158370,957582,NWS Storm Survey
2021-05-04 03:20:00,2021-05-04 03:25:00,CROCKETT,HAIL,0.0,0.0,0,0,158370,957585,Public
2021-05-04 03:20:00,2021-05-04 03:25:00,HENRY,THUNDERSTORM WIND,0.0,0.0,0,0,158370,957584,Emergency Manager
2021-05-04 03:20:00,2021-05-04 03:30:00,HENRY,THUNDERSTORM WIND,0.0,0.0,0,0,158370,959241,Emergency Manager
2021-05-04 03:35:00,2021-05-04 03:39:00,BENTON,TORNADO,75000.0,0.0,0,0,158370,957587,Emergency Manager
2021-05-04 03:45:00,2021-05-04 04:00:00,HENDERSON,THUNDERSTORM WIND,0.0,0.0,0,0,158370,959240,Emergency Manager
2021-05-04 03:47:00,2021-05-04 03:47:00,STEWART,THUNDERSTORM WIND,10000.0,0.0,0,0,158421,957918,Emergency Manager
2021-05-04 04:15:00,2021-05-04 04:20:00,DECATUR,THUNDERSTORM WIND,0.0,0.0,0,0,158370,957586,Emergency Manager
2021-05-04 04:19:00,2021-05-04 04:19:00,MONTGOMERY,THUNDERSTORM WIND,5000.0,0.0,0,0,158421,957919,Social Media
2021-05-04 04:30:00,2021-05-04 04:30:00,MONTGOMERY,THUNDERSTORM WIND,3000.0,0.0,0,0,158421,957920,Social Media
2021-05-04 04:43:00,2021-05-04 04:43:00,ROBERTSON,THUNDERSTORM WIND,10000.0,0.0,0,0,158421,957921,Social Media
2021-05-04 04:48:00,2021-05-04 04:49:00,HENRY,LIGHTNING,20000.0,0.0,0,0,158370,959223,Emergency Manager
2021-05-04 04:54:00,2021-05-04 04:55:00,CHEATHAM,TORNADO,10000.0,0.0,0,0,158421,963686,Emergency Manager
2021-05-04 04:55:00,2021-05-04 05:00:00,DAVIDSON,TORNADO,5000.0,0.0,0,0,158421,963688,Emergency Manager
2021-05-04 04:56:00,2021-05-04 04:58:00,ROBERTSON,TORNADO,10000.0,0.0,0,0,158421,957713,NWS Storm Survey
2021-05-04 05:01:00,2021-05-04 05:02:00,ROBERTSON,THUNDERSTORM WIND,5000.0,0.0,0,0,158421,963757,NWS Storm Survey
2021-05-04 05:01:00,2021-05-04 05:04:00,ROBERTSON,TORNADO,25000.0,0.0,0,0,158421,963755,NWS Storm Survey
2021-05-04 05:02:00,2021-05-04 05:13:00,ROBERTSON,TORNADO,10000.0,0.0,0,0,158421,963691,NWS Storm Survey
2021-05-04 05:03:00,2021-05-04 05:12:00,DAVIDSON,TORNADO,15000.0,0.0,0,0,158421,963689,NWS Storm Survey
2021-05-04 05:09:00,2021-05-04 05:09:00,SUMNER,THUNDERSTORM WIND,15000.0,0.0,0,0,158421,957925,NWS Storm Survey
2021-05-04 05:10:00,2021-05-04 05:11:00,ROBERTSON,TORNADO,5000.0,0.0,0,0,158421,963693,NWS Storm Survey
2021-05-04 05:11:00,2021-05-04 05:12:00,SUMNER,TORNADO,5000.0,0.0,0,0,158421,963695,NWS Storm Survey
2021-05-04 05:13:00,2021-05-04 05:14:00,SUMNER,TORNADO,5000.0,0.0,0,0,158421,963692,NWS Storm Survey
2021-05-04 05:14:00,2021-05-04 05:20:00,SUMNER,THUNDERSTORM WIND,10000.0,0.0,0,0,158421,957928,NWS Storm Survey
2021-05-04 05:15:00,2021-05-04 05:15:00,BLOUNT,HAIL,0.0,0.0,0,0,157094,949525,Public
2021-05-04 05:21:00,2021-05-04 05:25:00,SUMNER,TORNADO,25000.0,0.0,0,0,158421,957714,NWS Storm Survey
2021-05-04 05:25:00,2021-05-04 05:25:00,MAURY,THUNDERSTORM WIND,2000.0,0.0,0,0,158421,957929,Emergency Manager
2021-05-04 05:29:00,2021-05-04 05:29:00,SUMNER,THUNDERSTORM WIND,3000.0,0.0,0,0,158421,957931,Social Media
2021-05-04 05:30:00,2021-05-04 05:30:00,LAWRENCE,THUNDERSTORM WIND,10000.0,0.0,0,0,158421,957932,Emergency Manager
2021-05-04 05:31:00,2021-05-04 05:39:00,SUMNER,TORNADO,15000.0,0.0,0,0,158421,957715,NWS Storm Survey
2021-05-04 05:32:00,2021-05-04 05:32:00,DAVIDSON,THUNDERSTORM WIND,3000.0,0.0,0,0,158421,957933,Trained Spotter
2021-05-04 05:38:00,2021-05-04 05:41:00,SUMNER,TORNADO,10000.0,0.0,0,0,158421,963752,NWS Storm Survey
2021-05-04 05:41:00,2021-05-04 05:41:00,TROUSDALE,THUNDERSTORM WIND,15000.0,0.0,0,0,158421,957935,NWS Storm Survey
2021-05-04 05:41:00,2021-05-04 05:44:00,TROUSDALE,TORNADO,15000.0,0.0,0,0,158421,963754,NWS Storm Survey
2021-05-04 05:45:00,2021-05-04 05:45:00,TROUSDALE,THUNDERSTORM WIND,10000.0,0.0,0,0,158421,957936,Emergency Manager
2021-05-04 05:54:00,2021-05-04 05:58:00,TROUSDALE,TORNADO,15000.0,0.0,0,0,158421,957716,NWS Storm Survey
2021-05-04 05:55:00,2021-05-04 05:55:00,WILSON,THUNDERSTORM WIND,5000.0,0.0,0,0,158421,957939,NWS Employee
2021-05-04 05:56:00,2021-05-04 05:58:00,MACON,TORNADO,10000.0,0.0,0,0,158421,957717,Emergency Manager
2021-05-04 06:04:00,2021-05-04 06:04:00,MARSHALL,THUNDERSTORM WIND,3000.0,0.0,0,0,158421,957940,Public
2021-05-04 06:19:00,2021-05-04 06:19:00,BEDFORD,THUNDERSTORM WIND,10000.0,0.0,0,0,158421,957941,Emergency Manager
2021-05-04 06:20:00,2021-05-04 06:21:00,DEKALB,TORNADO,15000.0,0.0,0,0,158421,957718,NWS Storm Survey
2021-05-04 06:22:00,2021-05-04 06:22:00,BEDFORD,THUNDERSTORM WIND,10000.0,0.0,0,0,158421,957942,Emergency Manager
2021-05-04 06:24:00,2021-05-04 06:24:00,BEDFORD,THUNDERSTORM WIND,10000.0,0.0,0,0,158421,957943,Emergency Manager
2021-05-04 06:31:00,2021-05-04 06:31:00,OVERTON,THUNDERSTORM WIND,1000.0,0.0,0,0,158421,957947,Emergency Manager
2021-05-04 06:43:00,2021-05-04 06:49:00,DEKALB,TORNADO,25000.0,0.0,0,0,158421,957719,NWS Storm Survey
2021-05-04 06:44:00,2021-05-04 06:44:00,OVERTON,THUNDERSTORM WIND,1000.0,0.0,0,0,158421,963884,Emergency Manager
2021-05-04 06:45:00,2021-05-04 06:45:00,CANNON,THUNDERSTORM WIND,1000.0,0.0,0,0,158421,957945,Trained Spotter
2021-05-04 06:47:00,2021-05-04 06:47:00,DEKALB,THUNDERSTORM WIND,5000.0,0.0,0,0,158421,957946,Trained Spotter
2021-05-04 06:50:00,2021-05-04 08:30:00,SEVIER,FLASH FLOOD,0.0,0.0,0,0,157094,953016,911 Call Center
2021-05-04 07:03:00,2021-05-04 07:08:00,WHITE,THUNDERSTORM WIND,15000.0,0.0,0,0,158421,957948,Emergency Manager
2021-05-04 07:04:00,2021-05-04 07:04:00,COFFEE,THUNDERSTORM WIND,10000.0,0.0,0,0,158421,957949,Social Media
2021-05-04 07:05:00,2021-05-04 07:05:00,COFFEE,THUNDERSTORM WIND,3000.0,0.0,0,0,158421,957950,Department of Highways
2021-05-04 07:07:00,2021-05-04 07:09:00,WHITE,TORNADO,15000.0,0.0,0,0,158421,957720,Emergency Manager
2021-05-04 07:15:00,2021-05-04 07:15:00,CUMBERLAND,THUNDERSTORM WIND,3000.0,0.0,0,0,158421,957951,Emergency Manager
2021-05-04 07:30:00,2021-05-04 07:30:00,CUMBERLAND,THUNDERSTORM WIND,15000.0,0.0,0,0,158421,957952,Emergency Manager
2021-05-04 07:38:00,2021-05-04 07:39:00,GRUNDY,THUNDERSTORM WIND,3000.0,0.0,0,0,158421,957953,Emergency Manager
2021-05-04 07:50:00,2021-05-04 07:50:00,BLEDSOE,THUNDERSTORM WIND,0.0,0.0,0,0,157094,949533,Emergency Manager
2021-05-04 07:55:00,2021-05-04 07:55:00,BLEDSOE,THUNDERSTORM WIND,0.0,0.0,0,0,157094,949528,State Official
2021-05-04 08:45:00,2021-05-04 08:45:00,MORGAN,THUNDERSTORM WIND,0.0,0.0,0,0,157094,949527,State Official
2021-05-04 09:10:00,2021-05-04 09:10:00,ROANE,THUNDERSTORM WIND,0.0,0.0,0,0,157094,949530,911 Call Center
2021-05-04 09:55:00,2021-05-04 09:55:00,BLOUNT,THUNDERSTORM WIND,0.0,0.0,0,0,157094,949532,Public
2021-05-04 10:00:00,2021-05-04 10:00:00,SEVIER,THUNDERSTORM WIND,0.0,0.0,0,0,157094,949531,911 Call Center
2021-05-04 11:00:00,2021-05-04 12:45:00,HAMILTON,FLASH FLOOD,0.0,0.0,0,0,157094,953017,911 Call Center
2021-05-06 14:30:00,2021-05-06 14:40:00,GIBSON,THUNDERSTORM WIND,0.0,0.0,0,0,158446,957820,Emergency Manager
2021-05-06 14:47:00,2021-05-06 14:52:00,HENRY,HAIL,0.0,0.0,0,0,158446,957823,Trained Spotter
2021-05-06 14:58:00,2021-05-06 15:03:00,CARROLL,HAIL,0.0,0.0,0,0,158446,957822,Emergency Manager
2021-05-06 15:15:00,2021-05-06 15:20:00,HARDEMAN,THUNDERSTORM WIND,0.0,0.0,0,0,158446,957824,Emergency Manager
2021-05-06 15:21:00,2021-05-06 15:21:00,MONTGOMERY,THUNDERSTORM WIND,2000.0,0.0,0,0,158420,957681,Social Media
2021-05-06 15:33:00,2021-05-06 15:33:00,HUMPHREYS,THUNDERSTORM WIND,3000.0,0.0,0,0,158420,957683,Social Media
2021-05-06 15:34:00,2021-05-06 15:34:00,MONTGOMERY,THUNDERSTORM WIND,3000.0,0.0,0,0,158420,957685,Public
2021-05-06 15:44:00,2021-05-06 15:44:00,ROBERTSON,THUNDERSTORM WIND,3000.0,0.0,0,0,158420,957684,Emergency Manager
2021-05-06 15:50:00,2021-05-06 15:50:00,DICKSON,THUNDERSTORM WIND,3000.0,0.0,0,0,158420,957682,Trained Spotter
2021-05-06 15:53:00,2021-05-06 15:53:00,ROBERTSON,THUNDERSTORM WIND,3000.0,0.0,0,0,158420,957687,Emergency Manager
2021-05-06 15:56:00,2021-05-06 15:56:00,ROBERTSON,THUNDERSTORM WIND,10000.0,0.0,1,1,158420,957686,Emergency Manager
2021-05-06 16:05:00,2021-05-06 16:10:00,HARDIN,THUNDERSTORM WIND,0.0,0.0,0,1,158446,957963,Emergency Manager
2021-05-06 16:05:00,2021-05-06 16:10:00,MCNAIRY,THUNDERSTORM WIND,0.0,0.0,0,0,158446,957962,Fire Department/Rescue
2021-05-06 16:09:00,2021-05-06 16:09:00,LEWIS,THUNDERSTORM WIND,3000.0,0.0,0,0,158420,957688,Emergency Manager
2021-05-06 16:09:00,2021-05-06 16:09:00,ROBERTSON,THUNDERSTORM WIND,10000.0,0.0,0,0,158420,957689,Emergency Manager
2021-05-06 16:22:00,2021-05-06 16:22:00,MAURY,THUNDERSTORM WIND,1000.0,0.0,0,0,158420,963681,Emergency Manager
2021-05-06 16:25:00,2021-05-06 16:25:00,WILLIAMSON,THUNDERSTORM WIND,1000.0,0.0,0,0,158420,957698,Trained Spotter
2021-05-06 16:31:00,2021-05-06 16:31:00,MAURY,THUNDERSTORM WIND,2000.0,0.0,0,0,158420,957706,Social Media
2021-05-06 16:31:00,2021-05-06 16:31:00,WILLIAMSON,THUNDERSTORM WIND,1000.0,0.0,0,0,158420,957694,Public
2021-05-06 16:32:00,2021-05-06 16:32:00,DAVIDSON,THUNDERSTORM WIND,2000.0,0.0,0,0,158420,957699,Public
2021-05-06 16:33:00,2021-05-06 16:33:00,LAWRENCE,THUNDERSTORM WIND,10000.0,0.0,0,0,158420,957692,Emergency Manager
2021-05-06 16:33:00,2021-05-06 16:33:00,LAWRENCE,THUNDERSTORM WIND,3000.0,0.0,0,0,158420,957693,Emergency Manager
2021-05-06 16:33:00,2021-05-06 16:33:00,MAURY,THUNDERSTORM WIND,1000.0,0.0,0,0,158420,957695,Public
2021-05-06 16:34:00,2021-05-06 16:34:00,DAVIDSON,THUNDERSTORM WIND,3000.0,0.0,0,0,158420,957690,Public
2021-05-06 16:34:00,2021-05-06 16:34:00,LAWRENCE,THUNDERSTORM WIND,1000.0,0.0,0,0,158420,963679,Emergency Manager
2021-05-06 16:35:00,2021-05-06 16:35:00,DAVIDSON,THUNDERSTORM WIND,10000.0,0.0,0,0,158420,957691,Public
2021-05-06 16:35:00,2021-05-06 16:35:00,LAWRENCE,THUNDERSTORM WIND,5000.0,0.0,0,0,158420,963680,Emergency Manager
2021-05-06 16:35:00,2021-05-06 16:35:00,MAURY,THUNDERSTORM WIND,10000.0,0.0,0,0,158420,957696,Emergency Manager
2021-05-06 16:45:00,2021-05-06 16:45:00,MAURY,THUNDERSTORM WIND,1000.0,0.0,0,0,158420,957697,Emergency Manager
2021-05-06 16:45:00,2021-05-06 16:45:00,RUTHERFORD,THUNDERSTORM WIND,3000.0,0.0,0,0,158420,957703,Emergency Manager
2021-05-06 16:51:00,2021-05-06 16:51:00,GILES,THUNDERSTORM WIND,5000.0,0.0,0,0,158420,957700,Emergency Manager
2021-05-06 16:53:00,2021-05-06 16:53:00,RUTHERFORD,THUNDERSTORM WIND,2000.0,0.0,0,0,158420,957702,Social Media
2021-05-06 16:58:00,2021-05-06 16:58:00,MACON,THUNDERSTORM WIND,3000.0,0.0,0,0,158420,957701,Emergency Manager
2021-05-06 17:28:00,2021-05-06 17:28:00,LINCOLN,THUNDERSTORM WIND,1000.0,0.0,0,0,156776,958310,Broadcast Media
2021-05-06 17:34:00,2021-05-06 17:34:00,LINCOLN,THUNDERSTORM WIND,0.0,0.0,0,0,156776,958311,Broadcast Media
2021-05-06 17:35:00,2021-05-06 17:35:00,BEDFORD,THUNDERSTORM WIND,2000.0,0.0,0,0,158420,957704,911 Call Center
2021-05-06 17:49:00,2021-05-06 17:49:00,COFFEE,THUNDERSTORM WIND,3000.0,0.0,0,0,158420,957705,Social Media
2021-05-06 18:10:00,2021-05-06 18:10:00,FRANKLIN,THUNDERSTORM WIND,0.0,0.0,0,0,156776,958312,Emergency Manager
2021-05-06 18:35:00,2021-05-06 18:35:00,MARION,THUNDERSTORM WIND,0.0,0.0,0,0,157099,949539,Law Enforcement
2021-05-06 18:40:00,2021-05-06 18:40:00,MARION,THUNDERSTORM WIND,0.0,0.0,0,0,157099,949540,Law Enforcement
2021-05-06 18:45:00,2021-05-06 18:45:00,MARION,THUNDERSTORM WIND,0.0,0.0,0,0,157099,949541,Law Enforcement
2021-05-06 20:10:00,2021-05-06 20:10:00,HAMILTON,THUNDERSTORM WIND,0.0,0.0,0,0,157099,949542,Public
2021-05-09 08:30:00,2021-05-09 08:31:00,GIBSON,LIGHTNING,0.0,0.0,0,1,158481,959227,Emergency Manager
2021-05-09 16:08:00,2021-05-09 16:19:00,TIPTON,TORNADO,200000.0,0.0,0,0,158481,958203,NWS Storm Survey
2021-05-09 17:07:00,2021-05-09 17:07:00,UNION,THUNDERSTORM WIND,0.0,0.0,0,0,157100,949548,911 Call Center
2021-05-09 17:20:00,2021-05-09 17:20:00,GRAINGER,THUNDERSTORM WIND,0.0,0.0,0,0,157100,949546,911 Call Center
2021-05-09 17:25:00,2021-05-09 17:30:00,HARDIN,THUNDERSTORM WIND,0.0,0.0,0,0,158481,958918,Fire Department/Rescue
2021-05-09 18:38:00,2021-05-09 18:39:00,WILLIAMSON,TORNADO,5000.0,0.0,0,0,158423,957680,NWS Storm Survey
2021-05-09 19:00:00,2021-05-09 19:00:00,LINCOLN,THUNDERSTORM WIND,200.0,0.0,0,0,156778,958348,Emergency Manager
2021-05-28 11:57:00,2021-05-28 12:17:00,PUTNAM,TORNADO,50000.0,0.0,0,0,158424,957709,NWS Storm Survey
2021-05-28 12:13:00,2021-05-28 12:14:00,OVERTON,TORNADO,10000.0,0.0,0,2,158424,957710,Emergency Manager
2021-05-28 15:11:00,2021-05-28 15:11:00,ANDERSON,THUNDERSTORM WIND,0.0,0.0,0,0,157825,953947,911 Call Center
2021-05-28 16:09:00,2021-05-28 16:09:00,HAMBLEN,THUNDERSTORM WIND,0.0,0.0,0,0,157825,953954,NWS Employee
2021-05-28 16:10:00,2021-05-28 16:10:00,HAMBLEN,THUNDERSTORM WIND,0.0,0.0,0,0,157825,953955,Trained Spotter
2021-05-28 16:10:00,2021-05-28 16:10:00,HAMBLEN,THUNDERSTORM WIND,0.0,0.0,0,0,157825,953949,Public
2021-05-28 16:10:00,2021-05-28 16:10:00,HAMBLEN,THUNDERSTORM WIND,0.0,0.0,0,0,157825,953950,Amateur Radio
2021-05-28 16:11:00,2021-05-28 16:11:00,HAMBLEN,THUNDERSTORM WIND,0.0,0.0,0,0,157825,953951,Public
2021-05-28 17:50:00,2021-05-28 17:50:00,CARTER,THUNDERSTORM WIND,0.0,0.0,0,0,157825,953952,911 Call Center
2021-06-02 15:07:00,2021-06-02 15:12:00,BENTON,HAIL,0.0,0.0,0,0,160186,968358,Social Media
2021-06-02 15:15:00,2021-06-02 15:20:00,BENTON,HAIL,0.0,0.0,0,0,160186,968376,Social Media
2021-06-02 18:25:00,2021-06-02 18:30:00,HENRY,HAIL,0.0,0.0,0,0,160186,968383,Social Media
2021-06-02 19:30:00,2021-06-02 19:30:00,STEWART,FLASH FLOOD,10000.0,0.0,0,0,159731,965642,Emergency Manager
2021-06-02 19:35:00,2021-06-02 19:40:00,BENTON,THUNDERSTORM WIND,2000.0,0.0,0,0,160186,968419,Storm Chaser
2021-06-02 20:15:00,2021-06-02 20:15:00,MONTGOMERY,THUNDERSTORM WIND,5000.0,0.0,0,0,159731,965646,Social Media
2021-06-02 20:27:00,2021-06-02 20:27:00,MONTGOMERY,FUNNEL CLOUD,0.0,0.0,0,0,159731,969531,Broadcast Media
2021-06-03 11:36:00,2021-06-03 13:30:00,HAMILTON,FLASH FLOOD,0.0,0.0,0,0,160010,967177,Law Enforcement
2021-06-03 12:30:00,2021-06-03 14:00:00,HAMILTON,FLASH FLOOD,1000.0,0.0,0,0,160010,967176,Broadcast Media
2021-06-03 15:58:00,2021-06-03 15:58:00,COFFEE,THUNDERSTORM WIND,3000.0,0.0,0,0,159732,965649,Social Media
2021-06-08 15:00:00,2021-06-08 15:00:00,JEFFERSON,THUNDERSTORM WIND,0.0,0.0,0,0,158464,958009,NWS Employee
2021-06-08 15:07:00,2021-06-08 15:07:00,WAYNE,THUNDERSTORM WIND,5000.0,0.0,0,0,159733,965651,Broadcast Media
2021-06-12 14:58:00,2021-06-12 14:58:00,BEDFORD,THUNDERSTORM WIND,1000.0,0.0,0,0,159735,966146,Social Media
2021-06-12 14:58:00,2021-06-12 14:58:00,BEDFORD,THUNDERSTORM WIND,2000.0,0.0,0,0,159735,966147,Social Media
2021-06-12 15:38:00,2021-06-12 15:38:00,GILES,THUNDERSTORM WIND,1000.0,0.0,0,0,159735,966148,Broadcast Media
2021-06-12 16:05:00,2021-06-12 16:05:00,GILES,THUNDERSTORM WIND,8000.0,0.0,0,0,159735,966149,Trained Spotter
2021-06-12 16:25:00,2021-06-12 16:30:00,HENRY,HAIL,0.0,0.0,0,0,160613,970461,Public
2021-06-12 17:00:00,2021-06-12 17:00:00,MARSHALL,FLASH FLOOD,0.0,0.0,0,0,159735,966150,Emergency Manager
2021-06-12 17:05:00,2021-06-12 17:05:00,MARSHALL,HAIL,0.0,0.0,0,0,159735,966151,Social Media
2021-06-12 17:10:00,2021-06-12 17:10:00,MARSHALL,HAIL,0.0,0.0,0,0,159735,966152,Social Media
2021-06-12 17:30:00,2021-06-12 17:30:00,OVERTON,THUNDERSTORM WIND,2000.0,0.0,0,0,159735,966153,Emergency Manager
2021-06-12 18:45:00,2021-06-12 18:45:00,RHEA,THUNDERSTORM WIND,0.0,0.0,0,0,158465,958010,911 Call Center
2021-06-12 19:05:00,2021-06-12 19:05:00,BRADLEY,THUNDERSTORM WIND,0.0,0.0,0,0,158465,958011,Broadcast Media
2021-06-12 19:30:00,2021-06-12 19:30:00,HAMILTON,THUNDERSTORM WIND,0.0,0.0,0,0,158465,958012,Broadcast Media
2021-06-12 21:15:00,2021-06-12 21:15:00,STEWART,THUNDERSTORM WIND,2000.0,0.0,0,0,159735,966154,NWS Employee
2021-06-12 22:03:00,2021-06-12 22:08:00,BENTON,THUNDERSTORM WIND,10000.0,0.0,0,0,160613,970462,Emergency Manager
2021-06-14 01:35:00,2021-06-14 01:35:00,KNOX,THUNDERSTORM WIND,0.0,0.0,0,0,158467,958017,Broadcast Media
2021-06-21 13:20:00,2021-06-21 13:20:00,DICKSON,THUNDERSTORM WIND,2000.0,0.0,0,0,159736,966155,Social Media
2021-06-21 13:25:00,2021-06-21 13:25:00,DICKSON,THUNDERSTORM WIND,2000.0,0.0,0,0,159736,966156,911 Call Center
2021-06-21 13:44:00,2021-06-21 13:44:00,CHEATHAM,THUNDERSTORM WIND,1000.0,0.0,0,0,159736,966157,Social Media
2021-06-21 14:14:00,2021-06-21 14:14:00,OVERTON,THUNDERSTORM WIND,2000.0,0.0,0,0,159736,966158,Law Enforcement
2021-06-21 15:45:00,2021-06-21 15:45:00,MORGAN,THUNDERSTORM WIND,0.0,0.0,0,0,158468,958019,911 Call Center
2021-06-21 15:47:00,2021-06-21 15:47:00,GILES,THUNDERSTORM WIND,2000.0,0.0,0,0,159736,966159,Social Media
2021-06-21 15:50:00,2021-06-21 15:50:00,CANNON,THUNDERSTORM WIND,1000.0,0.0,0,0,159736,966160,Law Enforcement
2021-06-21 16:08:00,2021-06-21 16:08:00,HANCOCK,HAIL,0.0,0.0,0,0,158468,958018,Public
2021-06-21 16:09:00,2021-06-21 16:09:00,MORGAN,THUNDERSTORM WIND,0.0,0.0,0,0,158468,958020,911 Call Center
2021-06-21 16:15:00,2021-06-21 16:15:00,ANDERSON,THUNDERSTORM WIND,0.0,0.0,0,0,158468,958021,Law Enforcement
2021-06-21 16:24:00,2021-06-21 16:24:00,HANCOCK,THUNDERSTORM WIND,0.0,0.0,0,0,158468,958022,Public
2021-06-21 16:25:00,2021-06-21 16:25:00,CLAIBORNE,THUNDERSTORM WIND,0.0,0.0,0,0,158468,958023,Emergency Manager
2021-06-21 16:25:00,2021-06-21 16:25:00,WHITE,THUNDERSTORM WIND,1000.0,0.0,0,0,159736,966161,Public
2021-06-21 16:28:00,2021-06-21 16:28:00,SCOTT,THUNDERSTORM WIND,0.0,0.0,0,0,158468,958024,Law Enforcement
2021-06-21 16:29:00,2021-06-21 16:29:00,CLAIBORNE,THUNDERSTORM WIND,0.0,0.0,0,0,158468,958025,Public
2021-06-21 16:34:00,2021-06-21 16:34:00,WHITE,THUNDERSTORM WIND,1000.0,0.0,0,0,159736,966162,Social Media
2021-06-21 16:36:00,2021-06-21 16:36:00,VAN BUREN,THUNDERSTORM WIND,1000.0,0.0,0,0,159736,966163,911 Call Center
2021-06-21 16:50:00,2021-06-21 16:50:00,KNOX,THUNDERSTORM WIND,0.0,0.0,0,0,158468,958026,Public
2021-06-21 16:51:00,2021-06-21 16:51:00,KNOX,THUNDERSTORM WIND,0.0,0.0,0,0,158468,958027,911 Call Center
2021-06-21 17:04:00,2021-06-21 17:04:00,CUMBERLAND,THUNDERSTORM WIND,2000.0,0.0,0,0,159736,966164,911 Call Center
2021-06-21 17:07:00,2021-06-21 17:07:00,UNION,THUNDERSTORM WIND,0.0,0.0,0,0,158468,958028,911 Call Center
2021-06-21 17:12:00,2021-06-21 17:12:00,GRAINGER,THUNDERSTORM WIND,0.0,0.0,0,0,158468,958029,911 Call Center
2021-06-21 17:17:00,2021-06-21 17:17:00,CLAIBORNE,THUNDERSTORM WIND,0.0,0.0,0,0,158468,958030,911 Call Center
2021-06-21 17:17:00,2021-06-21 17:17:00,CUMBERLAND,THUNDERSTORM WIND,2000.0,0.0,0,0,159736,966165,State Official
2021-06-21 17:18:00,2021-06-21 17:18:00,CLAIBORNE,THUNDERSTORM WIND,0.0,0.0,0,0,158468,958031,Public
2021-06-21 17:35:00,2021-06-21 17:35:00,MONROE,THUNDERSTORM WIND,0.0,0.0,0,0,158468,958032,911 Call Center
2021-06-21 18:12:00,2021-06-21 18:12:00,BLOUNT,THUNDERSTORM WIND,0.0,0.0,0,0,158468,958033,911 Call Center
2021-06-21 18:13:00,2021-06-21 18:13:00,BLOUNT,THUNDERSTORM WIND,0.0,0.0,0,0,158468,958034,911 Call Center
2021-06-21 18:35:00,2021-06-21 18:35:00,ROANE,THUNDERSTORM WIND,0.0,0.0,0,0,158468,958035,911 Call Center
2021-06-28 15:40:00,2021-06-28 15:40:00,MONROE,THUNDERSTORM WIND,0.0,0.0,0,0,158469,958037,Public
2021-06-28 17:25:00,2021-06-28 17:25:00,CLAIBORNE,THUNDERSTORM WIND,0.0,0.0,0,0,158469,958038,Public
2021-06-28 17:44:00,2021-06-28 17:44:00,CLAIBORNE,THUNDERSTORM WIND,0.0,0.0,0,0,158469,958039,911 Call Center
2021-06-28 17:58:00,2021-06-28 17:58:00,UNION,THUNDERSTORM WIND,0.0,0.0,0,0,158469,958040,911 Call Center
2021-06-28 18:20:00,2021-06-28 18:20:00,UNION,THUNDERSTORM WIND,0.0,0.0,0,0,158469,958041,Public
2021-06-28 18:25:00,2021-06-28 18:25:00,ANDERSON,THUNDERSTORM WIND,0.0,0.0,0,0,158469,958042,Broadcast Media
2021-06-28 18:30:00,2021-06-28 18:30:00,ANDERSON,THUNDERSTORM WIND,0.0,0.0,0,0,158469,958043,Trained Spotter
2021-06-28 19:20:00,2021-06-28 19:20:00,CAMPBELL,THUNDERSTORM WIND,0.0,0.0,0,0,158469,958045,911 Call Center
2021-06-28 19:25:00,2021-06-28 19:25:00,CAMPBELL,THUNDERSTORM WIND,0.0,0.0,0,0,158469,958044,Public
2021-06-29 11:20:00,2021-06-29 11:20:00,HICKMAN,THUNDERSTORM WIND,1000.0,0.0,0,0,159737,965653,Social Media
2021-06-29 13:30:00,2021-06-29 13:30:00,DICKSON,THUNDERSTORM WIND,2000.0,0.0,0,0,159737,965654,Social Media
2021-06-29 14:00:00,2021-06-29 14:05:00,BENTON,THUNDERSTORM WIND,0.0,0.0,0,0,160618,970466,Emergency Manager
2021-06-29 14:10:00,2021-06-29 14:15:00,CARROLL,THUNDERSTORM WIND,2000.0,0.0,0,0,160618,970468,Fire Department/Rescue
2021-06-29 15:50:00,2021-06-29 15:50:00,MCMINN,THUNDERSTORM WIND,0.0,0.0,0,0,158469,958046,Trained Spotter
2021-07-01 15:20:00,2021-07-01 17:20:00,SHELBY,FLASH FLOOD,0.0,0.0,0,0,161655,976054,Broadcast Media
2021-07-08 22:05:00,2021-07-08 22:10:00,MADISON,THUNDERSTORM WIND,10000.0,0.0,0,0,161664,976077,Broadcast Media
2021-07-08 23:00:00,2021-07-08 23:10:00,BENTON,THUNDERSTORM WIND,1000000.0,0.0,0,0,161664,976702,Emergency Manager
2021-07-09 10:00:00,2021-07-09 10:00:00,LAWRENCE,FLASH FLOOD,0.0,0.0,0,0,161681,976248,Emergency Manager
2021-07-09 15:39:00,2021-07-09 17:00:00,KNOX,FLASH FLOOD,0.0,0.0,0,0,161733,976365,Law Enforcement
2021-07-10 17:26:00,2021-07-10 18:45:00,MORGAN,FLASH FLOOD,0.0,0.0,0,0,161736,976373,Public
2021-07-10 23:50:00,2021-07-10 23:55:00,CROCKETT,THUNDERSTORM WIND,2000.0,0.0,0,0,161747,976430,Law Enforcement
2021-07-11 00:03:00,2021-07-11 00:08:00,HAYWOOD,THUNDERSTORM WIND,2000.0,0.0,0,0,161747,976440,Law Enforcement
2021-07-11 00:20:00,2021-07-11 00:25:00,CROCKETT,THUNDERSTORM WIND,2000.0,0.0,0,0,161747,976445,Law Enforcement
2021-07-11 03:30:00,2021-07-11 05:30:00,SHELBY,FLASH FLOOD,0.0,0.0,0,0,161747,976456,911 Call Center
2021-07-11 20:30:00,2021-07-11 21:50:00,MEIGS,FLASH FLOOD,0.0,0.0,0,0,161738,976375,911 Call Center
2021-07-13 11:19:00,2021-07-13 11:19:00,MACON,THUNDERSTORM WIND,5000.0,0.0,0,0,161682,976239,Broadcast Media
2021-07-17 19:12:00,2021-07-17 19:12:00,LAWRENCE,FLASH FLOOD,5000.0,0.0,0,0,161683,976240,Emergency Manager
2021-07-17 20:39:00,2021-07-17 20:39:00,LAWRENCE,FLASH FLOOD,0.0,0.0,0,0,161683,976241,Emergency Manager
2021-07-17 21:23:00,2021-07-17 21:23:00,LAWRENCE,FLASH FLOOD,20000.0,0.0,0,0,161683,976242,Emergency Manager
2021-07-18 16:15:00,2021-07-18 17:45:00,KNOX,FLASH FLOOD,0.0,0.0,0,0,161742,976385,911 Call Center
2021-07-24 11:00:00,2021-07-31 19:00:00,BENTON,HEAT,0.0,0.0,0,0,161479,975231,AWOS
2021-07-24 11:00:00,2021-07-31 19:00:00,CARROLL,HEAT,0.0,0.0,0,0,161479,975232,ASOS
2021-07-24 11:00:00,2021-07-31 19:00:00,CHESTER,HEAT,0.0,0.0,0,0,161479,975236,ASOS
2021-07-24 11:00:00,2021-07-30 11:00:00,CROCKETT,HEAT,0.0,0.0,0,0,161479,975261,ASOS
2021-07-24 11:00:00,2021-07-31 19:00:00,DECATUR,HEAT,0.0,0.0,0,0,161479,975238,AWOS
2021-07-24 11:00:00,2021-07-30 11:00:00,DYER,HEAT,0.0,0.0,0,0,161479,975262,ASOS
2021-07-24 11:00:00,2021-07-30 11:00:00,FAYETTE,HEAT,0.0,0.0,0,0,161479,975254,ASOS
2021-07-24 11:00:00,2021-07-31 19:00:00,GIBSON,HEAT,0.0,0.0,0,0,161479,975233,ASOS
2021-07-24 11:00:00,2021-07-31 19:00:00,HARDEMAN,HEAT,0.0,0.0,0,0,161479,975237,ASOS
2021-07-24 11:00:00,2021-07-31 19:00:00,HARDIN,HEAT,0.0,0.0,0,0,161479,975240,AWOS
2021-07-24 11:00:00,2021-07-30 11:00:00,HAYWOOD,HEAT,0.0,0.0,0,0,161479,975258,ASOS
2021-07-24 11:00:00,2021-07-31 19:00:00,HENDERSON,HEAT,0.0,0.0,0,0,161479,975235,ASOS
2021-07-24 11:00:00,2021-07-31 19:00:00,HENRY,HEAT,0.0,0.0,0,0,161479,975230,AWOS
2021-07-24 11:00:00,2021-07-30 11:00:00,LAKE,HEAT,0.0,0.0,0,0,161479,975264,ASOS
2021-07-24 11:00:00,2021-07-30 11:00:00,LAUDERDALE,HEAT,0.0,0.0,0,0,161479,975260,ASOS
2021-07-24 11:00:00,2021-07-31 19:00:00,MADISON,HEAT,0.0,0.0,0,0,161479,975234,ASOS
2021-07-24 11:00:00,2021-07-31 19:00:00,MCNAIRY,HEAT,0.0,0.0,0,0,161479,975239,AWOS
2021-07-24 11:00:00,2021-07-30 11:00:00,OBION,HEAT,0.0,0.0,0,0,161479,975263,ASOS
2021-07-24 11:00:00,2021-07-30 11:00:00,SHELBY,HEAT,0.0,0.0,0,0,161479,975279,ASOS
2021-07-24 11:00:00,2021-07-30 11:00:00,TIPTON,HEAT,0.0,0.0,0,0,161479,975257,ASOS
2021-07-24 11:00:00,2021-07-31 19:00:00,WEAKLEY,HEAT,0.0,0.0,0,0,161479,975229,AWOS
2021-07-25 16:45:00,2021-07-25 16:45:00,MONTGOMERY,FLASH FLOOD,0.0,0.0,0,0,161684,976243,Social Media
2021-07-25 16:52:00,2021-07-25 16:52:00,DAVIDSON,FLASH FLOOD,0.0,0.0,0,0,161684,976244,Social Media
2021-07-26 10:12:00,2021-07-26 10:12:00,DAVIDSON,LIGHTNING,5000.0,0.0,0,0,161685,976245,Emergency Manager
2021-07-26 14:25:00,2021-07-26 14:25:00,DAVIDSON,THUNDERSTORM WIND,15000.0,0.0,0,0,161685,976246,Emergency Manager
2021-07-30 11:00:00,2021-07-30 19:00:00,CROCKETT,EXCESSIVE HEAT,0.0,0.0,0,0,161483,975268,AWOS
2021-07-30 11:00:00,2021-07-30 19:00:00,DYER,EXCESSIVE HEAT,0.0,0.0,0,0,161483,975269,AWOS
2021-07-30 11:00:00,2021-07-30 19:00:00,FAYETTE,EXCESSIVE HEAT,0.0,0.0,0,0,161483,975255,ASOS
2021-07-30 11:00:00,2021-07-30 19:00:00,HAYWOOD,EXCESSIVE HEAT,0.0,0.0,0,0,161483,975265,AWOS
2021-07-30 11:00:00,2021-07-30 19:00:00,LAKE,EXCESSIVE HEAT,0.0,0.0,0,0,161483,975271,AWOS
2021-07-30 11:00:00,2021-07-30 19:00:00,LAUDERDALE,EXCESSIVE HEAT,0.0,0.0,0,0,161483,975267,AWOS
2021-07-30 11:00:00,2021-07-30 19:00:00,OBION,EXCESSIVE HEAT,0.0,0.0,0,0,161483,975270,AWOS
2021-07-30 11:00:00,2021-07-31 19:00:00,SHELBY,EXCESSIVE HEAT,0.0,0.0,0,0,161483,975280,ASOS
2021-07-30 11:00:00,2021-07-30 19:00:00,TIPTON,EXCESSIVE HEAT,0.0,0.0,0,0,161483,975266,AWOS
2021-07-30 11:15:00,2021-07-30 15:55:00,LINCOLN,HEAT,0.0,0.0,0,0,159345,977049,AWOS
2021-07-30 12:35:00,2021-07-30 14:15:00,LINCOLN,EXCESSIVE HEAT,0.0,0.0,0,0,161824,977051,AWOS
2021-07-30 15:35:00,2021-07-30 15:35:00,LAWRENCE,THUNDERSTORM WIND,2000.0,0.0,0,0,161686,976247,Emergency Manager
2021-07-30 19:00:00,2021-07-31 19:00:00,CROCKETT,HEAT,0.0,0.0,0,0,161484,975275,AWOS
2021-07-30 19:00:00,2021-07-31 19:00:00,DYER,HEAT,0.0,0.0,0,0,161484,975276,AWOS
2021-07-30 19:00:00,2021-07-31 19:00:00,FAYETTE,HEAT,0.0,0.0,0,0,161484,975256,ASOS
2021-07-30 19:00:00,2021-07-31 19:00:00,HAYWOOD,HEAT,0.0,0.0,0,0,161484,975272,AWOS
2021-07-30 19:00:00,2021-07-31 19:00:00,LAKE,HEAT,0.0,0.0,0,0,161484,975277,AWOS
2021-07-30 19:00:00,2021-07-31 19:00:00,LAUDERDALE,HEAT,0.0,0.0,0,0,161484,975274,AWOS
2021-07-30 19:00:00,2021-07-31 19:00:00,OBION,HEAT,0.0,0.0,0,0,161484,975278,AWOS
2021-07-30 19:00:00,2021-07-31 19:00:00,TIPTON,HEAT,0.0,0.0,0,0,161484,975273,AWOS
2021-07-31 14:55:00,2021-07-31 15:15:00,LINCOLN,HEAT,0.0,0.0,0,0,159349,977053,AWOS
2021-07-31 18:12:00,2021-07-31 18:12:00,ROBERTSON,THUNDERSTORM WIND,3000.0,0.0,0,0,161687,976550,911 Call Center
2021-07-31 18:32:00,2021-07-31 18:32:00,MONTGOMERY,THUNDERSTORM WIND,2000.0,0.0,0,0,161687,976551,Law Enforcement
2021-07-31 18:40:00,2021-07-31 18:40:00,CHEATHAM,THUNDERSTORM WIND,2000.0,0.0,0,0,161687,976552,Social Media
2021-07-31 18:40:00,2021-07-31 18:40:00,ROBERTSON,THUNDERSTORM WIND,3000.0,0.0,0,0,161687,977252,State Official
2021-07-31 19:21:00,2021-07-31 19:21:00,DAVIDSON,THUNDERSTORM WIND,1000.0,0.0,0,0,161687,976573,Social Media
2021-07-31 19:30:00,2021-07-31 19:30:00,DAVIDSON,THUNDERSTORM WIND,3000.0,0.0,0,0,161687,976554,Social Media
2021-07-31 19:35:00,2021-07-31 19:35:00,DAVIDSON,THUNDERSTORM WIND,15000.0,0.0,0,0,161687,976567,Emergency Manager
2021-07-31 19:44:00,2021-07-31 19:44:00,DAVIDSON,THUNDERSTORM WIND,4000.0,0.0,0,0,161687,976556,Social Media
2021-07-31 19:50:00,2021-07-31 19:52:00,DAVIDSON,THUNDERSTORM WIND,500000.0,0.0,0,0,161687,976555,Social Media
2021-07-31 20:20:00,2021-07-31 20:20:00,STEWART,THUNDERSTORM WIND,3000.0,0.0,0,0,161687,976569,Emergency Manager
2021-07-31 20:43:00,2021-07-31 20:48:00,DYER,THUNDERSTORM WIND,5000.0,0.0,0,0,161760,976665,Public
2021-07-31 21:07:00,2021-07-31 21:07:00,DICKSON,THUNDERSTORM WIND,1000.0,0.0,0,0,161687,976570,Social Media
2021-07-31 21:12:00,2021-07-31 21:12:00,DICKSON,THUNDERSTORM WIND,1000.0,0.0,0,0,161687,976571,Social Media
2021-07-31 21:15:00,2021-07-31 21:25:00,GIBSON,THUNDERSTORM WIND,0.0,0.0,0,0,161760,976666,Emergency Manager
2021-07-31 21:26:00,2021-07-31 21:26:00,DAVIDSON,FLASH FLOOD,0.0,0.0,0,0,161687,976572,Social Media
2021-07-31 21:41:00,2021-07-31 21:46:00,CARROLL,THUNDERSTORM WIND,0.0,0.0,0,0,161760,976667,Social Media
2021-07-31 21:48:00,2021-07-31 22:15:00,HENDERSON,THUNDERSTORM WIND,0.0,0.0,0,0,161760,976668,Emergency Manager
2021-07-31 21:53:00,2021-07-31 21:53:00,MAURY,THUNDERSTORM WIND,2000.0,0.0,0,0,161687,976574,Social Media
2021-07-31 22:04:00,2021-07-31 22:04:00,WILLIAMSON,THUNDERSTORM WIND,5000.0,0.0,0,0,161687,976576,Social Media
2021-07-31 22:11:00,2021-07-31 22:16:00,HENDERSON,THUNDERSTORM WIND,0.0,0.0,0,0,161760,976669,Social Media
2021-07-31 22:33:00,2021-07-31 22:33:00,PERRY,THUNDERSTORM WIND,5000.0,0.0,0,0,161687,976581,911 Call Center
2021-07-31 22:35:00,2021-07-31 22:35:00,BEDFORD,THUNDERSTORM WIND,1000.0,0.0,0,0,161687,976579,Social Media
2021-07-31 22:37:00,2021-07-31 22:37:00,DAVIDSON,FLASH FLOOD,0.0,0.0,0,0,161687,976578,Social Media
2021-07-31 22:50:00,2021-07-31 22:50:00,DAVIDSON,FLASH FLOOD,0.0,0.0,0,0,161687,976583,Law Enforcement
2021-07-31 22:58:00,2021-07-31 22:58:00,COFFEE,THUNDERSTORM WIND,1000.0,0.0,0,0,161687,976582,Social Media
2021-07-31 22:58:00,2021-07-31 22:58:00,LINCOLN,THUNDERSTORM WIND,10000.0,0.0,0,0,162123,978838,Law Enforcement
2021-07-31 23:12:00,2021-07-31 23:12:00,LINCOLN,THUNDERSTORM WIND,1000.0,0.0,0,0,162123,978836,Public
2021-07-31 23:21:00,2021-07-31 23:21:00,FRANKLIN,THUNDERSTORM WIND,1000.0,0.0,0,0,162123,978837,Law Enforcement
2021-08-01 01:40:00,2021-08-01 01:40:00,MONROE,THUNDERSTORM WIND,0.0,0.0,0,0,160658,970640,911 Call Center
2021-08-07 11:20:00,2021-08-07 11:20:00,JEFFERSON,THUNDERSTORM WIND,0.0,0.0,0,0,160659,970642,Public
2021-08-07 11:20:00,2021-08-07 11:20:00,KNOX,THUNDERSTORM WIND,0.0,0.0,0,0,160659,970641,Public
2021-08-07 11:30:00,2021-08-07 11:30:00,KNOX,THUNDERSTORM WIND,0.0,0.0,0,0,160659,970643,Public
2021-08-07 13:30:00,2021-08-07 13:30:00,WASHINGTON,HAIL,0.0,0.0,0,0,160659,970644,Public
2021-08-07 14:57:00,2021-08-07 14:57:00,SEVIER,THUNDERSTORM WIND,0.0,0.0,0,0,160659,970645,Public
2021-08-07 15:17:00,2021-08-07 15:17:00,SEVIER,THUNDERSTORM WIND,0.0,0.0,0,0,160659,970646,Public
2021-08-07 15:35:00,2021-08-07 15:35:00,COCKE,HAIL,0.0,0.0,0,0,160659,970647,Trained Spotter
2021-08-09 11:00:00,2021-08-12 19:00:00,BENTON,HEAT,0.0,0.0,0,0,162357,980225,AWOS
2021-08-09 11:00:00,2021-08-12 19:00:00,CARROLL,HEAT,0.0,0.0,0,0,162357,980224,ASOS
2021-08-09 11:00:00,2021-08-12 19:00:00,CARROLL,HEAT,0.0,0.0,0,0,162357,980230,ASOS
2021-08-09 11:00:00,2021-08-12 19:00:00,CHESTER,HEAT,0.0,0.0,0,0,162357,980234,ASOS
2021-08-09 11:00:00,2021-08-12 19:00:00,CROCKETT,HEAT,0.0,0.0,0,0,162357,980227,AWOS
2021-08-09 11:00:00,2021-08-12 19:00:00,DECATUR,HEAT,0.0,0.0,0,0,162357,980231,AWOS
2021-08-09 11:00:00,2021-08-12 19:00:00,DYER,HEAT,0.0,0.0,0,0,162357,980222,AWOS
2021-08-09 11:00:00,2021-08-12 19:00:00,FAYETTE,HEAT,0.0,0.0,0,0,162357,980236,ASOS
2021-08-09 11:00:00,2021-08-12 19:00:00,GIBSON,HEAT,0.0,0.0,0,0,162357,980223,ASOS
2021-08-09 11:00:00,2021-08-12 19:00:00,HARDEMAN,HEAT,0.0,0.0,0,0,162357,980237,AWOS
2021-08-09 11:00:00,2021-08-12 19:00:00,HARDIN,HEAT,0.0,0.0,0,0,162357,980239,AWOS
2021-08-09 11:00:00,2021-08-12 19:00:00,HAYWOOD,HEAT,0.0,0.0,0,0,162357,980228,ASOS
2021-08-09 11:00:00,2021-08-12 19:00:00,HENRY,HEAT,0.0,0.0,0,0,162357,980221,AWOS
2021-08-09 11:00:00,2021-08-12 19:00:00,LAKE,HEAT,0.0,0.0,0,0,162357,980218,AWOS
2021-08-09 11:00:00,2021-08-12 19:00:00,LAUDERDALE,HEAT,0.0,0.0,0,0,162357,980226,AWOS
2021-08-09 11:00:00,2021-08-12 19:00:00,MADISON,HEAT,0.0,0.0,0,0,162357,980229,ASOS
2021-08-09 11:00:00,2021-08-12 19:00:00,MCNAIRY,HEAT,0.0,0.0,0,0,162357,980238,AWOS
2021-08-09 11:00:00,2021-08-12 19:00:00,OBION,HEAT,0.0,0.0,0,0,162357,980219,AWOS
2021-08-09 11:00:00,2021-08-12 19:00:00,SHELBY,HEAT,0.0,0.0,0,0,162357,980235,ASOS
2021-08-09 11:00:00,2021-08-12 19:00:00,TIPTON,HEAT,0.0,0.0,0,0,162357,980233,AWOS
2021-08-09 11:00:00,2021-08-12 19:00:00,WEAKLEY,HEAT,0.0,0.0,0,0,162357,980220,AWOS
2021-08-09 17:00:00,2021-08-09 17:00:00,CUMBERLAND,THUNDERSTORM WIND,15000.0,0.0,0,0,162112,982133,Broadcast Media
2021-08-09 17:01:00,2021-08-09 17:01:00,SMITH,HAIL,0.0,0.0,0,0,162112,978802,Social Media
2021-08-09 17:05:00,2021-08-09 17:05:00,MORGAN,THUNDERSTORM WIND,0.0,0.0,0,0,160724,970782,911 Call Center
2021-08-10 15:40:00,2021-08-10 15:40:00,ROANE,THUNDERSTORM WIND,0.0,0.0,0,0,160726,970784,911 Call Center
2021-08-10 15:55:00,2021-08-10 15:55:00,MCMINN,THUNDERSTORM WIND,0.0,0.0,0,0,160726,970785,Law Enforcement
2021-08-10 16:25:00,2021-08-10 16:25:00,MONROE,THUNDERSTORM WIND,0.0,0.0,0,0,160726,970786,911 Call Center
2021-08-10 16:55:00,2021-08-10 16:55:00,MONROE,THUNDERSTORM WIND,0.0,0.0,0,0,160726,970787,911 Call Center
2021-08-10 17:33:00,2021-08-10 17:33:00,HAMILTON,THUNDERSTORM WIND,0.0,0.0,0,0,160726,970788,State Official
2021-08-11 15:15:00,2021-08-11 15:15:00,HAMBLEN,THUNDERSTORM WIND,0.0,0.0,0,0,160728,970793,Broadcast Media
2021-08-11 15:55:00,2021-08-11 15:55:00,BRADLEY,THUNDERSTORM WIND,0.0,0.0,0,0,160728,970796,911 Call Center
2021-08-11 16:50:00,2021-08-11 16:50:00,POLK,THUNDERSTORM WIND,0.0,0.0,0,0,160728,970797,911 Call Center
2021-08-11 17:15:00,2021-08-11 17:15:00,POLK,THUNDERSTORM WIND,0.0,0.0,0,0,160728,970798,Trained Spotter
2021-08-11 17:33:00,2021-08-11 17:33:00,SEVIER,THUNDERSTORM WIND,0.0,0.0,0,0,160728,970799,911 Call Center
2021-08-11 18:00:00,2021-08-11 18:00:00,WASHINGTON,THUNDERSTORM WIND,0.0,0.0,0,0,160728,970800,Broadcast Media
2021-08-11 18:10:00,2021-08-11 18:10:00,WASHINGTON,THUNDERSTORM WIND,0.0,0.0,0,0,160728,970801,911 Call Center
2021-08-11 18:16:00,2021-08-11 18:16:00,BEDFORD,HAIL,0.0,0.0,0,0,162113,978803,Social Media
2021-08-13 12:08:00,2021-08-13 12:08:00,RUTHERFORD,THUNDERSTORM WIND,5000.0,0.0,0,0,162114,978816,Emergency Manager
2021-08-13 12:10:00,2021-08-13 12:10:00,RUTHERFORD,THUNDERSTORM WIND,1000.0,0.0,0,0,162114,978817,Social Media
2021-08-13 12:10:00,2021-08-13 12:10:00,RUTHERFORD,THUNDERSTORM WIND,2000.0,0.0,0,0,162114,978818,Trained Spotter
2021-08-13 12:29:00,2021-08-13 12:30:00,WILLIAMSON,THUNDERSTORM WIND,20000.0,0.0,0,0,162114,978819,Social Media
2021-08-13 14:00:00,2021-08-13 14:00:00,DICKSON,THUNDERSTORM WIND,2000.0,0.0,0,0,162114,978820,Emergency Manager
2021-08-13 14:55:00,2021-08-13 17:00:00,SHELBY,FLASH FLOOD,20000.0,0.0,0,0,162037,978297,Public
2021-08-13 19:24:00,2021-08-13 19:24:00,SEVIER,THUNDERSTORM WIND,0.0,0.0,0,0,160730,970803,Public
2021-08-13 19:46:00,2021-08-13 19:46:00,COCKE,THUNDERSTORM WIND,0.0,0.0,0,0,160730,970804,Law Enforcement
2021-08-13 20:48:00,2021-08-13 20:48:00,HAWKINS,THUNDERSTORM WIND,0.0,0.0,0,0,160730,970805,Law Enforcement
2021-08-14 18:00:00,2021-08-14 18:00:00,CLAIBORNE,THUNDERSTORM WIND,0.0,0.0,0,0,160732,970809,911 Call Center
2021-08-14 18:50:00,2021-08-14 18:50:00,HAWKINS,THUNDERSTORM WIND,0.0,0.0,0,0,160732,970810,Trained Spotter
2021-08-14 19:11:00,2021-08-14 19:11:00,KNOX,THUNDERSTORM WIND,0.0,0.0,0,0,160732,970811,Law Enforcement
2021-08-14 19:15:00,2021-08-14 19:45:00,KNOX,THUNDERSTORM WIND,0.0,0.0,0,0,160732,970812,911 Call Center
2021-08-14 19:51:00,2021-08-14 20:07:00,KNOX,THUNDERSTORM WIND,0.0,0.0,0,0,160732,970813,911 Call Center
2021-08-14 20:14:00,2021-08-14 21:30:00,MONROE,FLASH FLOOD,0.0,0.0,0,0,160732,983680,911 Call Center
2021-08-14 20:31:00,2021-08-14 21:45:00,KNOX,FLASH FLOOD,0.0,0.0,0,0,160732,983682,911 Call Center
2021-08-15 15:30:00,2021-08-15 15:30:00,KNOX,THUNDERSTORM WIND,0.0,0.0,0,0,160735,970822,Broadcast Media
2021-08-15 23:50:00,2021-08-16 01:00:00,BRADLEY,FLASH FLOOD,0.0,0.0,0,0,160735,983699,Trained Spotter
2021-08-18 06:47:00,2021-08-18 06:47:00,LINCOLN,THUNDERSTORM WIND,500.0,0.0,0,0,159989,978835,Law Enforcement
2021-08-18 10:37:00,2021-08-18 10:37:00,DAVIDSON,LIGHTNING,0.0,0.0,0,2,162115,978821,Broadcast Media
2021-08-18 14:01:00,2021-08-18 14:01:00,DAVIDSON,FLASH FLOOD,0.0,0.0,0,0,162115,978822,Social Media
2021-08-18 14:01:00,2021-08-18 14:04:00,DAVIDSON,FLASH FLOOD,0.0,0.0,0,0,162115,978823,911 Call Center
2021-08-18 19:58:00,2021-08-18 19:58:00,CANNON,FLASH FLOOD,0.0,0.0,0,0,162115,978824,Emergency Manager
2021-08-19 17:30:00,2021-08-19 19:00:00,SHELBY,FLASH FLOOD,0.0,0.0,0,0,162094,978675,Social Media
2021-08-20 06:00:00,2021-08-20 08:00:00,CARTER,FLASH FLOOD,0.0,0.0,0,0,162902,983700,911 Call Center
2021-08-20 06:00:00,2021-08-20 08:00:00,CARTER,FLASH FLOOD,0.0,0.0,0,0,162902,983701,Broadcast Media
2021-08-21 00:00:00,2021-08-21 19:00:00,HUMPHREYS,HEAVY RAIN,0.0,0.0,0,0,162118,982532,County Official
2021-08-21 04:12:00,2021-08-21 04:12:00,DICKSON,FLASH FLOOD,0.0,0.0,0,0,162118,982168,911 Call Center
2021-08-21 06:00:00,2021-08-21 06:00:00,DICKSON,FLASH FLOOD,0.0,0.0,0,0,162118,982169,Social Media
2021-08-21 06:40:00,2021-08-21 06:40:00,DICKSON,FLASH FLOOD,0.0,0.0,0,0,162118,982170,Social Media
2021-08-21 06:50:00,2021-08-21 06:50:00,HICKMAN,FLASH FLOOD,0.0,0.0,0,0,162118,982171,Social Media
2021-08-21 07:00:00,2021-08-21 07:00:00,DICKSON,FLASH FLOOD,401610.0,0.0,0,0,162118,982172,Emergency Manager
2021-08-21 07:00:00,2021-08-21 07:00:00,HICKMAN,FLASH FLOOD,0.0,0.0,0,0,162118,982173,Emergency Manager
2021-08-21 07:00:00,2021-08-21 07:00:00,HICKMAN,HEAVY RAIN,0.0,0.0,0,0,162118,982177,CoCoRaHS
2021-08-21 07:00:00,2021-08-21 07:00:00,STEWART,FLASH FLOOD,20000.0,0.0,0,0,162118,982175,Emergency Manager
2021-08-21 07:03:00,2021-08-21 07:03:00,DICKSON,FLASH FLOOD,0.0,0.0,0,0,162118,982179,Social Media
2021-08-21 07:05:00,2021-08-21 07:05:00,HUMPHREYS,FLASH FLOOD,0.0,0.0,0,0,162118,982181,Emergency Manager
2021-08-21 07:09:00,2021-08-21 07:09:00,DICKSON,FLASH FLOOD,0.0,0.0,0,0,162118,982183,Social Media
2021-08-21 07:11:00,2021-08-21 07:11:00,DICKSON,FLASH FLOOD,0.0,0.0,0,0,162118,982520,Social Media
2021-08-21 07:34:00,2021-08-21 07:34:00,DICKSON,FLASH FLOOD,0.0,0.0,0,0,162118,982521,Social Media
2021-08-21 07:50:00,2021-08-21 07:50:00,HOUSTON,FLASH FLOOD,612990.0,0.0,0,0,162118,982522,Emergency Manager
2021-08-21 08:00:00,2021-08-21 08:00:00,HICKMAN,FLASH FLOOD,0.0,0.0,0,0,162118,982531,Social Media
2021-08-21 08:00:00,2021-08-21 08:00:00,HICKMAN,FLASH FLOOD,0.0,0.0,0,0,162118,982534,CoCoRaHS
2021-08-21 08:06:00,2021-08-21 08:06:00,DICKSON,FLASH FLOOD,0.0,0.0,0,0,162118,982523,Social Media
2021-08-21 08:09:00,2021-08-21 08:09:00,DICKSON,FLASH FLOOD,0.0,0.0,0,0,162118,982524,Social Media
2021-08-21 09:00:00,2021-08-21 09:00:00,HUMPHREYS,FLASH FLOOD,100000000.0,0.0,19,0,162118,982536,Emergency Manager
2021-08-21 09:00:00,2021-08-21 09:00:00,HUMPHREYS,FLASH FLOOD,0.0,0.0,1,0,162118,982537,Broadcast Media
2021-08-21 09:00:00,2021-08-21 09:00:00,HUMPHREYS,FLASH FLOOD,0.0,0.0,0,0,162118,982538,Broadcast Media
2021-08-21 10:45:00,2021-08-21 10:45:00,HICKMAN,FLASH FLOOD,0.0,0.0,0,0,162118,982535,River/Stream Gage
2021-08-21 16:58:00,2021-08-21 16:59:00,DICKSON,TORNADO,5000.0,0.0,0,0,162118,1023248,NWS Storm Survey
2021-08-21 18:52:00,2021-08-21 18:52:00,MAURY,FLASH FLOOD,0.0,0.0,0,0,162118,982525,Emergency Manager
2021-08-21 19:00:00,2021-08-21 19:00:00,DICKSON,HEAVY RAIN,0.0,0.0,0,0,162118,982530,COOP Observer
2021-08-21 19:28:00,2021-08-21 19:28:00,MAURY,FLASH FLOOD,0.0,0.0,0,0,162118,982527,Emergency Manager
2021-08-21 20:05:00,2021-08-21 20:05:00,MAURY,FLASH FLOOD,0.0,0.0,0,0,162118,982528,Emergency Manager
2021-08-21 20:05:00,2021-08-21 20:05:00,MAURY,FLASH FLOOD,0.0,0.0,0,0,162118,982529,Emergency Manager
2021-08-23 11:00:00,2021-08-26 19:00:00,SHELBY,HEAT,0.0,0.0,0,0,162364,980313,ASOS
2021-08-24 11:00:00,2021-08-26 19:00:00,CROCKETT,HEAT,0.0,0.0,0,0,162364,980319,ASOS
2021-08-24 11:00:00,2021-08-26 19:00:00,DYER,HEAT,0.0,0.0,0,0,162364,980320,ASOS
2021-08-24 11:00:00,2021-08-26 19:00:00,FAYETTE,HEAT,0.0,0.0,0,0,162364,980315,ASOS
2021-08-24 11:00:00,2021-08-26 19:00:00,GIBSON,HEAT,0.0,0.0,0,0,162364,980321,ASOS
2021-08-24 11:00:00,2021-08-26 19:00:00,HAYWOOD,HEAT,0.0,0.0,0,0,162364,980317,ASOS
2021-08-24 11:00:00,2021-08-26 19:00:00,LAKE,HEAT,0.0,0.0,0,0,162364,980324,ASOS
2021-08-24 11:00:00,2021-08-26 19:00:00,LAUDERDALE,HEAT,0.0,0.0,0,0,162364,980318,ASOS
2021-08-24 11:00:00,2021-08-26 19:00:00,OBION,HEAT,0.0,0.0,0,0,162364,980323,ASOS
2021-08-24 11:00:00,2021-08-26 19:00:00,TIPTON,HEAT,0.0,0.0,0,0,162364,980316,ASOS
2021-08-24 11:00:00,2021-08-26 19:00:00,WEAKLEY,HEAT,0.0,0.0,0,0,162364,980322,ASOS
2021-08-25 15:25:00,2021-08-25 15:45:00,KNOX,THUNDERSTORM WIND,0.0,0.0,0,0,160736,970825,911 Call Center
2021-08-25 15:55:00,2021-08-25 17:15:00,KNOX,FLASH FLOOD,0.0,0.0,0,0,160736,983693,Broadcast Media
2021-08-25 16:15:00,2021-08-25 17:30:00,KNOX,FLASH FLOOD,0.0,0.0,0,0,160736,983696,Broadcast Media
2021-08-26 11:00:00,2021-08-26 19:00:00,BENTON,HEAT,0.0,0.0,0,0,162364,980335,ASOS
2021-08-26 11:00:00,2021-08-26 19:00:00,CARROLL,HEAT,0.0,0.0,0,0,162364,980334,ASOS
2021-08-26 11:00:00,2021-08-26 19:00:00,CHESTER,HEAT,0.0,0.0,0,0,162364,980328,ASOS
2021-08-26 11:00:00,2021-08-26 19:00:00,DECATUR,HEAT,0.0,0.0,0,0,162364,980333,ASOS
2021-08-26 11:00:00,2021-08-26 19:00:00,HARDEMAN,HEAT,0.0,0.0,0,0,162364,980327,ASOS
2021-08-26 11:00:00,2021-08-26 19:00:00,HARDIN,HEAT,0.0,0.0,0,0,162364,980330,ASOS
2021-08-26 11:00:00,2021-08-26 19:00:00,HENDERSON,HEAT,0.0,0.0,0,0,162364,980332,ASOS
2021-08-26 11:00:00,2021-08-26 19:00:00,HENRY,HEAT,0.0,0.0,0,0,162364,980336,ASOS
2021-08-26 11:00:00,2021-08-26 19:00:00,MADISON,HEAT,0.0,0.0,0,0,162364,980331,ASOS
2021-08-26 11:00:00,2021-08-26 19:00:00,MCNAIRY,HEAT,0.0,0.0,0,0,162364,980329,ASOS
2021-08-26 17:13:00,2021-08-26 17:13:00,ROBERTSON,THUNDERSTORM WIND,2000.0,0.0,0,0,162116,978804,Fire Department/Rescue
2021-08-26 18:10:00,2021-08-26 18:10:00,DAVIDSON,THUNDERSTORM WIND,2000.0,0.0,0,0,162116,978805,Social Media
2021-08-30 15:30:00,2021-08-30 15:30:00,FENTRESS,FLOOD,0.0,0.0,0,0,162117,978808,Broadcast Media
2021-08-30 16:01:00,2021-08-30 16:38:00,DAVIDSON,FLOOD,0.0,0.0,0,0,162117,978810,Social Media
2021-08-30 16:38:00,2021-08-30 16:38:00,DAVIDSON,HEAVY RAIN,0.0,0.0,0,0,162117,978815,Social Media
2021-08-30 17:41:00,2021-08-30 19:00:00,BRADLEY,FLASH FLOOD,0.0,0.0,0,0,162903,983702,Law Enforcement
2021-08-31 02:10:00,2021-08-31 04:10:00,MCNAIRY,STRONG WIND,0.0,0.0,0,0,162338,980096,Fire Department/Rescue
2021-08-31 15:50:00,2021-08-31 17:00:00,RHEA,FLOOD,0.0,0.0,0,0,160737,983685,Public
2021-08-31 15:50:00,2021-08-31 15:50:00,RHEA,THUNDERSTORM WIND,0.0,0.0,0,0,160737,970826,Public
2021-08-31 16:00:00,2021-08-31 19:00:00,MONROE,FLOOD,0.0,0.0,0,0,160737,983691,River/Stream Gage
2021-08-31 17:51:00,2021-08-31 19:00:00,KNOX,FLASH FLOOD,0.0,0.0,0,0,160737,983684,Public
2021-09-14 10:00:00,2021-09-14 10:00:00,LAWRENCE,FUNNEL CLOUD,0.0,0.0,0,0,163320,985944,Broadcast Media
2021-09-15 08:35:00,2021-09-15 08:35:00,PERRY,FLASH FLOOD,0.0,0.0,0,0,163321,985945,Social Media
2021-09-17 21:20:00,2021-09-17 21:20:00,PERRY,FLOOD,0.0,0.0,0,0,163322,985946,Broadcast Media
2021-09-18 09:59:00,2021-09-18 09:59:00,PUTNAM,FLOOD,5000.0,0.0,0,0,163323,986500,Emergency Manager
2021-09-18 10:03:00,2021-09-18 10:03:00,DAVIDSON,FLASH FLOOD,0.0,0.0,0,0,163323,986501,Social Media
2021-09-18 10:13:00,2021-09-18 10:13:00,PUTNAM,FLOOD,0.0,0.0,0,0,163323,986904,Social Media
2021-09-18 10:13:00,2021-09-18 10:13:00,PUTNAM,FLOOD,0.0,0.0,0,0,163323,986502,Social Media
2021-09-18 10:25:00,2021-09-18 10:25:00,DAVIDSON,FLASH FLOOD,0.0,0.0,0,0,163323,986905,River/Stream Gage
2021-09-18 10:25:00,2021-09-18 10:25:00,DAVIDSON,FLASH FLOOD,0.0,0.0,0,0,163323,986503,Social Media
2021-09-18 10:51:00,2021-09-18 10:51:00,DAVIDSON,FLASH FLOOD,0.0,0.0,0,0,163323,986505,Social Media
2021-09-18 13:05:00,2021-09-18 13:05:00,BEDFORD,FLASH FLOOD,15000.0,0.0,0,0,163323,986506,Social Media
2021-09-18 13:12:00,2021-09-18 15:00:00,BLEDSOE,FLASH FLOOD,0.0,0.0,0,0,163567,987539,Emergency Manager
2021-09-18 13:42:00,2021-09-18 13:42:00,COFFEE,FLASH FLOOD,0.0,0.0,0,0,163323,986507,Social Media
2021-09-18 16:12:00,2021-09-18 18:00:00,SEQUATCHIE,FLASH FLOOD,0.0,0.0,0,0,163567,987544,Emergency Manager
2021-09-18 17:45:00,2021-09-18 19:00:00,SEQUATCHIE,FLASH FLOOD,0.0,0.0,0,0,163567,987546,911 Call Center
2021-09-19 12:45:00,2021-09-19 18:00:00,FRANKLIN,FLASH FLOOD,0.0,0.0,0,0,163529,987257,Emergency Manager
2021-09-19 12:45:00,2021-09-19 18:00:00,FRANKLIN,FLASH FLOOD,0.0,0.0,0,0,163529,987258,Emergency Manager
2021-09-19 12:45:00,2021-09-19 18:00:00,FRANKLIN,FLASH FLOOD,0.0,0.0,0,0,163529,987263,Emergency Manager
2021-09-19 12:45:00,2021-09-19 18:00:00,FRANKLIN,FLASH FLOOD,0.0,0.0,0,0,163529,987264,Emergency Manager
2021-09-19 12:45:00,2021-09-19 18:00:00,LINCOLN,FLASH FLOOD,0.0,0.0,0,0,163529,987265,Emergency Manager
2021-09-19 12:45:00,2021-09-19 18:00:00,LINCOLN,FLASH FLOOD,0.0,0.0,0,0,163529,987267,Emergency Manager
2021-09-19 12:45:00,2021-09-19 18:00:00,LINCOLN,FLASH FLOOD,0.0,0.0,0,0,163529,987270,Emergency Manager
2021-09-19 12:45:00,2021-09-19 18:00:00,LINCOLN,FLASH FLOOD,0.0,0.0,0,0,163529,987272,Emergency Manager
2021-09-19 12:45:00,2021-09-19 18:00:00,LINCOLN,FLASH FLOOD,0.0,0.0,0,0,163529,987273,Emergency Manager
2021-09-19 12:45:00,2021-09-19 18:00:00,LINCOLN,FLASH FLOOD,0.0,0.0,0,0,163529,987274,Emergency Manager
2021-09-19 13:06:00,2021-09-19 19:00:00,LINCOLN,FLASH FLOOD,0.0,0.0,0,0,163529,987276,Emergency Manager
2021-09-19 15:45:00,2021-09-19 21:00:00,LINCOLN,FLASH FLOOD,0.0,0.0,0,0,163529,987278,Emergency Manager
2021-09-19 19:10:00,2021-09-19 20:30:00,HAMILTON,FLASH FLOOD,0.0,0.0,0,0,163567,987550,Broadcast Media
2021-09-20 09:04:00,2021-09-20 09:04:00,HICKMAN,FLASH FLOOD,0.0,0.0,0,0,163324,986508,Social Media
2021-09-20 09:28:00,2021-09-20 09:28:00,MAURY,FLASH FLOOD,0.0,0.0,0,0,163324,986509,Emergency Manager
2021-09-20 10:16:00,2021-09-20 10:16:00,HICKMAN,FLASH FLOOD,0.0,0.0,0,0,163324,986510,Emergency Manager
2021-09-20 11:00:00,2021-09-20 11:00:00,BEDFORD,FLOOD,0.0,0.0,0,0,163324,986512,Social Media
2021-09-20 12:45:00,2021-09-20 18:00:00,LINCOLN,FLASH FLOOD,0.0,0.0,0,0,163529,987279,Emergency Manager
2021-09-20 14:23:00,2021-09-20 14:23:00,HICKMAN,FLASH FLOOD,0.0,0.0,0,0,163324,986522,Social Media
2021-09-20 15:27:00,2021-09-20 15:27:00,MAURY,FLASH FLOOD,0.0,0.0,0,0,163324,986513,Social Media
2021-09-20 15:30:00,2021-09-20 15:30:00,MAURY,FLASH FLOOD,0.0,0.0,0,0,163324,986515,Emergency Manager
2021-09-20 15:30:00,2021-09-20 15:30:00,MAURY,FLASH FLOOD,0.0,0.0,0,0,163324,986516,Emergency Manager
2021-09-20 18:05:00,2021-09-20 18:05:00,LAWRENCE,FLASH FLOOD,0.0,0.0,0,0,163324,986517,Social Media
2021-09-20 18:25:00,2021-09-20 18:25:00,LAWRENCE,FLASH FLOOD,0.0,0.0,0,0,163324,986518,Emergency Manager
2021-09-20 18:25:00,2021-09-20 18:25:00,MAURY,FLASH FLOOD,0.0,0.0,0,0,163324,986519,Social Media
2021-09-20 18:30:00,2021-09-20 18:30:00,MAURY,FLASH FLOOD,10000.0,0.0,0,0,163324,986520,Emergency Manager
2021-09-20 19:20:00,2021-09-20 19:20:00,LAWRENCE,FLASH FLOOD,0.0,0.0,0,0,163324,986521,Social Media
2021-09-21 20:45:00,2021-09-21 20:45:00,DAVIDSON,FLASH FLOOD,0.0,0.0,0,0,163325,985943,Broadcast Media
2021-10-03 15:36:00,2021-10-03 15:52:00,WILSON,TORNADO,5000.0,0.0,0,0,163997,990063,Broadcast Media
2021-10-05 18:12:00,2021-10-05 18:12:00,LAWRENCE,FLOOD,0.0,0.0,0,0,163998,990065,Emergency Manager
2021-10-05 18:26:00,2021-10-05 18:26:00,LAWRENCE,FLOOD,0.0,0.0,0,0,163998,990069,Emergency Manager
2021-10-05 20:16:00,2021-10-05 20:16:00,LAWRENCE,FLASH FLOOD,0.0,0.0,0,0,163998,990071,Social Media
2021-10-05 20:18:00,2021-10-05 20:18:00,LAWRENCE,FLASH FLOOD,0.0,0.0,0,0,163998,990073,Social Media
2021-10-05 21:11:00,2021-10-05 21:11:00,LAWRENCE,HEAVY RAIN,0.0,0.0,0,0,163998,990075,CoCoRaHS
2021-10-06 15:24:00,2021-10-06 15:24:00,VAN BUREN,FLASH FLOOD,0.0,0.0,0,0,163999,990093,Broadcast Media
2021-10-06 15:26:00,2021-10-06 15:26:00,OVERTON,FLOOD,0.0,0.0,0,0,163999,990094,Emergency Manager
2021-10-06 15:40:00,2021-10-06 15:40:00,VAN BUREN,FLASH FLOOD,5000.0,0.0,1,1,163999,990176,Emergency Manager
2021-10-06 15:42:00,2021-10-06 15:42:00,VAN BUREN,FLASH FLOOD,0.0,0.0,0,0,163999,990177,911 Call Center
2021-10-06 16:45:00,2021-10-06 16:45:00,CUMBERLAND,THUNDERSTORM WIND,3000.0,0.0,0,0,163999,990078,Emergency Manager
2021-10-06 16:59:00,2021-10-06 17:03:00,CUMBERLAND,TORNADO,25000.0,0.0,0,0,163999,990081,Emergency Manager
2021-10-06 17:10:00,2021-10-06 17:10:00,WHITE,FLOOD,0.0,0.0,0,0,163999,990096,Social Media
2021-10-06 17:20:00,2021-10-06 17:20:00,CUMBERLAND,THUNDERSTORM WIND,3000.0,0.0,0,0,163999,990083,Trained Spotter
2021-10-06 17:20:00,2021-10-06 19:15:00,SEQUATCHIE,FLASH FLOOD,0.0,0.0,0,0,163568,987562,911 Call Center
2021-10-06 17:53:00,2021-10-06 17:53:00,HICKMAN,THUNDERSTORM WIND,3000.0,0.0,0,0,163999,990084,Emergency Manager
2021-10-06 18:05:00,2021-10-06 18:05:00,HICKMAN,THUNDERSTORM WIND,3000.0,0.0,0,0,163999,990086,Broadcast Media
2021-10-06 18:23:00,2021-10-06 18:23:00,DICKSON,HAIL,0.0,0.0,0,0,163999,990087,Social Media
2021-10-06 18:25:00,2021-10-06 18:25:00,DICKSON,HAIL,0.0,0.0,0,0,163999,990089,Social Media
2021-10-06 19:10:00,2021-10-06 19:10:00,GILES,FLOOD,0.0,0.0,0,0,163999,990099,911 Call Center
2021-10-06 19:44:00,2021-10-06 19:44:00,CUMBERLAND,FLOOD,10000.0,0.0,0,0,163999,990100,911 Call Center
2021-10-06 19:49:00,2021-10-06 19:49:00,FENTRESS,FLASH FLOOD,5000.0,0.0,0,0,163999,990102,911 Call Center
2021-10-06 20:00:00,2021-10-06 20:00:00,CUMBERLAND,HEAVY RAIN,0.0,0.0,0,0,163999,990090,Trained Spotter
2021-10-06 20:05:00,2021-10-06 20:05:00,OVERTON,FLASH FLOOD,0.0,0.0,0,0,163999,990104,Emergency Manager
2021-10-06 20:14:00,2021-10-06 20:14:00,CUMBERLAND,FLASH FLOOD,0.0,0.0,0,0,163999,990106,Trained Spotter
2021-10-06 20:15:00,2021-10-06 20:15:00,CUMBERLAND,FLASH FLOOD,20000.0,0.0,0,0,163999,990108,Emergency Manager
2021-10-06 20:40:00,2021-10-06 20:40:00,HUMPHREYS,FLASH FLOOD,5000.0,0.0,0,0,163999,990110,Social Media
2021-10-06 20:45:00,2021-10-06 20:45:00,WHITE,HEAVY RAIN,0.0,0.0,0,0,163999,990091,Social Media
2021-10-06 20:48:00,2021-10-06 20:48:00,HUMPHREYS,FLASH FLOOD,0.0,0.0,0,0,163999,990182,Emergency Manager
2021-10-06 20:59:00,2021-10-06 20:59:00,HUMPHREYS,FLASH FLOOD,0.0,0.0,0,0,163999,990112,Trained Spotter
2021-10-06 21:30:00,2021-10-06 21:30:00,BEDFORD,FLASH FLOOD,0.0,0.0,0,0,163999,990178,Newspaper
2021-10-06 22:45:00,2021-10-06 22:45:00,PERRY,FLASH FLOOD,0.0,0.0,0,0,163999,990180,911 Call Center
2021-10-06 23:15:00,2021-10-06 23:15:00,RUTHERFORD,FLOOD,0.0,0.0,0,0,163999,990181,911 Call Center
2021-10-11 09:00:00,2021-10-11 12:00:00,HENDERSON,STRONG WIND,500.0,0.0,0,0,163669,988308,Trained Spotter
2021-10-11 12:00:00,2021-10-11 18:00:00,CROCKETT,STRONG WIND,50000.0,0.0,0,0,163669,988694,Emergency Manager
2021-10-28 13:00:00,2021-10-28 13:00:00,BLOUNT/SMOKY MOUNTAINS,HIGH WIND,0.0,0.0,0,0,162839,983450,Mesonet
2021-11-05 00:00:00,2021-11-05 07:00:00,FRANKLIN,FROST/FREEZE,0.0,0.0,0,0,163046,985409,COOP Observer
2021-11-05 00:00:00,2021-11-05 07:00:00,LINCOLN,FROST/FREEZE,0.0,0.0,0,0,163046,985408,COOP Observer
2021-11-05 00:00:00,2021-11-05 07:00:00,MOORE,FROST/FREEZE,0.0,0.0,0,0,163046,985407,COOP Observer
2021-11-06 00:00:00,2021-11-06 08:00:00,FRANKLIN,FROST/FREEZE,0.0,0.0,0,0,163047,985410,COOP Observer
2021-11-06 00:00:00,2021-11-06 08:00:00,LINCOLN,FROST/FREEZE,0.0,0.0,0,0,163047,985411,COOP Observer
2021-11-06 00:00:00,2021-11-06 08:00:00,MOORE,FROST/FREEZE,0.0,0.0,0,0,163047,985412,COOP Observer
2021-11-07 02:00:00,2021-11-07 08:00:00,FRANKLIN,FROST/FREEZE,0.0,0.0,0,0,163080,985413,COOP Observer
2021-11-07 02:00:00,2021-11-07 08:00:00,LINCOLN,FROST/FREEZE,0.0,0.0,0,0,163080,985414,COOP Observer
2021-11-07 02:00:00,2021-11-07 08:00:00,MOORE,FROST/FREEZE,0.0,0.0,0,0,163080,985415,COOP Observer
2021-11-13 19:00:00,2021-11-14 08:00:00,FRANKLIN,FROST/FREEZE,0.0,0.0,0,0,163198,985393,COOP Observer
2021-11-13 19:00:00,2021-11-14 08:00:00,LINCOLN,FROST/FREEZE,0.0,0.0,0,0,163198,985394,COOP Observer
2021-11-13 19:00:00,2021-11-14 08:00:00,MOORE,FROST/FREEZE,0.0,0.0,0,0,163198,985395,COOP Observer
2021-12-05 16:04:00,2021-12-05 16:10:00,HARDEMAN,HAIL,0.0,0.0,0,0,165017,996487,Public
2021-12-05 17:14:00,2021-12-05 17:20:00,HENDERSON,HAIL,0.0,0.0,0,0,165017,996488,Public
2021-12-05 18:17:00,2021-12-05 18:17:00,PERRY,HAIL,0.0,0.0,0,0,165321,999082,Social Media
2021-12-06 03:51:00,2021-12-06 03:56:00,HENRY,THUNDERSTORM WIND,2000.0,0.0,0,0,165018,996489,911 Call Center
2021-12-06 04:05:00,2021-12-06 04:10:00,HENRY,THUNDERSTORM WIND,0.0,0.0,0,0,165018,996490,911 Call Center
2021-12-06 04:14:00,2021-12-06 04:14:00,STEWART,THUNDERSTORM WIND,5000.0,0.0,0,0,165321,999083,911 Call Center
2021-12-06 04:17:00,2021-12-06 04:17:00,STEWART,THUNDERSTORM WIND,0.0,0.0,0,0,165321,999086,911 Call Center
2021-12-06 04:17:00,2021-12-06 04:17:00,STEWART,THUNDERSTORM WIND,3000.0,0.0,0,0,165321,999084,911 Call Center
2021-12-06 04:18:00,2021-12-06 04:18:00,STEWART,THUNDERSTORM WIND,3000.0,0.0,0,0,165321,999085,Law Enforcement
2021-12-06 04:33:00,2021-12-06 04:33:00,MONTGOMERY,THUNDERSTORM WIND,10000.0,0.0,0,0,165321,999089,Emergency Manager
2021-12-06 04:35:00,2021-12-06 04:35:00,HOUSTON,THUNDERSTORM WIND,3000.0,0.0,0,0,165321,999087,911 Call Center
2021-12-06 05:00:00,2021-12-06 05:00:00,DICKSON,THUNDERSTORM WIND,5000.0,0.0,0,0,165321,999088,Amateur Radio
2021-12-06 05:10:00,2021-12-06 05:10:00,ROBERTSON,LIGHTNING,10000.0,0.0,0,0,165321,999090,Emergency Manager
2021-12-06 05:18:00,2021-12-06 05:18:00,CHEATHAM,THUNDERSTORM WIND,3000.0,0.0,0,0,165321,999284,Emergency Manager
2021-12-06 05:33:00,2021-12-06 05:33:00,SUMNER,THUNDERSTORM WIND,2000.0,0.0,0,0,165321,999285,Emergency Manager
2021-12-06 05:59:00,2021-12-06 06:05:00,TROUSDALE,TORNADO,15000.0,0.0,0,0,165321,999286,NWS Storm Survey
2021-12-06 06:19:00,2021-12-06 06:19:00,SMITH,THUNDERSTORM WIND,10000.0,0.0,0,0,165321,999305,Social Media
2021-12-06 06:34:00,2021-12-06 06:35:00,LAWRENCE,TORNADO,5000.0,0.0,0,0,165321,999287,Emergency Manager
2021-12-06 06:38:00,2021-12-06 06:38:00,LAWRENCE,THUNDERSTORM WIND,3000.0,0.0,0,0,165321,999289,Emergency Manager
2021-12-06 06:50:00,2021-12-06 06:50:00,LAWRENCE,THUNDERSTORM WIND,3000.0,0.0,0,0,165321,999290,Emergency Manager
2021-12-06 06:56:00,2021-12-06 06:59:00,OVERTON,TORNADO,15000.0,0.0,0,0,165321,999292,NWS Storm Survey
2021-12-06 07:00:00,2021-12-06 07:00:00,PUTNAM,THUNDERSTORM WIND,5000.0,0.0,0,0,165321,999293,Social Media
2021-12-06 07:04:00,2021-12-06 07:05:00,OVERTON,TORNADO,5000.0,0.0,0,0,165321,999295,NWS Storm Survey
2021-12-06 07:05:00,2021-12-06 07:07:00,PICKETT,TORNADO,20000.0,0.0,0,0,165321,999309,NWS Storm Survey
2021-12-06 07:24:00,2021-12-06 07:24:00,FENTRESS,THUNDERSTORM WIND,3000.0,0.0,0,0,165321,999306,Social Media
2021-12-06 07:24:00,2021-12-06 07:24:00,FENTRESS,THUNDERSTORM WIND,10000.0,0.0,0,0,165321,999308,NWS Storm Survey
2021-12-06 07:40:00,2021-12-06 07:43:00,BEDFORD,TORNADO,10000.0,0.0,0,0,165321,999310,NWS Storm Survey
2021-12-06 07:43:00,2021-12-06 07:44:00,MOORE,TORNADO,0.0,0.0,0,0,163650,989709,NWS Storm Survey
2021-12-06 07:44:00,2021-12-06 07:48:00,COFFEE,TORNADO,20000.0,0.0,0,0,165321,999311,NWS Storm Survey
2021-12-06 08:00:00,2021-12-06 08:00:00,SEVIER/SMOKY MOUNTAINS,HIGH WIND,0.0,0.0,0,0,164493,993073,Mesonet
2021-12-06 08:30:00,2021-12-06 08:30:00,FRANKLIN,THUNDERSTORM WIND,10000.0,0.0,0,0,163650,989710,Law Enforcement
2021-12-06 08:34:00,2021-12-06 08:34:00,FRANKLIN,THUNDERSTORM WIND,5000.0,0.0,0,0,163650,989711,Law Enforcement
2021-12-06 08:55:00,2021-12-06 08:55:00,SCOTT,THUNDERSTORM WIND,0.0,0.0,0,0,164493,993067,Law Enforcement
2021-12-06 09:04:00,2021-12-06 09:04:00,BLEDSOE,THUNDERSTORM WIND,0.0,0.0,0,0,164493,993069,Public
2021-12-06 09:27:00,2021-12-06 09:27:00,CAMPBELL,THUNDERSTORM WIND,0.0,0.0,0,0,164493,993068,Law Enforcement
2021-12-06 10:10:00,2021-12-06 10:10:00,RHEA,THUNDERSTORM WIND,0.0,0.0,0,0,164493,993070,Public
2021-12-10 20:10:00,2021-12-10 20:13:00,LAKE,TORNADO,0.0,0.0,0,0,165022,997131,NWS Storm Survey
2021-12-10 20:18:00,2021-12-10 20:30:00,LAKE,TORNADO,4500000.0,0.0,3,0,165022,997133,NWS Storm Survey
2021-12-10 20:30:00,2021-12-10 20:36:00,OBION,TORNADO,2500000.0,0.0,1,0,165022,997135,NWS Storm Survey
2021-12-10 20:36:00,2021-12-10 20:41:00,OBION,THUNDERSTORM WIND,25000.0,0.0,0,0,165022,999802,NWS Storm Survey
2021-12-10 20:39:00,2021-12-10 20:40:00,OBION,TORNADO,5000.0,0.0,0,0,165022,997124,NWS Storm Survey
2021-12-10 20:41:00,2021-12-10 20:46:00,OBION,THUNDERSTORM WIND,0.0,0.0,0,0,165022,999803,NWS Storm Survey
2021-12-10 20:41:00,2021-12-10 20:44:00,OBION,TORNADO,100000.0,0.0,0,0,165022,997126,NWS Storm Survey
2021-12-10 20:43:00,2021-12-10 20:44:00,OBION,TORNADO,5000.0,0.0,0,0,165022,997125,NWS Storm Survey
2021-12-10 20:54:00,2021-12-10 20:56:00,OBION,TORNADO,25000.0,0.0,0,0,165022,997426,NWS Storm Survey
2021-12-10 22:32:00,2021-12-10 22:38:00,DYER,TORNADO,650000.0,0.0,0,0,165022,997139,NWS Storm Survey
2021-12-10 22:38:00,2021-12-10 22:48:00,GIBSON,TORNADO,4000000.0,0.0,0,0,165022,997140,NWS Storm Survey
2021-12-10 22:48:00,2021-12-10 22:50:00,OBION,TORNADO,250000.0,0.0,0,0,165022,997142,NWS Storm Survey
2021-12-10 22:50:00,2021-12-10 22:51:00,GIBSON,TORNADO,0.0,0.0,0,0,165022,997144,NWS Storm Survey
2021-12-10 22:51:00,2021-12-10 23:18:00,WEAKLEY,TORNADO,6100000.0,0.0,0,30,165022,997421,NWS Storm Survey
2021-12-10 22:55:00,2021-12-10 23:00:00,GIBSON,HAIL,0.0,0.0,0,0,165022,996491,Trained Spotter
2021-12-10 23:18:00,2021-12-10 23:48:00,HENRY,TORNADO,4000000.0,0.0,0,0,165022,997423,NWS Storm Survey
2021-12-10 23:50:00,2021-12-11 00:11:00,STEWART,TORNADO,2000000.0,0.0,0,4,165322,999321,NWS Storm Survey
2021-12-11 00:01:00,2021-12-11 00:06:00,SHELBY,THUNDERSTORM WIND,2000.0,0.0,0,0,165022,999789,Emergency Manager
2021-12-11 00:05:00,2021-12-11 00:10:00,SHELBY,THUNDERSTORM WIND,250000.0,0.0,1,0,165022,999788,Emergency Manager
2021-12-11 00:17:00,2021-12-11 00:22:00,SHELBY,THUNDERSTORM WIND,0.0,0.0,0,0,165022,999790,Public
2021-12-11 00:24:00,2021-12-11 00:24:00,MONTGOMERY,THUNDERSTORM WIND,0.0,0.0,0,0,165322,999596,ASOS
2021-12-11 00:26:00,2021-12-11 00:31:00,SHELBY,HAIL,0.0,0.0,0,0,165022,996492,Storm Chaser
2021-12-11 00:40:00,2021-12-11 00:41:00,FAYETTE,TORNADO,0.0,0.0,0,0,165022,996823,Broadcast Media
2021-12-11 00:45:00,2021-12-11 00:50:00,SHELBY,THUNDERSTORM WIND,0.0,0.0,0,0,165022,999791,Emergency Manager
2021-12-11 00:50:00,2021-12-11 00:55:00,SHELBY,THUNDERSTORM WIND,0.0,0.0,0,0,165022,999792,NWS Employee
2021-12-11 01:20:00,2021-12-11 01:25:00,MADISON,THUNDERSTORM WIND,3000.0,0.0,0,0,165022,999794,Public
2021-12-11 01:30:00,2021-12-11 03:30:00,SHELBY,FLASH FLOOD,0.0,0.0,0,0,165022,996493,Emergency Manager
2021-12-11 01:32:00,2021-12-11 01:36:00,MADISON,TORNADO,550000.0,0.0,0,0,165022,996797,NWS Storm Survey
2021-12-11 01:36:00,2021-12-11 01:40:00,HENDERSON,TORNADO,150000.0,0.0,0,0,165022,996800,NWS Storm Survey
2021-12-11 01:40:00,2021-12-11 01:58:00,HENDERSON,TORNADO,4000000.0,0.0,0,1,165022,996803,NWS Storm Survey
2021-12-11 01:51:00,2021-12-11 01:56:00,HENDERSON,THUNDERSTORM WIND,0.0,0.0,0,0,165022,999800,NWS Storm Survey
2021-12-11 01:59:00,2021-12-11 02:04:00,DECATUR,THUNDERSTORM WIND,0.0,0.0,0,0,165022,999801,NWS Storm Survey
2021-12-11 02:00:00,2021-12-11 02:07:00,DECATUR,TORNADO,200000.0,0.0,0,0,165022,996806,NWS Storm Survey
2021-12-11 02:07:00,2021-12-11 02:08:00,BENTON,TORNADO,20000.0,0.0,0,0,165022,996807,NWS Storm Survey
2021-12-11 02:15:00,2021-12-11 02:20:00,PERRY,TORNADO,15000.0,0.0,0,0,165322,999599,NWS Storm Survey
2021-12-11 02:20:00,2021-12-11 02:27:00,HUMPHREYS,TORNADO,100000.0,0.0,0,0,165322,999602,NWS Storm Survey
2021-12-11 02:20:00,2021-12-11 02:20:00,PERRY,THUNDERSTORM WIND,5000.0,0.0,0,0,165322,999600,Trained Spotter
2021-12-11 02:27:00,2021-12-11 02:30:00,HICKMAN,TORNADO,25000.0,0.0,0,0,165322,999603,NWS Storm Survey
2021-12-11 02:32:00,2021-12-11 02:39:00,HICKMAN,TORNADO,50000.0,0.0,0,0,165322,999604,NWS Storm Survey
2021-12-11 02:35:00,2021-12-11 02:35:00,PERRY,THUNDERSTORM WIND,3000.0,0.0,0,0,165322,999605,Social Media
2021-12-11 02:40:00,2021-12-11 02:41:00,HICKMAN,TORNADO,10000.0,0.0,0,0,165322,999610,NWS Storm Survey
2021-12-11 02:41:00,2021-12-11 02:51:00,DICKSON,TORNADO,2000000.0,0.0,0,2,165322,999606,NWS Storm Survey
2021-12-11 02:49:00,2021-12-11 02:54:00,DICKSON,TORNADO,10000.0,0.0,0,0,165322,999613,NWS Storm Survey
2021-12-11 02:55:00,2021-12-11 02:59:00,DICKSON,THUNDERSTORM WIND,15000.0,0.0,0,0,165322,999762,NWS Storm Survey
2021-12-11 02:57:00,2021-12-11 02:59:00,DICKSON,TORNADO,15000.0,0.0,0,0,165322,999615,NWS Storm Survey
2021-12-11 02:59:00,2021-12-11 03:01:00,CHEATHAM,THUNDERSTORM WIND,10000.0,0.0,0,0,165322,999763,NWS Storm Survey
2021-12-11 02:59:00,2021-12-11 03:10:00,CHEATHAM,TORNADO,1500000.0,0.0,0,1,165322,999618,NWS Storm Survey
2021-12-11 03:10:00,2021-12-11 03:11:00,DAVIDSON,TORNADO,5000.0,0.0,0,0,165322,999619,NWS Storm Survey
2021-12-11 03:12:00,2021-12-11 03:21:00,DAVIDSON,TORNADO,250000.0,0.0,0,0,165322,999627,NWS Storm Survey
2021-12-11 03:18:00,2021-12-11 03:18:00,WILLIAMSON,THUNDERSTORM WIND,10000.0,0.0,0,0,165322,999631,Trained Spotter
2021-12-11 03:19:00,2021-12-11 03:27:00,DAVIDSON,THUNDERSTORM WIND,1000000.0,0.0,0,0,165322,999629,NWS Storm Survey
2021-12-11 03:19:00,2021-12-11 03:19:00,WILLIAMSON,THUNDERSTORM WIND,0.0,0.0,0,0,165322,999732,Mesonet
2021-12-11 03:19:00,2021-12-11 03:19:00,WILLIAMSON,THUNDERSTORM WIND,5000.0,0.0,0,0,165322,999628,Trained Spotter
2021-12-11 03:22:00,2021-12-11 03:22:00,DAVIDSON,THUNDERSTORM WIND,2000000.0,0.0,0,0,165322,999725,Broadcast Media
2021-12-11 03:25:00,2021-12-11 03:27:00,DAVIDSON,THUNDERSTORM WIND,250000.0,0.0,0,0,165322,999636,NWS Storm Survey
2021-12-11 03:28:00,2021-12-11 03:28:00,DAVIDSON,THUNDERSTORM WIND,0.0,0.0,0,0,165322,999633,ASOS
2021-12-11 03:28:00,2021-12-11 03:28:00,DAVIDSON,THUNDERSTORM WIND,25000.0,0.0,0,0,165322,999640,Broadcast Media
2021-12-11 03:30:00,2021-12-11 03:31:00,DAVIDSON,TORNADO,250000.0,0.0,0,0,165322,999731,NWS Storm Survey
2021-12-11 03:31:00,2021-12-11 03:34:00,DAVIDSON,TORNADO,250000.0,0.0,0,0,165322,999730,NWS Storm Survey
2021-12-11 03:31:00,2021-12-11 03:37:00,SUMNER,TORNADO,1500000.0,0.0,0,0,165322,999735,NWS Storm Survey
2021-12-11 03:33:00,2021-12-11 03:35:00,DAVIDSON,TORNADO,250000.0,0.0,0,0,165322,999726,NWS Storm Survey
2021-12-11 03:34:00,2021-12-11 03:39:00,WILSON,TORNADO,1000000.0,0.0,0,1,165322,999734,NWS Storm Survey
2021-12-11 03:37:00,2021-12-11 03:37:00,RUTHERFORD,THUNDERSTORM WIND,10000.0,0.0,0,0,165322,999737,Trained Spotter
2021-12-11 03:37:00,2021-12-11 03:37:00,RUTHERFORD,THUNDERSTORM WIND,0.0,0.0,0,0,165322,999738,Social Media
2021-12-11 03:38:00,2021-12-11 03:38:00,WILSON,THUNDERSTORM WIND,5000.0,0.0,0,0,165322,999739,NWS Employee
2021-12-11 03:39:00,2021-12-11 03:39:00,SUMNER,THUNDERSTORM WIND,10000.0,0.0,0,0,165322,999740,NWS Storm Survey
2021-12-11 03:39:00,2021-12-11 03:39:00,WILSON,THUNDERSTORM WIND,15000.0,0.0,0,0,165322,999736,Emergency Manager
2021-12-11 03:42:00,2021-12-11 03:48:00,SUMNER,TORNADO,25000.0,0.0,0,0,165322,999741,NWS Storm Survey
2021-12-11 03:43:00,2021-12-11 03:43:00,WILSON,THUNDERSTORM WIND,10000.0,0.0,0,0,165322,999742,Broadcast Media
2021-12-11 03:43:00,2021-12-11 03:43:00,WILSON,THUNDERSTORM WIND,10000.0,0.0,0,0,165322,999744,Emergency Manager
2021-12-11 03:48:00,2021-12-11 03:48:00,RUTHERFORD,THUNDERSTORM WIND,0.0,0.0,0,0,165322,999743,AWOS
2021-12-11 03:48:00,2021-12-11 03:49:00,WILSON,TORNADO,5000.0,0.0,0,0,165322,999748,NWS Storm Survey
2021-12-11 03:49:00,2021-12-11 03:50:00,SUMNER,TORNADO,10000.0,0.0,0,0,165322,999750,NWS Storm Survey
2021-12-11 03:50:00,2021-12-11 03:51:00,WILSON,TORNADO,5000.0,0.0,0,0,165322,999749,NWS Storm Survey
2021-12-11 03:54:00,2021-12-11 03:54:00,SMITH,THUNDERSTORM WIND,3000.0,0.0,0,0,165322,999745,Social Media
2021-12-11 04:04:00,2021-12-11 04:10:00,SMITH,TORNADO,15000.0,0.0,0,0,165322,999746,NWS Storm Survey
2021-12-11 04:10:00,2021-12-11 04:11:00,JACKSON,TORNADO,5000.0,0.0,0,0,165322,999747,NWS Storm Survey
2021-12-11 04:12:00,2021-12-11 04:12:00,JACKSON,THUNDERSTORM WIND,10000.0,0.0,0,0,165322,999751,911 Call Center
2021-12-11 04:19:00,2021-12-11 04:19:00,JACKSON,THUNDERSTORM WIND,5000.0,0.0,0,0,165322,999752,911 Call Center
2021-12-11 04:20:00,2021-12-11 04:26:00,CLAY,TORNADO,500000.0,0.0,0,0,165322,999753,NWS Storm Survey
2021-12-11 04:31:00,2021-12-11 04:31:00,OVERTON,THUNDERSTORM WIND,1000.0,0.0,0,0,165322,999754,911 Call Center
2021-12-11 04:37:00,2021-12-11 04:37:00,OVERTON,THUNDERSTORM WIND,15000.0,0.0,0,0,165322,999755,Emergency Manager
2021-12-11 04:49:00,2021-12-11 04:49:00,PICKETT,THUNDERSTORM WIND,1000.0,0.0,0,0,165322,999756,Public
2021-12-11 05:10:00,2021-12-11 05:10:00,LAWRENCE,THUNDERSTORM WIND,10000.0,0.0,0,0,165322,999757,Emergency Manager
2021-12-11 06:14:00,2021-12-11 06:14:00,GILES,THUNDERSTORM WIND,5000.0,0.0,0,0,165322,999761,NWS Storm Survey
2021-12-11 06:17:00,2021-12-11 06:22:00,GILES,TORNADO,20000.0,0.0,0,0,165322,999758,NWS Storm Survey
2021-12-11 06:35:00,2021-12-11 06:35:00,SCOTT,THUNDERSTORM WIND,0.0,0.0,0,0,164521,993233,911 Call Center
2021-12-11 06:41:00,2021-12-11 06:41:00,LINCOLN,THUNDERSTORM WIND,500.0,0.0,0,0,163795,989726,911 Call Center
2021-12-11 06:51:00,2021-12-11 06:51:00,MOORE,THUNDERSTORM WIND,500.0,0.0,0,0,163795,989727,Public
2021-12-11 06:55:00,2021-12-11 06:55:00,MOORE,THUNDERSTORM WIND,500.0,0.0,0,0,163795,989728,911 Call Center
2021-12-11 07:05:00,2021-12-11 07:05:00,FRANKLIN,THUNDERSTORM WIND,400.0,0.0,0,0,163795,989729,911 Call Center
2021-12-11 07:12:00,2021-12-11 07:12:00,FRANKLIN,THUNDERSTORM WIND,400.0,0.0,0,0,163795,989730,911 Call Center
2021-12-11 07:18:00,2021-12-11 07:18:00,FRANKLIN,THUNDERSTORM WIND,400.0,0.0,0,0,163795,989731,911 Call Center
2021-12-11 07:19:00,2021-12-11 07:19:00,SCOTT,THUNDERSTORM WIND,0.0,0.0,0,0,164521,993235,Law Enforcement
2021-12-11 07:39:00,2021-12-11 07:48:00,GRUNDY,TORNADO,50000.0,0.0,0,0,165322,999759,NWS Storm Survey
2021-12-11 07:48:00,2021-12-11 07:48:00,GRUNDY,THUNDERSTORM WIND,10000.0,0.0,0,0,165322,999760,NWS Storm Survey
2021-12-11 08:00:00,2021-12-11 08:00:00,MARION,THUNDERSTORM WIND,0.0,0.0,0,0,164521,993238,911 Call Center
2021-12-11 08:00:00,2021-12-11 08:00:00,MARION,THUNDERSTORM WIND,0.0,0.0,0,0,164521,993240,911 Call Center
2021-12-11 08:10:00,2021-12-11 08:10:00,BLEDSOE,THUNDERSTORM WIND,0.0,0.0,0,0,164521,993242,State Official
2021-12-11 08:40:00,2021-12-11 08:40:00,CAMPBELL,THUNDERSTORM WIND,0.0,0.0,0,0,164521,993237,911 Call Center
2021-12-11 09:40:00,2021-12-11 09:40:00,ROANE,THUNDERSTORM WIND,0.0,0.0,0,0,164521,993243,NWS Employee
2021-12-11 09:45:00,2021-12-11 09:45:00,HAMILTON,THUNDERSTORM WIND,0.0,0.0,0,0,164521,993244,NWS Employee
2021-12-11 10:05:00,2021-12-11 10:05:00,KNOX,THUNDERSTORM WIND,0.0,0.0,0,1,164521,993246,911 Call Center
2021-12-11 10:15:00,2021-12-11 10:15:00,MCMINN,THUNDERSTORM WIND,0.0,0.0,0,0,164521,993247,911 Call Center
2021-12-11 10:20:00,2021-12-11 10:20:00,KNOX,THUNDERSTORM WIND,0.0,0.0,0,0,164521,993248,911 Call Center
2021-12-11 10:20:00,2021-12-11 10:20:00,MCMINN,THUNDERSTORM WIND,0.0,0.0,0,0,164521,993249,911 Call Center
2021-12-11 10:25:00,2021-12-11 10:25:00,KNOX,THUNDERSTORM WIND,0.0,0.0,0,0,164521,993251,Public
2021-12-11 10:40:00,2021-12-11 10:40:00,BLOUNT,THUNDERSTORM WIND,0.0,0.0,0,0,164521,993252,Trained Spotter
2021-12-11 10:40:00,2021-12-11 10:40:00,MONROE,THUNDERSTORM WIND,0.0,0.0,0,0,164521,993253,911 Call Center
2021-12-11 10:50:00,2021-12-11 10:50:00,JEFFERSON,THUNDERSTORM WIND,0.0,0.0,0,2,164521,993254,Broadcast Media
2021-12-11 10:50:00,2021-12-11 10:50:00,POLK,THUNDERSTORM WIND,0.0,0.0,0,0,164521,993255,Law Enforcement
2021-12-11 11:00:00,2021-12-11 11:00:00,HAMBLEN,THUNDERSTORM WIND,0.0,0.0,0,0,164521,993256,Public
2021-12-11 11:10:00,2021-12-11 11:10:00,SEVIER,THUNDERSTORM WIND,0.0,0.0,0,0,164521,993258,911 Call Center
2021-12-29 15:05:00,2021-12-29 17:05:00,HAYWOOD,FLASH FLOOD,0.0,0.0,0,0,165013,996483,Amateur Radio
2021-12-29 18:05:00,2021-12-29 18:05:00,LAWRENCE,FLOOD,5000.0,0.0,0,0,165323,999312,Emergency Manager
2021-12-29 19:15:00,2021-12-29 19:15:00,MARION,THUNDERSTORM WIND,0.0,0.0,0,0,164524,993262,Emergency Manager
2021-12-29 19:17:00,2021-12-29 19:17:00,MARION,THUNDERSTORM WIND,0.0,0.0,0,0,164524,993263,Emergency Manager
2021-12-29 20:45:00,2021-12-29 20:45:00,ROANE,THUNDERSTORM WIND,0.0,0.0,0,0,164524,993264,Emergency Manager
2021-12-29 21:15:00,2021-12-29 21:15:00,BRADLEY,THUNDERSTORM WIND,0.0,0.0,0,0,164524,993265,State Official
2022-01-01 00:58:00,2022-01-01 01:03:00,OBION,THUNDERSTORM WIND,2000.0,0.0,0,0,166103,1004256,Law Enforcement
2022-01-01 10:10:00,2022-01-01 10:15:00,SHELBY,THUNDERSTORM WIND,0.0,0.0,0,0,166105,1004258,Public
2022-01-01 10:15:00,2022-01-01 10:16:00,SHELBY,THUNDERSTORM WIND,0.0,0.0,0,0,166105,1004259,AWOS
2022-01-01 10:28:00,2022-01-01 10:32:00,SHELBY,THUNDERSTORM WIND,0.0,0.0,0,0,166105,1004257,NWS Storm Survey
2022-01-01 10:39:00,2022-01-01 10:44:00,SHELBY,THUNDERSTORM WIND,0.0,0.0,0,0,166105,1004260,Public
2022-01-01 11:05:00,2022-01-01 11:10:00,FAYETTE,THUNDERSTORM WIND,0.0,0.0,0,0,166105,1004261,Emergency Manager
2022-01-01 11:55:00,2022-01-01 11:55:00,ROBERTSON,THUNDERSTORM WIND,3000.0,0.0,0,0,166170,1004574,Social Media
2022-01-01 12:10:00,2022-01-01 12:10:00,ROBERTSON,THUNDERSTORM WIND,5000.0,0.0,0,0,166170,1004575,Social Media
2022-01-01 12:24:00,2022-01-01 12:24:00,CHEATHAM,THUNDERSTORM WIND,3000.0,0.0,0,0,166170,1004576,Utility Company
2022-01-01 12:33:00,2022-01-01 12:33:00,DAVIDSON,THUNDERSTORM WIND,3000.0,0.0,0,0,166170,1004577,Social Media
2022-01-01 12:35:00,2022-01-01 12:35:00,DAVIDSON,THUNDERSTORM WIND,3000.0,0.0,0,0,166170,1004578,Public
2022-01-01 12:37:00,2022-01-01 12:37:00,DAVIDSON,THUNDERSTORM WIND,3000.0,0.0,0,0,166170,1004579,Social Media
2022-01-01 16:11:00,2022-01-01 16:25:00,GILES,TORNADO,50000.0,0.0,0,0,166170,1004580,NWS Storm Survey
2022-01-01 17:00:00,2022-01-01 17:00:00,VAN BUREN,THUNDERSTORM WIND,3000.0,0.0,0,0,166170,1004581,Social Media
2022-01-01 17:42:00,2022-01-01 17:42:00,MOORE,THUNDERSTORM WIND,500.0,0.0,0,0,164231,999620,Emergency Manager
2022-01-01 18:23:00,2022-01-01 18:23:00,MOORE,THUNDERSTORM WIND,500.0,0.0,0,0,164231,999621,Emergency Manager
2022-01-01 18:25:00,2022-01-01 18:25:00,MOORE,THUNDERSTORM WIND,500.0,0.0,0,0,164231,999623,Emergency Manager
2022-01-01 18:38:00,2022-01-01 18:38:00,BLEDSOE,THUNDERSTORM WIND,0.0,0.0,0,0,165205,998152,Public
2022-01-01 20:15:00,2022-01-01 20:15:00,ROANE,THUNDERSTORM WIND,0.0,0.0,0,0,165205,998153,Department of Highways
2022-01-01 22:28:00,2022-01-01 22:28:00,HAMILTON,THUNDERSTORM WIND,0.0,0.0,0,0,165205,998154,Law Enforcement
2022-01-01 22:28:00,2022-01-01 22:28:00,HAMILTON,THUNDERSTORM WIND,0.0,0.0,0,0,165205,998155,Law Enforcement
2022-01-01 23:00:00,2022-01-01 23:00:00,SEVIER/SMOKY MOUNTAINS,HIGH WIND,0.0,0.0,0,0,165205,998157,Mesonet
2022-01-02 15:00:00,2022-01-03 01:00:00,CHEATHAM,WINTER WEATHER,0.0,0.0,0,0,166172,1006036,CoCoRaHS
2022-01-02 15:00:00,2022-01-03 01:00:00,DAVIDSON,WINTER WEATHER,0.0,0.0,0,0,166172,1006037,CoCoRaHS
2022-01-02 15:00:00,2022-01-02 23:00:00,DICKSON,WINTER WEATHER,0.0,0.0,0,0,166172,1006035,CoCoRaHS
2022-01-02 15:00:00,2022-01-03 00:00:00,HICKMAN,WINTER WEATHER,0.0,0.0,0,0,166172,1006039,CoCoRaHS
2022-01-02 15:00:00,2022-01-02 22:00:00,HOUSTON,WINTER WEATHER,0.0,0.0,0,0,166172,1004598,CoCoRaHS
2022-01-02 15:00:00,2022-01-03 01:00:00,LAWRENCE,WINTER WEATHER,0.0,0.0,0,0,166172,1006042,CoCoRaHS
2022-01-02 15:00:00,2022-01-03 00:00:00,LEWIS,WINTER WEATHER,0.0,0.0,0,0,166172,1006040,CoCoRaHS
2022-01-02 15:00:00,2022-01-03 02:00:00,MAURY,WINTER STORM,0.0,0.0,0,0,166172,1006066,CoCoRaHS
2022-01-02 15:00:00,2022-01-02 22:00:00,MONTGOMERY,WINTER WEATHER,0.0,0.0,0,0,166172,1004592,CoCoRaHS
2022-01-02 15:00:00,2022-01-02 23:00:00,PERRY,WINTER WEATHER,0.0,0.0,0,0,166172,1006038,CoCoRaHS
2022-01-02 15:00:00,2022-01-02 22:00:00,ROBERTSON,WINTER WEATHER,0.0,0.0,0,0,166172,1004593,CoCoRaHS
2022-01-02 15:00:00,2022-01-03 01:00:00,SUMNER,WINTER WEATHER,0.0,0.0,0,0,166172,1004594,CoCoRaHS
2022-01-02 15:00:00,2022-01-03 00:00:00,WAYNE,WINTER WEATHER,0.0,0.0,0,0,166172,1006041,CoCoRaHS
2022-01-02 16:00:00,2022-01-02 22:00:00,BENTON,WINTER WEATHER,0.0,0.0,0,0,165876,1002878,Public
2022-01-02 16:00:00,2022-01-03 02:00:00,CANNON,WINTER STORM,0.0,0.0,0,0,166172,1006064,CoCoRaHS
2022-01-02 16:00:00,2022-01-02 22:00:00,CHESTER,WINTER WEATHER,0.0,0.0,0,0,165876,1002885,Public
2022-01-02 16:00:00,2022-01-03 02:00:00,CLAY,WINTER WEATHER,0.0,0.0,0,0,166172,1004596,CoCoRaHS
2022-01-02 16:00:00,2022-01-02 22:00:00,DECATUR,WINTER WEATHER,0.0,0.0,0,0,165876,1002886,Public
2022-01-02 16:00:00,2022-01-02 22:00:00,FAYETTE,WINTER WEATHER,0.0,0.0,0,0,165876,1002879,Public
2022-01-02 16:00:00,2022-01-02 22:00:00,HARDEMAN,WINTER WEATHER,0.0,0.0,0,0,165876,1002880,Public
2022-01-02 16:00:00,2022-01-02 22:00:00,HARDIN,WINTER WEATHER,0.0,0.0,0,0,165876,1002887,Public
2022-01-02 16:00:00,2022-01-02 22:00:00,HENDERSON,WINTER WEATHER,0.0,0.0,0,0,165876,1002888,Public
2022-01-02 16:00:00,2022-01-02 22:00:00,MADISON,WINTER WEATHER,0.0,0.0,0,0,165876,1002881,Public
2022-01-02 16:00:00,2022-01-02 22:00:00,MCNAIRY,WINTER WEATHER,0.0,0.0,0,0,165876,1002889,Public
2022-01-02 16:00:00,2022-01-03 02:00:00,RUTHERFORD,WINTER STORM,0.0,0.0,0,0,166172,1006063,CoCoRaHS
2022-01-02 16:00:00,2022-01-02 22:00:00,SHELBY,WINTER WEATHER,0.0,0.0,0,0,165876,1002883,Public
2022-01-02 16:00:00,2022-01-03 03:00:00,SMITH,WINTER STORM,0.0,0.0,0,0,166172,1006049,CoCoRaHS
2022-01-02 16:00:00,2022-01-02 22:00:00,WEAKLEY,WINTER WEATHER,0.0,0.0,0,0,165876,1002882,Public
2022-01-02 16:00:00,2022-01-03 02:00:00,WILLIAMSON,WINTER STORM,0.0,0.0,0,0,166172,1006062,CoCoRaHS
2022-01-02 16:00:00,2022-01-03 02:00:00,WILSON,WINTER STORM,0.0,0.0,0,0,166172,1006048,CoCoRaHS
2022-01-02 17:00:00,2022-01-03 02:00:00,BEDFORD,WINTER STORM,0.0,0.0,0,0,166172,1006068,CoCoRaHS
2022-01-02 17:00:00,2022-01-03 03:00:00,COFFEE,WINTER STORM,0.0,0.0,0,0,166172,1006069,CoCoRaHS
2022-01-02 17:00:00,2022-01-03 03:00:00,CUMBERLAND,WINTER STORM,0.0,0.0,0,0,166172,1006061,CoCoRaHS
2022-01-02 17:00:00,2022-01-03 02:00:00,DEKALB,WINTER STORM,0.0,0.0,0,0,166172,1006056,CoCoRaHS
2022-01-02 17:00:00,2022-01-03 03:00:00,FENTRESS,WINTER STORM,0.0,0.0,0,0,166172,1006051,CoCoRaHS
2022-01-02 17:00:00,2022-01-03 02:00:00,GILES,WINTER STORM,0.0,0.0,0,0,166172,1006071,COOP Observer
2022-01-02 17:00:00,2022-01-03 03:00:00,GRUNDY,WINTER STORM,0.0,0.0,0,0,166172,1006070,CoCoRaHS
2022-01-02 17:00:00,2022-01-03 02:00:00,MARSHALL,WINTER STORM,0.0,0.0,0,0,166172,1006067,CoCoRaHS
2022-01-02 17:00:00,2022-01-03 03:00:00,OVERTON,WINTER STORM,0.0,0.0,0,0,166172,1006050,CoCoRaHS
2022-01-02 17:00:00,2022-01-03 03:00:00,PICKETT,WINTER WEATHER,0.0,0.0,0,0,166172,1004597,CoCoRaHS
2022-01-02 17:00:00,2022-01-03 02:00:00,PUTNAM,WINTER STORM,0.0,0.0,0,0,166172,1006054,CoCoRaHS
2022-01-02 17:00:00,2022-01-03 03:00:00,WARREN,WINTER STORM,0.0,0.0,0,0,166172,1006065,CoCoRaHS
2022-01-02 17:00:00,2022-01-03 03:00:00,WHITE,WINTER STORM,0.0,0.0,0,0,166172,1006058,CoCoRaHS
2022-01-02 20:00:00,2022-01-03 04:00:00,LINCOLN,WINTER STORM,0.0,0.0,0,0,164233,1006799,Mesonet
2022-01-02 20:00:00,2022-01-03 04:00:00,MOORE,WINTER STORM,0.0,0.0,0,0,164233,1006800,Mesonet
2022-01-02 22:30:00,2022-01-03 05:00:00,FRANKLIN,WINTER STORM,0.0,0.0,0,0,164233,1006801,Mesonet
2022-01-02 23:00:00,2022-01-03 05:00:00,HAMILTON,HEAVY SNOW,0.0,0.0,0,0,165207,998174,Public
2022-01-02 23:00:00,2022-01-03 05:00:00,SCOTT,HEAVY SNOW,0.0,0.0,0,0,165207,998172,Public
2022-01-02 23:00:00,2022-01-03 05:00:00,SEQUATCHIE,HEAVY SNOW,0.0,0.0,0,0,165207,998166,Public
2022-01-02 23:00:00,2022-01-03 06:00:00,SEQUATCHIE,HEAVY SNOW,0.0,0.0,0,0,165207,998177,911 Call Center
2022-01-02 23:00:00,2022-01-03 05:00:00,SEQUATCHIE,HEAVY SNOW,0.0,0.0,0,0,165207,998186,Public
2022-01-03 00:00:00,2022-01-03 05:00:00,HAMILTON,HEAVY SNOW,0.0,0.0,0,0,165207,998188,Public
2022-01-03 00:00:00,2022-01-03 06:00:00,MCMINN,HEAVY SNOW,0.0,0.0,0,0,165207,998187,Public
2022-01-03 00:00:00,2022-01-03 07:00:00,RHEA,HEAVY SNOW,0.0,0.0,0,0,165207,998176,Public
2022-01-03 00:00:00,2022-01-03 08:00:00,SEVIER/SMOKY MOUNTAINS,HEAVY SNOW,0.0,0.0,0,0,165207,998162,Public
2022-01-03 00:00:00,2022-01-03 08:00:00,SEVIER/SMOKY MOUNTAINS,HEAVY SNOW,0.0,0.0,0,0,165207,998160,COOP Observer
2022-01-03 01:00:00,2022-01-03 09:00:00,BLOUNT/SMOKY MOUNTAINS,HEAVY SNOW,0.0,0.0,0,0,165207,998171,Public
2022-01-03 01:00:00,2022-01-03 07:00:00,HAMBLEN,HEAVY SNOW,0.0,0.0,0,0,165207,998173,NWS Employee
2022-01-03 01:00:00,2022-01-03 07:00:00,JEFFERSON,HEAVY SNOW,0.0,0.0,0,0,165207,998185,Public
2022-01-03 01:00:00,2022-01-03 07:00:00,NORTHWEST BLOUNT,HEAVY SNOW,0.0,0.0,0,0,165207,998189,Public
2022-01-03 01:00:00,2022-01-03 07:00:00,NORTHWEST MONROE,HEAVY SNOW,0.0,0.0,0,0,165207,998175,Public
2022-01-03 02:00:00,2022-01-03 10:00:00,COCKE/SMOKY MOUNTAINS,HEAVY SNOW,0.0,0.0,0,0,165207,998170,Public
2022-01-03 02:00:00,2022-01-03 08:00:00,NORTHWEST MONROE,HEAVY SNOW,0.0,0.0,0,0,165207,998184,Public
2022-01-03 02:00:00,2022-01-03 10:00:00,SEVIER/SMOKY MOUNTAINS,HEAVY SNOW,0.0,0.0,0,0,165207,998167,Public
2022-01-03 02:00:00,2022-01-03 10:00:00,SEVIER/SMOKY MOUNTAINS,HEAVY SNOW,0.0,0.0,0,0,165207,998169,Public
2022-01-03 02:00:00,2022-01-03 10:00:00,SOUTHEAST GREENE,HEAVY SNOW,0.0,0.0,0,0,165207,998163,Public
2022-01-03 02:00:00,2022-01-03 10:00:00,UNICOI,HEAVY SNOW,0.0,0.0,0,0,165207,998164,Public
2022-01-03 02:00:00,2022-01-03 10:00:00,WASHINGTON,HEAVY SNOW,0.0,0.0,0,0,165207,998165,Public
2022-01-06 04:00:00,2022-01-06 16:00:00,BENTON,WINTER STORM,0.0,0.0,0,0,165880,1002950,Public
2022-01-06 04:00:00,2022-01-06 16:00:00,CARROLL,WINTER WEATHER,0.0,0.0,0,0,165880,1002925,Public
2022-01-06 04:00:00,2022-01-06 16:00:00,CROCKETT,WINTER STORM,0.0,0.0,0,0,165880,1002959,Public
2022-01-06 04:00:00,2022-01-06 16:00:00,DECATUR,WINTER WEATHER,0.0,0.0,0,0,165880,1002922,Public
2022-01-06 04:00:00,2022-01-06 16:00:00,DYER,WINTER WEATHER,0.0,0.0,0,0,165880,1002928,Public
2022-01-06 04:00:00,2022-01-06 16:00:00,GIBSON,WINTER WEATHER,0.0,0.0,0,0,165880,1002926,Public
2022-01-06 04:00:00,2022-01-06 16:00:00,HENDERSON,WINTER STORM,0.0,0.0,0,0,165880,1002957,Public
2022-01-06 04:00:00,2022-01-06 16:00:00,HENRY,WINTER STORM,0.0,0.0,0,0,165880,1002952,Public
2022-01-06 04:00:00,2022-01-06 16:00:00,LAKE,WINTER WEATHER,0.0,0.0,0,0,165880,1002960,Public
2022-01-06 04:00:00,2022-01-06 16:00:00,MADISON,WINTER STORM,0.0,0.0,0,0,165880,1002958,Public
2022-01-06 04:00:00,2022-01-06 16:00:00,OBION,WINTER STORM,0.0,0.0,0,0,165880,1002954,Public
2022-01-06 04:00:00,2022-01-06 16:00:00,WEAKLEY,WINTER STORM,0.0,0.0,0,0,165880,1002951,Public
2022-01-06 07:00:00,2022-01-06 17:00:00,BEDFORD,WINTER WEATHER,0.0,0.0,0,0,166340,1006116,CoCoRaHS
2022-01-06 07:00:00,2022-01-06 17:00:00,COFFEE,WINTER WEATHER,0.0,0.0,0,0,166340,1006118,CoCoRaHS
2022-01-06 07:00:00,2022-01-06 17:00:00,GRUNDY,WINTER WEATHER,0.0,0.0,0,0,166340,1006121,CoCoRaHS
2022-01-06 07:00:00,2022-01-06 17:00:00,LAWRENCE,WINTER WEATHER,0.0,0.0,0,0,166340,1006113,Emergency Manager
2022-01-06 07:00:00,2022-01-06 17:00:00,LEWIS,WINTER WEATHER,0.0,0.0,0,0,166340,1006106,CoCoRaHS
2022-01-06 07:00:00,2022-01-06 15:30:00,LINCOLN,WINTER WEATHER,0.0,0.0,0,0,164229,1006077,CoCoRaHS
2022-01-06 07:00:00,2022-01-06 17:00:00,VAN BUREN,WINTER WEATHER,0.0,0.0,0,0,166340,1006120,CoCoRaHS
2022-01-06 07:00:00,2022-01-06 17:00:00,WARREN,WINTER WEATHER,0.0,0.0,0,0,166340,1006119,CoCoRaHS
2022-01-06 08:00:00,2022-01-06 17:00:00,CANNON,WINTER STORM,0.0,0.0,0,0,166340,1006123,Social Media
2022-01-06 08:00:00,2022-01-06 17:00:00,CHEATHAM,WINTER STORM,0.0,0.0,0,0,166340,1006087,CoCoRaHS
2022-01-06 08:00:00,2022-01-06 17:00:00,CLAY,WINTER STORM,0.0,0.0,0,0,166340,1006083,CoCoRaHS
2022-01-06 08:00:00,2022-01-06 17:00:00,CUMBERLAND,WINTER STORM,0.0,0.0,0,0,166340,1006103,CoCoRaHS
2022-01-06 08:00:00,2022-01-06 17:00:00,DAVIDSON,WINTER STORM,0.0,0.0,0,0,166340,1006088,CoCoRaHS
2022-01-06 08:00:00,2022-01-06 17:00:00,DEKALB,WINTER STORM,0.0,0.0,0,0,166340,1006099,CoCoRaHS
2022-01-06 08:00:00,2022-01-06 17:00:00,DICKSON,WINTER STORM,0.0,0.0,0,0,166340,1006086,CoCoRaHS
2022-01-06 08:00:00,2022-01-06 17:00:00,FENTRESS,WINTER STORM,0.0,0.0,0,0,166340,1006093,COOP Observer
2022-01-06 08:00:00,2022-01-06 18:00:00,FRANKLIN,WINTER WEATHER,0.0,0.0,0,0,164229,1006076,CoCoRaHS
2022-01-06 08:00:00,2022-01-06 17:00:00,HICKMAN,WINTER STORM,0.0,0.0,0,0,166340,1006095,COOP Observer
2022-01-06 08:00:00,2022-01-06 17:00:00,HOUSTON,WINTER STORM,0.0,0.0,0,0,166340,1006085,CoCoRaHS
2022-01-06 08:00:00,2022-01-06 17:00:00,HUMPHREYS,WINTER STORM,0.0,0.0,0,0,166340,1006108,Social Media
2022-01-06 08:00:00,2022-01-06 17:00:00,MACON,WINTER STORM,0.0,0.0,0,0,166340,1006110,Social Media
2022-01-06 08:00:00,2022-01-06 17:00:00,MAURY,WINTER STORM,0.0,0.0,0,0,166340,1006104,CoCoRaHS
2022-01-06 08:00:00,2022-01-06 17:00:00,MONTGOMERY,WINTER STORM,0.0,0.0,0,0,166340,1006080,CoCoRaHS
2022-01-06 08:00:00,2022-01-06 15:30:00,MOORE,WINTER WEATHER,0.0,0.0,0,0,164229,1006078,CoCoRaHS
2022-01-06 08:00:00,2022-01-06 17:00:00,OVERTON,WINTER STORM,0.0,0.0,0,0,166340,1006091,CoCoRaHS
2022-01-06 08:00:00,2022-01-06 17:00:00,PERRY,WINTER STORM,0.0,0.0,0,0,166340,1006094,COOP Observer
2022-01-06 08:00:00,2022-01-06 17:00:00,PICKETT,WINTER STORM,0.0,0.0,0,0,166340,1006084,COOP Observer
2022-01-06 08:00:00,2022-01-06 17:00:00,PUTNAM,WINTER STORM,0.0,0.0,0,0,166340,1006100,CoCoRaHS
2022-01-06 08:00:00,2022-01-06 17:00:00,ROBERTSON,WINTER STORM,0.0,0.0,0,0,166340,1006081,CoCoRaHS
2022-01-06 08:00:00,2022-01-06 17:00:00,RUTHERFORD,WINTER STORM,0.0,0.0,0,0,166340,1006098,CoCoRaHS
2022-01-06 08:00:00,2022-01-06 17:00:00,SMITH,WINTER STORM,0.0,0.0,0,0,166340,1006090,CoCoRaHS
2022-01-06 08:00:00,2022-01-06 17:00:00,STEWART,WINTER STORM,0.0,0.0,0,0,166340,1006079,CoCoRaHS
2022-01-06 08:00:00,2022-01-06 17:00:00,SUMNER,WINTER STORM,0.0,0.0,0,0,166340,1006082,CoCoRaHS
2022-01-06 08:00:00,2022-01-06 17:00:00,TROUSDALE,WINTER STORM,0.0,0.0,0,0,166340,1006111,Social Media
2022-01-06 08:00:00,2022-01-06 17:00:00,WHITE,WINTER STORM,0.0,0.0,0,0,166340,1006102,CoCoRaHS
2022-01-06 08:00:00,2022-01-06 17:00:00,WILLIAMSON,WINTER STORM,0.0,0.0,0,0,166340,1006097,CoCoRaHS
2022-01-06 08:00:00,2022-01-06 17:00:00,WILSON,WINTER STORM,0.0,0.0,0,0,166340,1006089,CoCoRaHS
2022-01-06 10:00:00,2022-01-06 16:00:00,MORGAN,HEAVY SNOW,0.0,0.0,0,0,165215,998209,Public
2022-01-06 10:00:00,2022-01-06 16:00:00,SCOTT,HEAVY SNOW,0.0,0.0,0,0,165215,998204,Law Enforcement
2022-01-06 11:00:00,2022-01-06 17:00:00,CAMPBELL,HEAVY SNOW,0.0,0.0,0,0,165215,998203,Public
2022-01-06 12:00:00,2022-01-06 18:00:00,CLAIBORNE,HEAVY SNOW,0.0,0.0,0,0,165215,998207,Public
2022-01-06 12:00:00,2022-01-06 18:00:00,UNION,HEAVY SNOW,0.0,0.0,0,0,165215,998212,Public
2022-01-09 08:21:00,2022-01-09 11:30:00,TIPTON,FLASH FLOOD,0.0,0.0,0,0,166106,1004263,Law Enforcement
2022-01-15 23:00:00,2022-01-16 10:00:00,MONTGOMERY,WINTER WEATHER,0.0,0.0,0,0,166342,1006303,CoCoRaHS
2022-01-16 00:00:00,2022-01-16 22:00:00,BLEDSOE,HEAVY SNOW,0.0,0.0,0,0,165217,998227,CoCoRaHS
2022-01-16 00:00:00,2022-01-16 08:00:00,CROCKETT,WINTER WEATHER,0.0,0.0,0,0,165901,1004059,Public
2022-01-16 00:00:00,2022-01-16 15:00:00,DICKSON,WINTER WEATHER,0.0,0.0,0,0,166342,1006306,CoCoRaHS
2022-01-16 00:00:00,2022-01-16 06:00:00,DYER,WINTER WEATHER,0.0,0.0,0,0,165901,1004057,Public
2022-01-16 00:00:00,2022-01-16 08:00:00,GIBSON,WINTER WEATHER,0.0,0.0,0,0,165901,1004060,Public
2022-01-16 00:00:00,2022-01-16 20:00:00,HAMILTON,HEAVY SNOW,0.0,0.0,0,0,165217,998230,Broadcast Media
2022-01-16 00:00:00,2022-01-16 10:00:00,HENRY,WINTER WEATHER,0.0,0.0,0,0,165901,1004062,Public
2022-01-16 00:00:00,2022-01-16 08:00:00,LAUDERDALE,WINTER WEATHER,0.0,0.0,0,0,165901,1004058,Public
2022-01-16 00:00:00,2022-01-16 20:00:00,MARION,HEAVY SNOW,0.0,0.0,0,0,165217,998228,Broadcast Media
2022-01-16 00:00:00,2022-01-16 06:00:00,OBION,WINTER WEATHER,0.0,0.0,0,0,165901,1004056,Public
2022-01-16 00:00:00,2022-01-16 15:00:00,PERRY,WINTER WEATHER,0.0,0.0,0,0,166342,1006312,CoCoRaHS
2022-01-16 00:00:00,2022-01-16 16:00:00,ROBERTSON,WINTER WEATHER,0.0,0.0,0,0,166342,1006304,CoCoRaHS
2022-01-16 00:00:00,2022-01-16 20:00:00,SEQUATCHIE,HEAVY SNOW,0.0,0.0,0,0,165217,998229,CoCoRaHS
2022-01-16 00:00:00,2022-01-16 08:00:00,WEAKLEY,WINTER WEATHER,0.0,0.0,0,0,165901,1004061,Public
2022-01-16 01:00:00,2022-01-16 15:00:00,CHEATHAM,WINTER WEATHER,0.0,0.0,0,0,166342,1006307,CoCoRaHS
2022-01-16 01:00:00,2022-01-17 10:00:00,MORGAN,HEAVY SNOW,0.0,0.0,0,0,165217,998226,Public
2022-01-16 02:00:00,2022-01-16 12:00:00,BENTON,WINTER WEATHER,0.0,0.0,0,0,165901,1004064,Public
2022-01-16 02:00:00,2022-01-17 07:00:00,BLOUNT/SMOKY MOUNTAINS,HEAVY SNOW,0.0,0.0,0,0,165217,998223,Public
2022-01-16 02:00:00,2022-01-16 12:00:00,CARROLL,WINTER WEATHER,0.0,0.0,0,0,165901,1004063,Public
2022-01-16 02:00:00,2022-01-16 15:00:00,CHESTER,WINTER STORM,0.0,0.0,0,0,165901,1004042,Broadcast Media
2022-01-16 02:00:00,2022-01-16 15:00:00,DECATUR,WINTER WEATHER,0.0,0.0,0,0,165901,1004271,Public
2022-01-16 02:00:00,2022-01-16 10:00:00,FAYETTE,WINTER STORM,0.0,0.0,0,0,165901,1004037,Social Media
2022-01-16 02:00:00,2022-01-16 14:00:00,HARDEMAN,WINTER STORM,0.0,0.0,0,0,165901,1004038,Emergency Manager
2022-01-16 02:00:00,2022-01-16 09:00:00,HAYWOOD,WINTER WEATHER,0.0,0.0,0,0,165901,1004070,Public
2022-01-16 02:00:00,2022-01-16 14:00:00,HENDERSON,WINTER WEATHER,0.0,0.0,0,0,165901,1004270,Public
2022-01-16 02:00:00,2022-01-16 12:00:00,MADISON,WINTER WEATHER,0.0,0.0,0,0,165901,1004269,Public
2022-01-16 02:00:00,2022-01-16 15:00:00,MCNAIRY,WINTER STORM,0.0,0.0,0,0,165901,1004039,Emergency Manager
2022-01-16 02:00:00,2022-01-17 10:00:00,SCOTT,HEAVY SNOW,0.0,0.0,0,0,165217,998224,Public
2022-01-16 02:00:00,2022-01-17 07:00:00,SEVIER/SMOKY MOUNTAINS,HEAVY SNOW,0.0,0.0,0,0,165217,998220,COOP Observer
2022-01-16 02:00:00,2022-01-17 07:00:00,SEVIER/SMOKY MOUNTAINS,HEAVY SNOW,0.0,0.0,0,0,165217,998221,COOP Observer
2022-01-16 02:00:00,2022-01-16 10:00:00,SHELBY,WINTER STORM,0.0,0.0,0,0,165901,1004036,Social Media
2022-01-16 02:00:00,2022-01-17 07:00:00,SOUTHEAST MONROE,HEAVY SNOW,0.0,0.0,0,0,165217,998222,COOP Observer
2022-01-16 02:00:00,2022-01-16 17:00:00,SUMNER,WINTER WEATHER,0.0,0.0,0,0,166342,1006305,CoCoRaHS
2022-01-16 02:00:00,2022-01-16 10:00:00,TIPTON,WINTER STORM,0.0,0.0,0,0,165901,1004041,Broadcast Media
2022-01-16 03:00:00,2022-01-16 16:00:00,BEDFORD,WINTER WEATHER,0.0,0.0,0,0,166342,1006315,CoCoRaHS
2022-01-16 03:00:00,2022-01-17 10:00:00,CAMPBELL,HEAVY SNOW,0.0,0.0,0,0,165217,998225,Public
2022-01-16 03:00:00,2022-01-16 16:00:00,CANNON,WINTER WEATHER,0.0,0.0,0,0,166342,1006313,CoCoRaHS
2022-01-16 03:00:00,2022-01-16 18:00:00,CLAY,WINTER STORM,0.0,0.0,0,0,166342,1006318,CoCoRaHS
2022-01-16 03:00:00,2022-01-16 16:00:00,COFFEE,WINTER WEATHER,0.0,0.0,0,0,166342,1006316,CoCoRaHS
2022-01-16 03:00:00,2022-01-16 18:00:00,CUMBERLAND,WINTER STORM,0.0,0.0,0,0,166342,1006322,CoCoRaHS
2022-01-16 03:00:00,2022-01-16 16:00:00,DAVIDSON,WINTER WEATHER,0.0,0.0,0,0,166342,1006308,CoCoRaHS
2022-01-16 03:00:00,2022-01-16 16:00:00,DEKALB,WINTER WEATHER,0.0,0.0,0,0,166342,1006310,COOP Observer
2022-01-16 03:00:00,2022-01-16 18:00:00,FENTRESS,WINTER STORM,0.0,0.0,0,0,166342,1006320,CoCoRaHS
2022-01-16 03:00:00,2022-01-16 18:00:00,GILES,WINTER STORM,0.0,0.0,0,0,166342,1006332,Social Media
2022-01-16 03:00:00,2022-01-16 18:00:00,GRUNDY,WINTER STORM,0.0,0.0,0,0,166342,1006327,CoCoRaHS
2022-01-16 03:00:00,2022-01-16 16:00:00,HARDIN,WINTER STORM,0.0,0.0,0,0,165901,1004040,Fire Department/Rescue
2022-01-16 03:00:00,2022-01-16 18:00:00,HICKMAN,WINTER STORM,0.0,0.0,0,0,166342,1006323,CoCoRaHS
2022-01-16 03:00:00,2022-01-16 18:00:00,LAWRENCE,WINTER STORM,0.0,0.0,0,0,166342,1006331,Social Media
2022-01-16 03:00:00,2022-01-16 18:00:00,LEWIS,WINTER STORM,0.0,0.0,0,0,166342,1006328,Social Media
2022-01-16 03:00:00,2022-01-16 16:00:00,MARSHALL,WINTER WEATHER,0.0,0.0,0,0,166342,1006314,CoCoRaHS
2022-01-16 03:00:00,2022-01-16 18:00:00,MAURY,WINTER STORM,0.0,0.0,0,0,166342,1006329,CoCoRaHS
2022-01-16 03:00:00,2022-01-16 18:00:00,OVERTON,WINTER STORM,0.0,0.0,0,0,166342,1006319,CoCoRaHS
2022-01-16 03:00:00,2022-01-16 18:00:00,PUTNAM,WINTER STORM,0.0,0.0,0,0,166342,1006321,CoCoRaHS
2022-01-16 03:00:00,2022-01-16 18:00:00,RUTHERFORD,WINTER STORM,0.0,0.0,0,0,166342,1006325,CoCoRaHS
2022-01-16 03:00:00,2022-01-16 16:00:00,SMITH,WINTER WEATHER,0.0,0.0,0,0,166342,1006309,CoCoRaHS
2022-01-16 03:00:00,2022-01-16 18:00:00,WARREN,WINTER STORM,0.0,0.0,0,0,166342,1006326,CoCoRaHS
2022-01-16 03:00:00,2022-01-16 18:00:00,WAYNE,WINTER STORM,0.0,0.0,0,0,166342,1006330,CoCoRaHS
2022-01-16 03:00:00,2022-01-16 16:00:00,WHITE,WINTER WEATHER,0.0,0.0,0,0,166342,1006311,CoCoRaHS
2022-01-16 03:00:00,2022-01-16 18:00:00,WILLIAMSON,WINTER STORM,0.0,0.0,0,0,166342,1006324,CoCoRaHS
2022-01-16 03:00:00,2022-01-16 18:00:00,WILSON,WINTER STORM,0.0,0.0,0,0,166342,1006317,CoCoRaHS
2022-01-16 07:00:00,2022-01-16 19:00:00,FRANKLIN,WINTER STORM,0.0,0.0,0,0,164405,1006292,COOP Observer
2022-01-16 07:00:00,2022-01-16 22:00:00,LINCOLN,WINTER WEATHER,0.0,0.0,0,0,164405,1006293,CoCoRaHS
2022-01-16 07:00:00,2022-01-16 22:00:00,MOORE,WINTER WEATHER,0.0,0.0,0,0,164405,1006294,CoCoRaHS
2022-01-16 21:00:00,2022-01-17 07:00:00,MCMINN,HEAVY SNOW,0.0,0.0,0,0,165217,998234,Public
2022-01-16 21:00:00,2022-01-17 07:00:00,NORTHWEST BLOUNT,HEAVY SNOW,0.0,0.0,0,0,165217,998231,CoCoRaHS
2022-01-16 23:00:00,2022-01-17 11:00:00,JEFFERSON,HEAVY SNOW,0.0,0.0,0,0,165217,998232,Public
2022-01-16 23:00:00,2022-01-17 11:00:00,UNICOI,HEAVY SNOW,0.0,0.0,0,0,165217,998233,Public
2022-01-19 19:00:00,2022-01-20 09:00:00,FENTRESS,WINTER WEATHER,0.0,0.0,0,0,166343,1006130,CoCoRaHS
2022-01-19 19:00:00,2022-01-20 09:00:00,MONTGOMERY,WINTER WEATHER,0.0,0.0,0,0,166343,1006127,CoCoRaHS
2022-01-19 19:00:00,2022-01-20 09:00:00,PICKETT,WINTER WEATHER,0.0,0.0,0,0,166343,1006296,CoCoRaHS
2022-01-19 19:00:00,2022-01-20 09:00:00,ROBERTSON,WINTER WEATHER,0.0,0.0,0,0,166343,1006128,CoCoRaHS
2022-01-19 19:00:00,2022-01-20 09:00:00,SUMNER,WINTER WEATHER,0.0,0.0,0,0,166343,1006129,CoCoRaHS
2022-01-28 08:00:00,2022-01-29 05:00:00,CAMPBELL,HEAVY SNOW,0.0,0.0,0,0,165223,998264,COOP Observer
2022-01-28 12:00:00,2022-01-29 08:00:00,NORTHWEST CARTER,HEAVY SNOW,0.0,0.0,0,0,165223,998244,Public
2022-01-28 12:00:00,2022-01-29 08:00:00,SEVIER/SMOKY MOUNTAINS,HEAVY SNOW,0.0,0.0,0,0,165223,998240,COOP Observer
2022-01-28 12:00:00,2022-01-29 08:00:00,SEVIER/SMOKY MOUNTAINS,HEAVY SNOW,0.0,0.0,0,0,165223,998241,Park/Forest Service
2022-01-28 12:00:00,2022-01-29 08:00:00,SOUTHEAST CARTER,HEAVY SNOW,0.0,0.0,0,0,165223,998248,COOP Observer
2022-01-28 12:00:00,2022-01-29 08:00:00,UNICOI,HEAVY SNOW,0.0,0.0,0,0,165223,998251,Public
2022-01-28 17:00:00,2022-01-29 07:00:00,BEDFORD,WINTER WEATHER,0.0,0.0,0,0,166344,1006138,CoCoRaHS
2022-01-28 17:00:00,2022-01-29 07:00:00,CUMBERLAND,WINTER WEATHER,0.0,0.0,0,0,166344,1006135,CoCoRaHS
2022-01-28 17:00:00,2022-01-29 07:00:00,FENTRESS,WINTER WEATHER,0.0,0.0,0,0,166344,1006132,CoCoRaHS
2022-01-28 17:00:00,2022-01-29 07:00:00,GRUNDY,WINTER WEATHER,0.0,0.0,0,0,166344,1006140,CoCoRaHS
2022-01-28 17:00:00,2022-01-29 07:00:00,MAURY,WINTER WEATHER,0.0,0.0,0,0,166344,1006137,CoCoRaHS
2022-01-28 17:00:00,2022-01-29 07:00:00,OVERTON,WINTER WEATHER,0.0,0.0,0,0,166344,1006133,CoCoRaHS
2022-01-28 17:00:00,2022-01-29 07:00:00,PUTNAM,WINTER WEATHER,0.0,0.0,0,0,166344,1006134,CoCoRaHS
2022-01-28 17:00:00,2022-01-29 07:00:00,WARREN,WINTER WEATHER,0.0,0.0,0,0,166344,1006139,CoCoRaHS
2022-01-28 17:00:00,2022-01-29 07:00:00,WILLIAMSON,WINTER WEATHER,0.0,0.0,0,0,166344,1006136,CoCoRaHS
2022-01-28 18:00:00,2022-01-29 00:00:00,FRANKLIN,WINTER WEATHER,0.0,0.0,0,0,164757,1000692,COOP Observer
2022-01-28 18:00:00,2022-01-29 00:00:00,MOORE,WINTER WEATHER,0.0,0.0,0,0,164757,1000693,COOP Observer
2022-01-28 18:00:00,2022-01-29 00:00:00,MOORE,WINTER WEATHER,0.0,0.0,0,0,164757,1000694,COOP Observer
2022-02-03 00:00:00,2022-02-03 20:00:00,DYER,WINTER STORM,0.0,0.0,0,0,166753,1009141,Social Media
2022-02-03 00:00:00,2022-02-03 20:00:00,LAKE,WINTER STORM,0.0,0.0,0,0,166753,1009135,Trained Spotter
2022-02-03 00:00:00,2022-02-03 20:00:00,OBION,WINTER STORM,0.0,0.0,0,0,166753,1009137,Social Media
2022-02-03 02:00:00,2022-02-03 21:00:00,CROCKETT,ICE STORM,0.0,0.0,0,0,166753,1009173,Social Media
2022-02-03 02:00:00,2022-02-03 21:00:00,FAYETTE,ICE STORM,0.0,0.0,0,0,166753,1009177,Social Media
2022-02-03 02:00:00,2022-02-03 22:00:00,GIBSON,ICE STORM,0.0,0.0,0,0,166753,1009171,Trained Spotter
2022-02-03 02:00:00,2022-02-03 21:00:00,HAYWOOD,ICE STORM,180000.0,0.0,0,0,166753,1009174,Social Media
2022-02-03 02:00:00,2022-02-03 21:00:00,LAUDERDALE,ICE STORM,0.0,0.0,0,0,166753,1009172,Public
2022-02-03 02:00:00,2022-02-03 21:00:00,SHELBY,ICE STORM,0.0,0.0,0,0,166753,1009176,Social Media
2022-02-03 02:00:00,2022-02-03 21:00:00,TIPTON,ICE STORM,0.0,0.0,0,0,166753,1009175,Social Media
2022-02-03 03:00:00,2022-02-04 00:00:00,HENRY,ICE STORM,0.0,0.0,0,0,166753,1009168,Trained Spotter
2022-02-03 03:00:00,2022-02-04 00:00:00,WEAKLEY,ICE STORM,0.0,0.0,0,0,166753,1009169,Trained Spotter
2022-02-03 06:00:00,2022-02-04 00:00:00,BENTON,WINTER WEATHER,0.0,0.0,0,0,166753,1009181,Trained Spotter
2022-02-03 06:00:00,2022-02-04 00:00:00,CARROLL,WINTER WEATHER,0.0,0.0,0,0,166753,1009182,Social Media
2022-02-03 06:00:00,2022-02-03 22:00:00,MADISON,WINTER WEATHER,0.0,0.0,0,0,166753,1009183,Social Media
2022-02-03 22:00:00,2022-02-03 22:00:00,SEVIER/SMOKY MOUNTAINS,HIGH WIND,0.0,0.0,0,0,166047,1003914,Mesonet
2022-02-17 05:00:00,2022-02-17 05:00:00,BLOUNT/SMOKY MOUNTAINS,HIGH WIND,0.0,0.0,0,0,166048,1003919,Mesonet
2022-02-17 06:00:00,2022-02-17 06:00:00,SEVIER/SMOKY MOUNTAINS,HIGH WIND,0.0,0.0,0,0,166048,1003920,Mesonet
2022-02-17 11:00:00,2022-02-17 14:00:00,MADISON,STRONG WIND,0.0,0.0,0,0,166847,1010505,Amateur Radio
2022-02-17 13:32:00,2022-02-17 13:37:00,HAYWOOD,THUNDERSTORM WIND,10000.0,0.0,0,0,166847,1009455,911 Call Center
2022-02-17 13:49:00,2022-02-17 13:54:00,FAYETTE,THUNDERSTORM WIND,6000.0,0.0,0,0,166847,1009460,911 Call Center
2022-02-17 14:11:00,2022-02-17 14:16:00,FAYETTE,THUNDERSTORM WIND,3000.0,0.0,0,0,166847,1009463,911 Call Center
2022-02-17 14:12:00,2022-02-17 14:17:00,HARDEMAN,THUNDERSTORM WIND,6000.0,0.0,0,0,166847,1009465,Trained Spotter
2022-02-17 15:35:00,2022-02-17 15:35:00,SCOTT,HIGH WIND,0.0,0.0,0,0,166048,1003921,AWOS
2022-02-17 16:38:00,2022-02-17 16:38:00,ROBERTSON,FLASH FLOOD,0.0,0.0,0,0,167083,1011059,Emergency Manager
2022-02-17 16:54:00,2022-02-17 16:54:00,DAVIDSON,FLOOD,0.0,0.0,0,0,167083,1011060,Public
2022-02-17 16:55:00,2022-02-17 16:55:00,BEDFORD,THUNDERSTORM WIND,1000.0,0.0,0,0,167083,1011061,Social Media
2022-02-17 17:05:00,2022-02-17 17:05:00,BEDFORD,THUNDERSTORM WIND,0.0,0.0,0,0,167083,1011063,AWOS
2022-02-17 20:57:00,2022-02-17 20:57:00,NORTHWEST BLOUNT,HIGH WIND,0.0,0.0,0,0,166048,1003922,ASOS
2022-02-17 23:00:00,2022-02-18 06:00:00,CUMBERLAND,WINTER WEATHER,0.0,0.0,0,0,167084,1011081,Social Media
2022-02-17 23:00:00,2022-02-18 06:00:00,FENTRESS,WINTER WEATHER,0.0,0.0,0,0,167084,1011080,COOP Observer
2022-02-22 06:00:00,2022-02-22 06:05:00,LAKE,THUNDERSTORM WIND,0.0,0.0,0,0,166943,1010264,Social Media
2022-02-22 06:30:00,2022-02-22 06:35:00,OBION,THUNDERSTORM WIND,0.0,0.0,0,0,166943,1010265,Public
2022-02-22 08:41:00,2022-02-22 08:41:00,MONTGOMERY,THUNDERSTORM WIND,1000.0,0.0,0,0,167085,1011088,Law Enforcement
2022-02-22 08:46:00,2022-02-22 08:46:00,MONTGOMERY,THUNDERSTORM WIND,1000.0,0.0,0,0,167085,1011090,CoCoRaHS
2022-02-22 09:23:00,2022-02-22 09:23:00,STEWART,FLOOD,0.0,0.0,0,0,167085,1011091,Emergency Manager
2022-02-22 10:00:00,2022-02-22 10:00:00,SEVIER/SMOKY MOUNTAINS,HIGH WIND,0.0,0.0,0,0,166049,1003923,Mesonet
2022-02-22 17:46:00,2022-02-22 17:46:00,LAWRENCE,HAIL,0.0,0.0,0,0,167085,1011092,Emergency Manager
2022-02-22 19:50:00,2022-02-22 19:50:00,LAWRENCE,FLASH FLOOD,0.0,0.0,0,0,167085,1011095,Emergency Manager
2022-02-22 21:06:00,2022-02-22 21:06:00,WHITE,FLOOD,0.0,0.0,0,0,167085,1011362,Emergency Manager
2022-02-22 21:19:00,2022-02-22 21:19:00,COFFEE,FLOOD,0.0,0.0,0,0,167085,1011363,Social Media
2022-02-22 21:41:00,2022-02-22 21:41:00,BEDFORD,FLOOD,0.0,0.0,0,0,167085,1011364,Social Media
2022-02-22 21:46:00,2022-02-22 21:46:00,BEDFORD,FLOOD,0.0,0.0,0,0,167085,1011365,Social Media
2022-02-23 05:24:00,2022-02-23 07:00:00,SEQUATCHIE,FLOOD,0.0,0.0,0,0,166886,1009705,Public
2022-02-23 06:00:00,2022-02-23 08:00:00,HAMILTON,FLOOD,0.0,0.0,0,0,166886,1009706,Law Enforcement
2022-02-23 06:50:00,2022-02-23 08:10:00,SEVIER,FLOOD,0.0,0.0,0,0,166886,1009707,Law Enforcement
2022-02-23 07:00:00,2022-02-23 08:30:00,ANDERSON,FLOOD,0.0,0.0,0,0,166886,1009710,Law Enforcement
2022-02-23 07:00:00,2022-02-23 08:30:00,KNOX,FLOOD,0.0,0.0,0,0,166886,1009709,Broadcast Media
2022-02-23 07:00:00,2022-02-23 07:00:00,SEQUATCHIE,HEAVY RAIN,0.0,0.0,0,0,166886,1009708,COOP Observer
2022-02-23 07:00:00,2022-02-23 08:30:00,UNION,FLOOD,0.0,0.0,0,0,166886,1009711,Department of Highways
2022-02-23 08:20:00,2022-02-23 14:00:00,LINCOLN,FLOOD,0.0,0.0,0,0,165281,1007379,Emergency Manager
2022-02-23 08:20:00,2022-02-23 14:00:00,LINCOLN,FLOOD,0.0,0.0,0,0,165281,1007380,Emergency Manager
2022-02-23 08:21:00,2022-02-23 14:00:00,LINCOLN,FLOOD,0.0,0.0,0,0,165281,1007381,Emergency Manager
2022-02-23 08:41:00,2022-02-23 14:00:00,LINCOLN,FLOOD,0.0,0.0,0,0,165281,1007382,Emergency Manager
2022-02-23 09:00:00,2022-02-23 10:30:00,GREENE,FLOOD,0.0,0.0,0,0,166886,1009712,Emergency Manager
2022-02-23 11:00:00,2022-02-23 12:15:00,HAWKINS,FLOOD,0.0,0.0,0,0,166886,1009713,Broadcast Media
2022-02-23 13:00:00,2022-02-24 13:00:00,DYER,ICE STORM,0.0,0.0,0,0,166756,1009456,Public
2022-02-23 13:00:00,2022-02-24 13:00:00,HENRY,WINTER WEATHER,0.0,0.0,0,0,166756,1009467,Trained Spotter
2022-02-23 13:00:00,2022-02-24 13:00:00,LAKE,WINTER STORM,0.0,0.0,0,0,166756,1009447,Trained Spotter
2022-02-23 13:00:00,2022-02-24 13:00:00,OBION,WINTER WEATHER,0.0,0.0,0,0,166756,1009464,Trained Spotter
2022-02-23 13:00:00,2022-02-24 13:00:00,WEAKLEY,WINTER WEATHER,0.0,0.0,0,0,166756,1009466,Emergency Manager
2022-02-23 13:00:00,2022-02-24 13:00:00,WEAKLEY,WINTER WEATHER,0.0,0.0,0,0,166756,1009468,Emergency Manager
2022-02-23 14:00:00,2022-02-24 13:00:00,CARROLL,WINTER WEATHER,0.0,0.0,0,0,166756,1009469,Fire Department/Rescue
2022-02-23 14:00:00,2022-02-24 13:00:00,CROCKETT,ICE STORM,0.0,0.0,0,0,166756,1009459,Public
2022-02-23 14:00:00,2022-02-24 13:00:00,LAUDERDALE,ICE STORM,0.0,0.0,0,0,166756,1009457,Public
2022-02-23 15:00:00,2022-02-24 13:00:00,BENTON,WINTER WEATHER,0.0,0.0,0,0,166756,1009470,Emergency Manager
2022-02-23 15:00:00,2022-02-24 13:00:00,HAYWOOD,ICE STORM,0.0,0.0,0,0,166756,1009461,COOP Observer
2022-02-23 15:00:00,2022-02-24 13:00:00,TIPTON,ICE STORM,0.0,0.0,1,0,166756,1009458,Social Media
2022-02-23 16:00:00,2022-02-24 13:00:00,HENDERSON,WINTER WEATHER,0.0,0.0,0,0,166756,1009472,Emergency Manager
2022-02-23 16:00:00,2022-02-24 13:00:00,MADISON,ICE STORM,0.0,0.0,0,0,166756,1009462,Trained Spotter
2022-02-23 18:00:00,2022-02-24 13:00:00,SHELBY,WINTER WEATHER,0.0,0.0,0,0,166756,1009473,Trained Spotter
2022-02-24 03:14:00,2022-02-24 09:00:00,MOORE,FLASH FLOOD,0.0,0.0,0,0,165281,1007374,Public
2022-02-24 05:17:00,2022-02-24 11:00:00,MOORE,FLASH FLOOD,0.0,0.0,0,0,165281,1007375,Public
2022-02-24 05:17:00,2022-02-24 11:00:00,MOORE,FLASH FLOOD,0.0,0.0,0,0,165281,1007376,Emergency Manager
2022-02-24 05:17:00,2022-02-24 11:00:00,MOORE,FLASH FLOOD,0.0,0.0,0,0,165281,1007377,Emergency Manager
2022-02-24 08:02:00,2022-02-24 08:02:00,STEWART,WINTER WEATHER,5000.0,0.0,0,0,167086,1011085,Emergency Manager
2022-02-24 10:50:00,2022-02-24 12:00:00,WASHINGTON,FLOOD,0.0,0.0,0,0,166886,1009714,Public
2022-02-24 11:00:00,2022-02-24 12:30:00,HAWKINS,FLOOD,0.0,0.0,0,0,166886,1009716,911 Call Center
2022-02-24 11:00:00,2022-02-24 12:15:00,KNOX,FLASH FLOOD,0.0,0.0,0,0,166886,1009715,Law Enforcement
2022-02-24 11:15:00,2022-02-24 12:45:00,GRAINGER,FLOOD,0.0,0.0,0,0,166886,1009717,911 Call Center
2022-02-24 11:30:00,2022-02-24 13:00:00,GREENE,FLASH FLOOD,0.0,0.0,0,0,166886,1009718,911 Call Center
2022-02-24 11:30:00,2022-02-24 13:00:00,HAMBLEN,FLASH FLOOD,0.0,0.0,0,0,166886,1009722,911 Call Center
2022-02-24 11:45:00,2022-02-24 13:15:00,HAWKINS,FLASH FLOOD,0.0,0.0,0,0,166886,1009723,Broadcast Media
2022-02-24 11:55:00,2022-02-24 13:15:00,KNOX,FLASH FLOOD,0.0,0.0,0,0,166886,1009724,Law Enforcement
2022-02-24 12:00:00,2022-02-24 13:30:00,SULLIVAN,FLASH FLOOD,0.0,0.0,0,0,166886,1009719,911 Call Center
2022-02-24 12:15:00,2022-02-24 13:45:00,COCKE,FLASH FLOOD,0.0,0.0,0,0,166886,1009720,Broadcast Media
2022-02-24 13:10:00,2022-02-24 14:15:00,HAMBLEN,FLASH FLOOD,0.0,0.0,0,0,166886,1009725,Public
2022-02-24 13:30:00,2022-02-24 15:00:00,GREENE,FLASH FLOOD,0.0,0.0,0,0,166886,1009721,Emergency Manager
2022-02-24 13:40:00,2022-02-24 15:00:00,JOHNSON,FLASH FLOOD,0.0,0.0,0,0,166886,1009726,Public
2022-03-07 10:00:00,2022-03-07 10:00:00,SEVIER/SMOKY MOUNTAINS,HIGH WIND,0.0,0.0,0,0,166474,1006940,Mesonet
2022-03-11 00:00:00,2022-03-12 10:00:00,NORTHWEST MONROE,HEAVY SNOW,0.0,0.0,0,0,166480,1006988,Public
2022-03-11 00:00:00,2022-03-12 12:00:00,UNION,HEAVY SNOW,0.0,0.0,0,0,166480,1007003,CoCoRaHS
2022-03-11 01:00:00,2022-03-12 13:00:00,NORTH SEVIER,HEAVY SNOW,0.0,0.0,0,0,166480,1006997,Public
2022-03-11 01:00:00,2022-03-12 13:00:00,SEVIER/SMOKY MOUNTAINS,HEAVY SNOW,0.0,0.0,0,0,166480,1006998,COOP Observer
2022-03-11 02:00:00,2022-03-12 14:00:00,UNICOI,HEAVY SNOW,0.0,0.0,0,0,166480,1007001,Public
2022-03-11 02:00:00,2022-03-12 10:00:00,WEST POLK,HEAVY SNOW,0.0,0.0,0,0,166480,1006991,Public
2022-03-11 16:00:00,2022-03-11 22:00:00,DYER,WINTER WEATHER,0.0,0.0,0,0,167323,1012702,Trained Spotter
2022-03-11 16:00:00,2022-03-11 22:00:00,LAKE,WINTER STORM,0.0,0.0,0,0,167323,1012678,Trained Spotter
2022-03-11 16:00:00,2022-03-11 22:00:00,OBION,WINTER WEATHER,0.0,0.0,0,0,167323,1012703,Trained Spotter
2022-03-11 17:00:00,2022-03-11 23:00:00,CROCKETT,WINTER STORM,0.0,0.0,0,0,167323,1012669,Trained Spotter
2022-03-11 17:00:00,2022-03-11 23:00:00,FAYETTE,WINTER STORM,0.0,0.0,0,0,167323,1012670,Trained Spotter
2022-03-11 17:00:00,2022-03-11 23:00:00,GIBSON,WINTER WEATHER,0.0,0.0,0,0,167323,1012705,Trained Spotter
2022-03-11 17:00:00,2022-03-11 23:00:00,HAYWOOD,WINTER STORM,0.0,0.0,0,0,167323,1012668,Trained Spotter
2022-03-11 17:00:00,2022-03-12 00:00:00,HENRY,WINTER WEATHER,0.0,0.0,0,0,167323,1012706,Trained Spotter
2022-03-11 17:00:00,2022-03-11 23:00:00,LAUDERDALE,WINTER STORM,0.0,0.0,0,0,167323,1012663,Trained Spotter
2022-03-11 17:00:00,2022-03-11 23:00:00,SHELBY,WINTER STORM,0.0,0.0,0,0,167323,1012665,Trained Spotter
2022-03-11 17:00:00,2022-03-11 23:00:00,TIPTON,WINTER STORM,0.0,0.0,0,0,167323,1012664,Trained Spotter
2022-03-11 17:00:00,2022-03-11 23:00:00,WEAKLEY,WINTER WEATHER,0.0,0.0,0,0,167323,1012704,Trained Spotter
2022-03-11 18:00:00,2022-03-12 00:00:00,BENTON,WINTER STORM,0.0,0.0,0,0,167323,1012667,Trained Spotter
2022-03-11 18:00:00,2022-03-12 00:00:00,CARROLL,WINTER STORM,0.0,0.0,0,0,167323,1012666,Trained Spotter
2022-03-11 18:00:00,2022-03-12 00:00:00,CHESTER,WINTER STORM,0.0,0.0,0,0,167323,1012674,Trained Spotter
2022-03-11 18:00:00,2022-03-12 00:00:00,DECATUR,WINTER STORM,0.0,0.0,0,0,167323,1012675,Trained Spotter
2022-03-11 18:00:00,2022-03-12 00:00:00,HARDEMAN,WINTER STORM,0.0,0.0,0,0,167323,1012672,Trained Spotter
2022-03-11 18:00:00,2022-03-12 00:00:00,HARDIN,WINTER STORM,0.0,0.0,0,0,167323,1012677,Trained Spotter
2022-03-11 18:00:00,2022-03-12 00:00:00,HENDERSON,WINTER STORM,0.0,0.0,0,0,167323,1012673,Trained Spotter
2022-03-11 18:00:00,2022-03-12 00:00:00,MADISON,WINTER STORM,0.0,0.0,0,0,167323,1012671,Trained Spotter
2022-03-11 18:00:00,2022-03-12 00:00:00,MCNAIRY,WINTER STORM,0.0,0.0,0,0,167323,1012676,Trained Spotter
2022-03-11 21:00:00,2022-03-12 08:00:00,BEDFORD,WINTER STORM,0.0,0.0,0,0,167823,1017823,CoCoRaHS
2022-03-11 21:00:00,2022-03-12 08:00:00,CANNON,WINTER WEATHER,0.0,0.0,0,0,167823,1017803,CoCoRaHS
2022-03-11 21:00:00,2022-03-12 08:00:00,CHEATHAM,WINTER WEATHER,0.0,0.0,0,0,167823,1017795,CoCoRaHS
2022-03-11 21:00:00,2022-03-12 08:00:00,CLAY,WINTER STORM,0.0,0.0,0,0,167823,1017808,CoCoRaHS
2022-03-11 21:00:00,2022-03-12 08:00:00,COFFEE,WINTER WEATHER,0.0,0.0,0,0,167823,1017804,CoCoRaHS
2022-03-11 21:00:00,2022-03-12 08:00:00,CUMBERLAND,WINTER STORM,0.0,0.0,0,0,167823,1017817,CoCoRaHS
2022-03-11 21:00:00,2022-03-12 08:00:00,DAVIDSON,WINTER STORM,0.0,0.0,0,0,167823,1017811,ASOS
2022-03-11 21:00:00,2022-03-12 08:00:00,DEKALB,WINTER STORM,0.0,0.0,0,0,167823,1017820,COOP Observer
2022-03-11 21:00:00,2022-03-12 08:00:00,DICKSON,WINTER STORM,0.0,0.0,0,0,167823,1017810,CoCoRaHS
2022-03-11 21:00:00,2022-03-12 08:00:00,FENTRESS,WINTER STORM,0.0,0.0,0,0,167823,1017815,CoCoRaHS
2022-03-11 21:00:00,2022-03-12 08:00:00,GILES,WINTER WEATHER,0.0,0.0,0,0,167823,1017802,COOP Observer
2022-03-11 21:00:00,2022-03-12 08:00:00,GRUNDY,WINTER STORM,0.0,0.0,0,0,167823,1017825,CoCoRaHS
2022-03-11 21:00:00,2022-03-12 08:00:00,HICKMAN,WINTER WEATHER,0.0,0.0,0,0,167823,1017797,CoCoRaHS
2022-03-11 21:00:00,2022-03-12 08:00:00,HOUSTON,WINTER WEATHER,0.0,0.0,0,0,167823,1017794,CoCoRaHS
2022-03-11 21:00:00,2022-03-12 08:00:00,LAWRENCE,WINTER WEATHER,0.0,0.0,0,0,167823,1017801,CoCoRaHS
2022-03-11 21:00:00,2022-03-12 08:00:00,LEWIS,WINTER WEATHER,0.0,0.0,0,0,167823,1017800,CoCoRaHS
2022-03-11 21:00:00,2022-03-12 08:00:00,MARSHALL,WINTER STORM,0.0,0.0,0,0,167823,1017822,CoCoRaHS
2022-03-11 21:00:00,2022-03-12 08:00:00,MAURY,WINTER WEATHER,0.0,0.0,0,0,167823,1017798,CoCoRaHS
2022-03-11 21:00:00,2022-03-12 08:00:00,MONTGOMERY,WINTER STORM,0.0,0.0,0,0,167823,1017805,CoCoRaHS
2022-03-11 21:00:00,2022-03-12 08:00:00,OVERTON,WINTER STORM,0.0,0.0,0,0,167823,1017814,CoCoRaHS
2022-03-11 21:00:00,2022-03-12 08:00:00,PERRY,WINTER WEATHER,0.0,0.0,0,0,167823,1017796,COOP Observer
2022-03-11 21:00:00,2022-03-12 08:00:00,PICKETT,WINTER STORM,0.0,0.0,0,0,167823,1017809,CoCoRaHS
2022-03-11 21:00:00,2022-03-12 08:00:00,PUTNAM,WINTER STORM,0.0,0.0,0,0,167823,1017816,CoCoRaHS
2022-03-11 21:00:00,2022-03-12 08:00:00,ROBERTSON,WINTER STORM,0.0,0.0,0,0,167823,1017806,CoCoRaHS
2022-03-11 21:00:00,2022-03-12 08:00:00,RUTHERFORD,WINTER STORM,0.0,0.0,0,0,167823,1017819,CoCoRaHS
2022-03-11 21:00:00,2022-03-12 09:00:00,SEQUATCHIE,HEAVY SNOW,0.0,0.0,0,0,166480,1006996,Public
2022-03-11 21:00:00,2022-03-12 08:00:00,SMITH,WINTER STORM,0.0,0.0,0,0,167823,1017813,CoCoRaHS
2022-03-11 21:00:00,2022-03-12 08:00:00,STEWART,WINTER WEATHER,0.0,0.0,0,0,167823,1017793,COOP Observer
2022-03-11 21:00:00,2022-03-12 08:00:00,SUMNER,WINTER STORM,0.0,0.0,0,0,167823,1017807,CoCoRaHS
2022-03-11 21:00:00,2022-03-12 08:00:00,WARREN,WINTER STORM,0.0,0.0,0,0,167823,1017824,CoCoRaHS
2022-03-11 21:00:00,2022-03-12 08:00:00,WAYNE,WINTER WEATHER,0.0,0.0,0,0,167823,1017799,CoCoRaHS
2022-03-11 21:00:00,2022-03-12 08:00:00,WHITE,WINTER STORM,0.0,0.0,0,0,167823,1017821,CoCoRaHS
2022-03-11 21:00:00,2022-03-12 08:00:00,WILLIAMSON,WINTER STORM,0.0,0.0,0,0,167823,1017818,COOP Observer
2022-03-11 21:00:00,2022-03-12 08:00:00,WILSON,WINTER STORM,0.0,0.0,0,0,167823,1017812,Official NWS Observations
2022-03-11 22:00:00,2022-03-12 08:00:00,BLEDSOE,HEAVY SNOW,0.0,0.0,0,0,166480,1006968,CoCoRaHS
2022-03-11 22:00:00,2022-03-12 05:00:00,FRANKLIN,HEAVY SNOW,0.0,0.0,0,0,167340,1012802,COOP Observer
2022-03-11 22:00:00,2022-03-12 05:00:00,LINCOLN,HEAVY SNOW,0.0,0.0,0,0,167340,1012803,CoCoRaHS
2022-03-11 22:00:00,2022-03-12 08:00:00,MEIGS,HEAVY SNOW,0.0,0.0,0,0,166480,1006987,CoCoRaHS
2022-03-11 22:00:00,2022-03-12 05:00:00,MOORE,HEAVY SNOW,0.0,0.0,0,0,167340,1012804,CoCoRaHS
2022-03-11 22:00:00,2022-03-12 10:00:00,MORGAN,HEAVY SNOW,0.0,0.0,0,0,166480,1006989,Public
2022-03-11 22:00:00,2022-03-12 10:00:00,SCOTT,HEAVY SNOW,0.0,0.0,0,0,166480,1006995,Public
2022-03-11 23:00:00,2022-03-12 10:00:00,MCMINN,HEAVY SNOW,0.0,0.0,0,0,166480,1007004,Public
2022-03-11 23:00:00,2022-03-12 10:00:00,RHEA,HEAVY SNOW,0.0,0.0,0,0,166480,1006992,Public
2022-03-11 23:00:00,2022-03-12 10:00:00,ROANE,HEAVY SNOW,0.0,0.0,0,0,166480,1006994,Public
2022-03-12 00:00:00,2022-03-12 12:00:00,ANDERSON,HEAVY SNOW,0.0,0.0,0,0,166480,1006967,Public
2022-03-12 00:00:00,2022-03-12 08:00:00,BRADLEY,HEAVY SNOW,0.0,0.0,0,0,166480,1006971,Public
2022-03-12 00:00:00,2022-03-12 12:00:00,CAMPBELL,HEAVY SNOW,0.0,0.0,0,0,166480,1006972,Public
2022-03-12 00:00:00,2022-03-12 12:00:00,CLAIBORNE,HEAVY SNOW,0.0,0.0,0,0,166480,1006974,Public
2022-03-12 00:00:00,2022-03-12 12:00:00,GRAINGER,HEAVY SNOW,0.0,0.0,0,0,166480,1006978,Public
2022-03-12 00:00:00,2022-03-12 12:00:00,HAMBLEN,HEAVY SNOW,0.0,0.0,0,0,166480,1006980,COOP Observer
2022-03-12 00:00:00,2022-03-12 12:00:00,HANCOCK,HEAVY SNOW,0.0,0.0,0,0,166480,1006982,Public
2022-03-12 00:00:00,2022-03-12 12:00:00,HAWKINS,HEAVY SNOW,0.0,0.0,0,0,166480,1006983,Public
2022-03-12 00:00:00,2022-03-12 12:00:00,KNOX,HEAVY SNOW,0.0,0.0,0,0,166480,1006985,Public
2022-03-12 00:00:00,2022-03-12 12:00:00,LOUDON,HEAVY SNOW,0.0,0.0,0,0,166480,1006986,Trained Spotter
2022-03-12 01:00:00,2022-03-12 13:00:00,JEFFERSON,HEAVY SNOW,0.0,0.0,0,0,166480,1006984,Public
2022-03-12 02:00:00,2022-03-12 14:00:00,BLOUNT/SMOKY MOUNTAINS,HEAVY SNOW,0.0,0.0,0,0,166480,1006970,CoCoRaHS
2022-03-12 02:00:00,2022-03-12 14:00:00,COCKE/SMOKY MOUNTAINS,HEAVY SNOW,0.0,0.0,0,0,166480,1006977,Public
2022-03-12 02:00:00,2022-03-12 14:00:00,NORTHWEST BLOUNT,HEAVY SNOW,0.0,0.0,0,0,166480,1006969,Public
2022-03-12 02:00:00,2022-03-12 14:00:00,NORTHWEST COCKE,HEAVY SNOW,0.0,0.0,0,0,166480,1006976,Public
2022-03-12 02:00:00,2022-03-12 14:00:00,SOUTHEAST CARTER,HEAVY SNOW,0.0,0.0,0,0,166480,1006973,Trained Spotter
2022-03-12 02:00:00,2022-03-12 14:00:00,SOUTHEAST GREENE,HEAVY SNOW,0.0,0.0,0,0,166480,1006979,911 Call Center
2022-03-22 16:06:00,2022-03-22 16:10:00,WAYNE,THUNDERSTORM WIND,15000.0,0.0,0,0,167824,1015624,Broadcast Media
2022-03-22 16:55:00,2022-03-22 16:55:00,LAWRENCE,THUNDERSTORM WIND,2000.0,0.0,0,0,167824,1015625,Emergency Manager
2022-03-22 23:00:00,2022-03-22 23:00:00,SEVIER/SMOKY MOUNTAINS,HIGH WIND,0.0,0.0,0,0,166476,1006947,Mesonet
2022-03-23 13:00:00,2022-03-23 13:00:00,KNOX,THUNDERSTORM WIND,0.0,0.0,0,0,166476,1006949,Broadcast Media
2022-03-30 07:00:00,2022-03-30 20:15:00,LINCOLN,STRONG WIND,11000.0,0.0,0,0,166314,1012781,Emergency Manager
2022-03-30 12:00:00,2022-03-30 23:00:00,DAVIDSON,STRONG WIND,25000.0,0.0,0,0,167825,1017769,Emergency Manager
2022-03-30 12:00:00,2022-03-30 23:00:00,DEKALB,STRONG WIND,3000.0,0.0,0,0,167825,1017772,Social Media
2022-03-30 12:00:00,2022-03-30 23:00:00,HICKMAN,STRONG WIND,5000.0,0.0,0,0,167825,1017775,Emergency Manager
2022-03-30 12:00:00,2022-03-30 23:00:00,LAWRENCE,STRONG WIND,10000.0,0.0,0,0,167825,1017766,Emergency Manager
2022-03-30 12:00:00,2022-03-30 23:00:00,MONTGOMERY,STRONG WIND,1000.0,0.0,0,0,167825,1017770,Social Media
2022-03-30 12:00:00,2022-03-30 23:00:00,PERRY,STRONG WIND,10000.0,0.0,0,0,167825,1017760,911 Call Center
2022-03-30 12:00:00,2022-03-30 23:00:00,ROBERTSON,STRONG WIND,3000.0,0.0,0,0,167825,1017761,911 Call Center
2022-03-30 12:00:00,2022-03-30 23:00:00,SUMNER,STRONG WIND,10000.0,0.0,0,0,167825,1017779,Social Media
2022-03-30 12:00:00,2022-03-30 23:00:00,WARREN,STRONG WIND,20000.0,0.0,0,0,167825,1017762,Emergency Manager
2022-03-30 12:00:00,2022-03-30 23:00:00,WILSON,STRONG WIND,3000.0,0.0,0,0,167825,1017759,Law Enforcement
2022-03-30 14:34:00,2022-03-30 16:34:00,HENDERSON,STRONG WIND,10000.0,0.0,0,0,167343,1013815,Amateur Radio
2022-03-30 14:47:00,2022-03-30 16:47:00,MADISON,STRONG WIND,0.0,0.0,0,0,167343,1012822,ASOS
2022-03-30 14:57:00,2022-03-30 16:57:00,CARROLL,STRONG WIND,5000.0,0.0,0,0,167343,1013816,Law Enforcement
2022-03-30 16:20:00,2022-03-30 16:25:00,SHELBY,THUNDERSTORM WIND,5000.0,0.0,0,0,167363,1013949,Public
2022-03-30 16:35:00,2022-03-30 16:40:00,FAYETTE,THUNDERSTORM WIND,20000.0,0.0,0,0,167363,1013950,Public
2022-03-30 16:40:00,2022-03-30 16:45:00,FAYETTE,THUNDERSTORM WIND,10000.0,0.0,0,0,167363,1013952,Public
2022-03-30 16:42:00,2022-03-30 16:47:00,FAYETTE,THUNDERSTORM WIND,10000.0,0.0,0,0,167363,1013953,Public
2022-03-30 17:00:00,2022-03-30 17:00:00,BLOUNT/SMOKY MOUNTAINS,HIGH WIND,0.0,0.0,0,0,166477,1006950,Mesonet
2022-03-30 17:00:00,2022-03-30 17:05:00,FAYETTE,THUNDERSTORM WIND,5000.0,0.0,0,0,167363,1015088,NWS Storm Survey
2022-03-30 17:00:00,2022-03-30 17:05:00,HARDEMAN,THUNDERSTORM WIND,25000.0,0.0,0,0,167363,1015613,Public
2022-03-30 17:00:00,2022-03-30 17:05:00,HARDEMAN,THUNDERSTORM WIND,5000.0,0.0,0,0,167363,1013955,Emergency Manager
2022-03-30 17:05:00,2022-03-30 17:10:00,HARDEMAN,THUNDERSTORM WIND,10000.0,0.0,0,0,167363,1015089,NWS Storm Survey
2022-03-30 17:05:00,2022-03-30 17:05:00,STEWART,THUNDERSTORM WIND,5000.0,0.0,0,0,167825,1017750,Emergency Manager
2022-03-30 17:17:00,2022-03-30 17:20:00,MADISON,THUNDERSTORM WIND,50000.0,0.0,0,0,167363,1015471,NWS Storm Survey
2022-03-30 17:18:00,2022-03-30 17:27:00,MADISON,TORNADO,500000.0,0.0,0,0,167363,1013976,NWS Storm Survey
2022-03-30 17:19:00,2022-03-30 17:20:00,MADISON,THUNDERSTORM WIND,5000.0,0.0,0,0,167363,1015473,NWS Storm Survey
2022-03-30 17:23:00,2022-03-30 17:24:00,MADISON,THUNDERSTORM WIND,0.0,0.0,0,0,167363,1013973,ASOS
2022-03-30 17:29:00,2022-03-30 17:34:00,MADISON,THUNDERSTORM WIND,5000.0,0.0,0,0,167363,1013965,Public
2022-03-30 17:30:00,2022-03-30 17:35:00,MADISON,THUNDERSTORM WIND,50000.0,0.0,0,0,167363,1013966,Fire Department/Rescue
2022-03-30 17:30:00,2022-03-30 17:35:00,MADISON,THUNDERSTORM WIND,20000.0,0.0,0,0,167363,1013967,Amateur Radio
2022-03-30 17:31:00,2022-03-30 17:35:00,MADISON,TORNADO,250000.0,0.0,0,0,167363,1014016,NWS Storm Survey
2022-03-30 17:33:00,2022-03-30 17:35:00,MADISON,THUNDERSTORM WIND,25000.0,0.0,0,0,167363,1015474,NWS Storm Survey
2022-03-30 17:33:00,2022-03-30 17:34:00,MADISON,THUNDERSTORM WIND,25000.0,0.0,0,0,167363,1015476,NWS Storm Survey
2022-03-30 17:34:00,2022-03-30 17:37:00,GIBSON,THUNDERSTORM WIND,10000.0,0.0,0,0,167363,1013968,Amateur Radio
2022-03-30 17:35:00,2022-03-30 17:38:00,GIBSON,TORNADO,50000.0,0.0,0,0,167363,1015472,NWS Storm Survey
2022-03-30 17:50:00,2022-03-30 18:00:00,CARROLL,TORNADO,200000.0,0.0,0,0,167363,1013975,NWS Storm Survey
2022-03-30 17:57:00,2022-03-30 18:00:00,CARROLL,THUNDERSTORM WIND,15000.0,0.0,0,0,167363,1013969,NWS Storm Survey
2022-03-30 17:59:00,2022-03-30 18:00:00,CARROLL,THUNDERSTORM WIND,5000.0,0.0,0,0,167363,1015479,NWS Storm Survey
2022-03-30 18:00:00,2022-03-30 18:05:00,BENTON,THUNDERSTORM WIND,10000.0,0.0,0,0,167363,1013971,Fire Department/Rescue
2022-03-30 18:00:00,2022-03-30 18:05:00,BENTON,THUNDERSTORM WIND,5000.0,0.0,0,0,167363,1013972,Emergency Manager
2022-03-30 18:35:00,2022-03-30 18:35:00,PERRY,THUNDERSTORM WIND,0.0,0.0,0,0,167825,1017751,Trained Spotter
2022-03-30 19:10:00,2022-03-30 19:10:00,HICKMAN,THUNDERSTORM WIND,3000.0,0.0,0,0,167825,1017752,Emergency Manager
2022-03-30 19:31:00,2022-03-30 19:31:00,LAWRENCE,THUNDERSTORM WIND,1000.0,0.0,0,0,167825,1017753,Emergency Manager
2022-03-30 19:44:00,2022-03-30 19:44:00,LAWRENCE,THUNDERSTORM WIND,1000.0,0.0,0,0,167825,1017754,Emergency Manager
2022-03-30 19:50:00,2022-03-30 19:53:00,MARSHALL,THUNDERSTORM WIND,15000.0,0.0,0,0,167825,1017755,Emergency Manager
2022-03-30 20:13:00,2022-03-30 20:13:00,WILLIAMSON,THUNDERSTORM WIND,1000.0,0.0,0,0,167825,1017756,Social Media
2022-03-30 20:52:00,2022-03-30 20:52:00,SUMNER,THUNDERSTORM WIND,3000.0,0.0,0,0,167825,1017757,Social Media
2022-03-30 22:02:00,2022-03-30 22:04:00,MOORE,THUNDERSTORM WIND,1000.0,0.0,0,0,166314,1013052,Emergency Manager
2022-03-30 22:07:00,2022-03-30 22:09:00,MOORE,THUNDERSTORM WIND,1000.0,0.0,0,0,166314,1013053,Emergency Manager
2022-03-30 22:10:00,2022-03-30 22:12:00,MOORE,THUNDERSTORM WIND,2000.0,0.0,0,0,166314,1013054,Emergency Manager
2022-03-30 22:13:00,2022-03-30 22:15:00,MOORE,THUNDERSTORM WIND,1000.0,0.0,0,0,166314,1013055,Emergency Manager
2022-03-30 22:14:00,2022-03-30 22:16:00,MOORE,THUNDERSTORM WIND,1000.0,0.0,0,0,166314,1013056,Emergency Manager
2022-03-30 22:25:00,2022-03-30 22:25:00,COFFEE,THUNDERSTORM WIND,2000.0,0.0,0,0,167825,1017758,Social Media
2022-03-31 00:29:00,2022-03-31 00:29:00,BLEDSOE,THUNDERSTORM WIND,0.0,0.0,0,0,166477,1006956,Public
2022-03-31 00:33:00,2022-03-31 00:33:00,BLEDSOE,THUNDERSTORM WIND,0.0,0.0,0,0,166477,1006957,Public
2022-03-31 01:00:00,2022-03-31 01:00:00,BLOUNT/SMOKY MOUNTAINS,HIGH WIND,0.0,0.0,0,0,166477,1006953,Mesonet
2022-03-31 01:15:00,2022-03-31 01:15:00,CAMPBELL,HIGH WIND,0.0,0.0,0,0,166477,1006952,AWOS
2022-03-31 01:55:00,2022-03-31 01:55:00,NORTHWEST MONROE,HIGH WIND,0.0,0.0,0,0,166477,1006954,AWOS
2022-03-31 02:05:00,2022-03-31 02:05:00,NORTHWEST BLOUNT,HIGH WIND,0.0,0.0,0,0,166477,1006955,ASOS
2022-03-31 03:00:00,2022-03-31 03:00:00,BLOUNT/SMOKY MOUNTAINS,HIGH WIND,0.0,0.0,0,0,166477,1006951,Mesonet
2022-04-05 13:00:00,2022-04-05 13:00:00,SEVIER/SMOKY MOUNTAINS,HIGH WIND,0.0,0.0,0,0,167453,1013369,Park/Forest Service
2022-04-06 16:00:00,2022-04-06 16:00:00,MARION,HAIL,0.0,0.0,0,0,167454,1013375,Amateur Radio
2022-04-06 17:44:00,2022-04-06 17:44:00,HAMILTON,HAIL,0.0,0.0,0,0,167454,1013374,Public
2022-04-06 17:45:00,2022-04-06 17:45:00,HAMILTON,THUNDERSTORM WIND,0.0,0.0,0,0,167454,1013370,Broadcast Media
2022-04-06 19:14:00,2022-04-06 19:14:00,SEVIER,HAIL,0.0,0.0,0,0,167454,1013373,Public
2022-04-06 20:33:00,2022-04-06 20:33:00,CARTER,HAIL,0.0,0.0,0,0,167454,1013372,Broadcast Media
2022-04-06 20:45:00,2022-04-06 20:45:00,CARTER,HAIL,0.0,0.0,0,0,167454,1013371,Broadcast Media
2022-04-10 00:00:00,2022-04-10 07:00:00,FRANKLIN,FROST/FREEZE,0.0,0.0,0,0,168232,1018333,AWOS
2022-04-10 00:00:00,2022-04-10 07:00:00,LINCOLN,FROST/FREEZE,0.0,0.0,0,0,168232,1018331,COOP Observer
2022-04-10 00:00:00,2022-04-10 07:00:00,MOORE,FROST/FREEZE,0.0,0.0,0,0,168232,1018332,COOP Observer
2022-04-13 13:00:00,2022-04-13 14:00:00,LAUDERDALE,STRONG WIND,5000.0,0.0,0,0,167614,1019846,Public
2022-04-13 14:55:00,2022-04-13 15:00:00,LAUDERDALE,THUNDERSTORM WIND,2000.0,0.0,0,0,167614,1019845,Public
2022-04-13 15:00:00,2022-04-13 15:05:00,OBION,THUNDERSTORM WIND,5000.0,0.0,0,0,167614,1014607,Broadcast Media
2022-04-13 15:00:00,2022-04-13 15:05:00,OBION,THUNDERSTORM WIND,10000.0,0.0,0,0,167614,1014458,Emergency Manager
2022-04-13 15:10:00,2022-04-13 15:15:00,OBION,THUNDERSTORM WIND,3000.0,0.0,0,0,167614,1014609,Trained Spotter
2022-04-13 15:29:00,2022-04-13 15:34:00,WEAKLEY,THUNDERSTORM WIND,5000.0,0.0,0,0,167614,1014606,Emergency Manager
2022-04-13 15:45:00,2022-04-13 15:50:00,HENRY,THUNDERSTORM WIND,5000.0,0.0,0,0,167614,1014611,911 Call Center
2022-04-13 15:50:00,2022-04-13 15:55:00,SHELBY,THUNDERSTORM WIND,3000.0,0.0,0,0,167614,1014610,Public
2022-04-13 15:52:00,2022-04-13 17:52:00,TIPTON,FLASH FLOOD,0.0,0.0,0,0,167614,1014614,Law Enforcement
2022-04-13 16:10:00,2022-04-13 16:15:00,HENRY,THUNDERSTORM WIND,5000.0,0.0,0,0,167614,1014608,911 Call Center
2022-04-13 16:10:00,2022-04-13 18:10:00,SHELBY,FLASH FLOOD,0.0,0.0,0,0,167614,1014615,Trained Spotter
2022-04-13 16:24:00,2022-04-13 16:29:00,SHELBY,THUNDERSTORM WIND,3000.0,0.0,0,0,167614,1014605,Public
2022-04-13 16:44:00,2022-04-13 18:44:00,SHELBY,FLASH FLOOD,5000.0,0.0,0,0,167614,1019581,Public
2022-04-13 16:56:00,2022-04-13 16:56:00,MONTGOMERY,THUNDERSTORM WIND,5000.0,0.0,0,0,169110,1024427,Public
2022-04-13 16:57:00,2022-04-13 16:57:00,MONTGOMERY,THUNDERSTORM WIND,5000.0,0.0,0,0,169110,1024424,Public
2022-04-13 17:00:00,2022-04-13 17:00:00,MONTGOMERY,THUNDERSTORM WIND,3000.0,0.0,0,0,169110,1024422,Emergency Manager
2022-04-13 17:05:00,2022-04-13 17:10:00,HARDEMAN,THUNDERSTORM WIND,5000.0,0.0,0,0,167614,1014618,Public
2022-04-13 17:09:00,2022-04-13 17:09:00,DICKSON,THUNDERSTORM WIND,5000.0,0.0,0,0,169110,1024426,Public
2022-04-13 17:12:00,2022-04-13 17:17:00,HARDEMAN,THUNDERSTORM WIND,5000.0,0.0,0,0,167614,1014619,Public
2022-04-13 17:20:00,2022-04-13 17:25:00,HARDEMAN,THUNDERSTORM WIND,5000.0,0.0,0,0,167614,1014612,Trained Spotter
2022-04-13 17:23:00,2022-04-13 17:23:00,ROBERTSON,THUNDERSTORM WIND,1000.0,0.0,0,0,169110,1024425,Fire Department/Rescue
2022-04-13 17:27:00,2022-04-13 17:32:00,MCNAIRY,THUNDERSTORM WIND,5000.0,0.0,0,0,167614,1014620,Public
2022-04-13 17:30:00,2022-04-13 17:35:00,CHESTER,THUNDERSTORM WIND,5000.0,0.0,0,0,167614,1014622,Public
2022-04-13 17:30:00,2022-04-13 17:35:00,MCNAIRY,THUNDERSTORM WIND,10000.0,0.0,0,0,167614,1014621,Public
2022-04-13 17:40:00,2022-04-13 17:45:00,HARDIN,THUNDERSTORM WIND,5000.0,0.0,0,0,167614,1014613,Public
2022-04-13 17:40:00,2022-04-13 17:45:00,MCNAIRY,THUNDERSTORM WIND,5000.0,0.0,0,0,167614,1014623,Public
2022-04-13 17:43:00,2022-04-13 17:48:00,DECATUR,THUNDERSTORM WIND,2000.0,0.0,0,0,167614,1014603,Emergency Manager
2022-04-13 17:50:00,2022-04-13 17:55:00,HARDIN,THUNDERSTORM WIND,5000.0,0.0,0,0,167614,1014604,Amateur Radio
2022-04-13 17:50:00,2022-04-13 17:55:00,HARDIN,THUNDERSTORM WIND,10000.0,0.0,0,0,167614,1019614,Amateur Radio
2022-04-13 17:54:00,2022-04-13 17:54:00,PERRY,THUNDERSTORM WIND,10000.0,0.0,0,0,169110,1024429,Trained Spotter
2022-04-13 18:02:00,2022-04-13 18:02:00,WAYNE,THUNDERSTORM WIND,3000.0,0.0,0,0,169110,1024431,Emergency Manager
2022-04-13 18:05:00,2022-04-13 20:05:00,TIPTON,FLASH FLOOD,0.0,0.0,0,0,167614,1014617,Emergency Manager
2022-04-13 18:06:00,2022-04-13 18:06:00,WAYNE,THUNDERSTORM WIND,10000.0,0.0,0,0,169110,1024432,Department of Highways
2022-04-13 18:15:00,2022-04-13 18:15:00,HICKMAN,THUNDERSTORM WIND,5000.0,0.0,0,0,169110,1024433,Public
2022-04-13 18:16:00,2022-04-13 18:16:00,HICKMAN,THUNDERSTORM WIND,10000.0,0.0,0,0,169110,1024434,Emergency Manager
2022-04-13 18:24:00,2022-04-13 18:24:00,LAWRENCE,THUNDERSTORM WIND,15000.0,0.0,0,0,169110,1024438,Broadcast Media
2022-04-13 18:25:00,2022-04-13 18:25:00,LAWRENCE,THUNDERSTORM WIND,3000.0,0.0,0,0,169110,1024439,Emergency Manager
2022-04-13 18:25:00,2022-04-13 18:25:00,LAWRENCE,THUNDERSTORM WIND,1000.0,0.0,0,0,169110,1024441,Emergency Manager
2022-04-13 18:25:00,2022-04-13 18:25:00,LAWRENCE,THUNDERSTORM WIND,0.0,0.0,0,0,169110,1024442,Emergency Manager
2022-04-13 18:26:00,2022-04-13 18:26:00,LAWRENCE,THUNDERSTORM WIND,5000.0,0.0,0,0,169110,1024443,Public
2022-04-13 18:27:00,2022-04-13 18:27:00,LAWRENCE,THUNDERSTORM WIND,0.0,0.0,0,0,169110,1024440,Broadcast Media
2022-04-13 18:39:00,2022-04-13 18:39:00,MAURY,THUNDERSTORM WIND,10000.0,0.0,0,0,169110,1024781,Emergency Manager
2022-04-13 18:40:00,2022-04-13 18:40:00,MAURY,THUNDERSTORM WIND,2000.0,0.0,0,0,169110,1024782,NWS Employee
2022-04-13 18:45:00,2022-04-13 18:45:00,WILLIAMSON,THUNDERSTORM WIND,5000.0,0.0,0,0,169110,1024783,Public
2022-04-13 18:47:00,2022-04-13 18:47:00,WILLIAMSON,THUNDERSTORM WIND,10000.0,0.0,0,0,169110,1024784,Public
2022-04-13 18:47:00,2022-04-13 18:47:00,WILLIAMSON,THUNDERSTORM WIND,3000.0,0.0,0,0,169110,1024785,Trained Spotter
2022-04-13 18:52:00,2022-04-13 18:52:00,DAVIDSON,THUNDERSTORM WIND,0.0,0.0,0,0,169110,1024787,ASOS
2022-04-13 18:55:00,2022-04-13 18:55:00,WILLIAMSON,THUNDERSTORM WIND,2000.0,0.0,0,0,169110,1024786,Public
2022-04-13 18:56:00,2022-04-13 18:56:00,DAVIDSON,THUNDERSTORM WIND,3000.0,0.0,0,0,169110,1024789,Public
2022-04-13 18:59:00,2022-04-13 18:59:00,MARSHALL,THUNDERSTORM WIND,3000.0,0.0,0,0,169110,1024790,Public
2022-04-13 19:03:00,2022-04-13 19:03:00,WILSON,THUNDERSTORM WIND,5000.0,0.0,0,0,169110,1024791,NWS Employee
2022-04-13 19:04:00,2022-04-13 19:04:00,RUTHERFORD,THUNDERSTORM WIND,0.0,0.0,0,0,169110,1024792,ASOS
2022-04-13 19:08:00,2022-04-13 19:08:00,WILSON,THUNDERSTORM WIND,3000.0,0.0,0,0,169110,1024800,Public
2022-04-13 19:10:00,2022-04-13 19:10:00,WILSON,THUNDERSTORM WIND,5000.0,0.0,0,0,169110,1024793,Trained Spotter
2022-04-13 19:10:00,2022-04-13 19:10:00,WILSON,THUNDERSTORM WIND,6000.0,0.0,0,0,169110,1024794,Emergency Manager
2022-04-13 19:13:00,2022-04-13 19:13:00,GILES,THUNDERSTORM WIND,1000.0,0.0,0,0,169110,1024795,Public
2022-04-13 19:15:00,2022-04-13 19:15:00,RUTHERFORD,THUNDERSTORM WIND,5000.0,0.0,0,0,169110,1024796,Public
2022-04-13 19:16:00,2022-04-13 19:16:00,BEDFORD,THUNDERSTORM WIND,5000.0,0.0,0,0,169110,1024799,Emergency Manager
2022-04-13 19:18:00,2022-04-13 19:18:00,RUTHERFORD,THUNDERSTORM WIND,3000.0,0.0,0,0,169110,1024797,Public
2022-04-13 19:20:00,2022-04-13 19:20:00,RUTHERFORD,THUNDERSTORM WIND,3000.0,0.0,0,0,169110,1024798,Fire Department/Rescue
2022-04-13 19:28:00,2022-04-13 19:28:00,SMITH,THUNDERSTORM WIND,10000.0,0.0,0,0,169110,1024801,Emergency Manager
2022-04-13 19:33:00,2022-04-13 19:33:00,COFFEE,THUNDERSTORM WIND,5000.0,0.0,0,0,169110,1024802,Public
2022-04-13 19:40:00,2022-04-13 19:40:00,COFFEE,THUNDERSTORM WIND,10000.0,0.0,0,0,169110,1024803,Public
2022-04-13 19:43:00,2022-04-13 19:43:00,WARREN,THUNDERSTORM WIND,0.0,0.0,0,0,169110,1024804,Trained Spotter
2022-04-13 19:50:00,2022-04-13 19:50:00,WARREN,THUNDERSTORM WIND,0.0,0.0,0,0,169110,1024805,AWOS
2022-04-13 19:58:00,2022-04-13 19:58:00,PUTNAM,THUNDERSTORM WIND,5000.0,0.0,0,0,169110,1024807,Emergency Manager
2022-04-13 20:03:00,2022-04-13 20:03:00,OVERTON,THUNDERSTORM WIND,5000.0,0.0,0,0,169110,1024808,Emergency Manager
2022-04-13 20:08:00,2022-04-13 20:08:00,WHITE,THUNDERSTORM WIND,3000.0,0.0,0,0,169110,1024810,Trained Spotter
2022-04-13 20:12:00,2022-04-13 20:12:00,WHITE,THUNDERSTORM WIND,1000.0,0.0,0,0,169110,1024812,911 Call Center
2022-04-13 20:20:00,2022-04-13 20:20:00,GRUNDY,THUNDERSTORM WIND,1000.0,0.0,0,0,169110,1024814,Emergency Manager
2022-04-13 20:42:00,2022-04-13 20:42:00,CUMBERLAND,THUNDERSTORM WIND,5000.0,0.0,0,0,169110,1024816,911 Call Center
2022-04-13 20:43:00,2022-04-13 20:43:00,BLEDSOE,THUNDERSTORM WIND,0.0,0.0,0,0,167455,1013376,Public
2022-04-13 21:57:00,2022-04-13 21:57:00,SCOTT,THUNDERSTORM WIND,0.0,0.0,0,0,167455,1013377,Public
2022-04-15 19:40:00,2022-04-15 19:45:00,CARROLL,HAIL,0.0,0.0,0,0,168127,1017728,Public
2022-04-15 21:10:00,2022-04-15 21:10:00,RUTHERFORD,HAIL,0.0,0.0,0,0,169111,1024419,Trained Spotter
2022-04-15 21:16:00,2022-04-15 21:16:00,RUTHERFORD,HAIL,0.0,0.0,0,0,169111,1024420,Public
2022-04-17 18:30:00,2022-04-17 18:40:00,DYER,HAIL,0.0,0.0,0,0,167582,1014235,Broadcast Media
2022-04-17 18:30:00,2022-04-17 18:40:00,DYER,HAIL,0.0,0.0,0,0,167582,1014236,Broadcast Media
2022-05-02 15:48:00,2022-05-02 15:53:00,CHESTER,HAIL,0.0,0.0,0,0,168638,1021047,Public
2022-05-02 15:54:00,2022-05-02 15:59:00,HARDIN,THUNDERSTORM WIND,5000.0,0.0,0,0,168638,1021052,Fire Department/Rescue
2022-05-02 15:55:00,2022-05-02 16:00:00,MADISON,HAIL,0.0,0.0,0,0,168638,1021050,Public
2022-05-02 16:00:00,2022-05-02 16:05:00,CHESTER,HAIL,0.0,0.0,0,0,168638,1021046,Amateur Radio
2022-05-02 16:12:00,2022-05-02 16:17:00,HENDERSON,HAIL,0.0,0.0,0,0,168638,1021048,Amateur Radio
2022-05-02 16:54:00,2022-05-02 16:59:00,MADISON,HAIL,0.0,0.0,0,0,168638,1021049,Public
2022-05-02 17:30:00,2022-05-02 17:30:00,BEDFORD,THUNDERSTORM WIND,1000.0,0.0,0,0,170491,1034008,Public
2022-05-03 14:15:00,2022-05-03 14:15:00,TROUSDALE,HAIL,0.0,0.0,0,0,170491,1034009,Broadcast Media
2022-05-05 14:00:00,2022-05-05 14:05:00,HENDERSON,HAIL,0.0,0.0,0,0,168720,1021568,Broadcast Media
2022-05-05 14:40:00,2022-05-05 14:40:00,WILSON,THUNDERSTORM WIND,10000.0,0.0,0,0,170493,1034300,Public
2022-05-05 14:50:00,2022-05-05 14:50:00,CUMBERLAND,THUNDERSTORM WIND,3000.0,0.0,0,0,170493,1034301,Public
2022-05-05 15:08:00,2022-05-05 15:08:00,TROUSDALE,HAIL,0.0,0.0,0,0,170493,1034302,Broadcast Media
2022-05-05 15:20:00,2022-05-05 15:20:00,RUTHERFORD,HAIL,0.0,0.0,0,0,170493,1034303,Public
2022-05-05 15:32:00,2022-05-05 15:32:00,RUTHERFORD,HAIL,0.0,0.0,0,0,170493,1034304,NWS Employee
2022-05-05 15:49:00,2022-05-05 15:49:00,DAVIDSON,THUNDERSTORM WIND,3000.0,0.0,0,0,170493,1034305,Trained Spotter
2022-05-05 16:14:00,2022-05-05 16:14:00,CANNON,THUNDERSTORM WIND,35000.0,0.0,0,0,170493,1034306,NWS Storm Survey
2022-05-05 16:21:00,2022-05-05 16:21:00,CANNON,HAIL,0.0,0.0,0,0,170493,1034307,Public
2022-05-05 17:25:00,2022-05-05 17:25:00,WHITE,THUNDERSTORM WIND,3000.0,0.0,0,0,170493,1034308,Emergency Manager
2022-05-05 17:26:00,2022-05-05 17:26:00,WHITE,THUNDERSTORM WIND,3000.0,0.0,0,0,170493,1034309,Emergency Manager
2022-05-05 17:34:00,2022-05-05 17:34:00,PICKETT,THUNDERSTORM WIND,1000.0,0.0,0,0,170493,1034310,911 Call Center
2022-05-05 17:45:00,2022-05-05 17:45:00,WHITE,THUNDERSTORM WIND,10000.0,0.0,0,0,170493,1034311,Emergency Manager
2022-05-05 17:46:00,2022-05-05 17:46:00,WHITE,THUNDERSTORM WIND,5000.0,0.0,0,0,170493,1034312,Public
2022-05-05 17:48:00,2022-05-05 17:48:00,WHITE,HAIL,0.0,0.0,0,0,170493,1034313,Emergency Manager
2022-05-05 17:48:00,2022-05-05 17:48:00,WHITE,HAIL,5000.0,0.0,0,0,170493,1034314,Trained Spotter
2022-05-05 17:49:00,2022-05-05 17:49:00,WHITE,HAIL,10000.0,0.0,0,0,170493,1034315,Emergency Manager
2022-05-05 17:50:00,2022-05-05 17:50:00,WHITE,HAIL,10000.0,0.0,0,0,170493,1034316,Public
2022-05-05 18:01:00,2022-05-05 18:01:00,CUMBERLAND,HAIL,0.0,0.0,0,0,170493,1034317,Emergency Manager
2022-05-05 18:04:00,2022-05-05 18:04:00,FENTRESS,THUNDERSTORM WIND,1000.0,0.0,0,0,170493,1034318,Emergency Manager
2022-05-06 12:10:00,2022-05-06 12:10:00,CUMBERLAND,HAIL,0.0,0.0,0,0,170494,1034319,Public
2022-05-06 12:14:00,2022-05-06 12:14:00,MARION,THUNDERSTORM WIND,0.0,0.0,0,0,168104,1017535,Law Enforcement
2022-05-06 12:15:00,2022-05-06 12:15:00,CUMBERLAND,HAIL,0.0,0.0,0,0,170494,1034320,Public
2022-05-06 12:30:00,2022-05-06 12:30:00,BLOUNT,HAIL,0.0,0.0,0,0,168104,1017536,Law Enforcement
2022-05-06 12:38:00,2022-05-06 12:38:00,LINCOLN,THUNDERSTORM WIND,1000.0,0.0,0,0,167310,1025595,Emergency Manager
2022-05-06 12:40:00,2022-05-06 12:40:00,LINCOLN,THUNDERSTORM WIND,1000.0,0.0,0,0,167310,1025596,Emergency Manager
2022-05-06 12:54:00,2022-05-06 12:54:00,DAVIDSON,HAIL,0.0,0.0,0,0,170494,1034321,Public
2022-05-06 13:00:00,2022-05-06 13:00:00,PUTNAM,THUNDERSTORM WIND,1000.0,0.0,0,0,170494,1034322,NWS Employee
2022-05-06 13:10:00,2022-05-06 13:10:00,DAVIDSON,THUNDERSTORM WIND,2000.0,0.0,0,0,170494,1034323,Public
2022-05-06 13:10:00,2022-05-06 13:10:00,SEVIER,THUNDERSTORM WIND,0.0,0.0,0,0,168104,1017537,Law Enforcement
2022-05-06 13:15:00,2022-05-06 13:15:00,GRAINGER,THUNDERSTORM WIND,0.0,0.0,0,0,168104,1017538,Law Enforcement
2022-05-06 13:17:00,2022-05-06 13:17:00,LOUDON,THUNDERSTORM WIND,0.0,0.0,0,0,168104,1017539,Law Enforcement
2022-05-06 13:20:00,2022-05-06 13:20:00,DAVIDSON,THUNDERSTORM WIND,1000.0,0.0,0,0,170494,1034324,Trained Spotter
2022-05-06 13:27:00,2022-05-06 13:27:00,WILSON,THUNDERSTORM WIND,1000.0,0.0,0,0,170494,1034325,NWS Employee
2022-05-06 13:30:00,2022-05-06 13:30:00,CAMPBELL,HAIL,0.0,0.0,0,0,168104,1017540,Public
2022-05-06 13:30:00,2022-05-06 13:30:00,MCMINN,THUNDERSTORM WIND,0.0,0.0,0,0,168104,1017541,Public
2022-05-06 13:42:00,2022-05-06 13:42:00,KNOX,THUNDERSTORM WIND,0.0,0.0,0,0,168104,1017542,Broadcast Media
2022-05-06 13:50:00,2022-05-06 13:50:00,HANCOCK,HAIL,0.0,0.0,0,0,168104,1017543,Trained Spotter
2022-05-06 13:50:00,2022-05-06 13:50:00,HANCOCK,THUNDERSTORM WIND,0.0,0.0,0,0,168104,1017546,Trained Spotter
2022-05-06 13:50:00,2022-05-06 13:50:00,MONROE,HAIL,0.0,0.0,0,0,168104,1017544,Public
2022-05-06 14:10:00,2022-05-06 14:10:00,RHEA,THUNDERSTORM WIND,0.0,0.0,0,0,168104,1017547,Law Enforcement
2022-05-06 14:30:00,2022-05-06 14:30:00,CAMPBELL,HAIL,0.0,0.0,0,0,168104,1017548,Public
2022-05-06 14:30:00,2022-05-06 14:30:00,HAMBLEN,HAIL,0.0,0.0,0,0,168104,1017549,NWS Employee
2022-05-06 14:33:00,2022-05-06 14:33:00,HAMILTON,THUNDERSTORM WIND,0.0,0.0,0,0,168104,1017550,Emergency Manager
2022-05-06 14:45:00,2022-05-06 14:45:00,HAMILTON,THUNDERSTORM WIND,0.0,0.0,0,0,168104,1017551,Law Enforcement
2022-05-06 14:50:00,2022-05-06 14:50:00,MCMINN,HAIL,0.0,0.0,0,0,168104,1017552,Law Enforcement
2022-05-06 14:50:00,2022-05-06 14:50:00,MCMINN,THUNDERSTORM WIND,0.0,0.0,0,0,168104,1017555,Law Enforcement
2022-05-06 14:50:00,2022-05-06 14:50:00,MONROE,HAIL,0.0,0.0,0,0,168104,1017554,Public
2022-05-06 14:53:00,2022-05-06 14:53:00,HAMILTON,THUNDERSTORM WIND,0.0,0.0,0,0,168104,1017556,ASOS
2022-05-06 15:10:00,2022-05-06 15:10:00,LOUDON,THUNDERSTORM WIND,0.0,0.0,0,0,168104,1017557,Amateur Radio
2022-05-06 15:10:00,2022-05-06 15:10:00,LOUDON,THUNDERSTORM WIND,0.0,0.0,0,0,168104,1017558,Broadcast Media
2022-05-06 15:20:00,2022-05-06 15:20:00,CAMPBELL,THUNDERSTORM WIND,0.0,0.0,0,0,168104,1017560,Public
2022-05-06 15:20:00,2022-05-06 15:20:00,GREENE,HAIL,0.0,0.0,0,0,168104,1017559,Public
2022-05-06 15:25:00,2022-05-06 15:25:00,BLOUNT,THUNDERSTORM WIND,0.0,0.0,0,0,168104,1017561,Law Enforcement
2022-05-06 15:25:00,2022-05-06 15:25:00,KNOX,THUNDERSTORM WIND,0.0,0.0,0,0,168104,1017562,Law Enforcement
2022-05-06 15:30:00,2022-05-06 15:30:00,SEVIER,THUNDERSTORM WIND,0.0,0.0,0,0,168104,1017563,Emergency Manager
2022-05-06 15:31:00,2022-05-06 15:31:00,BLOUNT,THUNDERSTORM WIND,0.0,0.0,0,0,168104,1017564,ASOS
2022-05-06 15:48:00,2022-05-06 15:48:00,GREENE,HAIL,0.0,0.0,0,0,168104,1017565,Public
2022-05-06 16:05:00,2022-05-06 16:05:00,JEFFERSON,HAIL,0.0,0.0,0,0,168104,1017566,Public
2022-05-06 16:05:00,2022-05-06 16:05:00,UNION,THUNDERSTORM WIND,0.0,0.0,0,0,168104,1017567,Law Enforcement
2022-05-06 16:05:00,2022-05-06 16:05:00,UNION,THUNDERSTORM WIND,0.0,0.0,0,0,168104,1017568,Law Enforcement
2022-05-06 16:05:00,2022-05-06 16:05:00,UNION,THUNDERSTORM WIND,0.0,0.0,0,0,168104,1017569,Law Enforcement
2022-05-06 16:10:00,2022-05-06 16:10:00,SULLIVAN,HAIL,0.0,0.0,0,0,168104,1017570,Public
2022-05-06 16:42:00,2022-05-06 16:42:00,GREENE,HAIL,0.0,0.0,0,0,168104,1017571,Public
2022-05-06 17:04:00,2022-05-06 17:04:00,CLAIBORNE,THUNDERSTORM WIND,0.0,0.0,0,0,168104,1017572,Public
2022-05-06 17:08:00,2022-05-06 17:08:00,HAWKINS,THUNDERSTORM WIND,0.0,0.0,0,0,168104,1017574,Law Enforcement
2022-05-06 17:12:00,2022-05-06 17:12:00,HAWKINS,HAIL,0.0,0.0,0,0,168104,1017575,Trained Spotter
2022-05-06 17:12:00,2022-05-06 17:12:00,HAWKINS,THUNDERSTORM WIND,0.0,0.0,0,0,168104,1017576,Trained Spotter
2022-05-06 17:25:00,2022-05-06 17:25:00,WASHINGTON,THUNDERSTORM WIND,0.0,0.0,0,0,168104,1017577,Law Enforcement
2022-05-06 18:00:00,2022-05-06 18:00:00,SULLIVAN,THUNDERSTORM WIND,0.0,0.0,0,0,168104,1017578,Public
2022-05-13 13:03:00,2022-05-13 13:08:00,SHELBY,HAIL,0.0,0.0,0,0,168773,1022100,Public
2022-05-13 15:33:00,2022-05-13 15:38:00,MADISON,HAIL,0.0,0.0,0,0,168773,1022101,Amateur Radio
2022-05-13 16:37:00,2022-05-13 16:42:00,HARDIN,HAIL,0.0,0.0,0,0,168773,1022103,Broadcast Media
2022-05-13 16:45:00,2022-05-13 16:50:00,HARDIN,HAIL,0.0,0.0,0,0,168773,1022102,Public
2022-05-14 19:28:00,2022-05-14 19:28:00,RUTHERFORD,HAIL,0.0,0.0,0,0,170495,1034284,Public
2022-05-14 19:34:00,2022-05-14 19:34:00,RUTHERFORD,HAIL,0.0,0.0,0,0,170495,1034285,Public
2022-05-14 21:55:00,2022-05-14 21:55:00,MONTGOMERY,THUNDERSTORM WIND,10000.0,0.0,0,0,170495,1034286,Utility Company
2022-05-14 22:45:00,2022-05-14 22:45:00,DAVIDSON,THUNDERSTORM WIND,3000.0,0.0,0,0,170495,1034287,Public
2022-05-15 14:19:00,2022-05-15 14:24:00,TIPTON,HAIL,0.0,0.0,0,0,168779,1022126,Trained Spotter
2022-05-15 15:42:00,2022-05-15 15:47:00,LAKE,HAIL,0.0,0.0,0,0,168779,1022127,Broadcast Media
2022-05-15 16:35:00,2022-05-15 16:36:00,TIPTON,THUNDERSTORM WIND,0.0,0.0,0,0,168779,1022121,AWOS
2022-05-15 17:08:00,2022-05-15 17:13:00,FAYETTE,HAIL,0.0,0.0,0,0,168779,1022128,Public
2022-05-15 17:16:00,2022-05-15 17:21:00,FAYETTE,HAIL,0.0,0.0,0,0,168779,1022125,Trained Spotter
2022-05-15 17:16:00,2022-05-15 17:21:00,FAYETTE,THUNDERSTORM WIND,0.0,0.0,0,0,168779,1022123,Trained Spotter
2022-05-15 17:30:00,2022-05-15 17:35:00,FAYETTE,THUNDERSTORM WIND,20000.0,0.0,0,0,168779,1022120,Emergency Manager
2022-05-18 21:35:00,2022-05-18 21:35:00,CLAIBORNE,THUNDERSTORM WIND,0.0,0.0,0,0,168111,1017608,Public
2022-05-19 03:45:00,2022-05-19 03:45:00,HAWKINS,HAIL,0.0,0.0,0,0,168111,1017593,Trained Spotter
2022-05-19 03:45:00,2022-05-19 03:45:00,HAWKINS,THUNDERSTORM WIND,0.0,0.0,0,0,168111,1017610,Trained Spotter
2022-05-19 13:59:00,2022-05-19 13:59:00,HAWKINS,HAIL,0.0,0.0,0,0,168111,1017594,Trained Spotter
2022-05-19 14:13:00,2022-05-19 14:13:00,SULLIVAN,HAIL,0.0,0.0,0,0,168111,1017595,Public
2022-05-19 15:15:00,2022-05-19 15:15:00,HANCOCK,HAIL,0.0,0.0,0,0,168111,1017596,Public
2022-05-19 15:35:00,2022-05-19 15:35:00,HANCOCK,HAIL,0.0,0.0,0,0,168111,1017597,Public
2022-05-19 18:03:00,2022-05-19 18:03:00,HAWKINS,HAIL,0.0,0.0,0,0,168111,1017598,Trained Spotter
2022-05-19 18:04:00,2022-05-19 18:04:00,HAWKINS,HAIL,0.0,0.0,0,0,168111,1017599,Public
2022-05-19 18:05:00,2022-05-19 18:05:00,SULLIVAN,HAIL,0.0,0.0,0,0,168111,1017600,Public
2022-05-19 18:09:00,2022-05-19 18:09:00,SULLIVAN,HAIL,0.0,0.0,0,0,168111,1017601,Public
2022-05-19 18:10:00,2022-05-19 18:10:00,HAWKINS,HAIL,0.0,0.0,0,0,168111,1017602,Public
2022-05-19 18:10:00,2022-05-19 18:10:00,SULLIVAN,HAIL,0.0,0.0,0,0,168111,1017604,Public
2022-05-19 18:30:00,2022-05-19 18:30:00,WASHINGTON,HAIL,0.0,0.0,0,0,168111,1017605,Public
2022-05-19 18:31:00,2022-05-19 18:31:00,WASHINGTON,HAIL,0.0,0.0,0,0,168111,1017606,Public
2022-05-19 18:34:00,2022-05-19 18:34:00,WASHINGTON,HAIL,0.0,0.0,0,0,168111,1017607,Trained Spotter
2022-05-21 15:10:00,2022-05-21 15:15:00,WEAKLEY,HAIL,0.0,0.0,0,0,168806,1022473,Public
2022-05-21 15:13:00,2022-05-21 15:18:00,OBION,HAIL,0.0,0.0,0,0,168806,1022468,Trained Spotter
2022-05-21 15:15:00,2022-05-21 15:15:00,COCKE,HAIL,0.0,0.0,0,0,168113,1017618,Public
2022-05-21 15:18:00,2022-05-21 15:18:00,GREENE,HAIL,0.0,0.0,0,0,168113,1017619,Public
2022-05-21 15:20:00,2022-05-21 15:25:00,HENRY,HAIL,0.0,0.0,0,0,168806,1022466,Public
2022-05-21 15:20:00,2022-05-21 15:25:00,HENRY,HAIL,0.0,0.0,0,0,168806,1022467,Public
2022-05-21 15:25:00,2022-05-21 15:30:00,WEAKLEY,HAIL,0.0,0.0,0,0,168806,1022471,Public
2022-05-21 15:30:00,2022-05-21 15:35:00,HENRY,THUNDERSTORM WIND,5000.0,0.0,0,0,168806,1022476,Law Enforcement
2022-05-21 15:40:00,2022-05-21 15:40:00,STEWART,HAIL,0.0,0.0,0,0,170496,1034281,Public
2022-05-21 15:53:00,2022-05-21 15:53:00,SULLIVAN,HAIL,0.0,0.0,0,0,168113,1017620,Public
2022-05-21 19:08:00,2022-05-21 19:13:00,DYER,THUNDERSTORM WIND,9000.0,0.0,0,0,168806,1022475,Trained Spotter
2022-05-21 19:10:00,2022-05-21 19:15:00,DYER,THUNDERSTORM WIND,25000.0,0.0,0,0,168806,1025082,Trained Spotter
2022-05-21 19:23:00,2022-05-21 19:23:00,LAWRENCE,HAIL,0.0,0.0,0,0,170496,1034010,Public
2022-05-21 19:25:00,2022-05-21 19:25:00,LAWRENCE,HAIL,0.0,0.0,0,0,170496,1034011,Public
2022-05-21 19:30:00,2022-05-21 19:35:00,SHELBY,THUNDERSTORM WIND,5000.0,0.0,0,0,168806,1022474,Law Enforcement
2022-05-21 19:33:00,2022-05-21 19:38:00,SHELBY,HAIL,0.0,0.0,0,0,168806,1022469,Public
2022-05-21 19:45:00,2022-05-21 19:45:00,COFFEE,THUNDERSTORM WIND,3000.0,0.0,0,0,170496,1034282,Public
2022-05-21 20:40:00,2022-05-21 20:45:00,HENDERSON,HAIL,0.0,0.0,0,0,168806,1022470,Public
2022-05-21 21:35:00,2022-05-21 21:35:00,LAWRENCE,THUNDERSTORM WIND,10000.0,0.0,0,0,170496,1034012,Broadcast Media
2022-05-25 01:40:00,2022-05-25 01:40:00,HUMPHREYS,THUNDERSTORM WIND,5000.0,0.0,0,0,170497,1034326,Public
2022-05-25 15:42:00,2022-05-25 15:42:00,WAYNE,THUNDERSTORM WIND,10000.0,0.0,0,0,170497,1034327,Public
2022-05-25 16:05:00,2022-05-25 16:05:00,LAWRENCE,THUNDERSTORM WIND,5000.0,0.0,0,0,170497,1034328,Emergency Manager
2022-05-25 16:05:00,2022-05-25 16:05:00,LAWRENCE,THUNDERSTORM WIND,20000.0,0.0,0,0,170497,1034329,Broadcast Media
2022-05-25 16:06:00,2022-05-25 16:06:00,LEWIS,THUNDERSTORM WIND,2000.0,0.0,0,0,170497,1034330,Public
2022-05-25 16:14:00,2022-05-25 16:14:00,LAWRENCE,THUNDERSTORM WIND,5000.0,0.0,0,0,170497,1034331,Broadcast Media
2022-05-25 16:16:00,2022-05-25 16:16:00,LAWRENCE,THUNDERSTORM WIND,5000.0,0.0,0,0,170497,1034332,Broadcast Media
2022-05-25 16:17:00,2022-05-25 16:17:00,LAWRENCE,THUNDERSTORM WIND,3000.0,0.0,0,0,170497,1034333,Public
2022-05-25 16:19:00,2022-05-25 16:19:00,MAURY,THUNDERSTORM WIND,2000.0,0.0,0,0,170497,1034334,Public
2022-05-25 16:30:00,2022-05-25 16:30:00,HICKMAN,THUNDERSTORM WIND,2000.0,0.0,0,0,170497,1034336,Public
2022-05-25 16:30:00,2022-05-25 16:30:00,MAURY,THUNDERSTORM WIND,1000.0,0.0,0,0,170497,1034335,Public
2022-05-26 12:14:00,2022-05-26 12:14:00,DEKALB,THUNDERSTORM WIND,4000.0,0.0,0,0,170497,1034337,Trained Spotter
2022-06-02 12:15:00,2022-06-02 12:15:00,MCMINN,THUNDERSTORM WIND,0.0,0.0,0,0,169632,1027203,Public
2022-06-02 12:35:00,2022-06-02 12:35:00,MONROE,THUNDERSTORM WIND,0.0,0.0,0,0,169632,1027204,Public
2022-06-02 14:15:00,2022-06-02 14:15:00,JEFFERSON,HAIL,0.0,0.0,0,0,169632,1027202,Broadcast Media
2022-06-02 14:30:00,2022-06-02 14:30:00,JEFFERSON,THUNDERSTORM WIND,0.0,0.0,0,0,169632,1027205,State Official
2022-06-02 14:35:00,2022-06-02 14:35:00,KNOX,THUNDERSTORM WIND,0.0,0.0,0,0,169632,1027206,Broadcast Media
2022-06-02 15:00:00,2022-06-02 15:00:00,WASHINGTON,THUNDERSTORM WIND,0.0,0.0,0,0,169632,1027371,Public
2022-06-02 17:20:00,2022-06-02 17:20:00,LAWRENCE,FLASH FLOOD,0.0,0.0,0,0,171670,1042359,Emergency Manager
2022-06-02 17:25:00,2022-06-02 17:25:00,LAWRENCE,FLASH FLOOD,0.0,0.0,0,0,171670,1042360,Emergency Manager
2022-06-02 17:35:00,2022-06-02 17:35:00,LAWRENCE,FLASH FLOOD,0.0,0.0,0,0,171670,1042361,Emergency Manager
2022-06-02 18:15:00,2022-06-02 18:15:00,LAWRENCE,FLASH FLOOD,0.0,0.0,0,0,171670,1042362,Emergency Manager
2022-06-02 18:15:00,2022-06-02 18:15:00,LAWRENCE,FLASH FLOOD,10000.0,0.0,0,0,171670,1042363,Emergency Manager
2022-06-02 19:45:00,2022-06-02 19:45:00,LAWRENCE,FLASH FLOOD,0.0,0.0,0,0,171670,1042364,Emergency Manager
2022-06-02 21:30:00,2022-06-02 21:30:00,CANNON,FLASH FLOOD,0.0,0.0,0,0,171670,1042365,Social Media
2022-06-02 21:45:00,2022-06-02 21:45:00,CANNON,FLASH FLOOD,5000.0,0.0,0,0,171670,1042366,Social Media
2022-06-06 14:32:00,2022-06-06 14:32:00,WILLIAMSON,THUNDERSTORM WIND,1000.0,0.0,0,0,171671,1042344,Social Media
2022-06-06 14:34:00,2022-06-06 14:34:00,GRUNDY,THUNDERSTORM WIND,1000.0,0.0,0,0,171671,1042345,911 Call Center
2022-06-06 15:22:00,2022-06-06 15:22:00,CHEATHAM,HAIL,0.0,0.0,0,0,171671,1042346,Trained Spotter
2022-06-06 17:43:00,2022-06-06 17:46:00,HAYWOOD,TORNADO,25000.0,0.0,0,0,170915,1037255,NWS Storm Survey
2022-06-06 18:45:00,2022-06-06 18:50:00,CROCKETT,THUNDERSTORM WIND,10000.0,0.0,0,0,170915,1037158,Trained Spotter
2022-06-06 19:19:00,2022-06-06 19:24:00,BENTON,HAIL,0.0,0.0,0,0,170915,1037161,Trained Spotter
2022-06-06 19:20:00,2022-06-06 19:25:00,BENTON,HAIL,0.0,0.0,0,0,170915,1037166,Public
2022-06-06 19:20:00,2022-06-06 19:25:00,BENTON,HAIL,0.0,0.0,0,0,170915,1037162,Trained Spotter
2022-06-06 21:56:00,2022-06-06 22:01:00,CARROLL,THUNDERSTORM WIND,20000.0,0.0,0,0,170915,1037165,Public
2022-06-07 00:03:00,2022-06-07 00:03:00,ROBERTSON,THUNDERSTORM WIND,1000.0,0.0,0,0,171672,1042349,Broadcast Media
2022-06-07 13:30:00,2022-06-07 13:30:00,MOORE,THUNDERSTORM WIND,2000.0,0.0,0,0,168342,1027804,Emergency Manager
2022-06-07 15:38:00,2022-06-07 15:38:00,WILSON,LIGHTNING,15000.0,0.0,0,0,171672,1042353,Public
2022-06-07 16:29:00,2022-06-07 16:29:00,PUTNAM,HAIL,0.0,0.0,0,0,171672,1042354,Trained Spotter
2022-06-07 16:35:00,2022-06-07 16:35:00,PUTNAM,HAIL,0.0,0.0,0,0,171672,1042355,Social Media
2022-06-07 16:35:00,2022-06-07 16:35:00,PUTNAM,THUNDERSTORM WIND,2000.0,0.0,0,0,171672,1042356,Emergency Manager
2022-06-07 16:40:00,2022-06-07 16:40:00,PUTNAM,HAIL,0.0,0.0,0,0,171672,1042357,Broadcast Media
2022-06-07 17:13:00,2022-06-07 17:13:00,WILSON,FLASH FLOOD,0.0,0.0,0,0,171672,1042358,Social Media
2022-06-12 10:00:00,2022-06-13 10:00:00,BENTON,HEAT,0.0,0.0,0,0,171237,1039652,AWOS
2022-06-12 10:00:00,2022-06-13 19:00:00,CARROLL,EXCESSIVE HEAT,0.0,0.0,0,0,171237,1039624,AWOS
2022-06-12 10:00:00,2022-06-13 10:00:00,CHESTER,HEAT,0.0,0.0,0,0,171237,1039655,AWOS
2022-06-12 10:00:00,2022-06-13 19:00:00,CROCKETT,EXCESSIVE HEAT,0.0,0.0,0,0,171237,1039622,AWOS
2022-06-12 10:00:00,2022-06-13 10:00:00,DECATUR,HEAT,0.0,0.0,0,0,171237,1039654,AWOS
2022-06-12 10:00:00,2022-06-13 19:00:00,DYER,EXCESSIVE HEAT,0.0,0.0,0,0,171237,1039617,AWOS
2022-06-12 10:00:00,2022-06-13 19:00:00,FAYETTE,EXCESSIVE HEAT,0.0,0.0,0,0,171237,1039629,ASOS
2022-06-12 10:00:00,2022-06-13 19:00:00,GIBSON,EXCESSIVE HEAT,0.0,0.0,0,0,171237,1039621,AWOS
2022-06-12 10:00:00,2022-06-13 19:00:00,HARDEMAN,EXCESSIVE HEAT,0.0,0.0,0,0,171237,1039628,ASOS
2022-06-12 10:00:00,2022-06-13 10:00:00,HARDIN,HEAT,0.0,0.0,0,0,171237,1039657,AWOS
2022-06-12 10:00:00,2022-06-13 19:00:00,HAYWOOD,EXCESSIVE HEAT,0.0,0.0,0,0,171237,1039626,AWOS
2022-06-12 10:00:00,2022-06-13 10:00:00,HENDERSON,HEAT,0.0,0.0,0,0,171237,1039653,AWOS
2022-06-12 10:00:00,2022-06-13 19:00:00,HENRY,EXCESSIVE HEAT,0.0,0.0,0,0,171237,1039623,AWOS
2022-06-12 10:00:00,2022-06-13 19:00:00,LAKE,EXCESSIVE HEAT,0.0,0.0,0,0,171237,1039616,AWOS
2022-06-12 10:00:00,2022-06-13 19:00:00,LAUDERDALE,EXCESSIVE HEAT,0.0,0.0,0,0,171237,1039618,AWOS
2022-06-12 10:00:00,2022-06-13 19:00:00,MADISON,EXCESSIVE HEAT,0.0,0.0,0,0,171237,1039627,ASOS
2022-06-12 10:00:00,2022-06-13 10:00:00,MCNAIRY,HEAT,0.0,0.0,0,0,171237,1039656,AWOS
2022-06-12 10:00:00,2022-06-13 19:00:00,OBION,EXCESSIVE HEAT,0.0,0.0,0,0,171237,1039619,AWOS
2022-06-12 10:00:00,2022-06-13 19:00:00,SHELBY,EXCESSIVE HEAT,0.0,0.0,0,0,171237,1039630,ASOS
2022-06-12 10:00:00,2022-06-13 19:00:00,TIPTON,EXCESSIVE HEAT,0.0,0.0,0,0,171237,1039625,AWOS
2022-06-12 10:00:00,2022-06-13 19:00:00,WEAKLEY,EXCESSIVE HEAT,0.0,0.0,0,0,171237,1039620,AWOS
2022-06-12 13:25:00,2022-06-12 13:30:00,CHESTER,HAIL,0.0,0.0,0,0,171585,1041631,Public
2022-06-13 00:00:00,2022-06-16 23:59:00,DAVIDSON,HEAT,0.0,0.0,0,15,172997,1050590,Emergency Manager
2022-06-13 10:00:00,2022-06-13 19:00:00,BENTON,EXCESSIVE HEAT,0.0,0.0,0,0,171237,1039646,AWOS
2022-06-13 10:00:00,2022-06-13 19:00:00,CHESTER,EXCESSIVE HEAT,0.0,0.0,0,0,171237,1039649,AWOS
2022-06-13 10:00:00,2022-06-13 19:00:00,DECATUR,EXCESSIVE HEAT,0.0,0.0,0,0,171237,1039648,AWOS
2022-06-13 10:00:00,2022-06-13 19:00:00,HARDIN,EXCESSIVE HEAT,0.0,0.0,0,0,171237,1039651,AWOS
2022-06-13 10:00:00,2022-06-13 19:00:00,HENDERSON,EXCESSIVE HEAT,0.0,0.0,0,0,171237,1039647,AWOS
2022-06-13 10:00:00,2022-06-13 18:00:00,LINCOLN,HEAT,0.0,0.0,0,0,168493,1020327,AWOS
2022-06-13 10:00:00,2022-06-13 19:00:00,MCNAIRY,EXCESSIVE HEAT,0.0,0.0,0,0,171237,1039650,AWOS
2022-06-13 12:00:00,2022-06-13 17:00:00,FRANKLIN,HEAT,0.0,0.0,0,0,168493,1020330,AWOS
2022-06-13 12:00:00,2022-06-13 17:00:00,MOORE,HEAT,0.0,0.0,0,0,168493,1020329,AWOS
2022-06-13 19:00:00,2022-06-16 19:00:00,BENTON,HEAT,0.0,0.0,0,0,171237,1039691,AWOS
2022-06-13 19:00:00,2022-06-16 19:00:00,CARROLL,HEAT,0.0,0.0,0,0,171237,1039690,AWOS
2022-06-13 19:00:00,2022-06-16 19:00:00,CHESTER,HEAT,0.0,0.0,0,0,171237,1039695,AWOS
2022-06-13 19:00:00,2022-06-16 19:00:00,CROCKETT,HEAT,0.0,0.0,0,0,171237,1039692,AWOS
2022-06-13 19:00:00,2022-06-16 19:00:00,DECATUR,HEAT,0.0,0.0,0,0,171237,1039694,AWOS
2022-06-13 19:00:00,2022-06-17 19:00:00,DYER,HEAT,0.0,0.0,0,0,171237,1039676,AWOS
2022-06-13 19:00:00,2022-06-17 19:00:00,FAYETTE,HEAT,0.0,0.0,0,0,171237,1039684,AWOS
2022-06-13 19:00:00,2022-06-17 19:00:00,GIBSON,HEAT,0.0,0.0,0,0,171237,1039679,AWOS
2022-06-13 19:00:00,2022-06-17 19:00:00,HARDEMAN,HEAT,0.0,0.0,0,0,171237,1039685,AWOS
2022-06-13 19:00:00,2022-06-17 19:00:00,HARDIN,HEAT,0.0,0.0,0,0,171237,1039687,AWOS
2022-06-13 19:00:00,2022-06-17 19:00:00,HAYWOOD,HEAT,0.0,0.0,0,0,171237,1039682,AWOS
2022-06-13 19:00:00,2022-06-16 19:00:00,HENDERSON,HEAT,0.0,0.0,0,0,171237,1039693,AWOS
2022-06-13 19:00:00,2022-06-16 19:00:00,HENRY,HEAT,0.0,0.0,0,0,171237,1039689,AWOS
2022-06-13 19:00:00,2022-06-17 19:00:00,LAUDERDALE,HEAT,0.0,0.0,0,0,171237,1039675,AWOS
2022-06-13 19:00:00,2022-06-16 19:00:00,MADISON,HEAT,0.0,0.0,0,0,171237,1039696,ASOS
2022-06-13 19:00:00,2022-06-17 19:00:00,MCNAIRY,HEAT,0.0,0.0,0,0,171237,1039686,AWOS
2022-06-13 19:00:00,2022-06-17 19:00:00,OBION,HEAT,0.0,0.0,0,0,171237,1039677,AWOS
2022-06-13 19:00:00,2022-06-17 19:00:00,SHELBY,HEAT,0.0,0.0,0,0,171237,1039688,ASOS
2022-06-13 19:00:00,2022-06-17 19:00:00,TIPTON,HEAT,0.0,0.0,0,0,171237,1039681,AWOS
2022-06-13 19:00:00,2022-06-17 19:00:00,WEAKLEY,HEAT,0.0,0.0,0,0,171237,1039678,AWOS
2022-06-15 11:00:00,2022-06-15 16:00:00,LINCOLN,HEAT,0.0,0.0,0,0,168723,1021592,AWOS
2022-06-15 13:00:00,2022-06-15 16:00:00,FRANKLIN,HEAT,0.0,0.0,0,0,168723,1021590,AWOS
2022-06-15 13:00:00,2022-06-15 16:00:00,MOORE,HEAT,0.0,0.0,0,0,168723,1021591,AWOS
2022-06-17 08:24:00,2022-06-17 08:24:00,MONTGOMERY,THUNDERSTORM WIND,0.0,0.0,0,0,171673,1043395,ASOS
2022-06-17 08:30:00,2022-06-17 08:30:00,MONTGOMERY,THUNDERSTORM WIND,10000.0,0.0,0,0,171673,1043396,Social Media
2022-06-17 08:45:00,2022-06-17 08:45:00,ROBERTSON,THUNDERSTORM WIND,15000.0,0.0,0,0,171673,1043407,Emergency Manager
2022-06-17 08:45:00,2022-06-17 08:45:00,ROBERTSON,THUNDERSTORM WIND,3000.0,0.0,0,0,171673,1043397,Storm Chaser
2022-06-17 08:50:00,2022-06-17 08:50:00,DICKSON,THUNDERSTORM WIND,15000.0,0.0,0,0,171673,1043398,Newspaper
2022-06-17 08:53:00,2022-06-17 08:53:00,CHEATHAM,THUNDERSTORM WIND,1000.0,0.0,0,0,171673,1043399,Social Media
2022-06-17 08:57:00,2022-06-17 08:57:00,DAVIDSON,THUNDERSTORM WIND,1000.0,0.0,0,0,171673,1043401,Social Media
2022-06-17 08:58:00,2022-06-17 08:58:00,ROBERTSON,THUNDERSTORM WIND,1000.0,0.0,0,0,171673,1043400,Social Media
2022-06-17 09:01:00,2022-06-17 09:01:00,DAVIDSON,THUNDERSTORM WIND,3000.0,0.0,0,0,171673,1043402,Social Media
2022-06-17 09:03:00,2022-06-17 09:03:00,SUMNER,THUNDERSTORM WIND,1000.0,0.0,0,0,171673,1043403,Public
2022-06-17 09:08:00,2022-06-17 09:08:00,DICKSON,THUNDERSTORM WIND,5000.0,0.0,0,1,171673,1043404,Fire Department/Rescue
2022-06-17 09:09:00,2022-06-17 09:09:00,DAVIDSON,THUNDERSTORM WIND,1000.0,0.0,0,0,171673,1043405,Social Media
2022-06-17 09:10:00,2022-06-17 09:10:00,DAVIDSON,HAIL,0.0,0.0,0,0,171673,1043406,Social Media
2022-06-17 09:15:00,2022-06-17 09:15:00,DAVIDSON,HAIL,0.0,0.0,0,0,171673,1043411,Public
2022-06-17 09:15:00,2022-06-17 09:15:00,DAVIDSON,THUNDERSTORM WIND,1000.0,0.0,0,0,171673,1043415,Social Media
2022-06-17 09:15:00,2022-06-17 09:15:00,WILLIAMSON,THUNDERSTORM WIND,15000.0,0.0,0,0,171673,1043408,Emergency Manager
2022-06-17 09:17:00,2022-06-17 09:17:00,DAVIDSON,THUNDERSTORM WIND,1000.0,0.0,0,0,171673,1043409,Social Media
2022-06-17 09:18:00,2022-06-17 09:18:00,DAVIDSON,THUNDERSTORM WIND,2000.0,0.0,0,0,171673,1043410,NWS Employee
2022-06-17 09:20:00,2022-06-17 09:20:00,DAVIDSON,THUNDERSTORM WIND,5000.0,0.0,0,0,171673,1043412,Public
2022-06-17 09:23:00,2022-06-17 09:23:00,DAVIDSON,THUNDERSTORM WIND,1000.0,0.0,0,0,171673,1043413,Public
2022-06-17 09:25:00,2022-06-17 09:25:00,WILLIAMSON,THUNDERSTORM WIND,3000.0,0.0,0,0,171673,1043414,Social Media
2022-06-17 09:28:00,2022-06-17 09:28:00,WILSON,THUNDERSTORM WIND,1000.0,0.0,0,0,171673,1043421,Mesonet
2022-06-17 09:30:00,2022-06-17 09:30:00,WILLIAMSON,THUNDERSTORM WIND,2000.0,0.0,0,0,171673,1043433,Mesonet
2022-06-17 09:30:00,2022-06-17 09:30:00,WILLIAMSON,THUNDERSTORM WIND,3000.0,0.0,0,0,171673,1043416,Amateur Radio
2022-06-17 09:37:00,2022-06-17 09:37:00,WILLIAMSON,THUNDERSTORM WIND,1000.0,0.0,0,0,171673,1043417,Social Media
2022-06-17 09:37:00,2022-06-17 09:37:00,WILSON,HAIL,0.0,0.0,0,0,171673,1043422,Mesonet
2022-06-17 09:38:00,2022-06-17 09:38:00,WILSON,HAIL,0.0,0.0,0,0,171673,1043418,Social Media
2022-06-17 09:40:00,2022-06-17 09:40:00,RUTHERFORD,THUNDERSTORM WIND,3000.0,0.0,0,0,171673,1043419,Social Media
2022-06-17 09:40:00,2022-06-17 09:40:00,WILSON,HAIL,0.0,0.0,0,0,171673,1043426,Mesonet
2022-06-17 09:42:00,2022-06-17 09:42:00,WILSON,HAIL,0.0,0.0,0,0,171673,1043420,NWS Employee
2022-06-17 09:44:00,2022-06-17 09:44:00,MAURY,THUNDERSTORM WIND,1000.0,0.0,0,0,171673,1043423,Public
2022-06-17 09:44:00,2022-06-17 09:44:00,MAURY,THUNDERSTORM WIND,0.0,0.0,0,0,171673,1043424,Broadcast Media
2022-06-17 09:53:00,2022-06-17 09:53:00,RUTHERFORD,THUNDERSTORM WIND,3000.0,0.0,0,0,171673,1043425,NWS Employee
2022-06-17 09:59:00,2022-06-17 09:59:00,RUTHERFORD,THUNDERSTORM WIND,0.0,0.0,0,0,171673,1043427,AWOS
2022-06-17 10:00:00,2022-06-17 10:00:00,RUTHERFORD,THUNDERSTORM WIND,5000.0,0.0,0,0,171673,1043428,Social Media
2022-06-17 10:17:00,2022-06-17 10:17:00,CANNON,THUNDERSTORM WIND,5000.0,0.0,0,0,171673,1043429,Trained Spotter
2022-06-17 10:45:00,2022-06-17 10:45:00,FENTRESS,THUNDERSTORM WIND,1000.0,0.0,0,0,171673,1043430,Public
2022-06-17 10:57:00,2022-06-17 10:57:00,COFFEE,THUNDERSTORM WIND,1000.0,0.0,0,0,171673,1043431,Mesonet
2022-06-17 11:13:00,2022-06-17 11:18:00,HARDIN,HAIL,0.0,0.0,0,0,169992,1030002,Broadcast Media
2022-06-17 12:14:00,2022-06-17 12:14:00,LINCOLN,THUNDERSTORM WIND,2000.0,0.0,0,0,168688,1027823,Emergency Manager
2022-06-17 13:00:00,2022-06-17 13:00:00,HAWKINS,THUNDERSTORM WIND,0.0,0.0,0,0,169636,1027214,Public
2022-06-17 13:10:00,2022-06-17 13:10:00,JEFFERSON,THUNDERSTORM WIND,0.0,0.0,0,0,169636,1027215,911 Call Center
2022-06-17 13:20:00,2022-06-17 13:20:00,RHEA,THUNDERSTORM WIND,0.0,0.0,0,0,169636,1027216,911 Call Center
2022-06-17 13:29:00,2022-06-17 13:29:00,UNICOI,THUNDERSTORM WIND,0.0,0.0,0,0,169636,1027217,Public
2022-06-17 13:30:00,2022-06-17 13:30:00,JEFFERSON,THUNDERSTORM WIND,0.0,0.0,0,0,169636,1027218,NWS Employee
2022-06-17 13:57:00,2022-06-17 13:57:00,MCMINN,HAIL,0.0,0.0,0,0,169636,1027213,Public
2022-06-17 14:05:00,2022-06-17 14:05:00,BLOUNT,THUNDERSTORM WIND,0.0,0.0,0,0,169636,1027219,911 Call Center
2022-06-17 14:05:00,2022-06-17 14:05:00,COCKE,THUNDERSTORM WIND,0.0,0.0,0,0,169636,1027220,Public
2022-06-17 14:30:00,2022-06-17 14:30:00,JOHNSON,THUNDERSTORM WIND,0.0,0.0,0,0,169636,1027221,Public
2022-06-17 14:30:00,2022-06-17 14:30:00,SULLIVAN,THUNDERSTORM WIND,0.0,0.0,0,0,169636,1027222,Trained Spotter
2022-06-17 15:09:00,2022-06-17 15:09:00,JOHNSON,THUNDERSTORM WIND,0.0,0.0,0,0,169636,1027224,Law Enforcement
2022-06-17 15:15:00,2022-06-17 15:15:00,JOHNSON,THUNDERSTORM WIND,0.0,0.0,0,0,169636,1027225,Law Enforcement
2022-06-21 10:00:00,2022-06-22 19:00:00,CROCKETT,HEAT,0.0,0.0,0,0,171284,1040007,AWOS
2022-06-21 10:00:00,2022-06-22 19:00:00,DYER,HEAT,0.0,0.0,0,0,171284,1040004,AWOS
2022-06-21 10:00:00,2022-06-22 19:00:00,FAYETTE,HEAT,0.0,0.0,0,0,171284,1040011,AWOS
2022-06-21 10:00:00,2022-06-22 19:00:00,GIBSON,HEAT,0.0,0.0,0,0,171284,1040005,AWOS
2022-06-21 10:00:00,2022-06-22 19:00:00,HAYWOOD,HEAT,0.0,0.0,0,0,171284,1040009,AWOS
2022-06-21 10:00:00,2022-06-22 19:00:00,LAUDERDALE,HEAT,0.0,0.0,0,0,171284,1040006,AWOS
2022-06-21 10:00:00,2022-06-22 19:00:00,OBION,HEAT,0.0,0.0,0,0,171284,1040002,AWOS
2022-06-21 10:00:00,2022-06-22 19:00:00,SHELBY,HEAT,0.0,0.0,0,0,171284,1040010,ASOS
2022-06-21 10:00:00,2022-06-22 19:00:00,TIPTON,HEAT,0.0,0.0,0,0,171284,1040008,AWOS
2022-06-21 10:00:00,2022-06-22 19:00:00,WEAKLEY,HEAT,0.0,0.0,0,0,171284,1040003,AWOS
2022-06-22 10:00:00,2022-06-22 19:00:00,LAKE,HEAT,0.0,0.0,0,0,171284,1040001,AWOS
2022-06-22 18:25:00,2022-06-22 18:25:00,OVERTON,THUNDERSTORM WIND,2000.0,0.0,0,0,171677,1042153,Public
2022-06-25 00:00:00,2022-06-30 23:59:00,CHEATHAM,DROUGHT,0.0,0.0,0,0,172995,1050557,Drought Monitor
2022-06-25 00:00:00,2022-06-30 23:59:00,DAVIDSON,DROUGHT,0.0,0.0,0,0,172995,1050558,Drought Monitor
2022-06-25 00:00:00,2022-06-30 23:59:00,DICKSON,DROUGHT,0.0,0.0,0,0,172995,1050556,Drought Monitor
2022-06-25 00:00:00,2022-06-30 23:59:00,GILES,DROUGHT,0.0,0.0,0,0,172995,1050567,Drought Monitor
2022-06-25 00:00:00,2022-06-30 23:59:00,HICKMAN,DROUGHT,0.0,0.0,0,0,172995,1050561,Drought Monitor
2022-06-25 00:00:00,2022-06-30 23:59:00,HOUSTON,DROUGHT,0.0,0.0,0,0,172995,1050554,Drought Monitor
2022-06-25 00:00:00,2022-06-30 23:59:00,HUMPHREYS,DROUGHT,0.0,0.0,0,0,172995,1050555,Drought Monitor
2022-06-25 00:00:00,2022-06-30 23:59:00,LAWRENCE,DROUGHT,0.0,0.0,0,0,172995,1050566,Drought Monitor
2022-06-25 00:00:00,2022-06-30 23:59:00,LEWIS,DROUGHT,0.0,0.0,0,0,172995,1050563,Drought Monitor
2022-06-25 00:00:00,2022-06-30 23:59:00,MARSHALL,DROUGHT,0.0,0.0,0,0,172995,1050568,Drought Monitor
2022-06-25 00:00:00,2022-06-30 23:59:00,MAURY,DROUGHT,0.0,0.0,0,0,172995,1050564,Drought Monitor
2022-06-25 00:00:00,2022-06-30 23:59:00,MONTGOMERY,DROUGHT,0.0,0.0,0,0,172995,1050551,Drought Monitor
2022-06-25 00:00:00,2022-06-30 23:59:00,PERRY,DROUGHT,0.0,0.0,0,0,172995,1050560,Drought Monitor
2022-06-25 00:00:00,2022-06-30 23:59:00,ROBERTSON,DROUGHT,0.0,0.0,0,0,172995,1050552,Drought Monitor
2022-06-25 00:00:00,2022-06-30 23:59:00,STEWART,DROUGHT,0.0,0.0,0,0,172995,1050550,Drought Monitor
2022-06-25 00:00:00,2022-06-30 23:59:00,SUMNER,DROUGHT,0.0,0.0,0,0,172995,1050553,Drought Monitor
2022-06-25 00:00:00,2022-06-30 23:59:00,WAYNE,DROUGHT,0.0,0.0,0,0,172995,1050565,Drought Monitor
2022-06-25 00:00:00,2022-06-30 23:59:00,WILLIAMSON,DROUGHT,0.0,0.0,0,0,172995,1050562,Drought Monitor
2022-06-25 00:00:00,2022-06-30 23:59:00,WILSON,DROUGHT,0.0,0.0,0,0,172995,1050559,Drought Monitor
2022-06-25 15:15:00,2022-06-25 15:15:00,JEFFERSON,THUNDERSTORM WIND,0.0,0.0,0,0,169642,1027257,Trained Spotter
2022-06-25 18:55:00,2022-06-25 18:55:00,OVERTON,THUNDERSTORM WIND,3000.0,0.0,0,0,171678,1042189,NWS Storm Survey
2022-06-25 19:05:00,2022-06-25 19:06:00,OVERTON,THUNDERSTORM WIND,1600.0,0.0,0,0,171678,1042188,NWS Employee
2022-06-26 10:00:00,2022-06-26 19:00:00,DECATUR,HEAT,0.0,0.0,0,0,171289,1040023,AWOS
2022-06-26 10:00:00,2022-06-26 19:00:00,HARDEMAN,HEAT,0.0,0.0,0,0,171289,1040021,AWOS
2022-06-26 10:00:00,2022-06-26 19:00:00,HARDIN,HEAT,0.0,0.0,0,0,171289,1040024,AWOS
2022-06-26 10:00:00,2022-06-26 19:00:00,MCNAIRY,HEAT,0.0,0.0,0,0,171289,1040022,AWOS
2022-06-26 12:12:00,2022-06-26 12:12:00,PERRY,THUNDERSTORM WIND,2000.0,0.0,0,0,171679,1042342,Social Media
2022-06-26 13:30:00,2022-06-26 13:40:00,BENTON,HAIL,0.0,0.0,0,0,169811,1028915,Public
2022-06-26 16:30:00,2022-06-26 16:30:00,LINCOLN,THUNDERSTORM WIND,5000.0,0.0,0,0,170709,1035720,Emergency Manager
2022-06-26 17:15:00,2022-06-26 17:15:00,CLAIBORNE,THUNDERSTORM WIND,0.0,0.0,0,0,169645,1027259,Department of Highways
2022-06-26 18:10:00,2022-06-26 18:10:00,CANNON,HAIL,0.0,0.0,0,0,171679,1042343,Social Media
2022-06-26 19:20:00,2022-06-26 19:20:00,MONROE,THUNDERSTORM WIND,0.0,0.0,0,0,169645,1027260,911 Call Center
2022-06-26 19:30:00,2022-06-26 19:30:00,MCMINN,THUNDERSTORM WIND,0.0,0.0,0,0,169645,1027261,911 Call Center
2022-07-01 00:00:00,2022-07-31 23:59:00,BEDFORD,DROUGHT,0.0,0.0,0,0,172990,1050442,Drought Monitor
2022-07-01 00:00:00,2022-07-31 23:59:00,CHEATHAM,DROUGHT,0.0,0.0,0,0,172990,1050428,Drought Monitor
2022-07-01 00:00:00,2022-07-31 23:59:00,COFFEE,DROUGHT,0.0,0.0,0,0,172990,1050443,Drought Monitor
2022-07-01 00:00:00,2022-07-31 23:59:00,DAVIDSON,DROUGHT,0.0,0.0,0,0,172990,1050429,Drought Monitor
2022-07-01 00:00:00,2022-07-31 23:59:00,DICKSON,DROUGHT,0.0,0.0,0,0,172990,1050427,Drought Monitor
2022-07-01 00:00:00,2022-07-31 23:59:00,FENTRESS,DROUGHT,0.0,0.0,0,0,172990,1050445,Drought Monitor
2022-07-01 00:00:00,2022-07-31 23:59:00,GILES,DROUGHT,0.0,0.0,0,0,172990,1050440,Drought Monitor
2022-07-01 00:00:00,2022-07-31 23:59:00,GRUNDY,DROUGHT,0.0,0.0,0,0,172990,1050444,Drought Monitor
2022-07-01 00:00:00,2022-07-31 23:59:00,HICKMAN,DROUGHT,0.0,0.0,0,0,172990,1050432,Drought Monitor
2022-07-01 00:00:00,2022-07-31 23:59:00,HOUSTON,DROUGHT,0.0,0.0,0,0,172990,1050425,Drought Monitor
2022-07-01 00:00:00,2022-07-31 23:59:00,HUMPHREYS,DROUGHT,0.0,0.0,0,0,172990,1050426,Drought Monitor
2022-07-01 00:00:00,2022-07-31 23:59:00,LAWRENCE,DROUGHT,0.0,0.0,0,0,172990,1050439,Drought Monitor
2022-07-01 00:00:00,2022-07-31 23:59:00,LEWIS,DROUGHT,0.0,0.0,0,0,172990,1050435,Drought Monitor
2022-07-01 00:00:00,2022-07-31 23:59:00,MARSHALL,DROUGHT,0.0,0.0,0,0,172990,1050441,Drought Monitor
2022-07-01 00:00:00,2022-07-31 23:59:00,MAURY,DROUGHT,0.0,0.0,0,0,172990,1050436,Drought Monitor
2022-07-01 00:00:00,2022-07-31 23:59:00,MONTGOMERY,DROUGHT,0.0,0.0,0,0,172990,1050422,Drought Monitor
2022-07-01 00:00:00,2022-07-31 23:59:00,PERRY,DROUGHT,0.0,0.0,0,0,172990,1050431,Drought Monitor
2022-07-01 00:00:00,2022-07-31 23:59:00,ROBERTSON,DROUGHT,0.0,0.0,0,0,172990,1050423,Drought Monitor
2022-07-01 00:00:00,2022-07-31 23:59:00,STEWART,DROUGHT,0.0,0.0,0,0,172990,1050421,Drought Monitor
2022-07-01 00:00:00,2022-07-31 23:59:00,SUMNER,DROUGHT,0.0,0.0,0,0,172990,1050424,Drought Monitor
2022-07-01 00:00:00,2022-07-31 23:59:00,WAYNE,DROUGHT,0.0,0.0,0,0,172990,1050438,Drought Monitor
2022-07-01 00:00:00,2022-07-31 23:59:00,WILLIAMSON,DROUGHT,0.0,0.0,0,0,172990,1050433,Drought Monitor
2022-07-01 00:00:00,2022-07-31 23:59:00,WILSON,DROUGHT,0.0,0.0,0,0,172990,1050430,Drought Monitor
2022-07-04 11:00:00,2022-07-05 11:00:00,BENTON,HEAT,0.0,0.0,0,0,172331,1046135,AWOS
2022-07-04 11:00:00,2022-07-05 11:00:00,CARROLL,HEAT,0.0,0.0,0,0,172331,1046134,AWOS
2022-07-04 11:00:00,2022-07-05 11:00:00,CHESTER,HEAT,0.0,0.0,0,0,172331,1046143,AWOS
2022-07-04 11:00:00,2022-07-05 11:00:00,CROCKETT,HEAT,0.0,0.0,0,0,172331,1046137,AWOS
2022-07-04 11:00:00,2022-07-05 11:00:00,DECATUR,HEAT,0.0,0.0,0,0,172331,1046142,AWOS
2022-07-04 11:00:00,2022-07-05 11:00:00,DYER,HEAT,0.0,0.0,0,0,172331,1046129,AWOS
2022-07-04 11:00:00,2022-07-05 11:00:00,FAYETTE,HEAT,0.0,0.0,0,0,172331,1046145,AWOS
2022-07-04 11:00:00,2022-07-05 11:00:00,GIBSON,HEAT,0.0,0.0,0,0,172331,1046132,AWOS
2022-07-04 11:00:00,2022-07-06 11:00:00,HARDEMAN,HEAT,0.0,0.0,0,0,172331,1046147,AWOS
2022-07-04 11:00:00,2022-07-05 11:00:00,HARDIN,HEAT,0.0,0.0,0,0,172331,1046146,AWOS
2022-07-04 11:00:00,2022-07-05 11:00:00,HAYWOOD,HEAT,0.0,0.0,0,0,172331,1046139,AWOS
2022-07-04 11:00:00,2022-07-05 11:00:00,HENDERSON,HEAT,0.0,0.0,0,0,172331,1046141,AWOS
2022-07-04 11:00:00,2022-07-05 11:00:00,HENRY,HEAT,0.0,0.0,0,0,172331,1046133,AWOS
2022-07-04 11:00:00,2022-07-05 11:00:00,LAKE,HEAT,0.0,0.0,0,0,172331,1046128,AWOS
2022-07-04 11:00:00,2022-07-05 11:00:00,LAUDERDALE,HEAT,0.0,0.0,0,0,172331,1046136,AWOS
2022-07-04 11:00:00,2022-07-05 11:00:00,MADISON,HEAT,0.0,0.0,0,0,172331,1046140,AWOS
2022-07-04 11:00:00,2022-07-06 11:00:00,MCNAIRY,HEAT,0.0,0.0,0,0,172331,1046148,AWOS
2022-07-04 11:00:00,2022-07-05 11:00:00,OBION,HEAT,0.0,0.0,0,0,172331,1046130,AWOS
2022-07-04 11:00:00,2022-07-05 11:00:00,SHELBY,HEAT,0.0,0.0,0,0,172331,1046144,AWOS
2022-07-04 11:00:00,2022-07-05 11:00:00,TIPTON,HEAT,0.0,0.0,0,0,172331,1046138,AWOS
2022-07-04 11:00:00,2022-07-05 11:00:00,WEAKLEY,HEAT,0.0,0.0,0,0,172331,1046131,AWOS
2022-07-05 06:00:00,2022-07-31 23:59:00,CHESTER,DROUGHT,0.0,0.0,0,0,172640,1048013,Drought Monitor
2022-07-05 06:00:00,2022-07-31 23:59:00,HARDIN,DROUGHT,0.0,0.0,0,0,172640,1048014,Drought Monitor
2022-07-05 06:00:00,2022-07-31 23:59:00,MCNAIRY,DROUGHT,0.0,0.0,0,0,172640,1048015,Drought Monitor
2022-07-05 11:00:00,2022-07-08 19:00:00,BENTON,EXCESSIVE HEAT,0.0,0.0,0,0,172331,1047043,AWOS
2022-07-05 11:00:00,2022-07-08 19:00:00,CARROLL,EXCESSIVE HEAT,0.0,0.0,0,0,172331,1047042,AWOS
2022-07-05 11:00:00,2022-07-08 19:00:00,CHESTER,EXCESSIVE HEAT,0.0,0.0,0,0,172331,1047046,AWOS
2022-07-05 11:00:00,2022-07-08 19:00:00,CROCKETT,EXCESSIVE HEAT,0.0,0.0,0,0,172331,1047040,AWOS
2022-07-05 11:00:00,2022-07-08 19:00:00,DECATUR,EXCESSIVE HEAT,0.0,0.0,0,0,172331,1047045,AWOS
2022-07-05 11:00:00,2022-07-08 19:00:00,DYER,EXCESSIVE HEAT,0.0,0.0,0,0,172331,1047038,AWOS
2022-07-05 11:00:00,2022-07-09 19:00:00,FAYETTE,EXCESSIVE HEAT,0.0,0.0,0,0,172331,1047029,ASOS
2022-07-05 11:00:00,2022-07-08 19:00:00,GIBSON,EXCESSIVE HEAT,0.0,0.0,0,0,172331,1047039,AWOS
2022-07-05 11:00:00,2022-07-09 19:00:00,HARDIN,EXCESSIVE HEAT,0.0,0.0,0,0,172331,1047030,AWOS
2022-07-05 11:00:00,2022-07-09 19:00:00,HAYWOOD,EXCESSIVE HEAT,0.0,0.0,0,0,172331,1047033,ASOS
2022-07-05 11:00:00,2022-07-08 19:00:00,HENDERSON,EXCESSIVE HEAT,0.0,0.0,0,0,172331,1047044,AWOS
2022-07-05 11:00:00,2022-07-08 19:00:00,HENRY,EXCESSIVE HEAT,0.0,0.0,0,0,172331,1047037,AWOS
2022-07-05 11:00:00,2022-07-08 19:00:00,LAKE,EXCESSIVE HEAT,0.0,0.0,0,0,172331,1047034,AWOS
2022-07-05 11:00:00,2022-07-08 19:00:00,LAUDERDALE,EXCESSIVE HEAT,0.0,0.0,0,0,172331,1047041,AWOS
2022-07-05 11:00:00,2022-07-08 19:00:00,MADISON,EXCESSIVE HEAT,0.0,0.0,0,0,172331,1047047,ASOS
2022-07-05 11:00:00,2022-07-08 19:00:00,OBION,EXCESSIVE HEAT,0.0,0.0,0,0,172331,1047035,AWOS
2022-07-05 11:00:00,2022-07-09 19:00:00,SHELBY,EXCESSIVE HEAT,0.0,0.0,0,0,172331,1047027,ASOS
2022-07-05 11:00:00,2022-07-09 19:00:00,TIPTON,EXCESSIVE HEAT,0.0,0.0,0,0,172331,1047028,ASOS
2022-07-05 11:00:00,2022-07-08 19:00:00,WEAKLEY,EXCESSIVE HEAT,0.0,0.0,0,0,172331,1047036,AWOS
2022-07-05 14:00:00,2022-07-07 14:00:00,LINCOLN,HEAT,0.0,0.0,0,0,171054,1038227,AWOS
2022-07-05 16:07:00,2022-07-05 16:07:00,SULLIVAN,THUNDERSTORM WIND,0.0,0.0,0,0,172544,1047413,Public
2022-07-05 16:30:00,2022-07-05 16:30:00,CARTER,THUNDERSTORM WIND,0.0,0.0,0,0,172544,1047414,Law Enforcement
2022-07-05 16:32:00,2022-07-05 16:32:00,HAWKINS,THUNDERSTORM WIND,0.0,0.0,0,0,172544,1047415,Trained Spotter
2022-07-05 16:35:00,2022-07-05 16:35:00,HAWKINS,HAIL,0.0,0.0,0,0,172544,1047421,Public
2022-07-05 17:25:00,2022-07-05 17:25:00,SUMNER,THUNDERSTORM WIND,10000.0,0.0,0,0,172981,1050447,Social Media
2022-07-05 18:10:00,2022-07-05 18:10:00,CAMPBELL,THUNDERSTORM WIND,0.0,0.0,0,0,172544,1047416,Department of Highways
2022-07-05 18:15:00,2022-07-05 18:15:00,SCOTT,THUNDERSTORM WIND,0.0,0.0,0,0,172544,1047417,Law Enforcement
2022-07-05 18:15:00,2022-07-05 18:15:00,SCOTT,THUNDERSTORM WIND,0.0,0.0,0,0,172544,1047418,Law Enforcement
2022-07-05 19:10:00,2022-07-05 19:10:00,KNOX,THUNDERSTORM WIND,0.0,0.0,0,0,172544,1047419,State Official
2022-07-05 19:15:00,2022-07-05 19:15:00,KNOX,THUNDERSTORM WIND,0.0,0.0,0,0,172544,1047420,State Official
2022-07-06 11:00:00,2022-07-09 19:00:00,HARDEMAN,EXCESSIVE HEAT,0.0,0.0,0,0,172331,1047031,AWOS
2022-07-06 11:00:00,2022-07-09 19:00:00,MCNAIRY,EXCESSIVE HEAT,0.0,0.0,0,0,172331,1047032,AWOS
2022-07-06 12:00:00,2022-07-08 16:00:00,MOORE,HEAT,0.0,0.0,0,0,171054,1038228,AWOS
2022-07-06 12:00:00,2022-07-09 17:00:00,MOORE,HEAT,0.0,0.0,0,0,171054,1038230,AWOS
2022-07-06 13:39:00,2022-07-06 13:39:00,UNION,THUNDERSTORM WIND,0.0,0.0,0,0,172546,1047422,State Official
2022-07-06 14:05:00,2022-07-06 14:05:00,CLAIBORNE,THUNDERSTORM WIND,0.0,0.0,0,0,172546,1047423,Public
2022-07-06 14:05:00,2022-07-06 14:05:00,UNION,THUNDERSTORM WIND,0.0,0.0,0,0,172546,1047424,State Official
2022-07-06 14:14:00,2022-07-06 14:14:00,PUTNAM,THUNDERSTORM WIND,3000.0,0.0,0,0,172982,1050448,Emergency Manager
2022-07-06 15:02:00,2022-07-06 15:02:00,HAWKINS,THUNDERSTORM WIND,0.0,0.0,0,0,172546,1047425,State Official
2022-07-06 16:40:00,2022-07-06 16:40:00,MORGAN,THUNDERSTORM WIND,0.0,0.0,0,0,172546,1047426,State Official
2022-07-06 17:30:00,2022-07-06 17:30:00,ROANE,THUNDERSTORM WIND,0.0,0.0,0,0,172546,1047428,State Official
2022-07-06 18:45:00,2022-07-06 18:45:00,MONROE,THUNDERSTORM WIND,0.0,0.0,0,0,172546,1047429,State Official
2022-07-07 11:15:00,2022-07-07 11:15:00,SUMNER,THUNDERSTORM WIND,1000.0,0.0,0,0,172983,1050456,Broadcast Media
2022-07-07 12:00:00,2022-07-07 12:00:00,MARION,THUNDERSTORM WIND,0.0,0.0,0,0,172551,1047432,911 Call Center
2022-07-07 12:45:00,2022-07-07 12:45:00,WILLIAMSON,THUNDERSTORM WIND,2000.0,0.0,0,0,172983,1050457,Social Media
2022-07-07 12:45:00,2022-07-07 12:45:00,WILSON,THUNDERSTORM WIND,1000.0,0.0,0,0,172983,1050458,Social Media
2022-07-07 13:20:00,2022-07-07 13:20:00,ROBERTSON,HAIL,0.0,0.0,0,0,172983,1050459,Social Media
2022-07-07 13:20:00,2022-07-07 13:20:00,ROBERTSON,THUNDERSTORM WIND,2000.0,0.0,0,0,172983,1050460,Social Media
2022-07-07 13:40:00,2022-07-07 13:40:00,SUMNER,HAIL,0.0,0.0,0,0,172983,1050461,Social Media
2022-07-07 13:41:00,2022-07-07 13:41:00,SUMNER,THUNDERSTORM WIND,1000.0,0.0,0,0,172983,1050462,Public
2022-07-07 13:45:00,2022-07-07 13:45:00,WILLIAMSON,HAIL,0.0,0.0,0,0,172983,1050463,Trained Spotter
2022-07-07 14:00:00,2022-07-07 16:00:00,LINCOLN,EXCESSIVE HEAT,0.0,0.0,0,0,171054,1038231,AWOS
2022-07-07 14:05:00,2022-07-07 14:05:00,JACKSON,THUNDERSTORM WIND,3000.0,0.0,0,0,172983,1050464,Emergency Manager
2022-07-07 14:28:00,2022-07-07 14:28:00,PUTNAM,THUNDERSTORM WIND,3000.0,0.0,0,0,172983,1050466,Social Media
2022-07-07 14:30:00,2022-07-07 14:30:00,OVERTON,THUNDERSTORM WIND,3000.0,0.0,0,0,172983,1050469,Emergency Manager
2022-07-07 14:30:00,2022-07-07 14:30:00,PUTNAM,THUNDERSTORM WIND,2000.0,0.0,0,0,172983,1050465,Social Media
2022-07-07 14:30:00,2022-07-07 14:30:00,WARREN,THUNDERSTORM WIND,3000.0,0.0,0,0,172983,1050467,Public
2022-07-07 14:30:00,2022-07-07 14:30:00,WHITE,THUNDERSTORM WIND,2000.0,0.0,0,0,172983,1050468,Emergency Manager
2022-07-07 14:50:00,2022-07-07 14:50:00,PUTNAM,THUNDERSTORM WIND,1000.0,0.0,0,0,172983,1050470,Social Media
2022-07-07 14:50:00,2022-07-07 14:50:00,WARREN,THUNDERSTORM WIND,25000.0,0.0,0,0,172983,1050471,911 Call Center
2022-07-07 15:00:00,2022-07-07 15:00:00,WARREN,THUNDERSTORM WIND,2000.0,0.0,0,0,172983,1050472,Social Media
2022-07-07 15:24:00,2022-07-07 15:24:00,BEDFORD,THUNDERSTORM WIND,1000.0,0.0,0,0,172983,1050473,Social Media
2022-07-07 15:30:00,2022-07-07 15:30:00,BEDFORD,THUNDERSTORM WIND,1000.0,0.0,0,0,172983,1050474,Social Media
2022-07-07 15:30:00,2022-07-07 15:30:00,BEDFORD,THUNDERSTORM WIND,2000.0,0.0,0,0,172983,1050475,Social Media
2022-07-07 15:35:00,2022-07-07 15:35:00,BEDFORD,THUNDERSTORM WIND,20000.0,0.0,0,0,172983,1050476,Social Media
2022-07-07 15:40:00,2022-07-07 15:40:00,BEDFORD,THUNDERSTORM WIND,1000.0,0.0,0,0,172983,1050477,Social Media
2022-07-07 16:00:00,2022-07-08 17:00:00,LINCOLN,HEAT,0.0,0.0,0,0,171054,1038229,AWOS
2022-07-07 19:15:00,2022-07-07 19:15:00,BLOUNT,THUNDERSTORM WIND,0.0,0.0,0,0,172551,1047433,911 Call Center
2022-07-08 14:57:00,2022-07-08 14:57:00,OVERTON,THUNDERSTORM WIND,1000.0,0.0,0,0,172984,1050449,Social Media
2022-07-08 14:59:00,2022-07-08 14:59:00,OVERTON,THUNDERSTORM WIND,2000.0,0.0,0,0,172984,1050450,Social Media
2022-07-08 15:15:00,2022-07-08 15:15:00,WHITE,THUNDERSTORM WIND,1000.0,0.0,0,0,172984,1050451,Social Media
2022-07-08 15:18:00,2022-07-08 15:18:00,WHITE,THUNDERSTORM WIND,3000.0,0.0,0,0,172984,1050452,Social Media
2022-07-08 16:05:00,2022-07-08 16:05:00,KNOX,THUNDERSTORM WIND,0.0,0.0,0,0,172553,1047436,Broadcast Media
2022-07-08 16:40:00,2022-07-08 16:40:00,MARION,THUNDERSTORM WIND,0.0,0.0,0,0,172553,1047438,911 Call Center
2022-07-08 16:45:00,2022-07-08 16:45:00,HAMBLEN,THUNDERSTORM WIND,0.0,0.0,0,0,172553,1047437,911 Call Center
2022-07-08 19:00:00,2022-07-09 19:00:00,BENTON,HEAT,0.0,0.0,0,0,172331,1047057,AWOS
2022-07-08 19:00:00,2022-07-09 19:00:00,CARROLL,HEAT,0.0,0.0,0,0,172331,1047056,AWOS
2022-07-08 19:00:00,2022-07-09 19:00:00,CHESTER,HEAT,0.0,0.0,0,0,172331,1047060,AWOS
2022-07-08 19:00:00,2022-07-09 19:00:00,CROCKETT,HEAT,0.0,0.0,0,0,172331,1047055,AWOS
2022-07-08 19:00:00,2022-07-09 19:00:00,DECATUR,HEAT,0.0,0.0,0,0,172331,1047059,AWOS
2022-07-08 19:00:00,2022-07-09 19:00:00,DYER,HEAT,0.0,0.0,0,0,172331,1047053,AWOS
2022-07-08 19:00:00,2022-07-09 19:00:00,GIBSON,HEAT,0.0,0.0,0,0,172331,1047054,AWOS
2022-07-08 19:00:00,2022-07-09 19:00:00,HENDERSON,HEAT,0.0,0.0,0,0,172331,1047058,AWOS
2022-07-08 19:00:00,2022-07-09 19:00:00,HENRY,HEAT,0.0,0.0,0,0,172331,1047052,AWOS
2022-07-08 19:00:00,2022-07-09 19:00:00,LAKE,HEAT,0.0,0.0,0,0,172331,1047049,AWOS
2022-07-08 19:00:00,2022-07-09 19:00:00,LAUDERDALE,HEAT,0.0,0.0,0,0,172331,1047062,AWOS
2022-07-08 19:00:00,2022-07-09 19:00:00,MADISON,HEAT,0.0,0.0,0,0,172331,1047061,ASOS
2022-07-08 19:00:00,2022-07-09 19:00:00,OBION,HEAT,0.0,0.0,0,0,172331,1047050,AWOS
2022-07-08 19:00:00,2022-07-09 19:00:00,WEAKLEY,HEAT,0.0,0.0,0,0,172331,1047051,AWOS
2022-07-09 00:05:00,2022-07-09 00:10:00,OBION,THUNDERSTORM WIND,15000.0,0.0,0,0,172077,1044656,Social Media
2022-07-09 02:00:00,2022-07-09 02:00:00,WILSON,THUNDERSTORM WIND,3000.0,0.0,0,0,172984,1050453,NWS Employee
2022-07-09 21:15:00,2022-07-09 22:40:00,CAMPBELL,FLASH FLOOD,0.0,0.0,0,0,172786,1049090,911 Call Center
2022-07-09 21:47:00,2022-07-09 23:15:00,CLAIBORNE,FLASH FLOOD,0.0,0.0,0,0,172786,1049091,911 Call Center
2022-07-12 15:08:00,2022-07-12 15:08:00,SUMNER,HAIL,0.0,0.0,0,0,172986,1050518,Social Media
2022-07-12 15:57:00,2022-07-12 15:57:00,JACKSON,THUNDERSTORM WIND,5000.0,0.0,0,0,172986,1050519,Social Media
2022-07-12 16:02:00,2022-07-12 16:02:00,MACON,THUNDERSTORM WIND,5000.0,0.0,0,0,172986,1050520,Social Media
2022-07-12 16:25:00,2022-07-12 16:25:00,SMITH,THUNDERSTORM WIND,5000.0,0.0,0,0,172986,1050522,Emergency Manager
2022-07-12 16:35:00,2022-07-12 16:35:00,JACKSON,THUNDERSTORM WIND,3000.0,0.0,0,0,172986,1050521,Social Media
2022-07-12 16:58:00,2022-07-12 16:58:00,PUTNAM,HAIL,0.0,0.0,0,0,172986,1050523,Public
2022-07-12 16:59:00,2022-07-12 16:59:00,PUTNAM,THUNDERSTORM WIND,3000.0,0.0,0,0,172986,1050524,Social Media
2022-07-12 17:28:00,2022-07-12 17:28:00,WILLIAMSON,HAIL,0.0,0.0,0,0,172986,1050525,Amateur Radio
2022-07-12 17:30:00,2022-07-12 17:30:00,CAMPBELL,THUNDERSTORM WIND,0.0,0.0,0,0,172556,1047443,911 Call Center
2022-07-12 17:35:00,2022-07-12 17:35:00,WILLIAMSON,HAIL,0.0,0.0,0,0,172986,1050527,Social Media
2022-07-12 17:35:00,2022-07-12 17:35:00,WILLIAMSON,THUNDERSTORM WIND,2000.0,0.0,0,0,172986,1050528,Social Media
2022-07-12 17:45:00,2022-07-12 17:45:00,RUTHERFORD,HAIL,0.0,0.0,0,0,172986,1050526,Public
2022-07-12 17:50:00,2022-07-12 17:50:00,RUTHERFORD,HAIL,0.0,0.0,0,0,172986,1050529,Amateur Radio
2022-07-12 17:50:00,2022-07-12 17:50:00,RUTHERFORD,HAIL,0.0,0.0,0,0,172986,1050531,Social Media
2022-07-12 17:50:00,2022-07-12 17:50:00,RUTHERFORD,THUNDERSTORM WIND,3000.0,0.0,0,0,172986,1050530,Amateur Radio
2022-07-12 17:55:00,2022-07-12 17:55:00,CLAIBORNE,THUNDERSTORM WIND,0.0,0.0,0,0,172556,1047444,911 Call Center
2022-07-12 18:02:00,2022-07-12 18:02:00,CANNON,HAIL,0.0,0.0,0,0,172986,1050532,Social Media
2022-07-12 18:27:00,2022-07-12 18:27:00,RUTHERFORD,THUNDERSTORM WIND,3000.0,0.0,0,0,172986,1050533,Social Media
2022-07-12 18:36:00,2022-07-12 18:36:00,RUTHERFORD,THUNDERSTORM WIND,3000.0,0.0,0,0,172986,1050534,Emergency Manager
2022-07-12 18:40:00,2022-07-12 18:40:00,UNION,THUNDERSTORM WIND,0.0,0.0,0,0,172556,1047445,911 Call Center
2022-07-12 18:42:00,2022-07-12 18:42:00,WILLIAMSON,HAIL,0.0,0.0,0,0,172986,1050535,Social Media
2022-07-12 18:48:00,2022-07-12 18:48:00,MARSHALL,HAIL,0.0,0.0,0,0,172986,1050537,Social Media
2022-07-12 18:52:00,2022-07-12 18:52:00,BEDFORD,HAIL,0.0,0.0,0,0,172986,1050536,Social Media
2022-07-12 18:55:00,2022-07-12 18:55:00,ANDERSON,THUNDERSTORM WIND,0.0,0.0,0,0,172556,1047446,State Official
2022-07-12 18:55:00,2022-07-12 18:55:00,UNION,THUNDERSTORM WIND,0.0,0.0,0,0,172556,1047447,911 Call Center
2022-07-12 19:19:00,2022-07-12 19:19:00,MARSHALL,HAIL,0.0,0.0,0,0,172986,1050538,Social Media
2022-07-12 19:25:00,2022-07-12 19:25:00,MARSHALL,HAIL,0.0,0.0,0,0,172986,1050539,Social Media
2022-07-12 19:40:00,2022-07-12 19:40:00,KNOX,THUNDERSTORM WIND,0.0,0.0,0,0,172556,1047449,911 Call Center
2022-07-12 19:42:00,2022-07-12 19:42:00,BEDFORD,THUNDERSTORM WIND,1000.0,0.0,0,0,172986,1050540,Social Media
2022-07-12 20:03:00,2022-07-12 20:03:00,BLOUNT,THUNDERSTORM WIND,0.0,0.0,0,0,172556,1047450,911 Call Center
2022-07-12 20:12:00,2022-07-12 20:12:00,WILLIAMSON,HAIL,0.0,0.0,0,0,172986,1050541,Social Media
2022-07-12 20:41:00,2022-07-12 20:41:00,BEDFORD,FLASH FLOOD,0.0,0.0,0,0,172986,1050542,Emergency Manager
2022-07-12 20:45:00,2022-07-12 20:45:00,GILES,THUNDERSTORM WIND,20000.0,0.0,0,0,172986,1050544,Social Media
2022-07-12 20:45:00,2022-07-12 20:45:00,MARSHALL,THUNDERSTORM WIND,3000.0,0.0,0,0,172986,1050543,Social Media
2022-07-12 21:18:00,2022-07-12 21:18:00,LINCOLN,THUNDERSTORM WIND,1000.0,0.0,0,0,171156,1038985,Emergency Manager
2022-07-12 21:48:00,2022-07-12 21:48:00,LINCOLN,THUNDERSTORM WIND,1000.0,0.0,0,0,171156,1038987,Emergency Manager
2022-07-12 21:58:00,2022-07-12 21:58:00,LAWRENCE,THUNDERSTORM WIND,3000.0,0.0,0,0,172986,1050545,Social Media
2022-07-12 22:00:00,2022-07-12 23:30:00,SEVIER,FLASH FLOOD,250000.0,0.0,0,0,172556,1049085,Law Enforcement
2022-07-12 22:05:00,2022-07-12 22:05:00,LAWRENCE,THUNDERSTORM WIND,3000.0,0.0,0,0,172986,1050546,Broadcast Media
2022-07-12 22:08:00,2022-07-12 22:08:00,GILES,FLASH FLOOD,0.0,0.0,0,0,172986,1050547,Emergency Manager
2022-07-12 22:15:00,2022-07-12 22:15:00,MARSHALL,FLASH FLOOD,0.0,0.0,0,0,172986,1050548,Social Media
2022-07-12 23:20:00,2022-07-12 23:20:00,LAWRENCE,FLASH FLOOD,0.0,0.0,0,0,172986,1050549,Emergency Manager
2022-07-17 11:00:00,2022-07-17 19:00:00,CROCKETT,HEAT,0.0,0.0,0,0,172510,1047113,AWOS
2022-07-17 11:00:00,2022-07-17 19:00:00,DYER,HEAT,0.0,0.0,0,0,172510,1047114,AWOS
2022-07-17 11:00:00,2022-07-17 19:00:00,FAYETTE,HEAT,0.0,0.0,0,0,172510,1047109,AWOS
2022-07-17 11:00:00,2022-07-17 19:00:00,GIBSON,HEAT,0.0,0.0,0,0,172510,1047115,AWOS
2022-07-17 11:00:00,2022-07-17 19:00:00,HAYWOOD,HEAT,0.0,0.0,0,0,172510,1047111,AWOS
2022-07-17 11:00:00,2022-07-17 19:00:00,LAKE,HEAT,0.0,0.0,0,0,172510,1047117,AWOS
2022-07-17 11:00:00,2022-07-17 19:00:00,LAUDERDALE,HEAT,0.0,0.0,0,0,172510,1047112,AWOS
2022-07-17 11:00:00,2022-07-17 19:00:00,OBION,HEAT,0.0,0.0,0,0,172510,1047116,AWOS
2022-07-17 11:00:00,2022-07-17 19:00:00,SHELBY,HEAT,0.0,0.0,0,0,172510,1047108,ASOS
2022-07-17 11:00:00,2022-07-17 19:00:00,TIPTON,HEAT,0.0,0.0,0,0,172510,1047110,AWOS
2022-07-18 13:45:00,2022-07-18 13:45:00,KNOX,THUNDERSTORM WIND,0.0,0.0,0,0,172557,1047452,Law Enforcement
2022-07-18 17:05:00,2022-07-18 17:05:00,SULLIVAN,THUNDERSTORM WIND,0.0,0.0,0,0,172557,1047453,Law Enforcement
2022-07-18 17:40:00,2022-07-18 17:40:00,JOHNSON,THUNDERSTORM WIND,0.0,0.0,0,0,172557,1047454,Law Enforcement
2022-07-19 11:00:00,2022-07-20 11:00:00,CROCKETT,HEAT,0.0,0.0,0,0,172510,1047275,AWOS
2022-07-19 11:00:00,2022-07-20 11:00:00,DYER,HEAT,0.0,0.0,0,0,172510,1047273,AWOS
2022-07-19 11:00:00,2022-07-20 11:00:00,FAYETTE,HEAT,0.0,0.0,0,0,172510,1047280,AWOS
2022-07-19 11:00:00,2022-07-20 11:00:00,GIBSON,HEAT,0.0,0.0,0,0,172510,1047274,AWOS
2022-07-19 11:00:00,2022-07-20 11:00:00,HAYWOOD,HEAT,0.0,0.0,0,0,172510,1047277,AWOS
2022-07-19 11:00:00,2022-07-20 11:00:00,LAKE,HEAT,0.0,0.0,0,0,172510,1047270,AWOS
2022-07-19 11:00:00,2022-07-20 11:00:00,LAUDERDALE,HEAT,0.0,0.0,0,0,172510,1047276,AWOS
2022-07-19 11:00:00,2022-07-20 11:00:00,OBION,HEAT,0.0,0.0,0,0,172510,1047271,AWOS
2022-07-19 11:00:00,2022-07-20 11:00:00,SHELBY,HEAT,0.0,0.0,0,0,172510,1047279,AWOS
2022-07-19 11:00:00,2022-07-20 11:00:00,TIPTON,HEAT,0.0,0.0,0,0,172510,1047278,AWOS
2022-07-19 11:00:00,2022-07-20 11:00:00,WEAKLEY,HEAT,0.0,0.0,0,0,172510,1047272,AWOS
2022-07-20 06:00:00,2022-07-21 06:00:00,KNOX,HEAVY RAIN,0.0,0.0,0,0,172787,1049121,CoCoRaHS
2022-07-20 07:30:00,2022-07-21 07:30:00,KNOX,HEAVY RAIN,0.0,0.0,0,0,172787,1049123,Mesonet
2022-07-20 08:05:00,2022-07-21 08:05:00,KNOX,HEAVY RAIN,0.0,0.0,0,0,172787,1049124,Mesonet
2022-07-20 08:10:00,2022-07-21 08:10:00,KNOX,HEAVY RAIN,0.0,0.0,0,0,172787,1049127,Mesonet
2022-07-20 11:00:00,2022-07-20 19:00:00,BENTON,EXCESSIVE HEAT,0.0,0.0,0,0,172510,1047300,AWOS
2022-07-20 11:00:00,2022-07-20 19:00:00,CARROLL,EXCESSIVE HEAT,0.0,0.0,0,0,172510,1047299,AWOS
2022-07-20 11:00:00,2022-07-20 19:00:00,CHESTER,EXCESSIVE HEAT,0.0,0.0,0,0,172510,1047306,AWOS
2022-07-20 11:00:00,2022-07-20 19:00:00,CROCKETT,EXCESSIVE HEAT,0.0,0.0,0,0,172510,1047298,AWOS
2022-07-20 11:00:00,2022-07-20 19:00:00,DECATUR,EXCESSIVE HEAT,0.0,0.0,0,0,172510,1047308,AWOS
2022-07-20 11:00:00,2022-07-20 19:00:00,DYER,EXCESSIVE HEAT,0.0,0.0,0,0,172510,1047296,AWOS
2022-07-20 11:00:00,2022-07-21 19:00:00,FAYETTE,EXCESSIVE HEAT,0.0,0.0,0,0,172510,1047311,AWOS
2022-07-20 11:00:00,2022-07-20 19:00:00,GIBSON,EXCESSIVE HEAT,0.0,0.0,0,0,172510,1047297,AWOS
2022-07-20 11:00:00,2022-07-20 19:00:00,HARDEMAN,EXCESSIVE HEAT,0.0,0.0,0,0,172510,1047304,AWOS
2022-07-20 11:00:00,2022-07-21 19:00:00,HARDIN,EXCESSIVE HEAT,0.0,0.0,0,0,172510,1047312,AWOS
2022-07-20 11:00:00,2022-07-20 19:00:00,HAYWOOD,EXCESSIVE HEAT,0.0,0.0,0,0,172510,1047303,AWOS
2022-07-20 11:00:00,2022-07-20 19:00:00,HENDERSON,EXCESSIVE HEAT,0.0,0.0,0,0,172510,1047307,AWOS
2022-07-20 11:00:00,2022-07-20 19:00:00,HENRY,EXCESSIVE HEAT,0.0,0.0,0,0,172510,1047295,AWOS
2022-07-20 11:00:00,2022-07-20 19:00:00,LAKE,EXCESSIVE HEAT,0.0,0.0,0,0,172510,1047292,AWOS
2022-07-20 11:00:00,2022-07-20 19:00:00,LAUDERDALE,EXCESSIVE HEAT,0.0,0.0,0,0,172510,1047301,AWOS
2022-07-20 11:00:00,2022-07-20 19:00:00,MADISON,EXCESSIVE HEAT,0.0,0.0,0,0,172510,1047309,ASOS
2022-07-20 11:00:00,2022-07-20 19:00:00,MCNAIRY,EXCESSIVE HEAT,0.0,0.0,0,0,172510,1047305,AWOS
2022-07-20 11:00:00,2022-07-20 19:00:00,OBION,EXCESSIVE HEAT,0.0,0.0,0,0,172510,1047293,AWOS
2022-07-20 11:00:00,2022-07-21 19:00:00,SHELBY,EXCESSIVE HEAT,0.0,0.0,0,0,172510,1047310,ASOS
2022-07-20 11:00:00,2022-07-20 19:00:00,TIPTON,EXCESSIVE HEAT,0.0,0.0,0,0,172510,1047302,AWOS
2022-07-20 11:00:00,2022-07-20 19:00:00,WEAKLEY,EXCESSIVE HEAT,0.0,0.0,0,0,172510,1047294,AWOS
2022-07-20 12:00:00,2022-07-21 17:00:00,FRANKLIN,HEAT,0.0,0.0,0,0,170003,1038233,AWOS
2022-07-20 12:00:00,2022-07-20 17:00:00,LINCOLN,EXCESSIVE HEAT,0.0,0.0,0,0,170003,1038235,AWOS
2022-07-20 12:00:00,2022-07-21 17:00:00,MOORE,HEAT,0.0,0.0,0,0,170003,1038234,AWOS
2022-07-20 17:00:00,2022-07-21 17:00:00,LINCOLN,HEAT,0.0,0.0,0,0,170003,1038236,AWOS
2022-07-20 19:00:00,2022-07-21 19:00:00,CHESTER,HEAT,0.0,0.0,0,0,172510,1047335,AWOS
2022-07-20 19:00:00,2022-07-21 19:00:00,DECATUR,HEAT,0.0,0.0,0,0,172510,1047333,AWOS
2022-07-20 19:00:00,2022-07-21 19:00:00,HARDEMAN,HEAT,0.0,0.0,0,0,172510,1047336,AWOS
2022-07-20 19:00:00,2022-07-21 19:00:00,HENDERSON,HEAT,0.0,0.0,0,0,172510,1047334,AWOS
2022-07-20 19:00:00,2022-07-21 19:00:00,MCNAIRY,HEAT,0.0,0.0,0,0,172510,1047337,AWOS
2022-07-20 21:30:00,2022-07-20 22:30:00,ANDERSON,FLASH FLOOD,0.0,0.0,0,0,172787,1049100,Public
2022-07-20 21:45:00,2022-07-20 23:15:00,ANDERSON,FLASH FLOOD,0.0,0.0,0,0,172787,1049104,911 Call Center
2022-07-20 23:17:00,2022-07-21 00:45:00,KNOX,FLASH FLOOD,0.0,0.0,0,0,172787,1049110,Law Enforcement
2022-07-20 23:34:00,2022-07-21 01:00:00,KNOX,FLASH FLOOD,1000.0,0.0,0,0,172787,1049111,Law Enforcement
2022-07-20 23:45:00,2022-07-20 23:45:00,ANDERSON,THUNDERSTORM WIND,0.0,0.0,0,0,172560,1047457,Public
2022-07-21 00:19:00,2022-07-21 01:45:00,KNOX,FLASH FLOOD,0.0,0.0,0,0,172787,1049113,Law Enforcement
2022-07-21 00:30:00,2022-07-21 00:30:00,CHEATHAM,THUNDERSTORM WIND,10000.0,0.0,0,0,172987,1050454,Social Media
2022-07-21 00:46:00,2022-07-21 00:46:00,JEFFERSON,THUNDERSTORM WIND,0.0,0.0,0,0,172560,1047458,NWS Employee
2022-07-21 01:00:00,2022-07-21 01:00:00,CLAIBORNE,THUNDERSTORM WIND,0.0,0.0,0,0,172560,1047459,Law Enforcement
2022-07-21 01:05:00,2022-07-21 01:05:00,PICKETT,THUNDERSTORM WIND,15000.0,0.0,0,0,172987,1050492,Emergency Manager
2022-07-21 01:05:00,2022-07-21 01:05:00,ROBERTSON,THUNDERSTORM WIND,5000.0,0.0,0,0,172987,1050487,Social Media
2022-07-21 01:20:00,2022-07-21 01:20:00,FENTRESS,THUNDERSTORM WIND,25000.0,0.0,0,0,172987,1050490,Emergency Manager
2022-07-21 01:30:00,2022-07-21 01:30:00,OVERTON,THUNDERSTORM WIND,15000.0,0.0,0,0,172987,1050491,Emergency Manager
2022-07-21 01:40:00,2022-07-21 01:40:00,WILSON,THUNDERSTORM WIND,10000.0,0.0,0,0,172987,1050493,Social Media
2022-07-21 01:50:00,2022-07-21 01:50:00,MACON,THUNDERSTORM WIND,10000.0,0.0,0,0,172987,1050495,Law Enforcement
2022-07-21 01:54:00,2022-07-21 01:54:00,WILSON,THUNDERSTORM WIND,2000.0,0.0,0,0,172987,1050494,Social Media
2022-07-21 02:00:00,2022-07-21 02:00:00,SMITH,THUNDERSTORM WIND,3000.0,0.0,0,0,172987,1050496,Social Media
2022-07-21 02:35:00,2022-07-21 02:35:00,PUTNAM,THUNDERSTORM WIND,5000.0,0.0,0,0,172987,1050498,Social Media
2022-07-21 02:40:00,2022-07-21 02:40:00,PUTNAM,THUNDERSTORM WIND,5000.0,0.0,0,0,172987,1050499,Emergency Manager
2022-07-21 03:00:00,2022-07-21 03:00:00,PUTNAM,FLASH FLOOD,10000.0,0.0,0,0,172987,1050500,Emergency Manager
2022-07-21 04:06:00,2022-07-21 05:45:00,KNOX,FLASH FLOOD,0.0,0.0,0,0,172787,1049116,Public
2022-07-21 04:23:00,2022-07-21 06:00:00,ANDERSON,FLASH FLOOD,0.0,0.0,0,0,172787,1049119,Law Enforcement
2022-07-21 05:00:00,2022-07-21 05:00:00,VAN BUREN,LIGHTNING,10000.0,0.0,0,0,172987,1050501,Fire Department/Rescue
2022-07-21 08:00:00,2022-07-21 10:00:00,KNOX,FLOOD,20000.0,0.0,0,0,172787,1049131,Law Enforcement
2022-07-21 19:00:00,2022-07-22 19:00:00,CHESTER,HEAT,0.0,0.0,0,0,172542,1047346,AWOS
2022-07-21 19:00:00,2022-07-22 19:00:00,DECATUR,HEAT,0.0,0.0,0,0,172542,1047348,AWOS
2022-07-21 19:00:00,2022-07-22 19:00:00,FAYETTE,HEAT,0.0,0.0,0,0,172542,1047343,ASOS
2022-07-21 19:00:00,2022-07-22 19:00:00,HARDEMAN,HEAT,0.0,0.0,0,0,172542,1047344,AWOS
2022-07-21 19:00:00,2022-07-22 19:00:00,HARDIN,HEAT,0.0,0.0,0,0,172542,1047349,AWOS
2022-07-21 19:00:00,2022-07-22 19:00:00,HENDERSON,HEAT,0.0,0.0,0,0,172542,1047347,AWOS
2022-07-21 19:00:00,2022-07-22 19:00:00,MCNAIRY,HEAT,0.0,0.0,0,0,172542,1047345,AWOS
2022-07-21 19:00:00,2022-07-22 19:00:00,SHELBY,HEAT,0.0,0.0,0,0,172542,1047342,ASOS
2022-07-22 11:00:00,2022-07-22 19:00:00,BENTON,HEAT,0.0,0.0,0,0,172542,1047373,AWOS
2022-07-22 11:00:00,2022-07-22 19:00:00,CARROLL,HEAT,0.0,0.0,0,0,172542,1047372,AWOS
2022-07-22 11:00:00,2022-07-22 19:00:00,CROCKETT,HEAT,0.0,0.0,0,0,172542,1047371,AWOS
2022-07-22 11:00:00,2022-07-22 19:00:00,DYER,HEAT,0.0,0.0,0,0,172542,1047369,AWOS
2022-07-22 11:00:00,2022-07-22 19:00:00,GIBSON,HEAT,0.0,0.0,0,0,172542,1047370,AWOS
2022-07-22 11:00:00,2022-07-22 19:00:00,HAYWOOD,HEAT,0.0,0.0,0,0,172542,1047376,AWOS
2022-07-22 11:00:00,2022-07-22 19:00:00,HENRY,HEAT,0.0,0.0,0,0,172542,1047368,AWOS
2022-07-22 11:00:00,2022-07-22 19:00:00,LAKE,HEAT,0.0,0.0,0,0,172542,1047365,AWOS
2022-07-22 11:00:00,2022-07-22 19:00:00,LAUDERDALE,HEAT,0.0,0.0,0,0,172542,1047374,AWOS
2022-07-22 11:00:00,2022-07-22 19:00:00,MADISON,HEAT,0.0,0.0,0,0,172542,1047377,ASOS
2022-07-22 11:00:00,2022-07-22 19:00:00,OBION,HEAT,0.0,0.0,0,0,172542,1047366,AWOS
2022-07-22 11:00:00,2022-07-22 19:00:00,TIPTON,HEAT,0.0,0.0,0,0,172542,1047375,AWOS
2022-07-22 11:00:00,2022-07-22 19:00:00,WEAKLEY,HEAT,0.0,0.0,0,0,172542,1047367,AWOS
2022-07-23 22:30:00,2022-07-23 22:30:00,KNOX,THUNDERSTORM WIND,0.0,0.0,0,0,172561,1047465,911 Call Center
2022-07-24 00:00:00,2022-07-24 01:15:00,SEVIER,FLASH FLOOD,0.0,0.0,0,0,172795,1049157,911 Call Center
2022-07-24 11:00:00,2022-07-26 11:00:00,BENTON,HEAT,0.0,0.0,0,0,172542,1047390,AWOS
2022-07-24 11:00:00,2022-07-26 11:00:00,CARROLL,HEAT,0.0,0.0,0,0,172542,1047389,AWOS
2022-07-24 11:00:00,2022-07-27 19:00:00,CHESTER,HEAT,0.0,0.0,0,0,172542,1047400,AWOS
2022-07-24 11:00:00,2022-07-26 11:00:00,CROCKETT,HEAT,0.0,0.0,0,0,172542,1047387,AWOS
2022-07-24 11:00:00,2022-07-26 11:00:00,DECATUR,HEAT,0.0,0.0,0,0,172542,1047392,AWOS
2022-07-24 11:00:00,2022-07-26 11:00:00,DYER,HEAT,0.0,0.0,0,0,172542,1047384,AWOS
2022-07-24 11:00:00,2022-07-25 11:00:00,FAYETTE,HEAT,0.0,0.0,0,0,172542,1047398,AWOS
2022-07-24 11:00:00,2022-07-26 11:00:00,GIBSON,HEAT,0.0,0.0,0,0,172542,1047386,AWOS
2022-07-24 11:00:00,2022-07-27 19:00:00,HARDEMAN,HEAT,0.0,0.0,0,0,172542,1047399,AWOS
2022-07-24 11:00:00,2022-07-28 19:00:00,HARDIN,HEAT,0.0,0.0,0,0,172542,1047403,AWOS
2022-07-24 11:00:00,2022-07-25 11:00:00,HAYWOOD,HEAT,0.0,0.0,0,0,172542,1047397,AWOS
2022-07-24 11:00:00,2022-07-26 11:00:00,HENDERSON,HEAT,0.0,0.0,0,0,172542,1047391,AWOS
2022-07-24 11:00:00,2022-07-26 11:00:00,HENRY,HEAT,0.0,0.0,0,0,172542,1047388,AWOS
2022-07-24 11:00:00,2022-07-26 11:00:00,LAKE,HEAT,0.0,0.0,0,0,172542,1047382,AWOS
2022-07-24 11:00:00,2022-07-25 11:00:00,LAUDERDALE,HEAT,0.0,0.0,0,0,172542,1047393,AWOS
2022-07-24 11:00:00,2022-07-27 19:00:00,MADISON,HEAT,0.0,0.0,0,0,172542,1047394,ASOS
2022-07-24 11:00:00,2022-07-28 19:00:00,MCNAIRY,HEAT,0.0,0.0,0,0,172542,1047402,AWOS
2022-07-24 11:00:00,2022-07-26 11:00:00,OBION,HEAT,0.0,0.0,0,0,172542,1047383,AWOS
2022-07-24 11:00:00,2022-07-25 11:00:00,SHELBY,HEAT,0.0,0.0,0,0,172542,1047396,AWOS
2022-07-24 11:00:00,2022-07-25 11:00:00,TIPTON,HEAT,0.0,0.0,0,0,172542,1047395,AWOS
2022-07-24 11:00:00,2022-07-26 11:00:00,WEAKLEY,HEAT,0.0,0.0,0,0,172542,1047385,AWOS
2022-07-25 11:00:00,2022-07-26 19:00:00,FAYETTE,EXCESSIVE HEAT,0.0,0.0,0,0,172542,1047765,AWOS
2022-07-25 11:00:00,2022-07-27 19:00:00,HAYWOOD,EXCESSIVE HEAT,0.0,0.0,0,0,172542,1047763,AWOS
2022-07-25 11:00:00,2022-07-27 19:00:00,LAUDERDALE,EXCESSIVE HEAT,0.0,0.0,0,0,172542,1047761,AWOS
2022-07-25 11:00:00,2022-07-28 19:00:00,SHELBY,EXCESSIVE HEAT,0.0,0.0,0,0,172542,1047764,AWOS
2022-07-25 11:00:00,2022-07-27 19:00:00,TIPTON,EXCESSIVE HEAT,0.0,0.0,0,0,172542,1047762,AWOS
2022-07-25 12:40:00,2022-07-25 14:15:00,GREENE,FLASH FLOOD,0.0,0.0,0,0,172796,1049183,911 Call Center
2022-07-25 13:50:00,2022-07-25 15:00:00,SEVIER,FLOOD,0.0,0.0,0,0,172796,1049188,Law Enforcement
2022-07-25 20:25:00,2022-07-25 21:45:00,ROANE,FLOOD,0.0,0.0,0,0,172796,1049190,911 Call Center
2022-07-25 20:58:00,2022-07-25 22:15:00,ROANE,FLASH FLOOD,0.0,0.0,0,0,172796,1049185,Trained Spotter
2022-07-25 21:18:00,2022-07-25 22:45:00,ROANE,FLASH FLOOD,0.0,0.0,0,0,172796,1049187,Law Enforcement
2022-07-26 11:00:00,2022-07-26 19:00:00,BENTON,EXCESSIVE HEAT,0.0,0.0,0,0,172542,1047802,AWOS
2022-07-26 11:00:00,2022-07-26 19:00:00,CARROLL,EXCESSIVE HEAT,0.0,0.0,0,0,172542,1047801,AWOS
2022-07-26 11:00:00,2022-07-26 19:00:00,CROCKETT,EXCESSIVE HEAT,0.0,0.0,0,0,172542,1047799,AWOS
2022-07-26 11:00:00,2022-07-26 19:00:00,DECATUR,EXCESSIVE HEAT,0.0,0.0,0,0,172542,1047781,AWOS
2022-07-26 11:00:00,2022-07-26 19:00:00,DYER,EXCESSIVE HEAT,0.0,0.0,0,0,172542,1047796,AWOS
2022-07-26 11:00:00,2022-07-26 19:00:00,GIBSON,EXCESSIVE HEAT,0.0,0.0,0,0,172542,1047798,AWOS
2022-07-26 11:00:00,2022-07-26 19:00:00,HENDERSON,EXCESSIVE HEAT,0.0,0.0,0,0,172542,1047783,AWOS
2022-07-26 11:00:00,2022-07-26 19:00:00,HENRY,EXCESSIVE HEAT,0.0,0.0,0,0,172542,1047800,AWOS
2022-07-26 11:00:00,2022-07-26 19:00:00,LAKE,EXCESSIVE HEAT,0.0,0.0,0,0,172542,1047794,AWOS
2022-07-26 11:00:00,2022-07-26 19:00:00,OBION,EXCESSIVE HEAT,0.0,0.0,0,0,172542,1047795,AWOS
2022-07-26 11:00:00,2022-07-26 19:00:00,WEAKLEY,EXCESSIVE HEAT,0.0,0.0,0,0,172542,1047797,AWOS
2022-07-26 12:10:00,2022-07-26 12:10:00,STEWART,THUNDERSTORM WIND,3000.0,0.0,0,0,172988,1050505,Social Media
2022-07-26 12:12:00,2022-07-26 12:12:00,MONTGOMERY,THUNDERSTORM WIND,3000.0,0.0,0,0,172988,1050506,Social Media
2022-07-26 12:15:00,2022-07-26 12:15:00,MONTGOMERY,LIGHTNING,5000.0,0.0,0,0,172988,1050507,Social Media
2022-07-26 12:50:00,2022-07-26 12:50:00,MONTGOMERY,THUNDERSTORM WIND,10000.0,0.0,0,0,172988,1050509,911 Call Center
2022-07-26 13:15:00,2022-07-26 13:15:00,ROBERTSON,THUNDERSTORM WIND,10000.0,0.0,0,0,172988,1050511,Social Media
2022-07-26 13:24:00,2022-07-26 13:24:00,SUMNER,THUNDERSTORM WIND,25000.0,0.0,0,0,172988,1050512,Social Media
2022-07-26 13:30:00,2022-07-26 13:30:00,ROBERTSON,THUNDERSTORM WIND,1000.0,0.0,0,0,172988,1050513,Social Media
2022-07-26 19:00:00,2022-07-28 19:00:00,DECATUR,HEAT,0.0,0.0,0,0,172542,1047782,AWOS
2022-07-26 19:00:00,2022-07-28 19:00:00,FAYETTE,HEAT,0.0,0.0,0,0,172542,1047766,AWOS
2022-07-26 19:00:00,2022-07-27 19:00:00,HENDERSON,HEAT,0.0,0.0,0,0,172542,1047784,AWOS
2022-07-28 20:15:00,2022-07-28 20:15:00,MEIGS,THUNDERSTORM WIND,0.0,0.0,0,0,172562,1047466,911 Call Center
2022-07-28 20:15:00,2022-07-28 20:15:00,RHEA,THUNDERSTORM WIND,0.0,0.0,0,0,172562,1047467,911 Call Center
2022-07-31 13:23:00,2022-07-31 14:45:00,SCOTT,FLASH FLOOD,0.0,0.0,0,0,172802,1049206,911 Call Center
2022-07-31 20:27:00,2022-07-31 21:45:00,KNOX,FLASH FLOOD,0.0,0.0,0,0,172802,1049209,911 Call Center
2022-07-31 20:36:00,2022-07-31 22:00:00,KNOX,FLASH FLOOD,1000.0,0.0,0,0,172802,1049211,911 Call Center
2022-07-31 20:44:00,2022-07-31 22:15:00,KNOX,FLASH FLOOD,0.0,0.0,0,0,172802,1049215,911 Call Center
2022-07-31 21:08:00,2022-07-31 22:35:00,KNOX,FLASH FLOOD,0.0,0.0,0,0,172802,1049216,911 Call Center
2022-07-31 21:25:00,2022-07-31 22:40:00,KNOX,FLASH FLOOD,0.0,0.0,0,0,172802,1049217,911 Call Center
2022-07-31 22:08:00,2022-07-31 23:30:00,KNOX,FLASH FLOOD,0.0,0.0,0,0,172802,1049218,911 Call Center
2022-08-01 00:00:00,2022-08-23 00:00:00,CHEATHAM,DROUGHT,0.0,0.0,0,0,173853,1054454,Drought Monitor
2022-08-01 00:00:00,2022-08-09 06:00:00,CHESTER,DROUGHT,0.0,0.0,0,0,173831,1054341,Drought Monitor
2022-08-01 00:00:00,2022-08-23 00:00:00,DICKSON,DROUGHT,0.0,0.0,0,0,173853,1054453,Drought Monitor
2022-08-01 00:00:00,2022-08-01 01:00:00,HANCOCK,FLASH FLOOD,0.0,0.0,0,0,173931,1054905,Law Enforcement
2022-08-01 00:00:00,2022-08-30 06:00:00,HARDIN,DROUGHT,0.0,0.0,0,0,173831,1054343,Drought Monitor
2022-08-01 00:00:00,2022-08-23 00:00:00,HICKMAN,DROUGHT,0.0,0.0,0,0,173853,1054455,Drought Monitor
2022-08-01 00:00:00,2022-08-23 00:00:00,HOUSTON,DROUGHT,0.0,0.0,0,0,173853,1054451,Drought Monitor
2022-08-01 00:00:00,2022-08-23 00:00:00,HUMPHREYS,DROUGHT,0.0,0.0,0,0,173853,1054452,Drought Monitor
2022-08-01 00:00:00,2022-08-23 00:00:00,LAWRENCE,DROUGHT,0.0,0.0,0,0,173853,1054459,Drought Monitor
2022-08-01 00:00:00,2022-08-23 00:00:00,LEWIS,DROUGHT,0.0,0.0,0,0,173853,1054457,Drought Monitor
2022-08-01 00:00:00,2022-08-23 00:00:00,MAURY,DROUGHT,0.0,0.0,0,0,173853,1054458,Drought Monitor
2022-08-01 00:00:00,2022-08-16 06:00:00,MCNAIRY,DROUGHT,0.0,0.0,0,0,173831,1054342,Drought Monitor
2022-08-01 00:00:00,2022-08-23 00:00:00,MONTGOMERY,DROUGHT,0.0,0.0,0,0,173853,1054449,Drought Monitor
2022-08-01 00:00:00,2022-08-31 23:59:00,PERRY,DROUGHT,0.0,0.0,0,0,173853,1054460,Drought Monitor
2022-08-01 00:00:00,2022-08-23 00:00:00,ROBERTSON,DROUGHT,0.0,0.0,0,0,173853,1054450,Drought Monitor
2022-08-01 00:00:00,2022-08-23 00:00:00,STEWART,DROUGHT,0.0,0.0,0,0,173853,1054448,Drought Monitor
2022-08-01 00:00:00,2022-08-31 23:59:00,WAYNE,DROUGHT,0.0,0.0,0,0,173853,1054461,Drought Monitor
2022-08-01 00:00:00,2022-08-23 00:00:00,WILLIAMSON,DROUGHT,0.0,0.0,0,0,173853,1054456,Drought Monitor
2022-08-01 00:01:00,2022-08-01 01:20:00,HAWKINS,FLASH FLOOD,0.0,0.0,0,0,173931,1054907,Trained Spotter
2022-08-02 11:00:00,2022-08-02 19:00:00,CROCKETT,HEAT,0.0,0.0,0,0,174013,1055423,AWOS
2022-08-02 11:00:00,2022-08-02 19:00:00,DYER,HEAT,0.0,0.0,0,0,174013,1055420,AWOS
2022-08-02 11:00:00,2022-08-02 19:00:00,FAYETTE,HEAT,0.0,0.0,0,0,174013,1055426,AWOS
2022-08-02 11:00:00,2022-08-02 19:00:00,GIBSON,HEAT,0.0,0.0,0,0,174013,1055421,AWOS
2022-08-02 11:00:00,2022-08-02 19:00:00,HAYWOOD,HEAT,0.0,0.0,0,0,174013,1055424,AWOS
2022-08-02 11:00:00,2022-08-02 19:00:00,LAKE,HEAT,0.0,0.0,0,0,174013,1055417,AWOS
2022-08-02 11:00:00,2022-08-02 19:00:00,LAUDERDALE,HEAT,0.0,0.0,0,0,174013,1055422,AWOS
2022-08-02 11:00:00,2022-08-02 19:00:00,OBION,HEAT,0.0,0.0,0,0,174013,1055418,AWOS
2022-08-02 11:00:00,2022-08-02 19:00:00,SHELBY,HEAT,0.0,0.0,0,0,174013,1055427,ASOS
2022-08-02 11:00:00,2022-08-02 19:00:00,TIPTON,HEAT,0.0,0.0,0,0,174013,1055425,AWOS
2022-08-02 11:00:00,2022-08-02 19:00:00,WEAKLEY,HEAT,0.0,0.0,0,0,174013,1055419,AWOS
2022-08-03 14:18:00,2022-08-03 14:18:00,MOORE,THUNDERSTORM WIND,1000.0,0.0,0,0,170648,1045846,Emergency Manager
2022-08-03 14:21:00,2022-08-03 14:21:00,MOORE,THUNDERSTORM WIND,3000.0,0.0,0,0,170648,1045847,Emergency Manager
2022-08-03 14:22:00,2022-08-03 14:22:00,MOORE,THUNDERSTORM WIND,1000.0,0.0,0,0,170648,1045870,Emergency Manager
2022-08-03 14:23:00,2022-08-03 14:23:00,MOORE,THUNDERSTORM WIND,500.0,0.0,0,0,170648,1045872,Emergency Manager
2022-08-03 14:25:00,2022-08-03 14:25:00,MOORE,THUNDERSTORM WIND,1000.0,0.0,0,0,170648,1045853,Emergency Manager
2022-08-03 14:26:00,2022-08-03 14:26:00,MOORE,THUNDERSTORM WIND,1000.0,0.0,0,0,170648,1045991,Emergency Manager
2022-08-03 14:26:00,2022-08-03 14:26:00,MOORE,THUNDERSTORM WIND,1000.0,0.0,0,0,170648,1045852,Emergency Manager
2022-08-03 14:27:00,2022-08-03 14:27:00,MOORE,THUNDERSTORM WIND,1000.0,0.0,0,0,170648,1045855,Emergency Manager
2022-08-03 14:27:00,2022-08-03 14:27:00,MOORE,THUNDERSTORM WIND,1000.0,0.0,0,0,170648,1045873,Emergency Manager
2022-08-03 14:28:00,2022-08-03 14:28:00,MOORE,THUNDERSTORM WIND,1000.0,0.0,0,0,170648,1045868,Emergency Manager
2022-08-03 14:28:00,2022-08-03 14:28:00,MOORE,THUNDERSTORM WIND,1000.0,0.0,0,0,170648,1045874,Emergency Manager
2022-08-03 14:32:00,2022-08-03 14:32:00,MOORE,THUNDERSTORM WIND,1000.0,0.0,0,0,170648,1045875,Emergency Manager
2022-08-03 18:30:00,2022-08-03 18:30:00,MEIGS,THUNDERSTORM WIND,0.0,0.0,0,0,172568,1047478,911 Call Center
2022-08-03 19:02:00,2022-08-03 19:02:00,RHEA,THUNDERSTORM WIND,0.0,0.0,0,0,172568,1047479,911 Call Center
2022-08-03 19:07:00,2022-08-03 19:07:00,BLOUNT,THUNDERSTORM WIND,0.0,0.0,0,0,172568,1047481,911 Call Center
2022-08-03 20:25:00,2022-08-03 20:25:00,KNOX,THUNDERSTORM WIND,0.0,0.0,0,0,172568,1047482,911 Call Center
2022-08-03 20:52:00,2022-08-03 20:52:00,ANDERSON,THUNDERSTORM WIND,0.0,0.0,0,0,172568,1047483,911 Call Center
2022-08-04 17:20:00,2022-08-04 17:20:00,KNOX,THUNDERSTORM WIND,0.0,0.0,0,0,172569,1047484,911 Call Center
2022-08-05 15:20:00,2022-08-05 15:20:00,GREENE,THUNDERSTORM WIND,0.0,0.0,0,0,172570,1047485,Emergency Manager
2022-08-05 15:46:00,2022-08-05 15:46:00,KNOX,THUNDERSTORM WIND,0.0,0.0,0,0,172570,1047486,911 Call Center
2022-08-05 15:56:00,2022-08-05 15:56:00,LOUDON,THUNDERSTORM WIND,0.0,0.0,0,0,172570,1047487,911 Call Center
2022-08-05 16:20:00,2022-08-05 16:20:00,MONROE,THUNDERSTORM WIND,0.0,0.0,0,0,172570,1047488,911 Call Center
2022-08-05 16:25:00,2022-08-05 16:25:00,HAWKINS,THUNDERSTORM WIND,0.0,0.0,0,0,172570,1047489,911 Call Center
2022-08-05 16:30:00,2022-08-05 17:00:00,SHELBY,FLASH FLOOD,0.0,0.0,0,0,172087,1052555,Department of Highways
2022-08-05 16:38:00,2022-08-05 16:38:00,BLOUNT,THUNDERSTORM WIND,0.0,0.0,0,0,172570,1047490,911 Call Center
2022-08-05 16:45:00,2022-08-05 16:45:00,BRADLEY,THUNDERSTORM WIND,0.0,0.0,0,0,172570,1047491,Public
2022-08-05 17:00:00,2022-08-05 18:15:00,MONROE,FLASH FLOOD,0.0,0.0,0,0,172570,1054909,911 Call Center
2022-08-05 17:02:00,2022-08-05 17:02:00,BLOUNT,THUNDERSTORM WIND,0.0,0.0,0,0,172570,1047492,911 Call Center
2022-08-06 13:30:00,2022-08-06 13:30:00,DAVIDSON,THUNDERSTORM WIND,5000.0,0.0,0,0,173837,1054421,Social Media
2022-08-06 15:35:00,2022-08-06 15:35:00,KNOX,THUNDERSTORM WIND,0.0,0.0,0,0,172574,1047500,911 Call Center
2022-08-06 19:00:00,2022-08-06 19:00:00,HAMILTON,THUNDERSTORM WIND,0.0,0.0,0,0,172574,1047501,911 Call Center
2022-08-06 19:05:00,2022-08-06 20:45:00,HAMILTON,FLASH FLOOD,0.0,0.0,0,0,172574,1054911,911 Call Center
2022-08-06 19:45:00,2022-08-06 21:15:00,HAMILTON,FLASH FLOOD,0.0,0.0,0,0,172574,1054916,911 Call Center
2022-08-08 11:00:00,2022-08-08 19:00:00,DYER,HEAT,0.0,0.0,0,0,174020,1055454,AWOS
2022-08-08 11:00:00,2022-08-08 19:00:00,LAKE,HEAT,0.0,0.0,0,0,174020,1055453,AWOS
2022-08-08 11:00:00,2022-08-08 19:00:00,LAUDERDALE,HEAT,0.0,0.0,0,0,174020,1055456,AWOS
2022-08-08 11:00:00,2022-08-08 19:00:00,OBION,HEAT,0.0,0.0,0,0,174020,1055455,AWOS
2022-08-08 11:00:00,2022-08-08 19:00:00,SHELBY,HEAT,0.0,0.0,0,0,174020,1055458,ASOS
2022-08-08 11:00:00,2022-08-08 19:00:00,TIPTON,HEAT,0.0,0.0,0,0,174020,1055457,AWOS
2022-08-09 15:10:00,2022-08-09 15:10:00,RHEA,THUNDERSTORM WIND,0.0,0.0,0,0,172575,1047503,911 Call Center
2022-08-09 15:45:00,2022-08-09 15:45:00,HAMBLEN,THUNDERSTORM WIND,0.0,0.0,0,0,172575,1047504,Public
2022-08-09 16:10:00,2022-08-09 16:10:00,MCMINN,THUNDERSTORM WIND,0.0,0.0,0,0,172575,1047505,Public
2022-08-09 16:36:00,2022-08-09 16:36:00,ANDERSON,THUNDERSTORM WIND,0.0,0.0,0,0,172575,1047506,Public
2022-08-09 16:45:00,2022-08-09 16:45:00,JEFFERSON,THUNDERSTORM WIND,0.0,0.0,0,0,172575,1047507,Law Enforcement
2022-08-09 16:45:00,2022-08-09 16:45:00,JEFFERSON,THUNDERSTORM WIND,0.0,0.0,0,0,172575,1047508,Law Enforcement
2022-08-09 17:48:00,2022-08-09 17:48:00,CLAIBORNE,THUNDERSTORM WIND,0.0,0.0,0,0,172575,1047510,Law Enforcement
2022-08-10 10:55:00,2022-08-10 12:30:00,HAMILTON,FLASH FLOOD,0.0,0.0,0,0,173937,1054924,911 Call Center
2022-08-10 12:22:00,2022-08-10 12:22:00,RUTHERFORD,FLOOD,0.0,0.0,0,0,173838,1054433,Social Media
2022-08-10 12:24:00,2022-08-10 12:24:00,WHITE,FLOOD,0.0,0.0,0,0,173838,1054435,Social Media
2022-08-10 13:50:00,2022-08-10 13:50:00,PUTNAM,FLOOD,0.0,0.0,0,0,173838,1054441,Social Media
2022-08-10 13:50:00,2022-08-10 13:50:00,PUTNAM,THUNDERSTORM WIND,2000.0,0.0,0,0,173838,1054438,Social Media
2022-08-10 13:55:00,2022-08-10 13:55:00,PUTNAM,THUNDERSTORM WIND,1000.0,0.0,0,0,173838,1054444,Social Media
2022-08-10 15:00:00,2022-08-10 16:20:00,GREENE,FLASH FLOOD,0.0,0.0,0,0,173937,1054926,Trained Spotter
2022-08-10 16:13:00,2022-08-10 17:40:00,CARTER,FLASH FLOOD,0.0,0.0,0,0,173937,1054993,911 Call Center
2022-08-10 17:15:00,2022-08-10 18:15:00,JOHNSON,FLASH FLOOD,0.0,0.0,0,0,173937,1054996,911 Call Center
2022-08-14 23:40:00,2022-08-14 23:40:00,SULLIVAN,THUNDERSTORM WIND,0.0,0.0,0,0,172581,1047512,Law Enforcement
2022-08-15 17:55:00,2022-08-15 19:15:00,CARTER,FLASH FLOOD,1000.0,0.0,0,0,173943,1055002,911 Call Center
2022-08-19 14:27:00,2022-08-19 14:27:00,RUTHERFORD,FLOOD,0.0,0.0,0,0,173839,1054429,CoCoRaHS
2022-08-20 15:08:00,2022-08-20 15:08:00,DEKALB,THUNDERSTORM WIND,2000.0,0.0,0,0,173840,1054423,Emergency Manager
2022-08-26 07:15:00,2022-08-26 09:15:00,HAMBLEN,FLASH FLOOD,0.0,0.0,0,0,173944,1055011,911 Call Center
2022-08-26 08:05:00,2022-08-26 09:15:00,HAMBLEN,FLASH FLOOD,0.0,0.0,0,0,173944,1055012,911 Call Center
2022-08-26 13:03:00,2022-08-26 13:03:00,LAWRENCE,THUNDERSTORM WIND,1000.0,0.0,0,0,173841,1054425,Emergency Manager
2022-08-26 13:20:00,2022-08-26 13:20:00,LAWRENCE,FLOOD,0.0,0.0,0,0,173841,1054427,Emergency Manager
2022-08-28 15:24:00,2022-08-28 15:24:00,ROANE,THUNDERSTORM WIND,0.0,0.0,0,0,172582,1047513,Public
2022-08-28 17:19:00,2022-08-28 17:19:00,KNOX,THUNDERSTORM WIND,0.0,0.0,0,0,172582,1047514,Public
2022-08-29 13:54:00,2022-08-29 13:54:00,DAVIDSON,THUNDERSTORM WIND,1000.0,0.0,0,0,173843,1054424,Social Media
2022-09-02 19:20:00,2022-09-02 19:20:00,RUTHERFORD,FLOOD,0.0,0.0,0,0,174123,1056104,Social Media
2022-09-02 20:00:00,2022-09-03 05:00:00,MAURY,HEAVY RAIN,0.0,0.0,0,0,174123,1056106,Mesonet
2022-09-03 02:30:00,2022-09-03 02:30:00,MAURY,FLASH FLOOD,5000.0,0.0,0,0,174123,1056105,Social Media
2022-09-03 11:00:00,2022-09-04 02:30:00,WILSON,HEAVY RAIN,0.0,0.0,0,0,174123,1056110,Mesonet
2022-09-03 12:30:00,2022-09-04 03:30:00,WILSON,HEAVY RAIN,0.0,0.0,0,0,174123,1056112,Mesonet
2022-09-03 20:15:00,2022-09-03 20:15:00,COFFEE,THUNDERSTORM WIND,1000.0,0.0,0,0,174123,1056107,Social Media
2022-09-03 20:30:00,2022-09-03 20:30:00,RUTHERFORD,FLASH FLOOD,0.0,0.0,0,0,174123,1056108,Social Media
2022-09-03 21:17:00,2022-09-03 21:17:00,DEKALB,FLASH FLOOD,0.0,0.0,0,0,174123,1056109,911 Call Center
2022-09-03 21:30:00,2022-09-04 03:30:00,COFFEE,HEAVY RAIN,0.0,0.0,0,0,174123,1056111,Mesonet
2022-09-04 08:40:00,2022-09-04 10:00:00,BLEDSOE,FLASH FLOOD,0.0,0.0,0,0,173945,1055014,911 Call Center
2022-09-06 15:40:00,2022-09-06 15:45:00,FAYETTE,HAIL,0.0,0.0,0,0,173355,1052598,Public
2022-09-24 20:10:00,2022-09-24 20:15:00,TIPTON,THUNDERSTORM WIND,10000.0,0.0,0,0,173766,1054208,Public
2022-09-24 20:15:00,2022-09-24 20:20:00,TIPTON,THUNDERSTORM WIND,15000.0,0.0,0,0,173766,1057695,Law Enforcement
2022-09-24 20:15:00,2022-09-24 20:20:00,TIPTON,THUNDERSTORM WIND,35000.0,0.0,0,0,173766,1054206,Law Enforcement
2022-09-25 14:43:00,2022-09-25 14:43:00,OVERTON,HAIL,0.0,0.0,0,0,174124,1056113,Social Media
2022-09-25 15:50:00,2022-09-25 15:50:00,WARREN,HAIL,0.0,0.0,0,0,174124,1056114,Social Media
2022-09-25 16:35:00,2022-09-25 16:35:00,HANCOCK,THUNDERSTORM WIND,0.0,0.0,0,0,173854,1054474,911 Call Center
2022-09-25 16:40:00,2022-09-25 16:40:00,SCOTT,THUNDERSTORM WIND,0.0,0.0,0,0,173854,1054473,911 Call Center
2022-09-25 16:55:00,2022-09-25 16:55:00,HANCOCK,THUNDERSTORM WIND,0.0,0.0,0,0,173854,1054475,911 Call Center
2022-09-25 17:20:00,2022-09-25 17:20:00,HAWKINS,THUNDERSTORM WIND,0.0,0.0,0,0,173854,1054478,Public
2022-09-25 17:40:00,2022-09-25 17:40:00,SULLIVAN,THUNDERSTORM WIND,0.0,0.0,1,0,173854,1054477,Public
2022-09-25 18:20:00,2022-09-25 18:20:00,COCKE,THUNDERSTORM WIND,0.0,0.0,0,0,173854,1054479,Social Media
2022-10-01 00:00:00,2022-10-31 23:59:00,DAVIDSON,DROUGHT,0.0,0.0,0,0,174127,1056138,Drought Monitor
2022-10-01 00:00:00,2022-10-31 23:59:00,STEWART,DROUGHT,0.0,0.0,0,0,174127,1056141,Drought Monitor
2022-10-01 00:00:00,2022-10-31 23:59:00,SUMNER,DROUGHT,0.0,0.0,0,0,174127,1056140,Drought Monitor
2022-10-01 00:00:00,2022-10-31 23:59:00,WILLIAMSON,DROUGHT,0.0,0.0,0,0,174127,1056137,Drought Monitor
2022-10-01 00:00:00,2022-10-31 23:59:00,WILSON,DROUGHT,0.0,0.0,0,0,174127,1056139,Drought Monitor
2022-10-12 14:45:00,2022-10-12 14:45:00,HICKMAN,THUNDERSTORM WIND,5000.0,0.0,0,0,174126,1056115,Trained Spotter
2022-10-12 14:55:00,2022-10-12 15:25:00,HARDIN,THUNDERSTORM WIND,0.0,0.0,0,0,174705,1060586,Fire Department/Rescue
2022-10-12 14:57:00,2022-10-12 14:57:00,WILLIAMSON,THUNDERSTORM WIND,1000.0,0.0,0,0,174126,1056116,Social Media
2022-10-12 14:57:00,2022-10-12 14:57:00,WILLIAMSON,THUNDERSTORM WIND,50000.0,0.0,0,0,174126,1056131,Broadcast Media
2022-10-12 15:00:00,2022-10-12 15:00:00,WILLIAMSON,THUNDERSTORM WIND,0.0,0.0,0,0,174126,1056117,Amateur Radio
2022-10-12 15:03:00,2022-10-12 15:03:00,WILLIAMSON,THUNDERSTORM WIND,0.0,0.0,0,0,174126,1056118,Amateur Radio
2022-10-12 15:10:00,2022-10-12 15:10:00,WILLIAMSON,THUNDERSTORM WIND,10000.0,0.0,1,0,174126,1056119,Emergency Manager
2022-10-12 15:21:00,2022-10-12 15:21:00,WILLIAMSON,THUNDERSTORM WIND,15000.0,0.0,0,0,174126,1056120,Emergency Manager
2022-10-12 15:25:00,2022-10-12 15:25:00,WILLIAMSON,THUNDERSTORM WIND,0.0,0.0,0,0,174126,1056124,Public
2022-10-12 15:32:00,2022-10-12 15:32:00,DAVIDSON,THUNDERSTORM WIND,2000.0,0.0,0,0,174126,1056123,Public
2022-10-12 15:32:00,2022-10-12 15:32:00,WILLIAMSON,THUNDERSTORM WIND,1000.0,0.0,0,0,174126,1056125,Trained Spotter
2022-10-12 15:43:00,2022-10-12 15:43:00,LAWRENCE,THUNDERSTORM WIND,5000.0,0.0,0,0,174126,1056126,Utility Company
2022-10-12 15:43:00,2022-10-12 15:43:00,SUMNER,THUNDERSTORM WIND,0.0,0.0,0,0,174126,1056122,Social Media
2022-10-12 15:53:00,2022-10-12 15:53:00,LAWRENCE,THUNDERSTORM WIND,0.0,0.0,0,0,174126,1056127,Social Media
2022-10-12 15:57:00,2022-10-12 15:57:00,LAWRENCE,THUNDERSTORM WIND,5000.0,0.0,0,0,174126,1056121,Emergency Manager
2022-10-12 16:57:00,2022-10-12 16:57:00,BEDFORD,THUNDERSTORM WIND,0.0,0.0,0,0,174126,1056192,Public
2022-10-12 16:57:00,2022-10-12 16:57:00,BEDFORD,THUNDERSTORM WIND,0.0,0.0,0,0,174126,1056193,Public
2022-10-12 16:57:00,2022-10-12 16:57:00,BEDFORD,THUNDERSTORM WIND,0.0,0.0,0,0,174126,1056128,Public
2022-10-12 16:58:00,2022-10-12 16:58:00,BEDFORD,THUNDERSTORM WIND,0.0,0.0,0,0,174126,1056130,Public
2022-10-12 17:12:00,2022-10-12 17:12:00,COFFEE,THUNDERSTORM WIND,0.0,0.0,0,0,174126,1056132,Amateur Radio
2022-10-12 17:13:00,2022-10-12 17:13:00,COFFEE,THUNDERSTORM WIND,3000.0,0.0,0,0,174126,1056133,Public
2022-10-12 17:14:00,2022-10-12 17:14:00,COFFEE,THUNDERSTORM WIND,25000.0,0.0,0,0,174126,1056134,Public
2022-10-12 17:15:00,2022-10-12 17:15:00,COFFEE,THUNDERSTORM WIND,15000.0,0.0,0,0,174126,1056135,Broadcast Media
2022-10-12 17:16:00,2022-10-12 17:16:00,COFFEE,THUNDERSTORM WIND,50000.0,0.0,0,0,174126,1056136,Emergency Manager
2022-10-12 17:35:00,2022-10-12 17:35:00,WARREN,THUNDERSTORM WIND,0.0,0.0,0,0,174126,1056129,AWOS
2022-10-18 01:00:00,2022-10-18 07:00:00,FRANKLIN,FROST/FREEZE,0.0,0.0,0,0,173434,1056323,AWOS
2022-10-18 01:00:00,2022-10-18 07:00:00,MOORE,FROST/FREEZE,0.0,0.0,0,0,173434,1056321,COOP Observer
2022-10-18 05:00:00,2022-10-18 07:00:00,LINCOLN,FROST/FREEZE,0.0,0.0,0,0,173434,1056320,COOP Observer
2022-10-19 00:00:00,2022-10-19 07:00:00,FRANKLIN,FROST/FREEZE,0.0,0.0,0,0,173436,1056326,AWOS
2022-10-19 00:00:00,2022-10-19 07:00:00,MOORE,FROST/FREEZE,0.0,0.0,0,0,173436,1056328,COOP Observer
2022-10-19 04:00:00,2022-10-19 08:00:00,LINCOLN,FROST/FREEZE,0.0,0.0,0,0,173436,1056329,COOP Observer
2022-10-19 21:00:00,2022-10-20 07:00:00,FRANKLIN,FROST/FREEZE,0.0,0.0,0,0,174167,1056330,AWOS
2022-10-19 21:00:00,2022-10-20 07:00:00,MOORE,FROST/FREEZE,0.0,0.0,0,0,174167,1056331,COOP Observer
2022-10-19 23:00:00,2022-10-20 07:00:00,LINCOLN,FROST/FREEZE,0.0,0.0,0,0,174167,1056332,COOP Observer
2022-11-01 00:00:00,2022-11-30 23:59:00,BEDFORD,DROUGHT,0.0,0.0,0,0,174656,1058821,Drought Monitor
2022-11-01 00:00:00,2022-11-30 23:59:00,CANNON,DROUGHT,0.0,0.0,0,0,174656,1058823,Drought Monitor
2022-11-01 00:00:00,2022-11-30 23:59:00,COFFEE,DROUGHT,0.0,0.0,0,0,174656,1058824,Drought Monitor
2022-11-01 00:00:00,2022-11-30 23:59:00,DAVIDSON,DROUGHT,0.0,0.0,0,0,174656,1058808,Drought Monitor
2022-11-01 00:00:00,2022-11-30 23:59:00,DEKALB,DROUGHT,0.0,0.0,0,0,174656,1058828,Drought Monitor
2022-11-01 00:00:00,2022-11-30 23:59:00,GILES,DROUGHT,0.0,0.0,0,0,174656,1058819,Drought Monitor
2022-11-01 00:00:00,2022-11-30 23:59:00,GRUNDY,DROUGHT,0.0,0.0,0,0,174656,1058825,Drought Monitor
2022-11-01 00:00:00,2022-11-30 23:59:00,HICKMAN,DROUGHT,0.0,0.0,0,0,174656,1058818,Drought Monitor
2022-11-01 00:00:00,2022-11-30 23:59:00,HOUSTON,DROUGHT,0.0,0.0,0,0,174656,1058812,Drought Monitor
2022-11-01 00:00:00,2022-11-30 23:59:00,HUMPHREYS,DROUGHT,0.0,0.0,0,0,174656,1058813,Drought Monitor
2022-11-01 00:00:00,2022-11-30 23:59:00,LAWRENCE,DROUGHT,0.0,0.0,0,0,174656,1058816,Drought Monitor
2022-11-01 00:00:00,2022-11-30 23:59:00,LEWIS,DROUGHT,0.0,0.0,0,0,174656,1058817,Drought Monitor
2022-11-01 00:00:00,2022-11-30 23:59:00,MARSHALL,DROUGHT,0.0,0.0,0,0,174656,1058820,Drought Monitor
2022-11-01 00:00:00,2022-11-30 23:59:00,PERRY,DROUGHT,0.0,0.0,0,0,174656,1058814,Drought Monitor
2022-11-01 00:00:00,2022-11-30 23:59:00,RUTHERFORD,DROUGHT,0.0,0.0,0,0,174656,1058822,Drought Monitor
2022-11-01 00:00:00,2022-11-30 23:59:00,STEWART,DROUGHT,0.0,0.0,0,0,174656,1058811,Drought Monitor
2022-11-01 00:00:00,2022-11-30 23:59:00,SUMNER,DROUGHT,0.0,0.0,0,0,174656,1058810,Drought Monitor
2022-11-01 00:00:00,2022-11-30 23:59:00,VAN BUREN,DROUGHT,0.0,0.0,0,0,174656,1058827,Drought Monitor
2022-11-01 00:00:00,2022-11-30 23:59:00,WARREN,DROUGHT,0.0,0.0,0,0,174656,1058826,Drought Monitor
2022-11-01 00:00:00,2022-11-30 23:59:00,WAYNE,DROUGHT,0.0,0.0,0,0,174656,1058815,Drought Monitor
2022-11-01 00:00:00,2022-11-30 23:59:00,WHITE,DROUGHT,0.0,0.0,0,0,174656,1058829,Drought Monitor
2022-11-01 00:00:00,2022-11-30 23:59:00,WILLIAMSON,DROUGHT,0.0,0.0,0,0,174656,1058807,Drought Monitor
2022-11-01 00:00:00,2022-11-30 23:59:00,WILSON,DROUGHT,0.0,0.0,0,0,174656,1058809,Drought Monitor
2022-11-05 13:00:00,2022-11-05 13:00:00,DAVIDSON,STRONG WIND,3000.0,0.0,0,0,174138,1056196,Social Media
2022-11-05 13:00:00,2022-11-05 13:00:00,DAVIDSON,STRONG WIND,0.0,0.0,0,0,174138,1056197,Social Media
2022-11-05 13:00:00,2022-11-05 13:00:00,DAVIDSON,STRONG WIND,0.0,0.0,0,0,174138,1056195,NWS Employee
2022-11-05 13:00:00,2022-11-05 13:00:00,WILSON,STRONG WIND,0.0,0.0,0,0,174138,1056194,NWS Employee
2022-11-29 17:39:00,2022-11-29 17:39:00,MONTGOMERY,HAIL,0.0,0.0,0,0,174629,1058566,Social Media
2022-11-29 17:50:00,2022-11-29 17:50:00,DICKSON,HAIL,0.0,0.0,0,0,174629,1058568,Public
2022-11-29 17:56:00,2022-11-29 17:56:00,DICKSON,HAIL,0.0,0.0,0,0,174629,1058573,Broadcast Media
2022-11-29 17:58:00,2022-11-29 17:58:00,DICKSON,HAIL,0.0,0.0,0,0,174629,1058575,Emergency Manager
2022-11-29 18:03:00,2022-11-29 18:03:00,DICKSON,HAIL,0.0,0.0,0,0,174629,1058579,Social Media
2022-11-29 18:19:00,2022-11-29 18:19:00,CHEATHAM,HAIL,0.0,0.0,0,0,174629,1058581,Social Media
2022-11-29 19:15:00,2022-11-29 19:20:00,SHELBY,HAIL,0.0,0.0,0,0,175647,1066346,Public
2022-11-29 19:25:00,2022-11-29 19:30:00,SHELBY,HAIL,0.0,0.0,0,0,175647,1066348,Public
2022-11-29 20:05:00,2022-11-29 20:10:00,FAYETTE,THUNDERSTORM WIND,10000.0,0.0,0,0,175647,1066350,Emergency Manager
2022-11-29 20:15:00,2022-11-29 20:20:00,FAYETTE,THUNDERSTORM WIND,5000.0,0.0,0,0,175647,1066353,Public
2022-11-29 20:58:00,2022-11-29 20:58:00,SUMNER,HAIL,0.0,0.0,0,0,174629,1058611,Broadcast Media
2022-12-01 00:00:00,2022-12-13 00:00:00,BEDFORD,DROUGHT,0.0,0.0,0,0,175216,1062242,Drought Monitor
2022-12-01 00:00:00,2022-12-13 00:00:00,CANNON,DROUGHT,0.0,0.0,0,0,175216,1062244,Drought Monitor
2022-12-01 00:00:00,2022-12-13 00:00:00,COFFEE,DROUGHT,0.0,0.0,0,0,175216,1062245,Drought Monitor
2022-12-01 00:00:00,2022-12-13 00:00:00,DEKALB,DROUGHT,0.0,0.0,0,0,175216,1062249,Drought Monitor
2022-12-01 00:00:00,2022-12-13 00:00:00,GILES,DROUGHT,0.0,0.0,0,0,175216,1062240,Drought Monitor
2022-12-01 00:00:00,2022-12-13 00:00:00,GRUNDY,DROUGHT,0.0,0.0,0,0,175216,1062246,Drought Monitor
2022-12-01 00:00:00,2022-12-13 00:00:00,HICKMAN,DROUGHT,0.0,0.0,0,0,175216,1062239,Drought Monitor
2022-12-01 00:00:00,2022-12-13 00:00:00,HOUSTON,DROUGHT,0.0,0.0,0,0,175216,1062233,Drought Monitor
2022-12-01 00:00:00,2022-12-13 00:00:00,HUMPHREYS,DROUGHT,0.0,0.0,0,0,175216,1062234,Drought Monitor
2022-12-01 00:00:00,2022-12-13 00:00:00,LAWRENCE,DROUGHT,0.0,0.0,0,0,175216,1062237,Drought Monitor
2022-12-01 00:00:00,2022-12-13 00:00:00,LEWIS,DROUGHT,0.0,0.0,0,0,175216,1062238,Drought Monitor
2022-12-01 00:00:00,2022-12-13 00:00:00,MARSHALL,DROUGHT,0.0,0.0,0,0,175216,1062241,Drought Monitor
2022-12-01 00:00:00,2022-12-13 00:00:00,PERRY,DROUGHT,0.0,0.0,0,0,175216,1062235,Drought Monitor
2022-12-01 00:00:00,2022-12-13 00:00:00,RUTHERFORD,DROUGHT,0.0,0.0,0,0,175216,1062243,Drought Monitor
2022-12-01 00:00:00,2022-12-13 00:00:00,STEWART,DROUGHT,0.0,0.0,0,0,175216,1062232,Drought Monitor
2022-12-01 00:00:00,2022-12-13 00:00:00,VAN BUREN,DROUGHT,0.0,0.0,0,0,175216,1062248,Drought Monitor
2022-12-01 00:00:00,2022-12-13 00:00:00,WARREN,DROUGHT,0.0,0.0,0,0,175216,1062247,Drought Monitor
2022-12-01 00:00:00,2022-12-13 00:00:00,WAYNE,DROUGHT,0.0,0.0,0,0,175216,1062236,Drought Monitor
2022-12-01 00:00:00,2022-12-13 00:00:00,WHITE,DROUGHT,0.0,0.0,0,0,175216,1062250,Drought Monitor
2022-12-01 00:00:00,2022-12-13 00:00:00,WILSON,DROUGHT,0.0,0.0,0,0,175216,1062231,Drought Monitor
2022-12-07 11:08:00,2022-12-07 11:08:00,MAURY,FLOOD,0.0,0.0,0,0,174927,1060501,Public
2022-12-07 11:08:00,2022-12-07 11:08:00,WILLIAMSON,FLOOD,0.0,0.0,0,0,174927,1060502,Public
2022-12-07 11:08:00,2022-12-07 11:08:00,WILLIAMSON,FLOOD,0.0,0.0,0,0,174927,1060504,Public
2022-12-07 12:16:00,2022-12-07 12:16:00,MAURY,FLOOD,0.0,0.0,0,0,174927,1060505,Social Media
2022-12-07 13:10:00,2022-12-07 13:10:00,MAURY,FLOOD,0.0,0.0,0,0,174927,1060506,Emergency Manager
2022-12-07 14:00:00,2022-12-07 14:00:00,MAURY,FLOOD,0.0,0.0,0,0,174927,1060507,Law Enforcement
2022-12-07 14:00:00,2022-12-07 14:00:00,WILLIAMSON,FLOOD,0.0,0.0,0,0,174927,1060508,Emergency Manager
2022-12-07 15:00:00,2022-12-07 15:00:00,BEDFORD,FLOOD,0.0,0.0,0,0,174927,1060509,Public
2022-12-07 15:00:00,2022-12-07 15:00:00,BEDFORD,FLOOD,0.0,0.0,0,0,174927,1060510,Public
2022-12-07 15:00:00,2022-12-07 15:00:00,MARSHALL,FLOOD,0.0,0.0,0,0,174927,1060511,Public
2022-12-14 18:10:00,2022-12-14 21:00:00,HAMILTON,FLOOD,0.0,0.0,0,0,175957,1068239,911 Call Center
2022-12-15 02:00:00,2022-12-15 02:00:00,SEVIER/SMOKY MOUNTAINS,HIGH WIND,0.0,0.0,0,0,175211,1062212,Mesonet
2022-12-15 03:15:00,2022-12-15 03:15:00,SOUTHEAST GREENE,HIGH WIND,0.0,0.0,0,0,175211,1062213,Mesonet
2022-12-22 15:00:00,2022-12-22 19:00:00,LAKE,WINTER WEATHER,0.0,0.0,0,0,176587,1072976,Public
2022-12-22 15:00:00,2022-12-22 19:00:00,OBION,WINTER WEATHER,0.0,0.0,0,0,176587,1072977,Public
2022-12-22 16:00:00,2022-12-22 20:00:00,DYER,WINTER WEATHER,0.0,0.0,0,0,176587,1072978,Public
2022-12-22 16:00:00,2022-12-22 20:00:00,LAUDERDALE,WINTER WEATHER,0.0,0.0,0,0,176587,1072980,Public
2022-12-22 16:00:00,2022-12-22 20:00:00,WEAKLEY,WINTER WEATHER,0.0,0.0,0,0,176587,1072979,Public
2022-12-22 17:00:00,2022-12-22 21:00:00,CROCKETT,WINTER WEATHER,0.0,0.0,0,0,176587,1072984,Public
2022-12-22 17:00:00,2022-12-22 21:00:00,GIBSON,WINTER WEATHER,0.0,0.0,0,0,176587,1072985,Public
2022-12-22 17:00:00,2022-12-22 21:00:00,HAYWOOD,WINTER WEATHER,0.0,0.0,0,0,176587,1072983,Public
2022-12-22 17:00:00,2022-12-22 21:00:00,SHELBY,WINTER WEATHER,0.0,0.0,0,0,176587,1072982,Public
2022-12-22 17:00:00,2022-12-22 21:00:00,TIPTON,WINTER WEATHER,0.0,0.0,0,0,176587,1072981,Public
2022-12-22 18:00:00,2022-12-22 22:00:00,CARROLL,WINTER WEATHER,0.0,0.0,0,0,176587,1072988,Public
2022-12-22 18:00:00,2022-12-22 22:00:00,CHESTER,WINTER WEATHER,0.0,0.0,0,0,176587,1072993,Public
2022-12-22 18:00:00,2022-12-22 22:00:00,DECATUR,WINTER WEATHER,0.0,0.0,0,0,176587,1072990,Public
2022-12-22 18:00:00,2022-12-22 22:00:00,FAYETTE,WINTER WEATHER,0.0,0.0,0,0,176587,1072986,Public
2022-12-22 18:00:00,2022-12-22 22:00:00,HARDEMAN,WINTER WEATHER,0.0,0.0,0,0,176587,1072992,Public
2022-12-22 18:00:00,2022-12-22 22:00:00,HENDERSON,WINTER WEATHER,0.0,0.0,0,0,176587,1072991,Public
2022-12-22 18:00:00,2022-12-22 22:00:00,HENRY,WINTER WEATHER,0.0,0.0,0,0,176587,1072989,Public
2022-12-22 18:00:00,2022-12-22 22:00:00,MADISON,WINTER WEATHER,0.0,0.0,0,0,176587,1072987,Public
2022-12-22 20:30:00,2022-12-23 03:30:00,ROBERTSON,WINTER WEATHER,0.0,0.0,0,0,175063,1061460,CoCoRaHS
2022-12-22 21:00:00,2022-12-23 03:30:00,CHEATHAM,WINTER STORM,0.0,0.0,0,0,175063,1061451,Department of Highways
2022-12-22 21:00:00,2022-12-23 01:00:00,FRANKLIN,STRONG WIND,0.0,0.0,0,0,176529,1071952,Mesonet
2022-12-22 21:00:00,2022-12-23 01:00:00,LINCOLN,STRONG WIND,0.0,0.0,0,0,176529,1071950,Mesonet
2022-12-22 21:00:00,2022-12-23 01:00:00,MOORE,STRONG WIND,0.0,0.0,0,0,176529,1071951,AWOS
2022-12-22 21:30:00,2022-12-23 03:30:00,DAVIDSON,WINTER STORM,0.0,0.0,0,0,175063,1061452,Department of Highways
2022-12-22 22:00:00,2022-12-23 12:00:00,DYER,EXTREME COLD/WIND CHILL,0.0,0.0,0,0,176646,1074652,AWOS
2022-12-22 22:00:00,2022-12-23 12:00:00,LAKE,EXTREME COLD/WIND CHILL,0.0,0.0,0,0,176646,1074649,AWOS
2022-12-22 22:00:00,2022-12-23 12:00:00,LAUDERDALE,EXTREME COLD/WIND CHILL,0.0,0.0,0,0,176646,1074653,AWOS
2022-12-22 22:00:00,2022-12-23 12:00:00,OBION,EXTREME COLD/WIND CHILL,0.0,0.0,0,0,176646,1074650,AWOS
2022-12-22 22:00:00,2022-12-23 03:30:00,SUMNER,WINTER STORM,0.0,0.0,0,0,175063,1061454,Department of Highways
2022-12-22 22:30:00,2022-12-23 02:30:00,CLAY,WINTER WEATHER,0.0,0.0,0,0,175063,1061458,CoCoRaHS
2022-12-22 22:30:00,2022-12-23 03:00:00,SMITH,WINTER STORM,0.0,0.0,0,0,175063,1061455,Department of Highways
2022-12-22 22:30:00,2022-12-23 04:00:00,WILSON,WINTER WEATHER,0.0,0.0,0,0,175063,1061461,CoCoRaHS
2022-12-22 22:38:00,2022-12-23 14:52:00,MONTGOMERY,EXTREME COLD/WIND CHILL,0.0,0.0,0,0,175063,1061318,ASOS
2022-12-22 23:00:00,2022-12-23 11:00:00,CROCKETT,EXTREME COLD/WIND CHILL,0.0,0.0,0,0,176646,1074657,AWOS
2022-12-22 23:00:00,2022-12-23 02:00:00,FRANKLIN,COLD/WIND CHILL,0.0,0.0,0,0,175043,1069515,AWOS
2022-12-22 23:00:00,2022-12-23 11:00:00,GIBSON,EXTREME COLD/WIND CHILL,0.0,0.0,0,0,176646,1074656,AWOS
2022-12-22 23:00:00,2022-12-23 11:00:00,HAYWOOD,EXTREME COLD/WIND CHILL,0.0,0.0,0,0,176646,1074658,AWOS
2022-12-22 23:00:00,2022-12-23 11:00:00,HENRY,EXTREME COLD/WIND CHILL,0.0,0.0,0,0,176646,1074662,AWOS
2022-12-22 23:00:00,2022-12-23 02:30:00,JACKSON,WINTER WEATHER,0.0,0.0,0,0,175063,1061459,Public
2022-12-22 23:00:00,2022-12-23 02:00:00,MOORE,COLD/WIND CHILL,0.0,0.0,0,0,175043,1069511,AWOS
2022-12-22 23:00:00,2022-12-23 03:00:00,OVERTON,WINTER STORM,0.0,0.0,0,0,175063,1061453,Department of Highways
2022-12-22 23:00:00,2022-12-23 11:00:00,SHELBY,EXTREME COLD/WIND CHILL,0.0,0.0,0,0,176646,1074661,ASOS
2022-12-22 23:00:00,2022-12-23 11:00:00,TIPTON,EXTREME COLD/WIND CHILL,0.0,0.0,0,0,176646,1074660,AWOS
2022-12-22 23:00:00,2022-12-23 11:00:00,WEAKLEY,EXTREME COLD/WIND CHILL,0.0,0.0,0,0,176646,1074663,AWOS
2022-12-23 00:00:00,2022-12-23 10:00:00,BENTON,EXTREME COLD/WIND CHILL,0.0,0.0,0,0,176646,1074675,AWOS
2022-12-23 00:00:00,2022-12-23 10:00:00,CARROLL,EXTREME COLD/WIND CHILL,0.0,0.0,0,0,176646,1074676,AWOS
2022-12-23 00:00:00,2022-12-23 10:00:00,FAYETTE,EXTREME COLD/WIND CHILL,0.0,0.0,0,0,176646,1074678,AWOS
2022-12-23 00:00:00,2022-12-23 05:00:00,LINCOLN,COLD/WIND CHILL,0.0,0.0,0,0,175043,1069506,AWOS
2022-12-23 00:00:00,2022-12-23 10:00:00,MADISON,EXTREME COLD/WIND CHILL,0.0,0.0,0,0,176646,1074677,ASOS
2022-12-23 00:08:00,2022-12-23 00:08:00,HAMILTON,STRONG WIND,0.0,0.0,0,0,175212,1062214,ASOS
2022-12-23 00:09:00,2022-12-23 12:00:00,HUMPHREYS,EXTREME COLD/WIND CHILL,0.0,0.0,0,0,175063,1061311,Public
2022-12-23 00:15:00,2022-12-23 12:00:00,GILES,EXTREME COLD/WIND CHILL,0.0,0.0,0,0,175063,1061307,AWOS
2022-12-23 00:20:00,2022-12-23 11:30:00,STEWART,EXTREME COLD/WIND CHILL,0.0,0.0,0,0,175063,1061326,Public
2022-12-23 00:32:00,2022-12-23 00:32:00,ANDERSON,STRONG WIND,0.0,0.0,0,0,175212,1062215,ASOS
2022-12-23 00:40:00,2022-12-23 17:30:00,DICKSON,EXTREME COLD/WIND CHILL,0.0,0.0,0,0,175063,1061305,Public
2022-12-23 00:48:00,2022-12-23 18:00:00,PICKETT,EXTREME COLD/WIND CHILL,0.0,0.0,0,0,175063,1061321,Public
2022-12-23 00:50:00,2022-12-23 00:50:00,ANDERSON,STRONG WIND,0.0,0.0,0,0,175212,1062216,AWOS
2022-12-23 01:00:00,2022-12-23 07:00:00,BLOUNT/SMOKY MOUNTAINS,WINTER STORM,0.0,0.0,0,0,175212,1062220,COOP Observer
2022-12-23 01:00:00,2022-12-23 10:00:00,CHESTER,EXTREME COLD/WIND CHILL,0.0,0.0,0,0,176646,1074682,AWOS
2022-12-23 01:00:00,2022-12-23 10:00:00,DECATUR,EXTREME COLD/WIND CHILL,0.0,0.0,0,0,176646,1074680,AWOS
2022-12-23 01:00:00,2022-12-23 10:00:00,HARDEMAN,EXTREME COLD/WIND CHILL,0.0,0.0,0,0,176646,1074683,AWOS
2022-12-23 01:00:00,2022-12-23 10:00:00,HENDERSON,EXTREME COLD/WIND CHILL,0.0,0.0,0,0,176646,1074681,AWOS
2022-12-23 01:00:00,2022-12-23 01:00:00,KNOX,STRONG WIND,0.0,0.0,0,0,175212,1062217,911 Call Center
2022-12-23 01:10:00,2022-12-24 08:40:00,CANNON,EXTREME COLD/WIND CHILL,0.0,0.0,0,0,175063,1061298,Public
2022-12-23 01:12:00,2022-12-23 01:12:00,NORTHWEST BLOUNT,STRONG WIND,0.0,0.0,0,0,175212,1062218,ASOS
2022-12-23 01:14:00,2022-12-24 08:04:00,VAN BUREN,EXTREME COLD/WIND CHILL,0.0,0.0,0,0,175063,1061329,Public
2022-12-23 01:15:00,2022-12-23 01:15:00,HAMBLEN,STRONG WIND,0.0,0.0,0,0,175212,1062219,AWOS
2022-12-23 01:31:00,2022-12-24 08:22:00,CUMBERLAND,EXTREME COLD/WIND CHILL,0.0,0.0,0,0,175063,1061302,ASOS
2022-12-23 01:34:00,2022-12-23 11:14:00,WAYNE,EXTREME COLD/WIND CHILL,0.0,0.0,0,0,175063,1061331,Public
2022-12-23 01:35:00,2022-12-23 18:50:00,DAVIDSON,EXTREME COLD/WIND CHILL,0.0,0.0,0,0,175063,1061303,AWOS
2022-12-23 01:35:00,2022-12-23 14:15:00,SUMNER,EXTREME COLD/WIND CHILL,0.0,0.0,0,0,175063,1061327,AWOS
2022-12-23 01:45:00,2022-12-23 18:00:00,DEKALB,EXTREME COLD/WIND CHILL,0.0,0.0,0,0,175063,1061304,Public
2022-12-23 01:56:00,2022-12-23 12:00:00,RUTHERFORD,EXTREME COLD/WIND CHILL,0.0,0.0,0,0,175063,1061324,AWOS
2022-12-23 02:00:00,2022-12-24 06:00:00,FRANKLIN,EXTREME COLD/WIND CHILL,0.0,0.0,0,0,175043,1069514,AWOS
2022-12-23 02:00:00,2022-12-24 06:00:00,MOORE,EXTREME COLD/WIND CHILL,0.0,0.0,0,0,175043,1069509,AWOS
2022-12-23 02:04:00,2022-12-23 11:04:00,PERRY,EXTREME COLD/WIND CHILL,0.0,0.0,0,0,175063,1061320,Public
2022-12-23 02:14:00,2022-12-23 10:59:00,MACON,EXTREME COLD/WIND CHILL,0.0,0.0,0,0,175063,1061315,Public
2022-12-23 02:34:00,2022-12-23 12:00:00,CLAY,EXTREME COLD/WIND CHILL,0.0,0.0,0,0,175063,1061300,Public
2022-12-23 03:00:00,2022-12-23 10:00:00,HARDIN,EXTREME COLD/WIND CHILL,0.0,0.0,0,0,176646,1074685,AWOS
2022-12-23 03:00:00,2022-12-23 11:00:00,HOUSTON,EXTREME COLD/WIND CHILL,0.0,0.0,0,0,175063,1061310,Public
2022-12-23 03:00:00,2022-12-23 10:00:00,MCNAIRY,EXTREME COLD/WIND CHILL,0.0,0.0,0,0,176646,1074684,AWOS
2022-12-23 03:10:00,2022-12-23 10:45:00,CHEATHAM,EXTREME COLD/WIND CHILL,0.0,0.0,0,0,175063,1061299,Public
2022-12-23 03:10:00,2022-12-23 10:40:00,MAURY,EXTREME COLD/WIND CHILL,0.0,0.0,0,0,175063,1061317,AWOS
2022-12-23 03:15:00,2022-12-23 12:00:00,COFFEE,EXTREME COLD/WIND CHILL,0.0,0.0,0,0,175063,1061301,AWOS
2022-12-23 03:15:00,2022-12-23 10:55:00,MARSHALL,EXTREME COLD/WIND CHILL,0.0,0.0,0,0,175063,1061316,AWOS
2022-12-23 03:15:00,2022-12-24 08:55:00,OVERTON,EXTREME COLD/WIND CHILL,0.0,0.0,0,0,175063,1061319,AWOS
2022-12-23 03:25:00,2022-12-23 12:00:00,WILLIAMSON,EXTREME COLD/WIND CHILL,0.0,0.0,0,0,175063,1061333,Public
2022-12-23 03:43:00,2022-12-24 06:43:00,FENTRESS,EXTREME COLD/WIND CHILL,0.0,0.0,0,0,175063,1061306,RAWS
2022-12-23 03:44:00,2022-12-23 12:00:00,TROUSDALE,EXTREME COLD/WIND CHILL,0.0,0.0,0,0,175063,1061328,Public
2022-12-23 03:55:00,2022-12-23 10:55:00,LAWRENCE,EXTREME COLD/WIND CHILL,0.0,0.0,0,0,175063,1061313,AWOS
2022-12-23 03:55:00,2022-12-23 13:20:00,WILSON,EXTREME COLD/WIND CHILL,0.0,0.0,0,0,175063,1061334,Public
2022-12-23 04:05:00,2022-12-23 11:24:00,HICKMAN,EXTREME COLD/WIND CHILL,0.0,0.0,0,0,175063,1061309,Public
2022-12-23 04:22:00,2022-12-23 11:22:00,LEWIS,EXTREME COLD/WIND CHILL,0.0,0.0,0,0,175063,1061314,RAWS
2022-12-23 04:24:00,2022-12-23 11:09:00,PUTNAM,EXTREME COLD/WIND CHILL,0.0,0.0,0,0,175063,1061322,Public
2022-12-23 04:35:00,2022-12-23 10:35:00,BEDFORD,EXTREME COLD/WIND CHILL,0.0,0.0,0,0,175063,1061297,AWOS
2022-12-23 04:35:00,2022-12-23 12:00:00,WARREN,EXTREME COLD/WIND CHILL,0.0,0.0,0,0,175063,1061330,AWOS
2022-12-23 05:15:00,2022-12-23 21:55:00,ROBERTSON,EXTREME COLD/WIND CHILL,0.0,0.0,0,0,175063,1061323,AWOS
2022-12-23 05:54:00,2022-12-23 11:07:00,JACKSON,EXTREME COLD/WIND CHILL,0.0,0.0,0,0,175063,1061312,Public
2022-12-23 05:55:00,2022-12-23 12:00:00,WHITE,EXTREME COLD/WIND CHILL,0.0,0.0,0,0,175063,1061332,AWOS
2022-12-23 06:00:00,2022-12-23 06:00:00,NORTHWEST CARTER,COLD/WIND CHILL,0.0,0.0,0,0,175212,1062222,AWOS
2022-12-23 06:00:00,2022-12-23 06:00:00,ROANE,COLD/WIND CHILL,0.0,0.0,0,0,175212,1062221,AWOS
2022-12-23 06:00:00,2022-12-23 06:00:00,SULLIVAN,COLD/WIND CHILL,0.0,0.0,0,0,175212,1062223,ASOS
2022-12-23 06:40:00,2022-12-23 08:00:00,GRUNDY,EXTREME COLD/WIND CHILL,0.0,0.0,0,0,175063,1061308,Public
2022-12-23 08:35:00,2022-12-23 10:35:00,SMITH,EXTREME COLD/WIND CHILL,0.0,0.0,0,0,175063,1061325,Public
2022-12-23 10:00:00,2022-12-24 09:00:00,BENTON,COLD/WIND CHILL,0.0,0.0,0,0,176646,1075089,AWOS
2022-12-23 10:00:00,2022-12-24 10:00:00,CARROLL,COLD/WIND CHILL,0.0,0.0,0,0,176646,1075083,AWOS
2022-12-23 10:00:00,2022-12-24 09:00:00,CHESTER,COLD/WIND CHILL,0.0,0.0,0,0,176646,1075086,AWOS
2022-12-23 10:00:00,2022-12-24 09:00:00,DECATUR,COLD/WIND CHILL,0.0,0.0,0,0,176646,1075090,AWOS
2022-12-23 10:00:00,2022-12-24 09:00:00,FAYETTE,COLD/WIND CHILL,0.0,0.0,0,0,176646,1075084,AWOS
2022-12-23 10:00:00,2022-12-24 09:00:00,HARDEMAN,COLD/WIND CHILL,0.0,0.0,0,0,176646,1075085,AWOS
2022-12-23 10:00:00,2022-12-24 09:00:00,HARDIN,COLD/WIND CHILL,0.0,0.0,0,0,176646,1075091,AWOS
2022-12-23 10:00:00,2022-12-24 09:00:00,HENDERSON,COLD/WIND CHILL,0.0,0.0,0,0,176646,1075088,AWOS
2022-12-23 10:00:00,2022-12-24 10:00:00,MADISON,COLD/WIND CHILL,0.0,0.0,0,0,176646,1075082,ASOS
2022-12-23 10:00:00,2022-12-24 09:00:00,MCNAIRY,COLD/WIND CHILL,0.0,0.0,0,0,176646,1075087,AWOS
2022-12-23 11:00:00,2022-12-24 10:00:00,CROCKETT,COLD/WIND CHILL,0.0,0.0,0,0,176646,1075078,AWOS
2022-12-23 11:00:00,2022-12-24 10:00:00,GIBSON,COLD/WIND CHILL,0.0,0.0,0,0,176646,1075079,AWOS
2022-12-23 11:00:00,2022-12-24 10:00:00,HAYWOOD,COLD/WIND CHILL,0.0,0.0,0,0,176646,1075077,AWOS
2022-12-23 11:00:00,2022-12-24 10:00:00,HENRY,COLD/WIND CHILL,0.0,0.0,0,0,176646,1075081,AWOS
2022-12-23 11:00:00,2022-12-24 10:00:00,SHELBY,COLD/WIND CHILL,0.0,0.0,0,0,176646,1075075,ASOS
2022-12-23 11:00:00,2022-12-24 10:00:00,TIPTON,COLD/WIND CHILL,0.0,0.0,0,0,176646,1075076,AWOS
2022-12-23 11:00:00,2022-12-24 10:00:00,WEAKLEY,COLD/WIND CHILL,0.0,0.0,0,0,176646,1075080,AWOS
2022-12-23 12:00:00,2022-12-24 10:00:00,DYER,COLD/WIND CHILL,0.0,0.0,0,0,176646,1075073,AWOS
2022-12-23 12:00:00,2022-12-24 10:00:00,LAKE,COLD/WIND CHILL,0.0,0.0,0,0,176646,1075071,AWOS
2022-12-23 12:00:00,2022-12-24 10:00:00,LAUDERDALE,COLD/WIND CHILL,0.0,0.0,0,0,176646,1075074,AWOS
2022-12-23 12:00:00,2022-12-23 19:00:00,LINCOLN,COLD/WIND CHILL,0.0,0.0,0,0,175043,1069507,AWOS
2022-12-23 12:00:00,2022-12-24 10:00:00,OBION,COLD/WIND CHILL,0.0,0.0,0,0,176646,1075072,AWOS
2022-12-23 19:00:00,2022-12-23 22:00:00,LINCOLN,EXTREME COLD/WIND CHILL,0.0,0.0,0,0,175043,1069510,AWOS
2022-12-23 22:00:00,2022-12-24 10:00:00,LINCOLN,COLD/WIND CHILL,0.0,0.0,0,0,175043,1069508,AWOS
2022-12-24 06:00:00,2022-12-24 11:00:00,FRANKLIN,COLD/WIND CHILL,0.0,0.0,0,0,175043,1069516,AWOS
2022-12-24 06:00:00,2022-12-24 11:00:00,MOORE,COLD/WIND CHILL,0.0,0.0,0,0,175043,1069512,AWOS
2022-12-26 14:00:00,2022-12-26 19:00:00,LINCOLN,WINTER WEATHER,0.0,0.0,0,0,176531,1071970,AWOS
2022-12-26 15:00:00,2022-12-26 19:00:00,FRANKLIN,WINTER WEATHER,0.0,0.0,0,0,176531,1071969,AWOS
2022-12-26 15:00:00,2022-12-26 19:00:00,MOORE,WINTER WEATHER,0.0,0.0,0,0,176531,1071971,AWOS
2023-01-02 01:29:00,2023-01-02 01:30:00,SHELBY,THUNDERSTORM WIND,0.0,0.0,0,0,177253,1077516,Public
2023-01-03 01:46:00,2023-01-03 01:48:00,TIPTON,THUNDERSTORM WIND,5000.0,0.0,0,0,177253,1077526,Public
2023-01-03 02:24:00,2023-01-03 02:27:00,HAYWOOD,TORNADO,35000.0,0.0,0,0,177253,1078325,NWS Storm Survey
2023-01-03 03:45:00,2023-01-03 03:48:00,HENRY,THUNDERSTORM WIND,5000.0,0.0,0,0,177253,1077554,Law Enforcement
2023-01-03 05:30:00,2023-01-03 05:30:00,DICKSON,THUNDERSTORM WIND,10000.0,0.0,0,0,175256,1062636,Social Media
2023-01-03 05:36:00,2023-01-03 07:36:00,SHELBY,FLASH FLOOD,5000.0,0.0,0,0,177253,1077518,Broadcast Media
2023-01-03 07:15:00,2023-01-03 09:00:00,HAYWOOD,FLASH FLOOD,0.0,0.0,0,0,177253,1080731,Emergency Manager
2023-01-03 07:15:00,2023-01-03 09:00:00,HAYWOOD,FLASH FLOOD,0.0,0.0,0,0,177253,1080732,Emergency Manager
2023-01-03 10:45:00,2023-01-03 10:45:00,BEDFORD,THUNDERSTORM WIND,10000.0,0.0,0,0,175256,1062640,Broadcast Media
2023-01-03 10:59:00,2023-01-03 10:59:00,RUTHERFORD,THUNDERSTORM WIND,15000.0,0.0,0,0,175256,1062643,Public
2023-01-03 12:22:00,2023-01-03 12:22:00,CUMBERLAND,THUNDERSTORM WIND,25000.0,0.0,0,0,175256,1062631,Emergency Manager
2023-01-03 14:32:00,2023-01-03 14:32:00,HAMILTON,THUNDERSTORM WIND,0.0,0.0,0,0,176227,1070035,ASOS
2023-01-03 14:50:00,2023-01-03 14:50:00,BRADLEY,THUNDERSTORM WIND,0.0,0.0,0,0,176227,1070025,911 Call Center
2023-01-03 14:55:00,2023-01-03 14:55:00,MCMINN,THUNDERSTORM WIND,0.0,0.0,0,0,176227,1070026,911 Call Center
2023-01-03 15:00:00,2023-01-03 15:00:00,KNOX,THUNDERSTORM WIND,0.0,0.0,0,0,176227,1070027,911 Call Center
2023-01-03 15:06:00,2023-01-03 15:06:00,MONROE,THUNDERSTORM WIND,0.0,0.0,0,0,176227,1070028,911 Call Center
2023-01-03 15:10:00,2023-01-03 15:10:00,KNOX,THUNDERSTORM WIND,0.0,0.0,0,0,176227,1070029,911 Call Center
2023-01-03 15:10:00,2023-01-03 15:10:00,POLK,THUNDERSTORM WIND,0.0,0.0,0,0,176227,1070030,911 Call Center
2023-01-03 15:20:00,2023-01-03 15:20:00,MONROE,THUNDERSTORM WIND,0.0,0.0,0,0,176227,1070031,911 Call Center
2023-01-03 15:25:00,2023-01-03 15:25:00,JEFFERSON,THUNDERSTORM WIND,0.0,0.0,0,0,176227,1070032,Public
2023-01-03 15:40:00,2023-01-03 15:40:00,HAWKINS,THUNDERSTORM WIND,0.0,0.0,0,0,176227,1070033,Public
2023-01-03 16:15:00,2023-01-03 16:15:00,SULLIVAN,THUNDERSTORM WIND,0.0,0.0,0,0,176227,1070034,Trained Spotter
2023-01-03 23:50:00,2023-01-03 23:50:00,LEWIS,HAIL,0.0,0.0,0,0,175256,1062632,CoCoRaHS
2023-01-03 23:51:00,2023-01-03 23:51:00,LEWIS,HAIL,0.0,0.0,0,0,175256,1062633,Public
2023-01-04 00:01:00,2023-01-04 00:01:00,LEWIS,HAIL,0.0,0.0,0,0,175256,1062634,Public
2023-01-12 10:01:00,2023-01-12 10:01:00,SEQUATCHIE,THUNDERSTORM WIND,0.0,0.0,0,0,176229,1070041,911 Call Center
2023-01-12 11:50:00,2023-01-12 11:51:00,MEIGS,TORNADO,0.0,0.0,0,1,176229,1070038,NWS Storm Survey
2023-01-12 12:09:00,2023-01-12 12:09:00,BRADLEY,THUNDERSTORM WIND,0.0,0.0,0,0,176229,1070042,Public
2023-01-12 12:45:00,2023-01-12 12:45:00,BLOUNT,THUNDERSTORM WIND,0.0,0.0,0,0,176229,1070047,ASOS
2023-01-12 12:54:00,2023-01-12 12:54:00,KNOX,THUNDERSTORM WIND,0.0,0.0,0,0,176229,1070043,Amateur Radio
2023-01-12 12:55:00,2023-01-12 12:55:00,UNION,THUNDERSTORM WIND,0.0,0.0,0,0,176229,1070044,911 Call Center
2023-01-12 13:03:00,2023-01-12 13:03:00,BLOUNT,THUNDERSTORM WIND,0.0,0.0,0,0,176229,1070045,911 Call Center
2023-01-12 13:14:00,2023-01-12 13:15:00,JEFFERSON,TORNADO,0.0,0.0,0,0,176229,1070039,NWS Storm Survey
2023-01-12 13:17:00,2023-01-12 13:17:00,JEFFERSON,THUNDERSTORM WIND,0.0,0.0,0,0,176229,1070048,Trained Spotter
2023-01-12 13:20:00,2023-01-12 13:20:00,DAVIDSON,HAIL,0.0,0.0,0,0,175501,1064766,Emergency Manager
2023-01-12 13:20:00,2023-01-12 13:20:00,WILLIAMSON,HAIL,0.0,0.0,0,0,175501,1064765,Public
2023-01-12 13:21:00,2023-01-12 13:21:00,WILLIAMSON,HAIL,0.0,0.0,0,0,175501,1064767,Public
2023-01-12 13:22:00,2023-01-12 13:22:00,DAVIDSON,HAIL,0.0,0.0,0,0,175501,1064768,Public
2023-01-12 13:26:00,2023-01-12 13:28:00,JEFFERSON,TORNADO,0.0,0.0,0,0,176229,1070040,NWS Storm Survey
2023-01-12 13:30:00,2023-01-12 13:30:00,COCKE,THUNDERSTORM WIND,0.0,0.0,0,1,176229,1070060,Newspaper
2023-01-12 13:30:00,2023-01-12 13:30:00,DAVIDSON,HAIL,0.0,0.0,0,0,175501,1064769,Public
2023-01-12 13:34:00,2023-01-12 13:34:00,DAVIDSON,HAIL,0.0,0.0,0,0,175501,1064770,Public
2023-01-12 13:38:00,2023-01-12 13:38:00,WILSON,HAIL,0.0,0.0,0,0,175501,1064771,Public
2023-01-12 13:40:00,2023-01-12 13:40:00,RUTHERFORD,THUNDERSTORM WIND,5000.0,0.0,0,0,175501,1064773,Public
2023-01-12 13:53:00,2023-01-12 13:53:00,RUTHERFORD,HAIL,0.0,0.0,0,0,175501,1064772,Public
2023-01-12 13:54:00,2023-01-12 13:54:00,GREENE,THUNDERSTORM WIND,0.0,0.0,0,0,176229,1070046,Broadcast Media
2023-01-12 14:19:00,2023-01-12 14:19:00,SULLIVAN,THUNDERSTORM WIND,0.0,0.0,0,0,176229,1070049,ASOS
2023-01-12 15:45:00,2023-01-12 15:45:00,LAWRENCE,THUNDERSTORM WIND,1000.0,0.0,0,0,175501,1064774,Emergency Manager
2023-01-12 17:09:00,2023-01-12 17:09:00,MARSHALL,THUNDERSTORM WIND,15000.0,0.0,0,0,175501,1064963,Emergency Manager
2023-01-12 22:00:00,2023-01-13 15:00:00,FRANKLIN,WINTER WEATHER,0.0,0.0,0,0,175525,1077155,COOP Observer
2023-01-13 11:00:00,2023-01-14 10:00:00,SEVIER/SMOKY MOUNTAINS,HEAVY SNOW,0.0,0.0,0,0,176232,1070071,COOP Observer
2023-01-13 11:00:00,2023-01-14 10:00:00,SEVIER/SMOKY MOUNTAINS,HEAVY SNOW,0.0,0.0,0,0,176232,1070073,Park/Forest Service
2023-01-13 11:00:00,2023-01-14 10:00:00,SOUTHEAST CARTER,HEAVY SNOW,0.0,0.0,0,0,176232,1070072,Public
2023-01-25 02:45:00,2023-01-25 02:45:00,SOUTHEAST CARTER,HIGH WIND,0.0,0.0,0,0,176236,1070078,Mesonet
2023-01-25 07:00:00,2023-01-25 07:00:00,SEVIER/SMOKY MOUNTAINS,HIGH WIND,0.0,0.0,0,0,176236,1070077,Mesonet
2023-01-25 08:00:00,2023-01-25 08:00:00,SOUTHEAST GREENE,HIGH WIND,0.0,0.0,0,0,176236,1070076,Mesonet
2023-01-30 18:00:00,2023-01-31 23:59:00,LAKE,WINTER STORM,0.0,0.0,0,0,177549,1079740,COOP Observer
2023-01-30 18:00:00,2023-01-31 23:59:00,OBION,WINTER STORM,0.0,0.0,0,0,177549,1079741,COOP Observer
2023-01-30 20:00:00,2023-01-31 23:59:00,CROCKETT,WINTER STORM,0.0,0.0,0,0,177549,1080656,Public
2023-01-30 20:00:00,2023-01-31 23:59:00,DYER,WINTER STORM,0.0,0.0,0,0,177549,1079988,Public
2023-01-30 20:00:00,2023-01-31 23:59:00,FAYETTE,WINTER STORM,0.0,0.0,0,0,177549,1079993,Public
2023-01-30 20:00:00,2023-01-31 23:59:00,GIBSON,WINTER STORM,0.0,0.0,0,0,177549,1079995,Public
2023-01-30 20:00:00,2023-01-31 23:59:00,HAYWOOD,WINTER STORM,0.0,0.0,0,0,177549,1079994,Public
2023-01-30 20:00:00,2023-01-31 23:59:00,LAUDERDALE,WINTER STORM,0.0,0.0,0,0,177549,1079987,Public
2023-01-30 20:00:00,2023-01-31 23:59:00,SHELBY,WINTER STORM,0.0,0.0,0,0,177549,1079985,COOP Observer
2023-01-30 20:00:00,2023-01-31 23:59:00,TIPTON,WINTER STORM,0.0,0.0,0,0,177549,1079986,Public
2023-01-30 20:00:00,2023-01-31 23:59:00,WEAKLEY,WINTER STORM,0.0,0.0,0,0,177549,1079996,Public
2023-01-30 21:00:00,2023-01-31 23:59:00,BENTON,WINTER STORM,0.0,0.0,0,0,177549,1080003,COOP Observer
2023-01-30 21:00:00,2023-01-31 23:59:00,CARROLL,WINTER STORM,0.0,0.0,0,0,177549,1079998,Public
2023-01-30 21:00:00,2023-01-31 23:59:00,CHESTER,WINTER STORM,0.0,0.0,0,0,177549,1080001,COOP Observer
2023-01-30 21:00:00,2023-01-31 23:59:00,HARDEMAN,WINTER STORM,0.0,0.0,0,0,177549,1080000,COOP Observer
2023-01-30 21:00:00,2023-01-31 23:59:00,HENDERSON,WINTER STORM,0.0,0.0,0,0,177549,1080002,COOP Observer
2023-01-30 21:00:00,2023-01-31 23:59:00,HENRY,WINTER STORM,0.0,0.0,0,0,177549,1079997,Public
2023-01-30 21:00:00,2023-01-31 23:59:00,MADISON,WINTER STORM,0.0,0.0,0,0,177549,1079999,COOP Observer
2023-01-30 23:05:00,2023-01-31 23:59:00,MONTGOMERY,ICE STORM,30000.0,0.0,0,0,175977,1068390,Newspaper
2023-01-31 03:30:00,2023-01-31 23:59:00,HUMPHREYS,ICE STORM,0.0,0.0,0,0,175977,1068395,Social Media
2023-01-31 03:30:00,2023-01-31 23:59:00,PERRY,ICE STORM,0.0,0.0,0,0,175977,1068402,Social Media
2023-01-31 05:35:00,2023-01-31 23:59:00,ROBERTSON,ICE STORM,30000.0,0.0,0,0,175977,1068389,Emergency Manager
2023-01-31 06:15:00,2023-01-31 23:59:00,SUMNER,ICE STORM,25000.0,0.0,0,0,175977,1068401,Social Media
2023-01-31 15:00:00,2023-01-31 23:59:00,DECATUR,ICE STORM,0.0,0.0,0,0,177549,1080609,COOP Observer
2023-01-31 15:00:00,2023-01-31 23:59:00,MCNAIRY,ICE STORM,0.0,0.0,0,0,177549,1080610,COOP Observer
2023-02-01 00:00:00,2023-02-02 07:00:00,BENTON,WINTER STORM,0.0,0.0,0,0,177694,1080670,COOP Observer
2023-02-01 00:00:00,2023-02-02 05:00:00,CARROLL,WINTER STORM,0.0,0.0,0,0,177694,1080668,Public
2023-02-01 00:00:00,2023-02-02 08:00:00,CHESTER,WINTER STORM,0.0,0.0,0,0,177694,1080675,COOP Observer
2023-02-01 00:00:00,2023-02-02 03:00:00,CROCKETT,WINTER STORM,0.0,0.0,0,0,177694,1080660,Public
2023-02-01 00:00:00,2023-02-02 17:53:00,DAVIDSON,WINTER WEATHER,1000.0,0.0,0,0,175978,1068420,Social Media
2023-02-01 00:00:00,2023-02-02 08:00:00,DECATUR,ICE STORM,0.0,0.0,0,0,177694,1080678,COOP Observer
2023-02-01 00:00:00,2023-02-01 03:00:00,DYER,WINTER STORM,0.0,0.0,0,0,177694,1080653,Public
2023-02-01 00:00:00,2023-02-02 07:00:00,FAYETTE,WINTER STORM,0.0,0.0,0,0,177694,1080663,Public
2023-02-01 00:00:00,2023-02-02 03:00:00,GIBSON,WINTER STORM,0.0,0.0,0,0,177694,1080659,Public
2023-02-01 00:00:00,2023-02-02 08:00:00,HARDEMAN,WINTER STORM,0.0,0.0,0,0,177694,1080676,COOP Observer
2023-02-01 00:00:00,2023-02-02 03:00:00,HAYWOOD,WINTER STORM,0.0,0.0,0,0,177694,1080661,Public
2023-02-01 00:00:00,2023-02-02 07:00:00,HENDERSON,WINTER STORM,0.0,0.0,0,0,177694,1080674,COOP Observer
2023-02-01 00:00:00,2023-02-02 03:00:00,HENRY,WINTER STORM,0.0,0.0,0,0,177694,1080667,Public
2023-02-01 00:00:00,2023-02-01 06:00:00,HUMPHREYS,ICE STORM,60000.0,0.0,0,0,175978,1068411,Social Media
2023-02-01 00:00:00,2023-02-02 02:00:00,LAKE,WINTER STORM,0.0,0.0,0,0,177694,1080650,COOP Observer
2023-02-01 00:00:00,2023-02-02 03:00:00,LAUDERDALE,WINTER STORM,0.0,0.0,0,0,177694,1080662,Public
2023-02-01 00:00:00,2023-02-02 07:00:00,MADISON,WINTER STORM,0.0,0.0,0,0,177694,1080673,COOP Observer
2023-02-01 00:00:00,2023-02-02 09:00:00,MCNAIRY,ICE STORM,0.0,0.0,0,0,177694,1080679,COOP Observer
2023-02-01 00:00:00,2023-02-01 06:00:00,MONTGOMERY,ICE STORM,0.0,0.0,0,0,175978,1068407,Newspaper
2023-02-01 00:00:00,2023-02-02 02:00:00,OBION,WINTER STORM,0.0,0.0,0,0,177694,1080651,COOP Observer
2023-02-01 00:00:00,2023-02-02 08:00:00,PERRY,ICE STORM,10000.0,0.0,0,0,175978,1068414,Social Media
2023-02-01 00:00:00,2023-02-01 06:00:00,ROBERTSON,ICE STORM,0.0,0.0,0,0,175978,1068415,Emergency Manager
2023-02-01 00:00:00,2023-02-01 07:00:00,SHELBY,WINTER STORM,0.0,0.0,0,0,177694,1080655,Public
2023-02-01 00:00:00,2023-02-01 06:00:00,SUMNER,ICE STORM,0.0,0.0,0,0,175978,1068417,Social Media
2023-02-01 00:00:00,2023-02-01 05:00:00,TIPTON,WINTER STORM,0.0,0.0,0,0,177694,1080654,Public
2023-02-01 00:00:00,2023-02-02 03:00:00,WEAKLEY,WINTER STORM,0.0,0.0,0,0,177694,1080658,Public
2023-02-09 03:00:00,2023-02-09 06:00:00,FRANKLIN,STRONG WIND,3000.0,0.0,0,0,177753,1081132,Emergency Manager
2023-02-09 06:00:00,2023-02-09 06:00:00,CHEATHAM,STRONG WIND,5000.0,0.0,0,0,176051,1068833,Fire Department/Rescue
2023-02-09 08:30:00,2023-02-09 08:30:00,SOUTHEAST GREENE,HIGH WIND,0.0,0.0,0,0,176870,1074854,Mesonet
2023-02-09 09:00:00,2023-02-09 09:00:00,SEVIER/SMOKY MOUNTAINS,HIGH WIND,0.0,0.0,0,0,176870,1074853,Park/Forest Service
2023-02-09 10:30:00,2023-02-09 10:30:00,OVERTON,STRONG WIND,5000.0,0.0,0,0,176051,1068834,Emergency Manager
2023-02-12 03:00:00,2023-02-12 11:00:00,FRANKLIN,WINTER WEATHER,0.0,0.0,0,0,176110,1081180,COOP Observer
2023-02-14 21:00:00,2023-02-14 21:00:00,BLOUNT/SMOKY MOUNTAINS,HIGH WIND,0.0,0.0,0,0,176871,1074856,Park/Forest Service
2023-02-14 21:00:00,2023-02-14 21:00:00,SOUTHEAST GREENE,HIGH WIND,0.0,0.0,0,0,176871,1074857,Mesonet
2023-02-15 00:00:00,2023-02-15 00:00:00,SEVIER/SMOKY MOUNTAINS,HIGH WIND,0.0,0.0,0,0,176871,1074855,Park/Forest Service
2023-02-15 00:00:00,2023-02-15 00:00:00,SEVIER/SMOKY MOUNTAINS,HIGH WIND,0.0,0.0,0,0,176871,1074858,Public
2023-02-15 21:25:00,2023-02-15 21:30:00,SHELBY,HAIL,0.0,0.0,0,0,177985,1082417,Social Media
2023-02-15 21:43:00,2023-02-15 21:48:00,SHELBY,HAIL,0.0,0.0,0,0,177985,1082419,Public
2023-02-16 01:30:00,2023-02-16 06:00:00,LAUDERDALE,HEAVY RAIN,0.0,0.0,0,0,178015,1083771,CoCoRaHS
2023-02-16 01:30:00,2023-02-16 06:20:00,TIPTON,HEAVY RAIN,0.0,0.0,0,0,178015,1083770,CoCoRaHS
2023-02-16 03:00:00,2023-02-16 09:19:00,CROCKETT,HEAVY RAIN,0.0,0.0,0,0,178015,1082564,Mesonet
2023-02-16 03:00:00,2023-02-16 09:06:00,HENRY,HEAVY RAIN,0.0,0.0,0,0,178015,1082565,Mesonet
2023-02-16 03:00:00,2023-02-16 09:22:00,WEAKLEY,HEAVY RAIN,0.0,0.0,0,0,178015,1082563,Mesonet
2023-02-16 03:00:00,2023-02-16 08:05:00,WEAKLEY,HEAVY RAIN,0.0,0.0,0,0,178015,1083767,RAWS
2023-02-16 03:00:00,2023-02-16 09:00:00,WEAKLEY,HEAVY RAIN,0.0,0.0,0,0,178015,1083765,Mesonet
2023-02-16 04:38:00,2023-02-16 04:43:00,GIBSON,THUNDERSTORM WIND,15000.0,0.0,0,0,178015,1082542,Fire Department/Rescue
2023-02-16 06:00:00,2023-02-16 07:30:00,GIBSON,FLASH FLOOD,0.0,0.0,0,0,178015,1082544,Emergency Manager
2023-02-16 06:00:00,2023-02-16 07:30:00,WEAKLEY,FLASH FLOOD,0.0,0.0,0,0,178015,1082545,Emergency Manager
2023-02-16 06:30:00,2023-02-16 07:30:00,CROCKETT,FLASH FLOOD,10000.0,0.0,0,0,178015,1082546,Public
2023-02-16 06:30:00,2023-02-16 07:30:00,TIPTON,FLASH FLOOD,20000.0,0.0,0,0,178015,1082547,Law Enforcement
2023-02-16 07:00:00,2023-02-16 08:00:00,HENRY,FLASH FLOOD,0.0,0.0,0,0,178015,1082548,Emergency Manager
2023-02-16 07:00:00,2023-02-16 10:15:00,HENRY,FLASH FLOOD,250000.0,0.0,0,0,178015,1083984,Emergency Manager
2023-02-16 08:00:00,2023-02-16 09:00:00,HENRY,FLASH FLOOD,0.0,0.0,0,0,178015,1082549,Emergency Manager
2023-02-16 08:15:00,2023-02-16 10:15:00,HENRY,FLASH FLOOD,0.0,0.0,0,0,178015,1082550,Emergency Manager
2023-02-16 09:07:00,2023-02-16 11:00:00,GIBSON,FLASH FLOOD,0.0,0.0,0,0,178015,1082551,Public
2023-02-16 10:48:00,2023-02-16 12:30:00,HENRY,FLASH FLOOD,15000.0,0.0,0,0,178015,1082553,Trained Spotter
2023-02-16 11:00:00,2023-02-16 12:30:00,GIBSON,FLASH FLOOD,0.0,0.0,0,0,178015,1085254,Public
2023-02-16 11:00:00,2023-02-16 12:30:00,GIBSON,FLASH FLOOD,0.0,0.0,0,0,178015,1085249,Public
2023-02-16 11:41:00,2023-02-16 12:30:00,GIBSON,FLASH FLOOD,25000.0,0.0,0,0,178015,1082554,Emergency Manager
2023-02-16 11:55:00,2023-02-16 14:00:00,STEWART,FLASH FLOOD,0.0,0.0,0,0,176239,1070110,Emergency Manager
2023-02-16 12:16:00,2023-02-16 14:00:00,STEWART,FLASH FLOOD,0.0,0.0,0,0,176239,1070111,Emergency Manager
2023-02-16 13:40:00,2023-02-16 13:40:00,HUMPHREYS,HAIL,0.0,0.0,0,0,176239,1070113,Social Media
2023-02-16 13:40:00,2023-02-16 13:40:00,HUMPHREYS,HAIL,0.0,0.0,0,0,176239,1070114,Law Enforcement
2023-02-16 13:43:00,2023-02-16 13:48:00,MCNAIRY,TORNADO,150000.0,0.0,0,0,178015,1082557,NWS Storm Survey
2023-02-16 13:47:00,2023-02-16 13:49:00,DECATUR,THUNDERSTORM WIND,75000.0,0.0,0,0,178015,1082561,NWS Storm Survey
2023-02-16 13:53:00,2023-02-16 13:53:00,HUMPHREYS,HAIL,0.0,0.0,0,0,176239,1070115,Emergency Manager
2023-02-16 14:00:00,2023-02-16 15:00:00,MAURY,FLASH FLOOD,0.0,0.0,0,0,176239,1070112,Fire Department/Rescue
2023-02-16 15:05:00,2023-02-16 15:08:00,WAYNE,THUNDERSTORM WIND,50000.0,0.0,0,0,176239,1070537,NWS Storm Survey
2023-02-16 15:30:00,2023-02-16 15:30:00,DAVIDSON,LIGHTNING,50000.0,0.0,0,0,176239,1070117,Emergency Manager
2023-02-16 15:38:00,2023-02-16 15:44:00,LAWRENCE,TORNADO,25000.0,0.0,0,0,176239,1070534,NWS Storm Survey
2023-02-16 15:57:00,2023-02-16 16:03:00,LAWRENCE,TORNADO,25000.0,0.0,0,0,176239,1070535,NWS Storm Survey
2023-02-16 16:30:00,2023-02-16 16:30:00,WILLIAMSON,HAIL,0.0,0.0,0,0,176239,1070105,Social Media
2023-02-16 16:38:00,2023-02-16 16:42:00,MARSHALL,TORNADO,50000.0,0.0,0,0,176239,1070536,NWS Storm Survey
2023-02-16 17:00:00,2023-02-16 17:00:00,BEDFORD,THUNDERSTORM WIND,10000.0,0.0,0,0,176239,1070118,Emergency Manager
2023-02-16 17:15:00,2023-02-16 17:15:00,BEDFORD,HAIL,0.0,0.0,0,0,176239,1070119,Emergency Manager
2023-02-16 18:17:00,2023-02-16 18:17:00,WHITE,HAIL,0.0,0.0,0,0,176239,1070107,Trained Spotter
2023-02-16 18:17:00,2023-02-16 18:17:00,WHITE,THUNDERSTORM WIND,1000.0,0.0,0,0,176239,1070106,Emergency Manager
2023-02-16 18:19:00,2023-02-16 18:19:00,WHITE,THUNDERSTORM WIND,5000.0,0.0,0,0,176239,1070108,Emergency Manager
2023-02-16 18:30:00,2023-02-16 18:30:00,LAWRENCE,FLOOD,0.0,0.0,0,0,176239,1070538,Emergency Manager
2023-02-16 19:00:00,2023-02-16 19:00:00,MARSHALL,FLOOD,0.0,0.0,0,0,176239,1070539,Emergency Manager
2023-02-16 23:20:00,2023-02-16 23:20:00,WHITE,FLOOD,0.0,0.0,0,0,176239,1070540,Public
2023-02-16 23:45:00,2023-02-17 02:00:00,SCOTT,FLASH FLOOD,0.0,0.0,0,0,176404,1071124,Public
2023-02-16 23:55:00,2023-02-17 01:45:00,ANDERSON,FLASH FLOOD,0.0,0.0,0,0,176404,1071125,Law Enforcement
2023-02-16 23:55:00,2023-02-17 01:45:00,UNION,FLOOD,0.0,0.0,0,0,176404,1071128,Law Enforcement
2023-02-17 00:00:00,2023-02-17 02:00:00,CLAIBORNE,DEBRIS FLOW,0.0,0.0,0,0,176404,1071165,Broadcast Media
2023-02-17 03:00:00,2023-02-17 05:30:00,SCOTT,FLOOD,0.0,0.0,0,0,176404,1071126,Public
2023-02-17 05:00:00,2023-02-17 07:15:00,HAWKINS,FLOOD,0.0,0.0,0,0,176404,1071127,Emergency Manager
2023-02-22 15:18:00,2023-02-22 15:23:00,LAKE,THUNDERSTORM WIND,100.0,0.0,0,0,178177,1083851,Broadcast Media
2023-02-22 16:32:00,2023-02-23 00:00:00,HUMPHREYS,WILDFIRE,500000.0,0.0,0,0,176767,1074028,Broadcast Media
2023-02-25 08:39:00,2023-02-25 08:39:00,WILLIAMSON,LIGHTNING,10000.0,0.0,0,0,176768,1074029,Social Media
2023-02-27 10:00:00,2023-02-27 14:00:00,HENRY,STRONG WIND,5000.0,0.0,0,0,178184,1083881,911 Call Center
2023-02-27 11:36:00,2023-02-27 11:52:00,MONTGOMERY,HIGH WIND,0.0,0.0,0,0,176769,1074030,ASOS
2023-02-27 11:45:00,2023-02-27 12:15:00,ROBERTSON,HIGH WIND,20000.0,0.0,0,0,176769,1074031,Public
2023-02-27 16:47:00,2023-02-27 16:47:00,NORTHWEST BLOUNT,HIGH WIND,0.0,0.0,0,0,176872,1074866,ASOS
2023-02-27 16:50:00,2023-02-27 16:50:00,MONROE,THUNDERSTORM WIND,0.0,0.0,0,0,176872,1075052,Public
2023-02-27 17:00:00,2023-02-27 17:00:00,BLOUNT,THUNDERSTORM WIND,0.0,0.0,0,0,176872,1074863,911 Call Center
2023-02-27 17:00:00,2023-02-27 17:00:00,SEVIER,THUNDERSTORM WIND,0.0,0.0,0,0,176872,1074864,911 Call Center
2023-02-27 17:15:00,2023-02-27 17:15:00,MONROE,THUNDERSTORM WIND,0.0,0.0,0,0,176872,1074862,911 Call Center
2023-02-27 17:22:00,2023-02-27 17:22:00,POLK,THUNDERSTORM WIND,0.0,0.0,0,0,176872,1074860,911 Call Center
2023-02-27 19:00:00,2023-02-27 19:00:00,SEVIER/SMOKY MOUNTAINS,HIGH WIND,0.0,0.0,0,0,176872,1074867,Park/Forest Service
2023-03-01 14:38:00,2023-03-01 14:38:00,BLOUNT/SMOKY MOUNTAINS,HIGH WIND,0.0,0.0,0,0,177209,1077181,Public
2023-03-01 16:15:00,2023-03-01 16:15:00,SOUTHEAST GREENE,HIGH WIND,0.0,0.0,0,0,177209,1077183,Mesonet
2023-03-02 00:11:00,2023-03-02 00:11:00,MARION,THUNDERSTORM WIND,0.0,0.0,0,0,176854,1081931,Public
2023-03-02 01:26:00,2023-03-02 02:30:00,KNOX,FLASH FLOOD,0.0,0.0,0,0,176854,1074715,Public
2023-03-02 01:30:00,2023-03-02 03:00:00,MARION,FLASH FLOOD,0.0,0.0,0,0,176854,1074727,911 Call Center
2023-03-02 03:30:00,2023-03-02 05:00:00,KNOX,FLASH FLOOD,0.0,0.0,0,0,176854,1074729,Law Enforcement
2023-03-02 04:20:00,2023-03-02 05:45:00,BLOUNT,FLASH FLOOD,0.0,0.0,0,0,176854,1074739,911 Call Center
2023-03-02 05:00:00,2023-03-02 06:30:00,SEVIER,FLASH FLOOD,0.0,0.0,0,0,176854,1074747,911 Call Center
2023-03-02 06:00:00,2023-03-02 07:00:00,BLOUNT,FLASH FLOOD,0.0,0.0,0,0,176854,1074748,Broadcast Media
2023-03-02 06:00:00,2023-03-02 06:05:00,SEVIER,DEBRIS FLOW,0.0,0.0,0,0,176854,1074750,911 Call Center
2023-03-02 06:16:00,2023-03-02 06:17:00,MARION,TORNADO,0.0,0.0,0,0,176854,1081932,NWS Storm Survey
2023-03-02 06:55:00,2023-03-02 06:58:00,HAMILTON,TORNADO,0.0,0.0,0,0,176854,1081935,NWS Storm Survey
2023-03-02 06:58:00,2023-03-02 06:59:00,MEIGS,TORNADO,0.0,0.0,0,0,176854,1081936,NWS Storm Survey
2023-03-03 07:23:00,2023-03-03 09:15:00,TIPTON,FLASH FLOOD,15000.0,0.0,0,0,178549,1086142,Law Enforcement
2023-03-03 10:00:00,2023-03-03 15:00:00,CROCKETT,HIGH WIND,0.0,0.0,0,0,178549,1086091,Public
2023-03-03 10:00:00,2023-03-03 15:00:00,DYER,HIGH WIND,0.0,0.0,0,0,178549,1086087,Public
2023-03-03 10:00:00,2023-03-03 15:00:00,FAYETTE,HIGH WIND,0.0,0.0,0,0,178549,1086093,Public
2023-03-03 10:00:00,2023-03-03 15:00:00,GIBSON,HIGH WIND,2000.0,0.0,0,0,178549,1086098,Public
2023-03-03 10:00:00,2023-03-03 15:00:00,HARDEMAN,HIGH WIND,0.0,0.0,0,0,178549,1086096,Public
2023-03-03 10:00:00,2023-03-03 15:00:00,HAYWOOD,HIGH WIND,0.0,0.0,0,0,178549,1086092,Public
2023-03-03 10:00:00,2023-03-03 15:00:00,LAKE,HIGH WIND,0.0,0.0,0,0,178549,1086086,Public
2023-03-03 10:00:00,2023-03-03 15:00:00,LAUDERDALE,HIGH WIND,0.0,0.0,0,0,178549,1086088,Public
2023-03-03 10:00:00,2023-03-03 15:00:00,MADISON,HIGH WIND,50000.0,0.0,0,0,178549,1086100,ASOS
2023-03-03 10:00:00,2023-03-03 15:00:00,OBION,HIGH WIND,25000.0,0.0,0,0,178549,1086097,Public
2023-03-03 10:00:00,2023-03-03 15:00:00,SHELBY,HIGH WIND,10000.0,0.0,0,0,178549,1086090,Public
2023-03-03 10:00:00,2023-03-03 15:00:00,TIPTON,HIGH WIND,0.0,0.0,0,0,178549,1086089,Public
2023-03-03 10:04:00,2023-03-03 10:15:00,LAWRENCE,THUNDERSTORM WIND,100000.0,0.0,0,0,176742,1074024,Emergency Manager
2023-03-03 10:50:00,2023-03-03 11:30:00,FRANKLIN,THUNDERSTORM WIND,5000.0,0.0,0,0,176766,1090826,Emergency Manager
2023-03-03 11:00:00,2023-03-03 16:00:00,BENTON,HIGH WIND,100000.0,0.0,0,0,178549,1086120,AWOS
2023-03-03 11:00:00,2023-03-03 16:00:00,CARROLL,HIGH WIND,50000.0,0.0,0,0,178549,1086118,Public
2023-03-03 11:00:00,2023-03-03 16:00:00,CHESTER,HIGH WIND,100000.0,0.0,0,0,178549,1086123,Amateur Radio
2023-03-03 11:00:00,2023-03-03 16:00:00,DECATUR,HIGH WIND,2000.0,0.0,0,0,178549,1086122,Emergency Manager
2023-03-03 11:00:00,2023-03-03 16:00:00,HARDIN,HIGH WIND,0.0,0.0,0,0,178549,1086125,Public
2023-03-03 11:00:00,2023-03-03 16:00:00,HENDERSON,HIGH WIND,75000.0,0.0,0,0,178549,1086121,Emergency Manager
2023-03-03 11:00:00,2023-03-03 16:00:00,HENRY,HIGH WIND,50000.0,0.0,0,0,178549,1086117,AWOS
2023-03-03 11:00:00,2023-03-03 14:00:00,HOUSTON,HIGH WIND,500000.0,0.0,0,0,176742,1073892,Trained Spotter
2023-03-03 11:00:00,2023-03-03 14:00:00,HUMPHREYS,HIGH WIND,600000.0,0.0,1,1,176742,1073893,Emergency Manager
2023-03-03 11:00:00,2023-03-03 16:00:00,MCNAIRY,HIGH WIND,0.0,0.0,0,0,178549,1086124,Public
2023-03-03 11:00:00,2023-03-03 14:00:00,PERRY,HIGH WIND,300000.0,0.0,0,0,176742,1073903,Emergency Manager
2023-03-03 11:00:00,2023-03-03 14:00:00,STEWART,HIGH WIND,4000000.0,0.0,0,0,176742,1073910,Emergency Manager
2023-03-03 11:00:00,2023-03-03 14:00:00,WAYNE,HIGH WIND,500000.0,0.0,0,0,176742,1073915,Trained Spotter
2023-03-03 11:00:00,2023-03-03 16:00:00,WEAKLEY,HIGH WIND,50000.0,0.0,0,0,178549,1086115,Fire Department/Rescue
2023-03-03 11:02:00,2023-03-03 11:02:00,GILES,THUNDERSTORM WIND,50000.0,0.0,0,0,176742,1074014,Emergency Manager
2023-03-03 11:10:00,2023-03-03 11:10:00,FRANKLIN,THUNDERSTORM WIND,1000.0,0.0,0,0,176766,1090824,Amateur Radio
2023-03-03 11:12:00,2023-03-03 11:12:00,GILES,THUNDERSTORM WIND,25000.0,0.0,0,0,176742,1074015,Public
2023-03-03 11:15:00,2023-03-03 14:00:00,LAWRENCE,HIGH WIND,700000.0,0.0,0,0,176742,1073895,Mesonet
2023-03-03 11:24:00,2023-03-03 11:24:00,DAVIDSON,THUNDERSTORM WIND,50000.0,0.0,0,0,176742,1074016,Emergency Manager
2023-03-03 11:25:00,2023-03-03 14:00:00,GILES,HIGH WIND,1000000.0,0.0,0,0,176742,1073889,Public
2023-03-03 11:30:00,2023-03-03 14:30:00,CHEATHAM,HIGH WIND,2000000.0,0.0,0,0,176742,1073881,Public
2023-03-03 11:30:00,2023-03-03 15:30:00,DICKSON,HIGH WIND,4000000.0,0.0,0,0,176742,1073887,AWOS
2023-03-03 11:30:00,2023-03-03 15:00:00,HICKMAN,HIGH WIND,2000000.0,0.0,0,0,176742,1073891,Social Media
2023-03-03 11:30:00,2023-03-03 14:00:00,LEWIS,HIGH WIND,300000.0,0.0,0,0,176742,1073896,Emergency Manager
2023-03-03 11:30:00,2023-03-03 14:30:00,MONTGOMERY,HIGH WIND,18000000.0,0.0,0,0,176742,1073900,ASOS
2023-03-03 11:36:00,2023-03-03 11:36:00,MARSHALL,THUNDERSTORM WIND,25000.0,0.0,0,0,176742,1074020,Public
2023-03-03 11:37:00,2023-03-03 11:37:00,DAVIDSON,THUNDERSTORM WIND,5000.0,0.0,0,0,176742,1074017,Public
2023-03-03 11:37:00,2023-03-03 11:37:00,DAVIDSON,THUNDERSTORM WIND,10000.0,0.0,0,0,176742,1074019,Public
2023-03-03 11:37:00,2023-03-03 11:37:00,SUMNER,THUNDERSTORM WIND,5000.0,0.0,0,0,176742,1074018,Trained Spotter
2023-03-03 11:45:00,2023-03-03 14:30:00,MAURY,HIGH WIND,700000.0,0.0,0,0,176742,1073899,AWOS
2023-03-03 11:53:00,2023-03-03 11:53:00,RUTHERFORD,THUNDERSTORM WIND,15000.0,0.0,0,0,176742,1074021,Public
2023-03-03 12:00:00,2023-03-03 16:00:00,DAVIDSON,HIGH WIND,20000000.0,0.0,0,0,176742,1073885,Emergency Manager
2023-03-03 12:00:00,2023-03-03 15:00:00,MARSHALL,HIGH WIND,500000.0,0.0,0,0,176742,1073898,Emergency Manager
2023-03-03 12:00:00,2023-03-03 16:30:00,SUMNER,HIGH WIND,7000000.0,0.0,2,4,176742,1073911,Emergency Manager
2023-03-03 12:10:00,2023-03-03 12:10:00,CANNON,THUNDERSTORM WIND,0.0,0.0,0,0,176742,1074022,Mesonet
2023-03-03 12:30:00,2023-03-03 16:00:00,DEKALB,HIGH WIND,15000.0,0.0,0,0,176742,1073886,Emergency Manager
2023-03-03 12:30:00,2023-03-03 16:00:00,MACON,HIGH WIND,500000.0,0.0,0,0,176742,1073897,Trained Spotter
2023-03-03 12:30:00,2023-03-03 16:00:00,ROBERTSON,HIGH WIND,3000000.0,0.0,0,0,176742,1073906,AWOS
2023-03-03 12:30:00,2023-03-03 16:00:00,RUTHERFORD,HIGH WIND,2000000.0,0.0,0,0,176742,1073907,AWOS
2023-03-03 12:30:00,2023-03-03 16:00:00,TROUSDALE,HIGH WIND,100000.0,0.0,0,0,176742,1073912,Public
2023-03-03 12:30:00,2023-03-03 16:00:00,WILLIAMSON,HIGH WIND,1000000.0,0.0,0,0,176742,1073917,Public
2023-03-03 12:35:00,2023-03-03 12:35:00,MARION,THUNDERSTORM WIND,0.0,0.0,0,0,177209,1077156,Emergency Manager
2023-03-03 12:45:00,2023-03-03 12:45:00,MARION,THUNDERSTORM WIND,0.0,0.0,0,0,177209,1077157,Emergency Manager
2023-03-03 12:50:00,2023-03-03 12:50:00,SEQUATCHIE,THUNDERSTORM WIND,0.0,0.0,0,0,177209,1077158,911 Call Center
2023-03-03 12:57:00,2023-03-03 13:02:00,PUTNAM,THUNDERSTORM WIND,15000.0,0.0,0,0,176742,1074023,Emergency Manager
2023-03-03 13:00:00,2023-03-03 15:35:00,BEDFORD,HIGH WIND,72000.0,0.0,0,0,176742,1073879,AWOS
2023-03-03 13:00:00,2023-03-03 16:34:00,CANNON,HIGH WIND,72000.0,0.0,0,0,176742,1073880,Public
2023-03-03 13:00:00,2023-03-03 16:00:00,CLAY,HIGH WIND,72000.0,0.0,0,0,176742,1073882,Emergency Manager
2023-03-03 13:00:00,2023-03-03 15:30:00,COFFEE,HIGH WIND,100000.0,0.0,0,0,176742,1073883,Public
2023-03-03 13:00:00,2023-03-03 16:00:00,JACKSON,HIGH WIND,300000.0,0.0,0,0,176742,1073894,Emergency Manager
2023-03-03 13:00:00,2023-03-03 16:00:00,PICKETT,HIGH WIND,150000.0,0.0,0,0,176742,1073904,Emergency Manager
2023-03-03 13:00:00,2023-03-03 16:00:00,PUTNAM,HIGH WIND,500000.0,0.0,0,0,176742,1073905,Emergency Manager
2023-03-03 13:00:00,2023-03-03 16:30:00,SMITH,HIGH WIND,500000.0,0.0,0,0,176742,1073909,Social Media
2023-03-03 13:00:00,2023-03-03 16:30:00,WILSON,HIGH WIND,1000000.0,0.0,0,0,176742,1073908,AWOS
2023-03-03 14:00:00,2023-03-03 17:00:00,FENTRESS,HIGH WIND,500000.0,0.0,0,0,176742,1073888,Public
2023-03-03 14:00:00,2023-03-03 17:00:00,GRUNDY,HIGH WIND,700000.0,0.0,0,0,176742,1073890,Emergency Manager
2023-03-03 14:00:00,2023-03-03 17:00:00,VAN BUREN,HIGH WIND,300000.0,0.0,0,0,176742,1073913,Emergency Manager
2023-03-03 14:00:00,2023-03-03 17:00:00,WARREN,HIGH WIND,300000.0,0.0,0,0,176742,1073914,Emergency Manager
2023-03-03 14:00:00,2023-03-03 17:00:00,WHITE,HIGH WIND,300000.0,0.0,0,0,176742,1073916,Emergency Manager
2023-03-03 14:10:00,2023-03-03 14:10:00,HAMILTON,THUNDERSTORM WIND,0.0,0.0,0,0,177209,1077159,State Official
2023-03-03 14:15:00,2023-03-03 14:15:00,BRADLEY,HIGH WIND,0.0,0.0,0,0,177209,1077178,AWOS
2023-03-03 14:40:00,2023-03-03 14:40:00,MCMINN,THUNDERSTORM WIND,0.0,0.0,0,0,177209,1077160,Trained Spotter
2023-03-03 14:45:00,2023-03-03 14:45:00,MONROE,THUNDERSTORM WIND,0.0,0.0,0,0,177209,1077161,911 Call Center
2023-03-03 15:00:00,2023-03-03 15:00:00,SEVIER/SMOKY MOUNTAINS,HIGH WIND,0.0,0.0,0,0,177209,1077177,Park/Forest Service
2023-03-03 15:01:00,2023-03-03 15:01:00,BLOUNT,THUNDERSTORM WIND,0.0,0.0,0,0,177209,1077162,Public
2023-03-03 15:17:00,2023-03-03 15:17:00,MONROE,THUNDERSTORM WIND,0.0,0.0,0,0,177209,1077163,Amateur Radio
2023-03-03 15:25:00,2023-03-03 15:25:00,MONROE,THUNDERSTORM WIND,0.0,0.0,0,0,177209,1077164,Broadcast Media
2023-03-03 15:25:00,2023-03-03 15:25:00,MONROE,THUNDERSTORM WIND,0.0,0.0,0,0,177209,1077165,Broadcast Media
2023-03-03 15:26:00,2023-03-03 15:26:00,BLOUNT,THUNDERSTORM WIND,0.0,0.0,0,0,177209,1077172,ASOS
2023-03-03 15:30:00,2023-03-03 18:00:00,CUMBERLAND,HIGH WIND,300000.0,0.0,0,0,176742,1073884,NWS Employee
2023-03-03 15:30:00,2023-03-03 15:30:00,KNOX,THUNDERSTORM WIND,0.0,0.0,0,0,177209,1077166,911 Call Center
2023-03-03 15:30:00,2023-03-03 18:00:00,OVERTON,HIGH WIND,300000.0,0.0,0,0,176742,1073901,Emergency Manager
2023-03-03 15:48:00,2023-03-03 15:48:00,JEFFERSON,THUNDERSTORM WIND,0.0,0.0,0,0,177209,1077167,State Official
2023-03-03 16:00:00,2023-03-03 16:00:00,BLOUNT,THUNDERSTORM WIND,0.0,0.0,0,1,177209,1077168,Broadcast Media
2023-03-03 16:30:00,2023-03-03 16:30:00,GREENE,THUNDERSTORM WIND,0.0,0.0,0,0,177209,1077173,Department of Highways
2023-03-03 17:00:00,2023-03-03 17:00:00,SULLIVAN,THUNDERSTORM WIND,0.0,0.0,0,0,177209,1077170,911 Call Center
2023-03-03 19:00:00,2023-03-03 19:00:00,CAMPBELL,HIGH WIND,0.0,0.0,1,0,177209,1077176,Broadcast Media
2023-03-11 19:55:00,2023-03-11 21:00:00,LAWRENCE,FLASH FLOOD,0.0,0.0,0,0,176973,1075435,Emergency Manager
2023-03-13 22:00:00,2023-03-14 09:00:00,FRANKLIN,FROST/FREEZE,0.0,0.0,0,0,176992,1088224,Mesonet
2023-03-13 22:00:00,2023-03-14 09:00:00,LINCOLN,FROST/FREEZE,0.0,0.0,0,0,176992,1088223,Mesonet
2023-03-13 22:00:00,2023-03-14 09:00:00,MOORE,FROST/FREEZE,0.0,0.0,0,0,176992,1088225,Mesonet
2023-03-14 23:00:00,2023-03-15 09:00:00,FRANKLIN,FROST/FREEZE,0.0,0.0,0,0,176994,1088346,Mesonet
2023-03-14 23:00:00,2023-03-15 09:00:00,FRANKLIN,FROST/FREEZE,0.0,0.0,0,0,176994,1088349,Mesonet
2023-03-14 23:00:00,2023-03-15 09:00:00,LINCOLN,FROST/FREEZE,0.0,0.0,0,0,176994,1088345,Mesonet
2023-03-15 05:00:00,2023-03-16 08:00:00,MOORE,FROST/FREEZE,0.0,0.0,0,0,178801,1088350,Mesonet
2023-03-18 03:00:00,2023-03-18 08:30:00,FRANKLIN,FROST/FREEZE,0.0,0.0,0,0,177082,1088419,Mesonet
2023-03-18 03:00:00,2023-03-18 08:30:00,LINCOLN,FROST/FREEZE,0.0,0.0,0,0,177082,1088421,Mesonet
2023-03-18 03:00:00,2023-03-18 09:00:00,MOORE,FROST/FREEZE,0.0,0.0,0,0,177082,1088422,Mesonet
2023-03-18 23:00:00,2023-03-19 16:00:00,FRANKLIN,FROST/FREEZE,0.0,0.0,0,0,177084,1089871,Mesonet
2023-03-18 23:00:00,2023-03-19 14:00:00,LINCOLN,FROST/FREEZE,0.0,0.0,0,0,177084,1089767,Mesonet
2023-03-18 23:30:00,2023-03-19 16:00:00,MOORE,FROST/FREEZE,0.0,0.0,0,0,177084,1089872,Mesonet
2023-03-19 18:00:00,2023-03-20 10:00:00,FRANKLIN,FROST/FREEZE,0.0,0.0,0,0,177086,1089972,Mesonet
2023-03-19 18:00:00,2023-03-20 11:00:00,MOORE,FROST/FREEZE,0.0,0.0,0,0,177086,1089973,Mesonet
2023-03-19 19:00:00,2023-03-20 11:00:00,FRANKLIN,FROST/FREEZE,0.0,0.0,0,0,177086,1089873,Mesonet
2023-03-21 00:00:00,2023-03-21 07:00:00,FRANKLIN,FROST/FREEZE,0.0,0.0,0,0,177168,1090527,Mesonet
2023-03-21 00:00:00,2023-03-21 07:00:00,MOORE,FROST/FREEZE,0.0,0.0,0,0,177168,1090526,Mesonet
2023-03-21 01:00:00,2023-03-21 07:00:00,LINCOLN,FROST/FREEZE,0.0,0.0,0,0,177168,1090524,Mesonet
2023-03-24 18:39:00,2023-03-24 18:40:00,SHELBY,THUNDERSTORM WIND,0.0,0.0,0,0,178597,1087337,ASOS
2023-03-24 18:40:00,2023-03-24 18:42:00,SHELBY,THUNDERSTORM WIND,4000.0,0.0,0,0,178597,1086747,Trained Spotter
2023-03-24 19:19:00,2023-03-24 19:22:00,HAYWOOD,THUNDERSTORM WIND,25000.0,0.0,0,0,178597,1087430,NWS Storm Survey
2023-03-24 19:19:00,2023-03-24 19:20:00,HAYWOOD,TORNADO,140000.0,0.0,0,0,178597,1086756,NWS Storm Survey
2023-03-24 19:53:00,2023-03-24 21:53:00,SHELBY,FLASH FLOOD,0.0,0.0,0,0,178597,1086748,Public
2023-03-24 19:58:00,2023-03-24 20:00:00,HENDERSON,THUNDERSTORM WIND,5000.0,0.0,0,0,178597,1086745,Amateur Radio
2023-03-24 19:58:00,2023-03-24 20:00:00,MADISON,THUNDERSTORM WIND,5000.0,0.0,0,0,178597,1086739,Amateur Radio
2023-03-24 20:05:00,2023-03-24 20:25:00,CARROLL,THUNDERSTORM WIND,75000.0,0.0,0,0,178597,1086737,NWS Storm Survey
2023-03-24 20:09:00,2023-03-24 20:11:00,HENDERSON,THUNDERSTORM WIND,5000.0,0.0,0,0,178597,1086743,Emergency Manager
2023-03-24 20:40:00,2023-03-24 20:50:00,PERRY,THUNDERSTORM WIND,50000.0,0.0,0,0,177338,1078230,Emergency Manager
2023-03-24 21:08:00,2023-03-24 21:17:00,DICKSON,THUNDERSTORM WIND,75000.0,0.0,0,0,177338,1078231,Public
2023-03-24 21:25:00,2023-03-24 21:26:00,CHESTER,LIGHTNING,10000.0,0.0,0,0,178597,1087460,Emergency Manager
2023-03-24 21:40:00,2023-03-24 21:40:00,DAVIDSON,THUNDERSTORM WIND,5000.0,0.0,0,0,177338,1078232,Broadcast Media
2023-03-24 21:40:00,2023-03-24 21:40:00,ROBERTSON,THUNDERSTORM WIND,2000.0,0.0,0,0,177338,1078239,Emergency Manager
2023-03-24 21:50:00,2023-03-24 21:50:00,DAVIDSON,THUNDERSTORM WIND,2000.0,0.0,0,0,177338,1078234,Social Media
2023-03-24 21:50:00,2023-03-24 21:50:00,DAVIDSON,THUNDERSTORM WIND,20000.0,0.0,0,0,177338,1078236,Emergency Manager
2023-03-24 21:51:00,2023-03-24 21:51:00,DAVIDSON,THUNDERSTORM WIND,20000.0,0.0,0,1,177338,1078235,Emergency Manager
2023-03-24 21:57:00,2023-03-24 21:57:00,WILLIAMSON,THUNDERSTORM WIND,10000.0,0.0,0,0,177338,1078233,Public
2023-03-24 22:05:00,2023-03-24 22:05:00,RUTHERFORD,THUNDERSTORM WIND,25000.0,0.0,0,0,177338,1078237,Public
2023-03-24 22:40:00,2023-03-24 22:40:00,GILES,THUNDERSTORM WIND,10000.0,0.0,0,0,177338,1078240,Public
2023-03-24 22:50:00,2023-03-24 22:50:00,DAVIDSON,THUNDERSTORM WIND,2000.0,0.0,0,0,177338,1078238,Public
2023-03-24 22:55:00,2023-03-24 22:55:00,DAVIDSON,THUNDERSTORM WIND,25000.0,0.0,0,0,177338,1078241,Broadcast Media
2023-03-24 22:59:00,2023-03-24 23:05:00,LINCOLN,TORNADO,0.0,0.0,0,0,177310,1086260,NWS Storm Survey
2023-03-24 23:15:00,2023-03-24 23:15:00,SEQUATCHIE,THUNDERSTORM WIND,0.0,0.0,0,0,177895,1081906,911 Call Center
2023-03-24 23:24:00,2023-03-24 23:39:00,FRANKLIN,TORNADO,0.0,0.0,0,0,177310,1086264,NWS Storm Survey
2023-03-24 23:27:00,2023-03-24 23:27:00,MARION,THUNDERSTORM WIND,0.0,0.0,0,0,177895,1081907,Emergency Manager
2023-03-24 23:30:00,2023-03-24 23:30:00,MARION,THUNDERSTORM WIND,0.0,0.0,0,0,177895,1081908,911 Call Center
2023-03-25 00:48:00,2023-03-25 00:48:00,HAMILTON,THUNDERSTORM WIND,0.0,0.0,0,0,177895,1081910,Broadcast Media
2023-03-25 00:48:00,2023-03-25 00:48:00,HAMILTON,THUNDERSTORM WIND,0.0,0.0,0,0,177895,1081909,Broadcast Media
2023-03-25 00:50:00,2023-03-25 00:50:00,HAMILTON,THUNDERSTORM WIND,0.0,0.0,0,0,177895,1081912,Broadcast Media
2023-03-25 00:50:00,2023-03-25 00:50:00,HAMILTON,THUNDERSTORM WIND,0.0,0.0,0,0,177895,1081911,Broadcast Media
2023-03-25 00:54:00,2023-03-25 00:54:00,MEIGS,THUNDERSTORM WIND,0.0,0.0,0,0,177895,1081920,CoCoRaHS
2023-03-25 00:56:00,2023-03-25 00:56:00,HAMILTON,THUNDERSTORM WIND,0.0,0.0,0,0,177895,1081921,ASOS
2023-03-25 01:15:00,2023-03-25 01:15:00,BRADLEY,THUNDERSTORM WIND,0.0,0.0,0,0,177895,1081922,Trained Spotter
2023-03-25 01:25:00,2023-03-25 01:25:00,ANDERSON,THUNDERSTORM WIND,0.0,0.0,0,0,177895,1081913,911 Call Center
2023-03-25 01:42:00,2023-03-25 01:42:00,BLOUNT,THUNDERSTORM WIND,0.0,0.0,0,0,177895,1081923,ASOS
2023-03-25 01:43:00,2023-03-25 01:43:00,BLOUNT,THUNDERSTORM WIND,0.0,0.0,0,0,177895,1081924,Trained Spotter
2023-03-25 01:44:00,2023-03-25 01:44:00,BLOUNT,THUNDERSTORM WIND,0.0,0.0,0,0,177895,1081925,Trained Spotter
2023-03-25 01:45:00,2023-03-25 01:45:00,POLK,THUNDERSTORM WIND,0.0,0.0,0,0,177895,1081914,911 Call Center
2023-03-25 02:00:00,2023-03-25 02:00:00,SEVIER,THUNDERSTORM WIND,0.0,0.0,0,0,177895,1081927,Park/Forest Service
2023-03-25 02:10:00,2023-03-25 02:10:00,SEVIER,THUNDERSTORM WIND,0.0,0.0,0,0,177895,1081915,State Official
2023-03-25 02:30:00,2023-03-25 02:30:00,GREENE,THUNDERSTORM WIND,0.0,0.0,0,0,177895,1081916,911 Call Center
2023-03-25 02:35:00,2023-03-25 02:35:00,COCKE,THUNDERSTORM WIND,0.0,0.0,0,0,177895,1081917,911 Call Center
2023-03-25 02:39:00,2023-03-25 02:39:00,HAWKINS,THUNDERSTORM WIND,0.0,0.0,0,0,177895,1081926,Trained Spotter
2023-03-25 02:40:00,2023-03-25 02:40:00,GREENE,THUNDERSTORM WIND,0.0,0.0,0,0,177895,1081918,Trained Spotter
2023-03-25 03:15:00,2023-03-25 03:15:00,UNICOI,THUNDERSTORM WIND,0.0,0.0,0,0,177895,1081919,911 Call Center
2023-03-29 04:00:00,2023-03-29 07:00:00,FRANKLIN,FROST/FREEZE,0.0,0.0,0,0,177384,1090745,AWOS
2023-03-29 04:00:00,2023-03-29 07:00:00,LINCOLN,FROST/FREEZE,0.0,0.0,0,0,177384,1090746,AWOS
2023-03-29 04:00:00,2023-03-29 07:00:00,MOORE,FROST/FREEZE,0.0,0.0,0,0,177384,1090748,COOP Observer
2023-03-31 16:26:00,2023-03-31 16:28:00,TIPTON,TORNADO,10000.0,0.0,0,0,178734,1089128,NWS Storm Survey
2023-03-31 16:31:00,2023-03-31 16:34:00,TIPTON,TORNADO,20000.0,0.0,0,0,178734,1089130,NWS Storm Survey
2023-03-31 16:37:00,2023-03-31 16:46:00,TIPTON,THUNDERSTORM WIND,50000.0,0.0,0,0,178734,1092020,NWS Storm Survey
2023-03-31 16:38:00,2023-03-31 16:54:00,TIPTON,TORNADO,250000.0,0.0,0,0,178734,1089134,NWS Storm Survey
2023-03-31 16:48:00,2023-03-31 17:09:00,TIPTON,TORNADO,80000000.0,0.0,1,28,178734,1089395,NWS Storm Survey
2023-03-31 17:09:00,2023-03-31 17:29:00,HAYWOOD,TORNADO,50000.0,0.0,0,0,178734,1089396,NWS Storm Survey
2023-03-31 17:19:00,2023-03-31 17:20:00,TIPTON,THUNDERSTORM WIND,0.0,0.0,0,0,178734,1091125,Mesonet
2023-03-31 17:25:00,2023-03-31 17:29:00,HAYWOOD,THUNDERSTORM WIND,25000.0,0.0,0,0,178734,1092023,NWS Storm Survey
2023-03-31 18:15:00,2023-03-31 18:20:00,CARROLL,THUNDERSTORM WIND,15000.0,0.0,0,0,178734,1091580,Public
2023-03-31 19:40:00,2023-03-31 19:47:00,FAYETTE,THUNDERSTORM WIND,5000.0,0.0,0,0,178734,1091123,NWS Storm Survey
2023-03-31 19:48:00,2023-03-31 19:55:00,HARDEMAN,THUNDERSTORM WIND,5000.0,0.0,0,0,178734,1096622,NWS Storm Survey
2023-03-31 19:48:00,2023-03-31 20:00:00,HARDEMAN,THUNDERSTORM WIND,25000.0,0.0,0,0,178734,1096627,NWS Storm Survey
2023-03-31 19:55:00,2023-03-31 19:56:00,HARDEMAN,THUNDERSTORM WIND,5000.0,0.0,0,0,178734,1092067,NWS Storm Survey
2023-03-31 19:55:00,2023-03-31 20:09:00,HARDEMAN,TORNADO,250000.0,0.0,0,0,178734,1088600,NWS Storm Survey
2023-03-31 20:30:00,2023-03-31 20:48:00,MCNAIRY,TORNADO,350000.0,0.0,0,0,178734,1089412,NWS Storm Survey
2023-03-31 20:37:00,2023-03-31 20:42:00,MCNAIRY,THUNDERSTORM WIND,50000.0,0.0,0,0,178734,1092327,NWS Storm Survey
2023-03-31 20:48:00,2023-03-31 20:51:00,HARDIN,TORNADO,150000.0,0.0,0,0,178734,1089413,NWS Storm Survey
2023-03-31 20:55:00,2023-03-31 21:05:00,SHELBY,THUNDERSTORM WIND,500000.0,0.0,3,0,178734,1091590,NWS Storm Survey
2023-03-31 21:10:00,2023-03-31 21:11:00,CARROLL,TORNADO,30000.0,0.0,0,0,178734,1088601,NWS Storm Survey
2023-03-31 21:15:00,2023-03-31 21:20:00,HENRY,THUNDERSTORM WIND,0.0,0.0,0,0,178734,1097018,Broadcast Media
2023-03-31 21:19:00,2023-03-31 21:24:00,HENRY,THUNDERSTORM WIND,15000.0,0.0,0,0,178734,1091584,Emergency Manager
2023-03-31 21:29:00,2023-03-31 21:30:00,BENTON,TORNADO,15000.0,0.0,0,0,178734,1088602,NWS Storm Survey
2023-03-31 21:30:00,2023-03-31 21:34:00,BENTON,THUNDERSTORM WIND,20000.0,0.0,0,0,178734,1092024,NWS Storm Survey
2023-03-31 21:30:00,2023-03-31 21:35:00,CARROLL,THUNDERSTORM WIND,10000.0,0.0,0,0,178734,1091581,Public
2023-03-31 22:04:00,2023-03-31 22:05:00,HARDEMAN,THUNDERSTORM WIND,5000.0,0.0,0,0,178734,1092196,NWS Storm Survey
2023-03-31 22:04:00,2023-03-31 22:06:00,HARDEMAN,TORNADO,25000.0,0.0,0,0,178734,1089414,NWS Storm Survey
2023-03-31 22:05:00,2023-03-31 22:07:00,FAYETTE,THUNDERSTORM WIND,7000.0,0.0,0,0,178734,1091120,NWS Storm Survey
2023-03-31 22:05:00,2023-03-31 22:08:00,MCNAIRY,THUNDERSTORM WIND,5000.0,0.0,0,0,178734,1092197,NWS Storm Survey
2023-03-31 22:06:00,2023-03-31 22:31:00,MCNAIRY,TORNADO,20000000.0,0.0,9,21,178734,1089415,NWS Storm Survey
2023-03-31 22:15:00,2023-03-31 22:17:00,MCNAIRY,THUNDERSTORM WIND,5000.0,0.0,0,0,178734,1092068,NWS Storm Survey
2023-03-31 22:18:00,2023-03-31 22:23:00,BENTON,THUNDERSTORM WIND,25000.0,0.0,0,0,178734,1091578,Public
2023-03-31 22:31:00,2023-03-31 22:56:00,HARDIN,TORNADO,4000000.0,0.0,0,0,178734,1089416,NWS Storm Survey
2023-03-31 22:35:00,2023-03-31 22:40:00,MCNAIRY,HAIL,0.0,0.0,0,0,178734,1091576,Public
2023-03-31 22:36:00,2023-03-31 22:37:00,HARDIN,THUNDERSTORM WIND,10000.0,0.0,0,0,178734,1092202,NWS Storm Survey
2023-03-31 22:45:00,2023-03-31 22:47:00,CHESTER,THUNDERSTORM WIND,5000.0,0.0,0,0,178734,1091114,NWS Storm Survey
2023-03-31 22:50:00,2023-03-31 22:55:00,MCNAIRY,THUNDERSTORM WIND,5000.0,0.0,0,0,178734,1091589,NWS Storm Survey
2023-03-31 22:50:00,2023-03-31 22:51:00,MCNAIRY,THUNDERSTORM WIND,2000.0,0.0,0,0,178734,1092343,NWS Storm Survey
2023-03-31 22:55:00,2023-03-31 23:00:00,MCNAIRY,THUNDERSTORM WIND,5000.0,0.0,0,0,178734,1091587,NWS Storm Survey
2023-03-31 22:56:00,2023-03-31 23:18:00,WAYNE,TORNADO,550000.0,0.0,0,2,177518,1079902,NWS Storm Survey
2023-03-31 22:59:00,2023-03-31 22:59:00,DAVIDSON,HAIL,0.0,0.0,0,0,177518,1079630,Public
2023-03-31 23:18:00,2023-03-31 23:37:00,LEWIS,TORNADO,900000.0,0.0,0,0,177518,1079903,NWS Storm Survey
2023-03-31 23:22:00,2023-03-31 23:22:00,SUMNER,HAIL,0.0,0.0,0,0,177518,1079631,Social Media
2023-03-31 23:29:00,2023-03-31 23:29:00,DAVIDSON,HAIL,0.0,0.0,0,0,177518,1079632,Public
2023-03-31 23:33:00,2023-03-31 23:33:00,SUMNER,HAIL,0.0,0.0,0,0,177518,1079633,Public
2023-03-31 23:45:00,2023-03-31 23:45:00,TROUSDALE,HAIL,0.0,0.0,0,0,177518,1079635,Emergency Manager
2023-03-31 23:45:00,2023-03-31 23:45:00,TROUSDALE,THUNDERSTORM WIND,5000.0,0.0,0,0,177518,1079634,Emergency Manager
2023-03-31 23:51:00,2023-03-31 23:51:00,MACON,HAIL,0.0,0.0,0,0,177518,1079636,Trained Spotter
2023-03-31 23:53:00,2023-03-31 23:55:00,TROUSDALE,TORNADO,50000.0,0.0,0,0,177518,1079905,NWS Storm Survey
2023-03-31 23:55:00,2023-03-31 23:58:00,MACON,TORNADO,500000.0,0.0,0,0,177518,1079906,NWS Storm Survey
2023-04-01 00:00:00,2023-04-01 00:00:00,SEVIER/SMOKY MOUNTAINS,HIGH WIND,0.0,0.0,0,0,177989,1082447,Park/Forest Service
2023-04-01 00:08:00,2023-04-01 00:08:00,MAURY,HAIL,0.0,0.0,0,0,177519,1079637,Public
2023-04-01 00:16:00,2023-04-01 00:21:00,MARSHALL,TORNADO,1000000.0,0.0,0,0,177519,1079912,NWS Storm Survey
2023-04-01 00:21:00,2023-04-01 00:24:00,RUTHERFORD,TORNADO,200000.0,0.0,0,0,177519,1079914,NWS Storm Survey
2023-04-01 00:24:00,2023-04-01 00:25:00,BEDFORD,TORNADO,50000.0,0.0,0,0,177519,1079915,NWS Employee
2023-04-01 00:25:00,2023-04-01 00:31:00,RUTHERFORD,TORNADO,1000000.0,0.0,0,0,177519,1079916,NWS Storm Survey
2023-04-01 00:39:00,2023-04-01 00:39:00,BEDFORD,THUNDERSTORM WIND,20000.0,0.0,0,0,177519,1079638,Public
2023-04-01 00:41:00,2023-04-01 00:53:00,RUTHERFORD,TORNADO,250000.0,0.0,0,0,177519,1079917,NWS Storm Survey
2023-04-01 00:50:00,2023-04-01 00:50:00,BLEDSOE,THUNDERSTORM WIND,0.0,0.0,0,0,177989,1082439,911 Call Center
2023-04-01 00:53:00,2023-04-01 00:59:00,CANNON,TORNADO,3000000.0,0.0,0,2,177519,1079918,NWS Storm Survey
2023-04-01 01:09:00,2023-04-01 01:09:00,CANNON,THUNDERSTORM WIND,0.0,0.0,0,0,177519,1079639,Mesonet
2023-04-01 01:20:00,2023-04-01 01:20:00,DEKALB,THUNDERSTORM WIND,50000.0,0.0,0,0,177519,1079640,Social Media
2023-04-01 01:30:00,2023-04-01 01:30:00,VAN BUREN,THUNDERSTORM WIND,5000.0,0.0,0,0,177519,1079643,Social Media
2023-04-01 01:30:00,2023-04-01 01:30:00,WHITE,THUNDERSTORM WIND,15000.0,0.0,0,0,177519,1079641,Social Media
2023-04-01 01:35:00,2023-04-01 01:35:00,WHITE,THUNDERSTORM WIND,90000.0,0.0,0,0,177519,1079642,Emergency Manager
2023-04-01 01:55:00,2023-04-01 01:55:00,CUMBERLAND,THUNDERSTORM WIND,250000.0,0.0,0,0,177519,1079644,Emergency Manager
2023-04-01 02:15:00,2023-04-01 02:25:00,LINCOLN,TORNADO,0.0,0.0,0,0,177535,1092808,NWS Storm Survey
2023-04-01 03:10:00,2023-04-01 03:15:00,MORGAN,TORNADO,0.0,0.0,0,0,177989,1082440,NWS Storm Survey
2023-04-01 03:30:00,2023-04-01 03:30:00,KNOX,THUNDERSTORM WIND,0.0,0.0,0,0,177989,1082441,911 Call Center
2023-04-01 03:35:00,2023-04-01 03:35:00,ROANE,THUNDERSTORM WIND,0.0,0.0,0,0,177989,1082442,Public
2023-04-01 04:40:00,2023-04-01 04:40:00,HAMILTON,THUNDERSTORM WIND,0.0,0.0,0,0,177989,1082443,911 Call Center
2023-04-01 04:50:00,2023-04-01 04:50:00,BLOUNT,THUNDERSTORM WIND,0.0,0.0,0,0,177989,1082444,911 Call Center
2023-04-01 05:23:00,2023-04-01 05:23:00,MONROE,THUNDERSTORM WIND,0.0,0.0,0,0,177989,1082445,911 Call Center
2023-04-01 05:24:00,2023-04-01 05:24:00,MCMINN,THUNDERSTORM WIND,0.0,0.0,0,0,177989,1082446,911 Call Center
2023-04-01 11:24:00,2023-04-01 11:24:00,SULLIVAN,HIGH WIND,0.0,0.0,0,0,177989,1082448,Trained Spotter
2023-04-01 14:00:00,2023-04-01 14:00:00,KNOX,HIGH WIND,0.0,0.0,0,0,177989,1082449,Public
2023-04-01 16:00:00,2023-04-01 16:00:00,ROANE,HIGH WIND,0.0,0.0,1,1,177989,1082450,Emergency Manager
2023-04-01 18:01:00,2023-04-01 18:01:00,CUMBERLAND,HIGH WIND,0.0,0.0,0,0,177519,1079680,ASOS
2023-04-01 19:40:00,2023-04-01 19:40:00,HAMBLEN,HIGH WIND,0.0,0.0,0,1,177989,1082451,Emergency Manager
2023-04-05 12:29:00,2023-04-05 12:40:00,SHELBY,THUNDERSTORM WIND,10000.0,0.0,0,0,180019,1096633,Broadcast Media
2023-04-05 12:30:00,2023-04-05 12:35:00,SHELBY,THUNDERSTORM WIND,2000.0,0.0,0,0,180019,1096637,Fire Department/Rescue
2023-04-05 12:55:00,2023-04-05 13:00:00,WEAKLEY,THUNDERSTORM WIND,5000.0,0.0,0,0,180019,1096639,Public
2023-04-05 13:10:00,2023-04-05 13:15:00,HENDERSON,THUNDERSTORM WIND,5000.0,0.0,0,0,180019,1096635,Emergency Manager
2023-04-05 13:15:00,2023-04-05 13:20:00,CARROLL,HAIL,0.0,0.0,0,0,180019,1096634,Public
2023-04-05 13:20:00,2023-04-05 13:25:00,HENRY,THUNDERSTORM WIND,10000.0,0.0,0,0,180019,1096636,Public
2023-04-05 14:18:00,2023-04-05 14:18:00,HICKMAN,THUNDERSTORM WIND,1000.0,0.0,0,0,177724,1080893,NWS Employee
2023-04-05 15:02:00,2023-04-05 15:02:00,DAVIDSON,THUNDERSTORM WIND,1000.0,0.0,0,0,177724,1080888,Social Media
2023-04-05 15:03:00,2023-04-05 15:03:00,LAWRENCE,HAIL,0.0,0.0,0,0,177724,1080886,Emergency Manager
2023-04-05 15:05:00,2023-04-05 15:05:00,DAVIDSON,THUNDERSTORM WIND,0.0,0.0,0,0,177724,1080889,AWOS
2023-04-05 15:07:00,2023-04-05 15:07:00,DAVIDSON,THUNDERSTORM WIND,1000.0,0.0,0,0,177724,1080890,Social Media
2023-04-05 15:11:00,2023-04-05 15:11:00,LAWRENCE,THUNDERSTORM WIND,1000.0,0.0,0,0,177724,1080887,Emergency Manager
2023-04-05 15:15:00,2023-04-05 15:15:00,LAWRENCE,THUNDERSTORM WIND,5000.0,0.0,0,0,177724,1080891,Broadcast Media
2023-04-05 15:15:00,2023-04-05 15:15:00,LAWRENCE,THUNDERSTORM WIND,5000.0,0.0,0,0,177724,1080894,Broadcast Media
2023-04-05 15:31:00,2023-04-05 15:31:00,WILSON,THUNDERSTORM WIND,0.0,0.0,0,0,177724,1080892,Public
2023-04-14 12:16:00,2023-04-14 12:16:00,BLOUNT,HAIL,0.0,0.0,0,0,178866,1088844,Social Media
2023-04-14 14:35:00,2023-04-14 14:35:00,COCKE,HAIL,0.0,0.0,0,0,178866,1088845,911 Call Center
2023-04-15 20:00:00,2023-04-15 20:05:00,SHELBY,THUNDERSTORM WIND,10000.0,0.0,0,0,180021,1096671,Public
2023-04-15 20:05:00,2023-04-15 20:10:00,SHELBY,THUNDERSTORM WIND,2000.0,0.0,0,0,180021,1096673,Public
2023-04-15 20:05:00,2023-04-15 20:10:00,SHELBY,THUNDERSTORM WIND,2000.0,0.0,0,0,180021,1096674,NWS Storm Survey
2023-04-24 04:00:00,2023-04-24 07:00:00,FRANKLIN,FROST/FREEZE,0.0,0.0,0,0,178040,1095895,Mesonet
2023-04-24 04:00:00,2023-04-24 07:00:00,LINCOLN,FROST/FREEZE,0.0,0.0,0,0,178040,1095897,Mesonet
2023-04-24 04:00:00,2023-04-24 07:00:00,MOORE,FROST/FREEZE,0.0,0.0,0,0,178040,1095907,Mesonet
2023-04-27 17:10:00,2023-04-27 17:15:00,SHELBY,HAIL,0.0,0.0,0,0,180026,1096679,Public
2023-04-27 17:15:00,2023-04-27 17:20:00,SHELBY,HAIL,0.0,0.0,0,0,180026,1096680,Public
2023-04-27 17:32:00,2023-04-27 17:37:00,SHELBY,HAIL,0.0,0.0,0,0,180026,1096681,Public
2023-04-27 17:35:00,2023-04-27 17:40:00,SHELBY,HAIL,0.0,0.0,0,0,180026,1096683,Public
2023-04-28 02:13:00,2023-04-28 02:13:00,MAURY,HAIL,0.0,0.0,0,0,178574,1086436,Social Media
2023-04-28 03:00:00,2023-04-28 03:00:00,WILLIAMSON,LIGHTNING,100000.0,0.0,0,0,178574,1086445,Broadcast Media
2023-04-28 04:32:00,2023-04-28 04:32:00,PUTNAM,LIGHTNING,5000000.0,0.0,0,0,178574,1086437,Public
2023-05-07 14:08:00,2023-05-07 14:13:00,HENRY,HAIL,0.0,0.0,0,0,181079,1102961,Trained Spotter
2023-05-07 14:20:00,2023-05-07 14:20:00,MONTGOMERY,HAIL,0.0,0.0,0,0,178575,1086441,Social Media
2023-05-07 14:35:00,2023-05-07 14:35:00,PUTNAM,HAIL,0.0,0.0,0,0,178575,1086442,Emergency Manager
2023-05-07 15:25:00,2023-05-07 15:25:00,HAMBLEN,THUNDERSTORM WIND,0.0,0.0,0,0,178868,1089068,Public
2023-05-07 15:26:00,2023-05-07 15:26:00,HAMBLEN,THUNDERSTORM WIND,0.0,0.0,0,0,178868,1089050,911 Call Center
2023-05-07 15:35:00,2023-05-07 15:40:00,HENRY,HAIL,0.0,0.0,0,0,181079,1102964,Public
2023-05-07 15:39:00,2023-05-07 15:39:00,ANDERSON,HAIL,0.0,0.0,0,0,178868,1088855,NWS Employee
2023-05-07 15:54:00,2023-05-07 15:54:00,KNOX,HAIL,0.0,0.0,0,0,178868,1088856,Trained Spotter
2023-05-07 16:04:00,2023-05-07 16:04:00,JEFFERSON,THUNDERSTORM WIND,0.0,0.0,0,0,178868,1089055,Amateur Radio
2023-05-07 16:06:00,2023-05-07 16:06:00,KNOX,THUNDERSTORM WIND,0.0,0.0,0,0,178868,1089057,Public
2023-05-07 16:21:00,2023-05-07 16:21:00,COCKE,THUNDERSTORM WIND,0.0,0.0,0,0,178868,1089059,911 Call Center
2023-05-07 16:21:00,2023-05-07 16:21:00,DICKSON,HAIL,0.0,0.0,0,0,178575,1086438,Public
2023-05-07 17:32:00,2023-05-07 17:32:00,WILLIAMSON,HAIL,0.0,0.0,0,0,178575,1086443,Public
2023-05-07 17:42:00,2023-05-07 17:42:00,DAVIDSON,HAIL,0.0,0.0,0,0,178575,1086439,Trained Spotter
2023-05-07 17:42:00,2023-05-07 17:42:00,DICKSON,HAIL,0.0,0.0,0,0,178575,1086440,Public
2023-05-07 17:59:00,2023-05-07 17:59:00,DAVIDSON,LIGHTNING,100000.0,0.0,0,0,178575,1086444,Emergency Manager
2023-05-07 19:54:00,2023-05-07 19:54:00,MARION,THUNDERSTORM WIND,0.0,0.0,0,0,178868,1089062,Emergency Manager
2023-05-07 19:59:00,2023-05-07 19:59:00,MARION,THUNDERSTORM WIND,0.0,0.0,0,0,178868,1089064,911 Call Center
2023-05-08 22:58:00,2023-05-08 23:03:00,DYER,HAIL,0.0,0.0,0,0,181082,1103023,Trained Spotter
2023-05-08 23:01:00,2023-05-08 23:06:00,DYER,HAIL,0.0,0.0,0,0,181082,1103028,Public
2023-05-09 01:14:00,2023-05-09 01:20:00,WILSON,THUNDERSTORM WIND,2000000.0,0.0,0,0,178576,1086446,Emergency Manager
2023-05-09 05:02:00,2023-05-09 05:02:00,KNOX,THUNDERSTORM WIND,0.0,0.0,0,0,178902,1089070,911 Call Center
2023-05-09 05:04:00,2023-05-09 05:04:00,KNOX,THUNDERSTORM WIND,0.0,0.0,0,0,178902,1089071,911 Call Center
2023-05-09 05:10:00,2023-05-09 05:10:00,KNOX,THUNDERSTORM WIND,0.0,0.0,0,0,178902,1089079,911 Call Center
2023-05-10 12:32:00,2023-05-10 12:37:00,TIPTON,HAIL,0.0,0.0,0,0,181088,1103093,Fire Department/Rescue
2023-05-10 12:32:00,2023-05-10 12:37:00,TIPTON,THUNDERSTORM WIND,5000.0,0.0,0,0,181088,1103094,911 Call Center
2023-05-10 12:35:00,2023-05-10 12:40:00,TIPTON,THUNDERSTORM WIND,2000.0,0.0,0,0,181088,1103096,Public
2023-05-10 13:13:00,2023-05-10 13:18:00,FAYETTE,HAIL,0.0,0.0,0,0,181088,1103098,NWS Employee
2023-05-15 17:30:00,2023-05-15 17:35:00,GIBSON,THUNDERSTORM WIND,20000.0,0.0,0,0,181130,1103440,Public
2023-05-15 17:37:00,2023-05-15 17:42:00,GIBSON,HAIL,0.0,0.0,0,0,181130,1103441,Public
2023-05-15 17:48:00,2023-05-15 17:53:00,MADISON,HAIL,0.0,0.0,0,0,181130,1103442,Amateur Radio
2023-05-16 06:25:00,2023-05-16 06:25:00,WASHINGTON,THUNDERSTORM WIND,0.0,0.0,0,0,180474,1099282,Department of Highways
2023-05-16 14:50:00,2023-05-16 14:50:00,KNOX,HAIL,0.0,0.0,0,0,180474,1099278,Public
2023-05-16 15:03:00,2023-05-16 15:03:00,KNOX,HAIL,0.0,0.0,0,0,180474,1099279,Public
2023-05-16 15:20:00,2023-05-16 15:20:00,HAMBLEN,THUNDERSTORM WIND,0.0,0.0,0,0,180474,1099288,NWS Employee
2023-05-16 15:25:00,2023-05-16 15:25:00,ANDERSON,HAIL,0.0,0.0,0,0,180474,1099308,Public
2023-05-16 15:28:00,2023-05-16 15:28:00,ANDERSON,HAIL,0.0,0.0,0,0,180474,1099280,Public
2023-05-16 16:00:00,2023-05-16 16:00:00,KNOX,THUNDERSTORM WIND,0.0,0.0,0,0,180474,1099289,911 Call Center
2023-05-16 16:01:00,2023-05-16 16:01:00,MCMINN,THUNDERSTORM WIND,0.0,0.0,0,0,180474,1099291,Broadcast Media
2023-05-16 16:30:00,2023-05-16 16:30:00,KNOX,HAIL,0.0,0.0,0,0,180474,1099281,Trained Spotter
2023-05-16 16:35:00,2023-05-16 16:35:00,CAMPBELL,THUNDERSTORM WIND,0.0,0.0,0,0,180474,1099292,911 Call Center
2023-05-16 16:45:00,2023-05-16 16:45:00,SEVIER,THUNDERSTORM WIND,0.0,0.0,0,0,180474,1099293,911 Call Center
2023-05-16 17:15:00,2023-05-16 17:15:00,GRAINGER,THUNDERSTORM WIND,0.0,0.0,0,0,180474,1099294,Public
2023-05-16 17:15:00,2023-05-16 17:15:00,GRAINGER,THUNDERSTORM WIND,0.0,0.0,0,0,180474,1099295,911 Call Center
2023-05-16 17:35:00,2023-05-16 17:35:00,ANDERSON,THUNDERSTORM WIND,0.0,0.0,0,0,180474,1099296,911 Call Center
2023-05-16 17:35:00,2023-05-16 17:35:00,JOHNSON,THUNDERSTORM WIND,0.0,0.0,0,0,180474,1099297,Public
2023-05-16 17:40:00,2023-05-16 17:40:00,HAMBLEN,THUNDERSTORM WIND,0.0,0.0,0,0,180474,1099298,Amateur Radio
2023-05-16 17:45:00,2023-05-16 17:45:00,HAMBLEN,THUNDERSTORM WIND,0.0,0.0,0,0,180474,1099306,Law Enforcement
2023-05-16 17:50:00,2023-05-16 17:50:00,BRADLEY,THUNDERSTORM WIND,0.0,0.0,0,0,180474,1099299,911 Call Center
2023-05-16 18:03:00,2023-05-16 18:03:00,POLK,THUNDERSTORM WIND,0.0,0.0,0,0,180474,1099301,Trained Spotter
2023-05-16 18:10:00,2023-05-16 18:10:00,POLK,THUNDERSTORM WIND,0.0,0.0,0,0,180474,1099300,Trained Spotter
2023-05-16 18:25:00,2023-05-16 18:25:00,KNOX,THUNDERSTORM WIND,0.0,0.0,0,0,180474,1099302,911 Call Center
2023-05-16 18:25:00,2023-05-16 18:25:00,WASHINGTON,THUNDERSTORM WIND,0.0,0.0,0,0,180474,1099303,Department of Highways
2023-05-16 18:28:00,2023-05-16 19:45:00,KNOX,FLASH FLOOD,0.0,0.0,0,0,180474,1102255,911 Call Center
2023-05-16 18:40:00,2023-05-16 18:40:00,WASHINGTON,THUNDERSTORM WIND,0.0,0.0,0,0,180474,1099304,Department of Highways
2023-05-18 16:55:00,2023-05-18 17:55:00,CANNON,FLASH FLOOD,0.0,0.0,0,0,178795,1088215,Social Media
2023-05-18 16:58:00,2023-05-18 16:58:00,RUTHERFORD,HAIL,0.0,0.0,0,0,178795,1088206,Social Media
2023-05-18 17:49:00,2023-05-18 20:00:00,PUTNAM,FLASH FLOOD,500000.0,0.0,0,0,178795,1088213,Emergency Manager
2023-05-27 18:09:00,2023-05-27 18:14:00,HARDEMAN,HAIL,0.0,0.0,0,0,181137,1103477,Public
2023-06-04 11:30:00,2023-06-04 11:30:00,DICKSON,HAIL,0.0,0.0,0,0,179533,1093182,Social Media
2023-06-04 14:44:00,2023-06-04 14:44:00,WILLIAMSON,HAIL,0.0,0.0,0,0,179533,1093183,Social Media
2023-06-04 15:24:00,2023-06-04 15:24:00,MAURY,THUNDERSTORM WIND,3000.0,0.0,0,0,179533,1093187,Social Media
2023-06-04 15:25:00,2023-06-04 15:25:00,DAVIDSON,THUNDERSTORM WIND,1000.0,0.0,0,0,179533,1093181,Social Media
2023-06-04 15:30:00,2023-06-04 15:30:00,DAVIDSON,HAIL,0.0,0.0,0,0,179533,1093180,Social Media
2023-06-04 16:54:00,2023-06-04 16:54:00,DAVIDSON,HAIL,0.0,0.0,0,0,179533,1093184,Social Media
2023-06-04 17:00:00,2023-06-04 17:00:00,GILES,HAIL,0.0,0.0,0,0,179533,1093185,Social Media
2023-06-04 17:10:00,2023-06-04 17:10:00,WILSON,THUNDERSTORM WIND,3000.0,0.0,0,0,179533,1093188,Social Media
2023-06-04 17:12:00,2023-06-04 17:12:00,WILSON,HAIL,0.0,0.0,0,0,179533,1093186,Social Media
2023-06-04 17:15:00,2023-06-04 17:15:00,WILSON,THUNDERSTORM WIND,10000.0,0.0,0,0,179533,1093189,Social Media
2023-06-04 17:46:00,2023-06-04 17:46:00,LOUDON,HAIL,0.0,0.0,0,0,180860,1101379,Public
2023-06-04 18:25:00,2023-06-04 18:25:00,WASHINGTON,HAIL,0.0,0.0,0,0,180860,1101380,Public
2023-06-04 18:55:00,2023-06-04 18:55:00,WASHINGTON,HAIL,0.0,0.0,0,0,180860,1101381,Trained Spotter
2023-06-04 19:50:00,2023-06-04 19:50:00,GREENE,HAIL,0.0,0.0,0,0,180860,1101382,Public
2023-06-05 14:00:00,2023-06-05 14:00:00,ROANE,THUNDERSTORM WIND,0.0,0.0,0,0,180861,1101386,911 Call Center
2023-06-05 14:30:00,2023-06-05 14:30:00,ANDERSON,HAIL,0.0,0.0,0,0,180861,1101383,Broadcast Media
2023-06-05 14:40:00,2023-06-05 14:40:00,RHEA,HAIL,0.0,0.0,0,0,180861,1101385,Public
2023-06-05 14:55:00,2023-06-05 14:55:00,KNOX,HAIL,0.0,0.0,0,0,180861,1101384,Amateur Radio
2023-06-05 15:05:00,2023-06-05 15:10:00,TIPTON,THUNDERSTORM WIND,5000.0,0.0,0,0,182334,1112000,Public
2023-06-05 15:20:00,2023-06-05 15:20:00,MCMINN,THUNDERSTORM WIND,0.0,0.0,0,0,180861,1101392,911 Call Center
2023-06-05 15:25:00,2023-06-05 15:30:00,TIPTON,THUNDERSTORM WIND,2000.0,0.0,0,0,182334,1112003,Public
2023-06-05 16:05:00,2023-06-05 16:05:00,MCMINN,THUNDERSTORM WIND,0.0,0.0,0,0,180861,1101390,911 Call Center
2023-06-05 16:45:00,2023-06-05 16:45:00,POLK,THUNDERSTORM WIND,0.0,0.0,0,0,180861,1101389,911 Call Center
2023-06-05 20:39:00,2023-06-05 20:39:00,SEQUATCHIE,HAIL,0.0,0.0,0,0,180861,1101391,Trained Spotter
2023-06-05 21:40:00,2023-06-05 21:40:00,SEQUATCHIE,THUNDERSTORM WIND,0.0,0.0,0,0,180861,1101393,Public
2023-06-11 12:45:00,2023-06-11 12:45:00,SUMNER,HAIL,0.0,0.0,0,0,179615,1093610,Social Media
2023-06-11 12:50:00,2023-06-11 12:50:00,SUMNER,HAIL,0.0,0.0,0,0,179615,1093609,Public
2023-06-11 13:16:00,2023-06-11 13:16:00,SUMNER,HAIL,0.0,0.0,0,0,179615,1093612,Social Media
2023-06-11 13:26:00,2023-06-11 13:26:00,WILSON,HAIL,0.0,0.0,0,0,179615,1093587,Emergency Manager
2023-06-11 13:32:00,2023-06-11 13:32:00,WILSON,HAIL,0.0,0.0,0,0,179615,1093588,Social Media
2023-06-11 13:50:00,2023-06-11 13:50:00,DICKSON,HAIL,0.0,0.0,0,0,179615,1093613,Social Media
2023-06-11 13:59:00,2023-06-11 13:59:00,PICKETT,HAIL,0.0,0.0,0,0,179615,1093589,Public
2023-06-11 14:00:00,2023-06-11 14:00:00,JACKSON,HAIL,0.0,0.0,0,0,179615,1093618,Social Media
2023-06-11 14:05:00,2023-06-11 14:05:00,SUMNER,HAIL,0.0,0.0,0,0,179615,1093614,Broadcast Media
2023-06-11 14:05:00,2023-06-11 14:05:00,SUMNER,HAIL,0.0,0.0,0,0,179615,1093615,Social Media
2023-06-11 14:06:00,2023-06-11 14:06:00,PICKETT,HAIL,0.0,0.0,0,0,179615,1093590,Social Media
2023-06-11 14:10:00,2023-06-11 14:10:00,CHEATHAM,HAIL,0.0,0.0,0,0,179615,1093611,Social Media
2023-06-11 14:22:00,2023-06-11 14:22:00,CLAY,THUNDERSTORM WIND,5000.0,0.0,0,0,179615,1093616,Emergency Manager
2023-06-11 14:26:00,2023-06-11 14:26:00,SUMNER,HAIL,0.0,0.0,0,0,179615,1093619,Public
2023-06-11 14:52:00,2023-06-11 14:52:00,OVERTON,HAIL,0.0,0.0,0,0,179615,1093594,Public
2023-06-11 14:58:00,2023-06-11 14:58:00,DAVIDSON,HAIL,0.0,0.0,0,0,179615,1093592,Social Media
2023-06-11 14:58:00,2023-06-11 14:58:00,DAVIDSON,HAIL,0.0,0.0,0,0,179615,1093593,Social Media
2023-06-11 14:58:00,2023-06-11 14:58:00,DAVIDSON,THUNDERSTORM WIND,1000.0,0.0,0,0,179615,1093591,Social Media
2023-06-11 15:07:00,2023-06-11 15:07:00,DAVIDSON,THUNDERSTORM WIND,5000.0,0.0,0,0,179615,1093595,Broadcast Media
2023-06-11 15:15:00,2023-06-11 15:20:00,GIBSON,HAIL,0.0,0.0,0,0,182490,1115177,Public
2023-06-11 15:15:00,2023-06-11 15:20:00,HENRY,THUNDERSTORM WIND,15000.0,0.0,0,0,182490,1118993,Public
2023-06-11 15:30:00,2023-06-11 15:49:00,FENTRESS,TORNADO,500000.0,0.0,0,0,179615,1093598,NWS Storm Survey
2023-06-11 15:43:00,2023-06-11 15:43:00,FENTRESS,THUNDERSTORM WIND,10000.0,0.0,0,0,179615,1093596,Public
2023-06-11 15:45:00,2023-06-11 15:45:00,FENTRESS,THUNDERSTORM WIND,15000.0,0.0,0,0,179615,1093597,Social Media
2023-06-11 15:49:00,2023-06-11 15:49:00,MONTGOMERY,THUNDERSTORM WIND,5000.0,0.0,0,0,179615,1093624,Social Media
2023-06-11 15:55:00,2023-06-11 15:55:00,OVERTON,HAIL,0.0,0.0,0,0,179615,1093600,Social Media
2023-06-11 15:59:00,2023-06-11 16:03:00,CUMBERLAND,TORNADO,250000.0,0.0,0,0,179615,1093625,NWS Storm Survey
2023-06-11 16:02:00,2023-06-11 16:02:00,MONTGOMERY,THUNDERSTORM WIND,1000.0,0.0,0,0,179615,1093621,Social Media
2023-06-11 16:45:00,2023-06-11 16:45:00,DAVIDSON,THUNDERSTORM WIND,5000.0,0.0,0,0,179615,1093601,Public
2023-06-11 16:50:00,2023-06-11 16:50:00,WILSON,THUNDERSTORM WIND,1000.0,0.0,0,0,179615,1093602,Public
2023-06-11 16:50:00,2023-06-11 16:50:00,WILSON,THUNDERSTORM WIND,50000.0,0.0,0,0,179615,1093603,Broadcast Media
2023-06-11 16:53:00,2023-06-11 16:53:00,DAVIDSON,THUNDERSTORM WIND,1000.0,0.0,0,0,179615,1093604,Social Media
2023-06-11 16:58:00,2023-06-11 17:02:00,FENTRESS,TORNADO,150000.0,0.0,0,0,179615,1093606,NWS Storm Survey
2023-06-11 17:03:00,2023-06-11 17:03:00,WILSON,THUNDERSTORM WIND,0.0,0.0,0,0,179615,1093605,NWS Employee
2023-06-11 17:04:00,2023-06-11 17:11:00,SCOTT,TORNADO,0.0,0.0,0,0,180865,1101411,NWS Storm Survey
2023-06-11 17:05:00,2023-06-11 17:05:00,DAVIDSON,THUNDERSTORM WIND,15000.0,0.0,0,0,179615,1093623,Social Media
2023-06-11 17:12:00,2023-06-11 17:17:00,MCNAIRY,HAIL,0.0,0.0,0,0,182490,1112093,Public
2023-06-11 17:28:00,2023-06-11 17:33:00,HARDIN,HAIL,0.0,0.0,0,0,182490,1112094,Fire Department/Rescue
2023-06-11 17:35:00,2023-06-11 17:35:00,RUTHERFORD,THUNDERSTORM WIND,1000.0,0.0,0,0,179615,1093626,Social Media
2023-06-11 17:38:00,2023-06-11 17:43:00,SHELBY,THUNDERSTORM WIND,50000.0,0.0,0,0,182490,1112096,Public
2023-06-11 17:40:00,2023-06-11 17:40:00,RHEA,HAIL,0.0,0.0,0,0,180865,1101399,Public
2023-06-11 17:45:00,2023-06-11 17:45:00,CAMPBELL,HAIL,0.0,0.0,0,0,180865,1101403,Broadcast Media
2023-06-11 17:52:00,2023-06-11 17:57:00,TIPTON,THUNDERSTORM WIND,5000.0,0.0,0,0,182490,1112089,Public
2023-06-11 17:55:00,2023-06-11 17:55:00,MORGAN,HAIL,0.0,0.0,0,0,180865,1101402,Public
2023-06-11 18:05:00,2023-06-11 18:10:00,TIPTON,THUNDERSTORM WIND,25000.0,0.0,0,0,182490,1114389,Trained Spotter
2023-06-11 18:25:00,2023-06-11 18:25:00,MORGAN,THUNDERSTORM WIND,0.0,0.0,0,0,180865,1101407,911 Call Center
2023-06-11 18:35:00,2023-06-11 18:40:00,ROANE,HAIL,0.0,0.0,0,0,180865,1101401,Public
2023-06-11 18:40:00,2023-06-11 18:45:00,HAYWOOD,THUNDERSTORM WIND,7000.0,0.0,0,0,182490,1114644,Law Enforcement
2023-06-11 18:40:00,2023-06-11 18:40:00,LAWRENCE,THUNDERSTORM WIND,15000.0,0.0,0,0,179615,1093607,Social Media
2023-06-11 18:40:00,2023-06-11 18:40:00,SCOTT,THUNDERSTORM WIND,0.0,0.0,0,0,180865,1101410,911 Call Center
2023-06-11 18:55:00,2023-06-11 18:55:00,ANDERSON,HAIL,0.0,0.0,0,0,180865,1101400,Amateur Radio
2023-06-11 18:55:00,2023-06-11 18:55:00,GILES,THUNDERSTORM WIND,15000.0,0.0,0,0,179615,1093608,Emergency Manager
2023-06-11 19:00:00,2023-06-11 19:00:00,ANDERSON,HAIL,0.0,0.0,0,0,180865,1101405,Public
2023-06-11 19:00:00,2023-06-11 19:00:00,KNOX,HAIL,0.0,0.0,0,0,180865,1101404,Public
2023-06-11 20:08:00,2023-06-11 20:08:00,SCOTT,THUNDERSTORM WIND,0.0,0.0,0,0,180865,1101406,911 Call Center
2023-06-11 20:22:00,2023-06-11 20:22:00,KNOX,THUNDERSTORM WIND,0.0,0.0,0,0,180865,1101408,911 Call Center
2023-06-11 20:30:00,2023-06-11 20:30:00,CAMPBELL,THUNDERSTORM WIND,0.0,0.0,0,0,180865,1101409,911 Call Center
2023-06-11 20:50:00,2023-06-11 20:50:00,KNOX,THUNDERSTORM WIND,0.0,0.0,0,0,180865,1101413,911 Call Center
2023-06-11 20:50:00,2023-06-11 20:50:00,RHEA,THUNDERSTORM WIND,0.0,0.0,0,0,180865,1101414,911 Call Center
2023-06-11 21:10:00,2023-06-11 21:10:00,KNOX,THUNDERSTORM WIND,0.0,0.0,0,0,180865,1101412,911 Call Center
2023-06-11 21:25:00,2023-06-11 21:25:00,MONROE,THUNDERSTORM WIND,0.0,0.0,0,0,180865,1101416,Public
2023-06-11 21:34:00,2023-06-11 21:34:00,BLOUNT,THUNDERSTORM WIND,0.0,0.0,0,0,180865,1101415,Trained Spotter
2023-06-11 22:15:00,2023-06-11 22:15:00,HAMILTON,THUNDERSTORM WIND,0.0,0.0,0,0,180865,1101417,Broadcast Media
2023-06-15 12:30:00,2023-06-15 12:30:00,WILLIAMSON,THUNDERSTORM WIND,1000.0,0.0,0,0,179659,1093905,Social Media
2023-06-15 12:30:00,2023-06-15 12:30:00,WILLIAMSON,THUNDERSTORM WIND,2000.0,0.0,0,0,179659,1093906,Social Media
2023-06-15 13:00:00,2023-06-15 13:00:00,WILLIAMSON,THUNDERSTORM WIND,1000.0,0.0,0,0,179659,1093907,Social Media
2023-06-15 13:05:00,2023-06-15 13:05:00,WILLIAMSON,THUNDERSTORM WIND,1000.0,0.0,0,0,179659,1093908,Social Media
2023-06-15 14:12:00,2023-06-15 14:12:00,HAMILTON,THUNDERSTORM WIND,0.0,0.0,0,0,181427,1105054,911 Call Center
2023-06-15 14:50:00,2023-06-15 14:50:00,HAMILTON,THUNDERSTORM WIND,0.0,0.0,0,0,181427,1105055,911 Call Center
2023-06-15 14:55:00,2023-06-15 14:55:00,HAMILTON,HAIL,0.0,0.0,0,0,181427,1105053,Public
2023-06-15 15:25:00,2023-06-15 15:25:00,LAWRENCE,THUNDERSTORM WIND,2000.0,0.0,0,0,179659,1093909,Emergency Manager
2023-06-15 15:30:00,2023-06-15 15:30:00,LAWRENCE,THUNDERSTORM WIND,1000.0,0.0,0,0,179659,1093910,Emergency Manager
2023-06-15 15:30:00,2023-06-15 15:30:00,LAWRENCE,THUNDERSTORM WIND,10000.0,0.0,0,0,179659,1093911,Emergency Manager
2023-06-16 13:05:00,2023-06-16 13:10:00,SHELBY,THUNDERSTORM WIND,5000.0,0.0,0,0,182798,1115240,Public
2023-06-16 13:10:00,2023-06-16 13:15:00,SHELBY,HAIL,0.0,0.0,0,0,182798,1115237,Public
2023-06-16 13:22:00,2023-06-16 13:27:00,SHELBY,THUNDERSTORM WIND,25000.0,0.0,0,0,182798,1115242,NWS Employee
2023-06-16 13:22:00,2023-06-16 13:27:00,SHELBY,THUNDERSTORM WIND,25000.0,0.0,0,0,182798,1115244,NWS Employee
2023-06-16 14:00:00,2023-06-16 14:05:00,SHELBY,THUNDERSTORM WIND,5000.0,0.0,0,0,182798,1115247,Broadcast Media
2023-06-16 14:07:00,2023-06-16 14:12:00,SHELBY,HAIL,0.0,0.0,0,0,182798,1115238,Trained Spotter
2023-06-18 04:14:00,2023-06-18 04:15:00,SHELBY,THUNDERSTORM WIND,0.0,0.0,0,0,182872,1116317,ASOS
2023-06-18 04:25:00,2023-06-18 04:30:00,SHELBY,THUNDERSTORM WIND,2000.0,0.0,0,0,182872,1116313,NWS Employee
2023-06-18 05:17:00,2023-06-18 05:22:00,FAYETTE,THUNDERSTORM WIND,5000.0,0.0,0,0,182872,1116315,Law Enforcement
2023-06-18 05:19:00,2023-06-18 05:24:00,FAYETTE,THUNDERSTORM WIND,2000.0,0.0,0,0,182872,1116316,Law Enforcement
2023-06-18 20:25:00,2023-06-18 20:30:00,FAYETTE,THUNDERSTORM WIND,10000.0,0.0,0,0,182877,1119163,Public
2023-06-18 20:35:00,2023-06-18 20:40:00,HARDEMAN,THUNDERSTORM WIND,5000.0,0.0,0,0,182877,1116410,NWS Employee
2023-06-25 10:00:00,2023-06-25 18:00:00,BENTON,HEAT,0.0,0.0,0,0,183068,1118259,AWOS
2023-06-25 10:00:00,2023-06-25 18:00:00,CARROLL,HEAT,0.0,0.0,0,0,183068,1118258,AWOS
2023-06-25 10:00:00,2023-06-25 18:00:00,CHESTER,HEAT,0.0,0.0,0,0,183068,1118269,AWOS
2023-06-25 10:00:00,2023-06-25 18:00:00,CROCKETT,HEAT,0.0,0.0,0,0,183068,1118260,AWOS
2023-06-25 10:00:00,2023-06-25 18:00:00,DECATUR,HEAT,0.0,0.0,0,0,183068,1118264,AWOS
2023-06-25 10:00:00,2023-06-25 18:00:00,DYER,EXCESSIVE HEAT,0.0,0.0,0,0,183068,1118250,AWOS
2023-06-25 10:00:00,2023-06-25 18:00:00,FAYETTE,HEAT,0.0,0.0,0,0,183068,1118265,AWOS
2023-06-25 10:00:00,2023-06-25 18:00:00,GIBSON,HEAT,0.0,0.0,0,0,183068,1118257,AWOS
2023-06-25 10:00:00,2023-06-25 18:00:00,HARDEMAN,HEAT,0.0,0.0,0,0,183068,1118266,AWOS
2023-06-25 10:00:00,2023-06-25 18:00:00,HARDIN,HEAT,0.0,0.0,0,0,183068,1118268,AWOS
2023-06-25 10:00:00,2023-06-25 18:00:00,HAYWOOD,HEAT,0.0,0.0,0,0,183068,1118261,AWOS
2023-06-25 10:00:00,2023-06-25 18:00:00,HENDERSON,HEAT,0.0,0.0,0,0,183068,1118263,AWOS
2023-06-25 10:00:00,2023-06-25 18:00:00,HENRY,HEAT,0.0,0.0,0,0,183068,1118256,AWOS
2023-06-25 10:00:00,2023-06-25 18:00:00,LAKE,EXCESSIVE HEAT,0.0,0.0,0,0,183068,1118249,AWOS
2023-06-25 10:00:00,2023-06-25 18:00:00,LAUDERDALE,EXCESSIVE HEAT,0.0,0.0,0,0,183068,1118251,AWOS
2023-06-25 10:00:00,2023-06-25 18:00:00,MADISON,HEAT,0.0,0.0,0,0,183068,1118262,ASOS
2023-06-25 10:00:00,2023-06-25 18:00:00,MCNAIRY,HEAT,0.0,0.0,0,0,183068,1118267,AWOS
2023-06-25 10:00:00,2023-06-25 18:00:00,OBION,HEAT,0.0,0.0,0,0,183068,1118254,AWOS
2023-06-25 10:00:00,2023-06-25 18:00:00,SHELBY,EXCESSIVE HEAT,0.0,0.0,0,0,183068,1118253,ASOS
2023-06-25 10:00:00,2023-06-25 18:00:00,TIPTON,EXCESSIVE HEAT,0.0,0.0,0,0,183068,1118252,AWOS
2023-06-25 10:00:00,2023-06-25 18:00:00,WEAKLEY,HEAT,0.0,0.0,0,0,183068,1118255,AWOS
2023-06-25 11:47:00,2023-06-25 11:47:00,LAWRENCE,HAIL,0.0,0.0,0,0,180014,1096610,Broadcast Media
2023-06-25 12:03:00,2023-06-25 12:03:00,SMITH,HAIL,0.0,0.0,0,0,180014,1096611,Trained Spotter
2023-06-25 12:37:00,2023-06-25 12:37:00,ROANE,THUNDERSTORM WIND,0.0,0.0,0,0,181462,1105254,Law Enforcement
2023-06-25 12:45:00,2023-06-25 12:45:00,BLEDSOE,THUNDERSTORM WIND,0.0,0.0,0,0,181462,1105261,Public
2023-06-25 12:48:00,2023-06-25 12:48:00,KNOX,THUNDERSTORM WIND,0.0,0.0,0,0,181462,1105255,Public
2023-06-25 13:03:00,2023-06-25 13:03:00,LOUDON,THUNDERSTORM WIND,0.0,0.0,0,0,181462,1105258,Law Enforcement
2023-06-25 13:05:00,2023-06-25 13:05:00,BLEDSOE,THUNDERSTORM WIND,0.0,0.0,0,0,181462,1105259,Public
2023-06-25 13:22:00,2023-06-25 13:22:00,BLOUNT,THUNDERSTORM WIND,0.0,0.0,0,0,181462,1105260,Law Enforcement
2023-06-25 13:36:00,2023-06-25 13:36:00,MOORE,THUNDERSTORM WIND,10000.0,0.0,0,0,180006,1115622,State Official
2023-06-25 13:40:00,2023-06-25 13:40:00,MARION,THUNDERSTORM WIND,0.0,0.0,0,0,181462,1105264,Public
2023-06-25 13:45:00,2023-06-25 13:45:00,RHEA,THUNDERSTORM WIND,0.0,0.0,0,0,181462,1105262,Law Enforcement
2023-06-25 14:03:00,2023-06-25 14:03:00,MARION,THUNDERSTORM WIND,0.0,0.0,0,0,181462,1105266,Public
2023-06-25 14:15:00,2023-06-25 14:15:00,MCMINN,THUNDERSTORM WIND,0.0,0.0,0,0,181462,1105263,Law Enforcement
2023-06-25 14:15:00,2023-06-25 14:15:00,SEQUATCHIE,THUNDERSTORM WIND,0.0,0.0,0,0,181462,1105278,Public
2023-06-25 14:25:00,2023-06-25 14:25:00,MARION,THUNDERSTORM WIND,0.0,0.0,0,0,181462,1105279,Emergency Manager
2023-06-25 14:42:00,2023-06-25 14:42:00,POLK,THUNDERSTORM WIND,0.0,0.0,0,0,181462,1105265,Law Enforcement
2023-06-25 15:25:00,2023-06-25 15:25:00,HAMILTON,HAIL,0.0,0.0,0,0,181462,1105252,Public
2023-06-25 15:30:00,2023-06-25 15:30:00,HAMILTON,HAIL,0.0,0.0,0,0,181462,1105253,Public
2023-06-25 17:36:00,2023-06-25 17:41:00,SHELBY,THUNDERSTORM WIND,10000.0,0.0,0,0,182883,1118013,Trained Spotter
2023-06-25 17:37:00,2023-06-25 17:42:00,SHELBY,THUNDERSTORM WIND,1000000.0,0.0,0,0,182883,1118014,Public
2023-06-25 17:40:00,2023-06-25 17:45:00,SHELBY,THUNDERSTORM WIND,250000.0,0.0,0,0,182883,1118015,Fire Department/Rescue
2023-06-25 17:45:00,2023-06-25 18:00:00,SHELBY,THUNDERSTORM WIND,2000000.0,0.0,0,0,182883,1118037,NWS Employee
2023-06-25 17:45:00,2023-06-25 17:50:00,SHELBY,THUNDERSTORM WIND,50000.0,0.0,0,0,182883,1118053,NWS Storm Survey
2023-06-25 17:53:00,2023-06-25 18:03:00,SHELBY,THUNDERSTORM WIND,1000000.0,0.0,0,0,182883,1118041,Trained Spotter
2023-06-25 17:55:00,2023-06-25 17:56:00,SHELBY,THUNDERSTORM WIND,0.0,0.0,0,0,182883,1118052,AWOS
2023-06-25 17:55:00,2023-06-25 17:56:00,SHELBY,THUNDERSTORM WIND,0.0,0.0,0,0,182883,1118051,NWS Employee
2023-06-25 17:58:00,2023-06-25 17:59:00,SHELBY,THUNDERSTORM WIND,0.0,0.0,0,0,182883,1118048,Public
2023-06-25 17:59:00,2023-06-25 18:00:00,SHELBY,THUNDERSTORM WIND,0.0,0.0,0,0,182883,1118049,NWS Employee
2023-06-25 18:02:00,2023-06-25 18:07:00,FAYETTE,THUNDERSTORM WIND,10000.0,0.0,0,0,182883,1118043,Amateur Radio
2023-06-25 18:10:00,2023-06-25 18:25:00,FAYETTE,THUNDERSTORM WIND,200000.0,0.0,0,0,182883,1118044,Public
2023-06-25 18:15:00,2023-06-25 18:20:00,FAYETTE,THUNDERSTORM WIND,25000.0,0.0,0,0,182883,1118046,Trained Spotter
2023-06-25 18:25:00,2023-06-25 18:30:00,FAYETTE,THUNDERSTORM WIND,25000.0,0.0,0,0,182883,1118045,COOP Observer
2023-06-25 18:52:00,2023-06-25 18:57:00,HARDEMAN,THUNDERSTORM WIND,25000.0,0.0,0,0,182883,1118047,Public
2023-06-25 19:08:00,2023-06-25 19:13:00,CHESTER,THUNDERSTORM WIND,0.0,0.0,0,0,182883,1118050,Public
2023-06-25 19:15:00,2023-06-25 19:20:00,CHESTER,HAIL,0.0,0.0,0,0,182883,1118011,Public
2023-06-25 19:15:00,2023-06-25 19:20:00,CHESTER,HAIL,0.0,0.0,0,0,182883,1118012,Public
2023-06-25 23:30:00,2023-06-25 23:30:00,CLAY,THUNDERSTORM WIND,50000.0,0.0,0,0,180014,1096612,Emergency Manager
2023-06-25 23:49:00,2023-06-25 23:49:00,OVERTON,THUNDERSTORM WIND,1000.0,0.0,0,0,180014,1096613,Public
2023-06-26 00:05:00,2023-06-26 00:05:00,SCOTT,THUNDERSTORM WIND,0.0,0.0,0,0,181499,1105317,Public
2023-06-26 00:40:00,2023-06-26 00:40:00,SCOTT,THUNDERSTORM WIND,0.0,0.0,0,0,181499,1105318,Public
2023-06-26 00:45:00,2023-06-26 00:45:00,CLAIBORNE,THUNDERSTORM WIND,0.0,0.0,0,0,181499,1105319,Public
2023-06-26 00:50:00,2023-06-26 00:50:00,CLAIBORNE,THUNDERSTORM WIND,0.0,0.0,0,0,181499,1105320,Public
2023-06-26 00:57:00,2023-06-26 00:57:00,CAMPBELL,THUNDERSTORM WIND,0.0,0.0,0,0,181499,1105321,911 Call Center
2023-06-26 00:59:00,2023-06-26 00:59:00,MORGAN,THUNDERSTORM WIND,0.0,0.0,0,0,181499,1105322,911 Call Center
2023-06-26 01:17:00,2023-06-26 01:17:00,CLAIBORNE,THUNDERSTORM WIND,0.0,0.0,0,0,181499,1105323,Public
2023-06-26 01:47:00,2023-06-26 01:47:00,JEFFERSON,THUNDERSTORM WIND,0.0,0.0,0,0,181499,1105324,Public
2023-06-26 02:06:00,2023-06-26 02:06:00,COCKE,THUNDERSTORM WIND,0.0,0.0,0,0,181499,1105325,Public
2023-06-29 10:00:00,2023-06-30 10:00:00,BENTON,HEAT,0.0,0.0,0,0,183068,1118904,AWOS
2023-06-29 10:00:00,2023-06-30 23:59:00,CARROLL,EXCESSIVE HEAT,0.0,0.0,0,0,183068,1118883,AWOS
2023-06-29 10:00:00,2023-06-30 10:00:00,CHESTER,HEAT,0.0,0.0,0,0,183068,1118910,AWOS
2023-06-29 10:00:00,2023-06-30 23:59:00,CROCKETT,EXCESSIVE HEAT,0.0,0.0,0,0,183068,1118884,AWOS
2023-06-29 10:00:00,2023-06-30 10:00:00,DECATUR,HEAT,0.0,0.0,0,0,183068,1118905,AWOS
2023-06-29 10:00:00,2023-06-30 23:59:00,DYER,EXCESSIVE HEAT,0.0,0.0,0,0,183068,1118881,AWOS
2023-06-29 10:00:00,2023-06-30 23:59:00,FAYETTE,EXCESSIVE HEAT,0.0,0.0,0,0,183068,1118890,AWOS
2023-06-29 10:00:00,2023-06-30 23:59:00,GIBSON,EXCESSIVE HEAT,0.0,0.0,0,0,183068,1118882,AWOS
2023-06-29 10:00:00,2023-06-30 10:00:00,HARDEMAN,HEAT,0.0,0.0,0,0,183068,1118909,AWOS
2023-06-29 10:00:00,2023-06-30 10:00:00,HARDIN,HEAT,0.0,0.0,0,0,183068,1118912,AWOS
2023-06-29 10:00:00,2023-06-30 23:59:00,HAYWOOD,EXCESSIVE HEAT,0.0,0.0,0,0,183068,1118886,AWOS
2023-06-29 10:00:00,2023-06-30 10:00:00,HENDERSON,HEAT,0.0,0.0,0,0,183068,1118906,AWOS
2023-06-29 10:00:00,2023-06-30 23:59:00,HENRY,EXCESSIVE HEAT,0.0,0.0,0,0,183068,1118880,AWOS
2023-06-29 10:00:00,2023-06-30 23:59:00,LAKE,EXCESSIVE HEAT,0.0,0.0,0,0,183068,1118877,AWOS
2023-06-29 10:00:00,2023-06-30 23:59:00,LAUDERDALE,EXCESSIVE HEAT,0.0,0.0,0,0,183068,1118885,AWOS
2023-06-29 10:00:00,2023-06-30 10:00:00,MADISON,HEAT,0.0,0.0,0,0,183068,1118907,ASOS
2023-06-29 10:00:00,2023-06-30 10:00:00,MCNAIRY,HEAT,0.0,0.0,0,0,183068,1118911,AWOS
2023-06-29 10:00:00,2023-06-30 23:59:00,OBION,EXCESSIVE HEAT,0.0,0.0,0,0,183068,1118878,AWOS
2023-06-29 10:00:00,2023-06-30 23:59:00,SHELBY,EXCESSIVE HEAT,0.0,0.0,0,0,183068,1118888,ASOS
2023-06-29 10:00:00,2023-06-30 23:59:00,TIPTON,EXCESSIVE HEAT,0.0,0.0,0,0,183068,1118887,AWOS
2023-06-29 10:00:00,2023-06-30 23:59:00,WEAKLEY,EXCESSIVE HEAT,0.0,0.0,0,0,183068,1118879,AWOS
2023-06-29 11:14:00,2023-06-29 11:14:00,SUMNER,THUNDERSTORM WIND,1000.0,0.0,0,0,180163,1097671,Amateur Radio
2023-06-29 11:35:00,2023-06-29 11:35:00,DAVIDSON,THUNDERSTORM WIND,1000.0,0.0,0,0,180163,1097672,Broadcast Media
2023-06-29 11:35:00,2023-06-29 11:35:00,DAVIDSON,THUNDERSTORM WIND,1000.0,0.0,0,0,180163,1098144,Public
2023-06-29 12:10:00,2023-06-29 12:10:00,DAVIDSON,THUNDERSTORM WIND,3000.0,0.0,0,0,180163,1097690,Broadcast Media
2023-06-29 12:13:00,2023-06-29 12:43:00,HICKMAN,EXCESSIVE HEAT,0.0,0.0,0,0,180163,1097695,Mesonet
2023-06-29 12:14:00,2023-06-29 12:14:00,RUTHERFORD,THUNDERSTORM WIND,0.0,0.0,0,0,180163,1097691,ASOS
2023-06-29 12:28:00,2023-06-29 12:28:00,WILLIAMSON,THUNDERSTORM WIND,20000.0,0.0,0,0,180163,1097692,Public
2023-06-29 12:30:00,2023-06-29 12:30:00,WILLIAMSON,THUNDERSTORM WIND,10000.0,0.0,0,0,180163,1097694,Public
2023-06-29 12:43:00,2023-06-29 12:43:00,WILLIAMSON,THUNDERSTORM WIND,1000.0,0.0,0,0,180163,1097673,Public
2023-06-29 12:44:00,2023-06-29 12:44:00,WILLIAMSON,THUNDERSTORM WIND,1000.0,0.0,0,0,180163,1097674,Public
2023-06-29 12:55:00,2023-06-29 12:55:00,MAURY,THUNDERSTORM WIND,5000.0,0.0,0,0,180163,1097675,Social Media
2023-06-29 13:00:00,2023-06-29 13:00:00,MAURY,THUNDERSTORM WIND,1000.0,0.0,1,0,180163,1097676,Broadcast Media
2023-06-29 13:10:00,2023-06-29 13:10:00,RUTHERFORD,THUNDERSTORM WIND,1000.0,0.0,0,0,180163,1097677,Broadcast Media
2023-06-29 13:22:00,2023-06-29 13:22:00,BEDFORD,THUNDERSTORM WIND,5000.0,0.0,0,0,180163,1097678,Social Media
2023-06-29 13:25:00,2023-06-29 13:25:00,LINCOLN,THUNDERSTORM WIND,1000.0,0.0,0,0,180214,1119781,Emergency Manager
2023-06-29 13:25:00,2023-06-29 13:25:00,MOORE,THUNDERSTORM WIND,200.0,0.0,0,0,180214,1115618,Emergency Manager
2023-06-29 13:27:00,2023-06-29 13:27:00,MOORE,THUNDERSTORM WIND,500.0,0.0,0,0,180214,1115619,Emergency Manager
2023-06-29 13:31:00,2023-06-29 13:31:00,MOORE,THUNDERSTORM WIND,500.0,0.0,0,0,180214,1115620,Emergency Manager
2023-06-29 13:36:00,2023-06-29 13:36:00,LINCOLN,THUNDERSTORM WIND,1000.0,0.0,0,0,180214,1119782,Emergency Manager
2023-06-29 13:36:00,2023-06-29 13:36:00,MOORE,THUNDERSTORM WIND,500.0,0.0,0,0,180214,1115621,Emergency Manager
2023-06-29 13:54:00,2023-06-29 13:54:00,LINCOLN,THUNDERSTORM WIND,1000.0,0.0,0,0,180214,1119784,Emergency Manager
2023-06-29 13:58:00,2023-06-29 13:58:00,LINCOLN,THUNDERSTORM WIND,1000.0,0.0,0,0,180214,1119783,Emergency Manager
2023-06-29 14:15:00,2023-06-29 14:15:00,LAWRENCE,THUNDERSTORM WIND,1000.0,0.0,0,0,180163,1097679,Emergency Manager
2023-06-29 14:18:00,2023-06-29 14:18:00,LAWRENCE,THUNDERSTORM WIND,20000.0,0.0,0,0,180163,1097680,Emergency Manager
2023-06-29 14:48:00,2023-06-29 14:48:00,LAWRENCE,HAIL,0.0,0.0,0,0,180163,1097683,Emergency Manager
2023-06-29 14:59:00,2023-06-29 14:59:00,LAWRENCE,HAIL,0.0,0.0,0,0,180163,1097685,Emergency Manager
2023-06-30 09:35:00,2023-06-30 17:35:00,ROBERTSON,EXCESSIVE HEAT,0.0,0.0,0,0,180223,1098036,Mesonet
2023-06-30 09:40:00,2023-06-30 17:00:00,MONTGOMERY,EXCESSIVE HEAT,0.0,0.0,0,0,180223,1098025,ASOS
2023-06-30 09:50:00,2023-06-30 17:59:00,DICKSON,EXCESSIVE HEAT,0.0,0.0,0,0,180223,1098032,Mesonet
2023-06-30 10:00:00,2023-06-30 23:59:00,BENTON,EXCESSIVE HEAT,0.0,0.0,0,0,183068,1118933,AWOS
2023-06-30 10:00:00,2023-06-30 23:59:00,CHESTER,EXCESSIVE HEAT,0.0,0.0,0,0,183068,1118941,AWOS
2023-06-30 10:00:00,2023-06-30 23:59:00,DECATUR,EXCESSIVE HEAT,0.0,0.0,0,0,183068,1118934,AWOS
2023-06-30 10:00:00,2023-06-30 23:59:00,HARDEMAN,EXCESSIVE HEAT,0.0,0.0,0,0,183068,1118938,AWOS
2023-06-30 10:00:00,2023-06-30 23:59:00,HARDIN,EXCESSIVE HEAT,0.0,0.0,0,0,183068,1118940,AWOS
2023-06-30 10:00:00,2023-06-30 23:59:00,HENDERSON,EXCESSIVE HEAT,0.0,0.0,0,0,183068,1118935,AWOS
2023-06-30 10:00:00,2023-06-30 23:59:00,MADISON,EXCESSIVE HEAT,0.0,0.0,0,0,183068,1118936,ASOS
2023-06-30 10:00:00,2023-06-30 23:59:00,MCNAIRY,EXCESSIVE HEAT,0.0,0.0,0,0,183068,1118939,AWOS
2023-06-30 10:00:00,2023-06-30 18:40:00,STEWART,EXCESSIVE HEAT,0.0,0.0,0,0,180223,1098027,Mesonet
2023-06-30 10:04:00,2023-06-30 17:08:00,HICKMAN,EXCESSIVE HEAT,0.0,0.0,0,0,180223,1098033,Mesonet
2023-06-30 10:15:00,2023-06-30 18:15:00,CHEATHAM,EXCESSIVE HEAT,0.0,0.0,0,0,180223,1098031,Mesonet
2023-06-30 10:15:00,2023-06-30 18:15:00,DAVIDSON,EXCESSIVE HEAT,0.0,0.0,0,0,180223,1098029,Mesonet
2023-06-30 10:15:00,2023-06-30 18:25:00,WILSON,EXCESSIVE HEAT,0.0,0.0,0,0,180223,1098026,Mesonet
2023-06-30 10:18:00,2023-06-30 17:58:00,RUTHERFORD,EXCESSIVE HEAT,0.0,0.0,0,0,180223,1098028,Mesonet
2023-06-30 10:45:00,2023-06-30 17:45:00,HUMPHREYS,EXCESSIVE HEAT,0.0,0.0,0,0,180223,1098038,Mesonet
2023-06-30 10:45:00,2023-06-30 16:34:00,LEWIS,EXCESSIVE HEAT,0.0,0.0,0,0,180223,1098041,Mesonet
2023-06-30 10:45:00,2023-06-30 17:45:00,WILLIAMSON,EXCESSIVE HEAT,0.0,0.0,0,0,180223,1098035,Mesonet
2023-06-30 10:48:00,2023-06-30 18:15:00,SUMNER,EXCESSIVE HEAT,0.0,0.0,0,0,180223,1098030,Mesonet
2023-06-30 11:00:00,2023-06-30 18:00:00,FRANKLIN,HEAT,0.0,0.0,0,0,180011,1115485,AWOS
2023-06-30 11:00:00,2023-06-30 18:00:00,LINCOLN,HEAT,0.0,0.0,0,0,180011,1115486,AWOS
2023-06-30 11:00:00,2023-06-30 18:00:00,MOORE,HEAT,0.0,0.0,0,0,180011,1115487,AWOS
2023-06-30 12:00:00,2023-06-30 17:30:00,MAURY,EXCESSIVE HEAT,0.0,0.0,0,0,180223,1098040,Mesonet
2023-06-30 12:05:00,2023-06-30 17:45:00,MARSHALL,EXCESSIVE HEAT,0.0,0.0,0,0,180223,1098043,Mesonet
2023-06-30 13:35:00,2023-06-30 17:30:00,SMITH,EXCESSIVE HEAT,0.0,0.0,0,0,180223,1098034,Mesonet
2023-06-30 13:58:00,2023-06-30 18:22:00,BEDFORD,EXCESSIVE HEAT,0.0,0.0,0,0,180223,1098039,Mesonet
2023-06-30 15:00:00,2023-06-30 16:30:00,COFFEE,EXCESSIVE HEAT,0.0,0.0,0,0,180223,1098042,Mesonet
2023-06-30 15:30:00,2023-06-30 17:35:00,MACON,EXCESSIVE HEAT,0.0,0.0,0,0,180223,1098037,Mesonet
2023-06-30 17:00:00,2023-06-30 17:45:00,CANNON,EXCESSIVE HEAT,0.0,0.0,0,0,180223,1098045,Mesonet
2023-06-30 17:00:00,2023-06-30 17:45:00,WHITE,EXCESSIVE HEAT,0.0,0.0,0,0,180223,1098044,Mesonet
2023-06-30 17:52:00,2023-06-30 18:21:00,MACON,THUNDERSTORM WIND,15000.0,0.0,0,0,180223,1098008,Emergency Manager
2023-06-30 18:44:00,2023-06-30 18:44:00,ROBERTSON,THUNDERSTORM WIND,15000.0,0.0,0,0,180223,1098011,Emergency Manager
2023-06-30 18:44:00,2023-06-30 18:44:00,ROBERTSON,THUNDERSTORM WIND,75000.0,0.0,0,0,180223,1098281,Emergency Manager
2023-06-30 18:45:00,2023-06-30 18:45:00,RUTHERFORD,THUNDERSTORM WIND,250000.0,0.0,0,0,180223,1098150,Public
2023-06-30 18:45:00,2023-06-30 18:45:00,SUMNER,THUNDERSTORM WIND,15000.0,0.0,0,0,180223,1098009,Social Media
2023-06-30 18:58:00,2023-06-30 18:58:00,ROBERTSON,THUNDERSTORM WIND,15000.0,0.0,0,0,180223,1098012,Emergency Manager
2023-06-30 18:58:00,2023-06-30 18:58:00,SUMNER,THUNDERSTORM WIND,15000.0,0.0,0,0,180223,1098010,Emergency Manager
2023-06-30 19:20:00,2023-06-30 19:20:00,SUMNER,THUNDERSTORM WIND,1000.0,0.0,0,0,180223,1098013,Social Media
2023-06-30 19:28:00,2023-06-30 19:28:00,DAVIDSON,THUNDERSTORM WIND,1000.0,0.0,0,0,180223,1098014,Social Media
2023-06-30 19:34:00,2023-06-30 19:34:00,WILSON,THUNDERSTORM WIND,0.0,0.0,0,0,180223,1098019,NWS Employee
2023-06-30 19:40:00,2023-06-30 19:40:00,WILSON,THUNDERSTORM WIND,20000.0,0.0,0,0,180223,1098015,Emergency Manager
2023-06-30 19:43:00,2023-06-30 19:43:00,DAVIDSON,THUNDERSTORM WIND,10000.0,0.0,0,0,180223,1098016,Social Media
2023-06-30 19:45:00,2023-06-30 19:45:00,RUTHERFORD,THUNDERSTORM WIND,1000.0,0.0,0,0,180223,1098017,Social Media
2023-06-30 19:55:00,2023-06-30 19:55:00,WILLIAMSON,THUNDERSTORM WIND,15000.0,0.0,0,0,180223,1098018,Social Media
2023-06-30 20:00:00,2023-06-30 20:00:00,DAVIDSON,THUNDERSTORM WIND,5000.0,0.0,0,0,180223,1098021,Social Media
2023-06-30 20:01:00,2023-06-30 20:01:00,WILLIAMSON,THUNDERSTORM WIND,5000.0,0.0,0,0,180223,1098023,Social Media
2023-06-30 20:10:00,2023-06-30 20:10:00,MAURY,THUNDERSTORM WIND,15000.0,0.0,0,0,180223,1098024,Emergency Manager
2023-06-30 20:19:00,2023-06-30 21:00:00,LINCOLN,THUNDERSTORM WIND,80000.0,0.0,0,0,183281,1119779,Emergency Manager
2023-06-30 20:20:00,2023-06-30 20:52:00,MOORE,THUNDERSTORM WIND,5000.0,0.0,0,0,183281,1119780,Emergency Manager
2023-06-30 20:20:00,2023-06-30 20:20:00,WILLIAMSON,THUNDERSTORM WIND,5000.0,0.0,0,0,180223,1098694,Public
2023-06-30 20:20:00,2023-06-30 20:20:00,WILLIAMSON,THUNDERSTORM WIND,15000.0,0.0,0,0,180223,1098020,Amateur Radio
2023-07-01 00:00:00,2023-07-01 17:00:00,CHESTER,EXCESSIVE HEAT,0.0,0.0,0,0,184263,1127475,AWOS
2023-07-01 00:00:00,2023-07-01 17:00:00,CROCKETT,EXCESSIVE HEAT,0.0,0.0,0,0,184263,1127489,AWOS
2023-07-01 00:00:00,2023-07-01 17:00:00,DYER,EXCESSIVE HEAT,0.0,0.0,0,0,184263,1127467,AWOS
2023-07-01 00:00:00,2023-07-01 17:00:00,FAYETTE,EXCESSIVE HEAT,0.0,0.0,0,0,184263,1127473,AWOS
2023-07-01 00:00:00,2023-07-01 17:00:00,HARDEMAN,EXCESSIVE HEAT,0.0,0.0,0,0,184263,1127474,AWOS
2023-07-01 00:00:00,2023-07-01 17:00:00,HARDIN,EXCESSIVE HEAT,0.0,0.0,0,0,184263,1127477,AWOS
2023-07-01 00:00:00,2023-07-01 17:00:00,HAYWOOD,EXCESSIVE HEAT,0.0,0.0,0,0,184263,1127470,AWOS
2023-07-01 00:00:00,2023-07-01 17:00:00,LAUDERDALE,EXCESSIVE HEAT,0.0,0.0,0,0,184263,1127469,AWOS
2023-07-01 00:00:00,2023-07-01 17:00:00,MCNAIRY,EXCESSIVE HEAT,0.0,0.0,0,0,184263,1127476,AWOS
2023-07-01 00:00:00,2023-07-01 17:00:00,SHELBY,EXCESSIVE HEAT,0.0,0.0,0,0,184263,1127472,ASOS
2023-07-01 00:00:00,2023-07-01 17:00:00,TIPTON,EXCESSIVE HEAT,0.0,0.0,0,0,184263,1127471,AWOS
2023-07-01 09:15:00,2023-07-01 09:20:00,CROCKETT,THUNDERSTORM WIND,2000.0,0.0,0,0,183266,1119654,Trained Spotter
2023-07-01 09:25:00,2023-07-01 09:30:00,MADISON,HAIL,0.0,0.0,0,0,183266,1119652,Public
2023-07-01 09:48:00,2023-07-01 09:53:00,WEAKLEY,THUNDERSTORM WIND,15000.0,0.0,0,0,183266,1119655,Public
2023-07-01 10:00:00,2023-07-01 17:00:00,BENTON,HEAT,0.0,0.0,0,0,184263,1127487,AWOS
2023-07-01 10:00:00,2023-07-01 17:00:00,CARROLL,HEAT,0.0,0.0,0,0,184263,1127483,AWOS
2023-07-01 10:00:00,2023-07-01 17:00:00,DECATUR,HEAT,0.0,0.0,0,0,184263,1127486,AWOS
2023-07-01 10:00:00,2023-07-01 17:00:00,GIBSON,HEAT,0.0,0.0,0,0,184263,1127482,AWOS
2023-07-01 10:00:00,2023-07-01 17:00:00,HENDERSON,HEAT,0.0,0.0,0,0,184263,1127485,AWOS
2023-07-01 10:00:00,2023-07-01 17:00:00,HENRY,HEAT,0.0,0.0,0,0,184263,1127481,AWOS
2023-07-01 10:00:00,2023-07-01 17:00:00,LAKE,HEAT,0.0,0.0,0,0,184263,1127478,AWOS
2023-07-01 10:00:00,2023-07-01 17:00:00,MADISON,HEAT,0.0,0.0,0,0,184263,1127484,ASOS
2023-07-01 10:00:00,2023-07-01 17:00:00,OBION,HEAT,0.0,0.0,0,0,184263,1127479,AWOS
2023-07-01 10:00:00,2023-07-01 17:00:00,WEAKLEY,HEAT,0.0,0.0,0,0,184263,1127480,AWOS
2023-07-01 10:16:00,2023-07-01 10:26:00,HICKMAN,EXCESSIVE HEAT,0.0,0.0,0,0,180235,1098148,Mesonet
2023-07-01 10:31:00,2023-07-01 11:41:00,DICKSON,EXCESSIVE HEAT,0.0,0.0,0,0,180235,1098145,Mesonet
2023-07-01 10:35:00,2023-07-01 10:40:00,BENTON,THUNDERSTORM WIND,20000.0,0.0,0,0,183266,1119656,Emergency Manager
2023-07-01 10:35:00,2023-07-01 10:40:00,MCNAIRY,THUNDERSTORM WIND,20000.0,0.0,0,0,183266,1119657,State Official
2023-07-01 10:55:00,2023-07-01 11:00:00,HENDERSON,THUNDERSTORM WIND,15000.0,0.0,0,0,183266,1119658,Public
2023-07-01 11:10:00,2023-07-01 11:15:00,HENDERSON,THUNDERSTORM WIND,15000.0,0.0,0,0,183266,1119659,Public
2023-07-01 11:35:00,2023-07-01 11:35:00,DICKSON,THUNDERSTORM WIND,15000.0,0.0,0,0,180235,1098086,Emergency Manager
2023-07-01 11:37:00,2023-07-01 11:37:00,HICKMAN,THUNDERSTORM WIND,25000.0,0.0,0,0,180235,1098087,Emergency Manager
2023-07-01 11:37:00,2023-07-01 11:37:00,MONTGOMERY,THUNDERSTORM WIND,25000.0,0.0,0,0,180235,1098089,Emergency Manager
2023-07-01 11:48:00,2023-07-01 11:58:00,RUTHERFORD,EXCESSIVE HEAT,0.0,0.0,0,0,180235,1098146,Mesonet
2023-07-01 11:58:00,2023-07-01 11:58:00,CHEATHAM,THUNDERSTORM WIND,25000.0,0.0,0,0,180235,1098088,Emergency Manager
2023-07-01 12:00:00,2023-07-01 12:30:00,COFFEE,EXCESSIVE HEAT,0.0,0.0,0,0,180235,1098149,Mesonet
2023-07-01 12:10:00,2023-07-01 12:10:00,WILLIAMSON,THUNDERSTORM WIND,5000.0,0.0,0,0,180235,1098091,Social Media
2023-07-01 12:11:00,2023-07-01 12:11:00,DAVIDSON,THUNDERSTORM WIND,5000.0,0.0,0,0,180235,1098095,Social Media
2023-07-01 12:11:00,2023-07-01 12:11:00,DAVIDSON,THUNDERSTORM WIND,1000.0,0.0,0,0,180235,1098096,Trained Spotter
2023-07-01 12:11:00,2023-07-01 12:11:00,DAVIDSON,THUNDERSTORM WIND,5000.0,0.0,0,0,180235,1098098,Emergency Manager
2023-07-01 12:11:00,2023-07-01 12:11:00,DAVIDSON,THUNDERSTORM WIND,5000.0,0.0,0,0,180235,1098099,Social Media
2023-07-01 12:11:00,2023-07-01 12:11:00,DAVIDSON,THUNDERSTORM WIND,5000.0,0.0,0,0,180235,1098100,Social Media
2023-07-01 12:11:00,2023-07-01 12:11:00,ROBERTSON,THUNDERSTORM WIND,15000.0,0.0,0,0,180235,1098101,Emergency Manager
2023-07-01 12:11:00,2023-07-01 12:11:00,WILLIAMSON,THUNDERSTORM WIND,1000.0,0.0,0,0,180235,1098090,Trained Spotter
2023-07-01 12:11:00,2023-07-01 12:11:00,WILLIAMSON,THUNDERSTORM WIND,1000.0,0.0,0,0,180235,1098093,Trained Spotter
2023-07-01 12:14:00,2023-07-01 12:14:00,DAVIDSON,THUNDERSTORM WIND,1000.0,0.0,0,0,180235,1098094,Emergency Manager
2023-07-01 12:14:00,2023-07-01 12:14:00,DAVIDSON,THUNDERSTORM WIND,1000.0,0.0,0,0,180235,1098103,Social Media
2023-07-01 12:14:00,2023-07-01 12:14:00,DAVIDSON,THUNDERSTORM WIND,5000.0,0.0,0,0,180235,1098104,Social Media
2023-07-01 12:14:00,2023-07-01 12:14:00,DAVIDSON,THUNDERSTORM WIND,1000.0,0.0,0,0,180235,1098105,Trained Spotter
2023-07-01 12:16:00,2023-07-01 12:16:00,DAVIDSON,THUNDERSTORM WIND,5000.0,0.0,0,0,180235,1098113,Social Media
2023-07-01 12:16:00,2023-07-01 12:16:00,ROBERTSON,THUNDERSTORM WIND,1000.0,0.0,0,0,180235,1098110,Emergency Manager
2023-07-01 12:16:00,2023-07-01 12:16:00,WILLIAMSON,THUNDERSTORM WIND,1000.0,0.0,0,0,180235,1098111,Social Media
2023-07-01 12:16:00,2023-07-01 12:16:00,WILLIAMSON,THUNDERSTORM WIND,1000.0,0.0,0,0,180235,1098112,Public
2023-07-01 12:18:00,2023-07-01 12:39:00,WILSON,EXCESSIVE HEAT,0.0,0.0,0,0,180235,1098147,Mesonet
2023-07-01 12:19:00,2023-07-01 12:19:00,DAVIDSON,THUNDERSTORM WIND,1000.0,0.0,0,0,180235,1098114,Social Media
2023-07-01 12:19:00,2023-07-01 12:19:00,DAVIDSON,THUNDERSTORM WIND,1000.0,0.0,0,0,180235,1098115,Trained Spotter
2023-07-01 12:19:00,2023-07-01 12:19:00,DAVIDSON,THUNDERSTORM WIND,0.0,0.0,0,0,180235,1098116,Social Media
2023-07-01 12:19:00,2023-07-01 12:19:00,LAWRENCE,LIGHTNING,25000.0,0.0,0,0,180235,1098107,Emergency Manager
2023-07-01 12:21:00,2023-07-01 12:21:00,DAVIDSON,THUNDERSTORM WIND,1000.0,0.0,0,0,180235,1098117,Social Media
2023-07-01 12:21:00,2023-07-01 12:21:00,DAVIDSON,THUNDERSTORM WIND,5000.0,0.0,0,0,180235,1098118,Social Media
2023-07-01 12:21:00,2023-07-01 12:21:00,DAVIDSON,THUNDERSTORM WIND,1000.0,0.0,0,0,180235,1098119,Social Media
2023-07-01 12:21:00,2023-07-01 12:21:00,DAVIDSON,THUNDERSTORM WIND,10000.0,0.0,0,0,180235,1098120,Emergency Manager
2023-07-01 12:21:00,2023-07-01 12:21:00,DAVIDSON,THUNDERSTORM WIND,1000.0,0.0,0,0,180235,1098121,Social Media
2023-07-01 12:21:00,2023-07-01 12:21:00,DAVIDSON,THUNDERSTORM WIND,5000.0,0.0,0,0,180235,1098122,Social Media
2023-07-01 12:21:00,2023-07-01 12:21:00,DAVIDSON,THUNDERSTORM WIND,1000.0,0.0,0,0,180235,1098123,Social Media
2023-07-01 12:24:00,2023-07-01 12:24:00,DAVIDSON,THUNDERSTORM WIND,10000.0,0.0,0,0,180235,1098124,Social Media
2023-07-01 12:24:00,2023-07-01 12:24:00,DAVIDSON,THUNDERSTORM WIND,1000.0,0.0,0,0,180235,1098125,Social Media
2023-07-01 12:24:00,2023-07-01 12:24:00,LAWRENCE,THUNDERSTORM WIND,5000.0,0.0,0,0,180235,1098108,Emergency Manager
2023-07-01 12:24:00,2023-07-01 12:24:00,LINCOLN,THUNDERSTORM WIND,1000.0,0.0,0,0,180246,1119719,Emergency Manager
2023-07-01 12:27:00,2023-07-01 12:27:00,DAVIDSON,THUNDERSTORM WIND,5000.0,0.0,0,0,180235,1098126,Social Media
2023-07-01 12:29:00,2023-07-01 12:29:00,LINCOLN,THUNDERSTORM WIND,1000.0,0.0,0,0,180246,1119718,Emergency Manager
2023-07-01 12:29:00,2023-07-01 12:29:00,SUMNER,THUNDERSTORM WIND,1000.0,0.0,0,0,180235,1098127,Social Media
2023-07-01 12:30:00,2023-07-01 12:30:00,WILSON,THUNDERSTORM WIND,1000.0,0.0,0,0,180235,1098128,Social Media
2023-07-01 12:31:00,2023-07-01 12:31:00,LINCOLN,THUNDERSTORM WIND,1000.0,0.0,0,0,180246,1119717,Emergency Manager
2023-07-01 12:34:00,2023-07-01 12:34:00,RUTHERFORD,THUNDERSTORM WIND,1000.0,0.0,0,0,180235,1098130,Social Media
2023-07-01 12:34:00,2023-07-01 12:34:00,RUTHERFORD,THUNDERSTORM WIND,1000.0,0.0,0,0,180235,1098131,Social Media
2023-07-01 12:34:00,2023-07-01 12:34:00,WILSON,THUNDERSTORM WIND,1000.0,0.0,0,0,180235,1098129,NWS Employee
2023-07-01 12:40:00,2023-07-01 12:40:00,RUTHERFORD,THUNDERSTORM WIND,2000.0,0.0,0,0,180235,1098132,Social Media
2023-07-01 12:43:00,2023-07-01 12:43:00,LINCOLN,THUNDERSTORM WIND,1000.0,0.0,0,0,180246,1119723,Emergency Manager
2023-07-01 12:43:00,2023-07-01 12:43:00,RUTHERFORD,THUNDERSTORM WIND,250000.0,0.0,0,0,180235,1098133,Emergency Manager
2023-07-01 12:45:00,2023-07-01 12:45:00,DAVIDSON,THUNDERSTORM WIND,1000.0,0.0,0,0,180235,1098135,Trained Spotter
2023-07-01 12:45:00,2023-07-01 12:52:00,WILSON,THUNDERSTORM WIND,15000.0,0.0,0,0,180235,1098134,Law Enforcement
2023-07-01 12:46:00,2023-07-01 12:46:00,LAWRENCE,THUNDERSTORM WIND,5000.0,0.0,0,0,180235,1098109,Emergency Manager
2023-07-01 12:47:00,2023-07-01 12:47:00,WILSON,LIGHTNING,25000.0,0.0,0,0,180235,1098142,Emergency Manager
2023-07-01 12:50:00,2023-07-01 12:50:00,SUMNER,THUNDERSTORM WIND,1000.0,0.0,0,0,180235,1098136,Social Media
2023-07-01 12:52:00,2023-07-01 12:52:00,MOORE,THUNDERSTORM WIND,0.0,0.0,0,0,180246,1117814,Emergency Manager
2023-07-01 12:53:00,2023-07-01 12:53:00,DAVIDSON,THUNDERSTORM WIND,0.0,0.0,0,0,180235,1098143,ASOS
2023-07-01 13:06:00,2023-07-01 13:06:00,FRANKLIN,THUNDERSTORM WIND,3000.0,0.0,0,0,180246,1117815,Emergency Manager
2023-07-01 13:41:00,2023-07-01 13:50:00,PUTNAM,THUNDERSTORM WIND,15000.0,0.0,0,0,180235,1098137,Emergency Manager
2023-07-01 13:43:00,2023-07-01 13:43:00,LINCOLN,THUNDERSTORM WIND,1000.0,0.0,0,0,180246,1119722,Emergency Manager
2023-07-01 13:56:00,2023-07-01 14:09:00,PUTNAM,THUNDERSTORM WIND,15000.0,0.0,0,0,180235,1098141,Law Enforcement
2023-07-01 13:56:00,2023-07-01 13:56:00,PUTNAM,THUNDERSTORM WIND,1000.0,0.0,0,0,180235,1098140,Emergency Manager
2023-07-01 13:59:00,2023-07-01 13:59:00,LINCOLN,THUNDERSTORM WIND,3000.0,0.0,0,0,180246,1119724,Emergency Manager
2023-07-01 14:05:00,2023-07-01 14:05:00,LINCOLN,THUNDERSTORM WIND,2000.0,0.0,0,0,180246,1119726,Emergency Manager
2023-07-01 14:06:00,2023-07-01 14:06:00,LINCOLN,THUNDERSTORM WIND,1000.0,0.0,0,0,180246,1119725,Emergency Manager
2023-07-01 14:10:00,2023-07-01 14:10:00,WHITE,THUNDERSTORM WIND,20000.0,0.0,0,0,180235,1098138,Emergency Manager
2023-07-01 14:10:00,2023-07-01 14:10:00,WHITE,THUNDERSTORM WIND,20000.0,0.0,0,0,180235,1098139,Emergency Manager
2023-07-01 14:15:00,2023-07-01 14:15:00,SEQUATCHIE,THUNDERSTORM WIND,0.0,0.0,0,0,181506,1105383,911 Call Center
2023-07-01 15:30:00,2023-07-01 15:30:00,HAMILTON,THUNDERSTORM WIND,0.0,0.0,0,1,181506,1105387,911 Call Center
2023-07-01 15:40:00,2023-07-01 15:40:00,HAMILTON,THUNDERSTORM WIND,0.0,0.0,0,0,181506,1105388,911 Call Center
2023-07-01 15:55:00,2023-07-01 16:00:00,MADISON,HAIL,0.0,0.0,0,0,183266,1119653,Public
2023-07-02 10:00:00,2023-07-02 17:00:00,FAYETTE,HEAT,0.0,0.0,0,0,184263,1127538,AWOS
2023-07-02 10:00:00,2023-07-02 17:00:00,HARDEMAN,HEAT,0.0,0.0,0,0,184263,1127539,AWOS
2023-07-02 10:00:00,2023-07-02 17:00:00,HARDIN,HEAT,0.0,0.0,0,0,184263,1127541,AWOS
2023-07-02 10:00:00,2023-07-02 17:00:00,MCNAIRY,HEAT,0.0,0.0,0,0,184263,1127540,AWOS
2023-07-02 10:00:00,2023-07-02 17:00:00,SHELBY,HEAT,0.0,0.0,0,0,184263,1127537,ASOS
2023-07-02 11:57:00,2023-07-02 11:57:00,LINCOLN,THUNDERSTORM WIND,1000.0,0.0,0,0,183284,1120017,Emergency Manager
2023-07-02 12:00:00,2023-07-02 12:00:00,LINCOLN,THUNDERSTORM WIND,1000.0,0.0,0,0,183284,1120018,Emergency Manager
2023-07-02 12:00:00,2023-07-02 12:00:00,LINCOLN,THUNDERSTORM WIND,2000.0,0.0,0,0,183284,1120029,Emergency Manager
2023-07-02 12:01:00,2023-07-02 12:01:00,LINCOLN,THUNDERSTORM WIND,1000.0,0.0,0,0,183284,1120034,Emergency Manager
2023-07-02 12:01:00,2023-07-02 12:01:00,LINCOLN,THUNDERSTORM WIND,2000.0,0.0,0,0,183284,1120036,Emergency Manager
2023-07-02 12:05:00,2023-07-02 12:05:00,LINCOLN,THUNDERSTORM WIND,2000.0,0.0,0,0,183284,1120021,Emergency Manager
2023-07-02 12:05:00,2023-07-02 12:05:00,LINCOLN,THUNDERSTORM WIND,1000.0,0.0,0,0,183284,1120022,Emergency Manager
2023-07-02 12:05:00,2023-07-02 12:05:00,LINCOLN,THUNDERSTORM WIND,2000.0,0.0,0,0,183284,1120037,Emergency Manager
2023-07-02 12:08:00,2023-07-02 12:08:00,LINCOLN,THUNDERSTORM WIND,2000.0,0.0,0,0,183284,1120028,Emergency Manager
2023-07-02 12:10:00,2023-07-02 12:10:00,LINCOLN,THUNDERSTORM WIND,5000.0,0.0,0,0,183284,1120031,Emergency Manager
2023-07-02 12:14:00,2023-07-02 12:14:00,LINCOLN,THUNDERSTORM WIND,1000.0,0.0,0,0,183284,1120041,Emergency Manager
2023-07-02 12:14:00,2023-07-02 12:14:00,LINCOLN,THUNDERSTORM WIND,2000.0,0.0,0,0,183284,1120042,Emergency Manager
2023-07-02 12:20:00,2023-07-02 12:20:00,LINCOLN,THUNDERSTORM WIND,1000.0,0.0,0,0,183284,1120027,Emergency Manager
2023-07-02 12:25:00,2023-07-02 12:25:00,LINCOLN,THUNDERSTORM WIND,1000.0,0.0,0,0,183284,1120040,Emergency Manager
2023-07-02 12:32:00,2023-07-02 12:32:00,LINCOLN,THUNDERSTORM WIND,1000.0,0.0,0,0,183284,1120039,Emergency Manager
2023-07-02 13:09:00,2023-07-02 13:09:00,COFFEE,HAIL,0.0,0.0,0,0,180270,1098277,Social Media
2023-07-02 13:09:00,2023-07-02 13:09:00,COFFEE,THUNDERSTORM WIND,5000.0,0.0,0,0,180270,1098278,Social Media
2023-07-02 13:20:00,2023-07-02 13:20:00,MARION,THUNDERSTORM WIND,0.0,0.0,0,0,181770,1107001,911 Call Center
2023-07-02 13:20:00,2023-07-02 13:25:00,SHELBY,THUNDERSTORM WIND,5000.0,0.0,0,0,183292,1119851,Public
2023-07-02 13:23:00,2023-07-02 13:28:00,SHELBY,THUNDERSTORM WIND,2000.0,0.0,0,0,183292,1119852,Public
2023-07-02 13:35:00,2023-07-02 13:40:00,HARDIN,HAIL,0.0,0.0,0,0,183292,1119850,Public
2023-07-02 15:14:00,2023-07-02 15:14:00,HAMILTON,THUNDERSTORM WIND,0.0,0.0,0,0,181770,1107005,ASOS
2023-07-02 15:15:00,2023-07-02 15:15:00,HAMILTON,THUNDERSTORM WIND,0.0,0.0,0,0,181770,1107002,911 Call Center
2023-07-02 15:38:00,2023-07-02 15:38:00,BRADLEY,THUNDERSTORM WIND,0.0,0.0,0,0,181770,1107003,Public
2023-07-02 16:30:00,2023-07-02 16:30:00,GILES,THUNDERSTORM WIND,1000.0,0.0,1,0,180270,1099059,Emergency Manager
2023-07-02 16:52:00,2023-07-02 16:52:00,KNOX,HAIL,0.0,0.0,0,0,181770,1107000,911 Call Center
2023-07-02 16:56:00,2023-07-02 16:56:00,KNOX,THUNDERSTORM WIND,0.0,0.0,0,0,181770,1107004,Law Enforcement
2023-07-02 17:49:00,2023-07-02 17:49:00,RUTHERFORD,THUNDERSTORM WIND,1000.0,0.0,0,0,180270,1098279,Trained Spotter
2023-07-02 18:04:00,2023-07-02 18:04:00,RUTHERFORD,HAIL,0.0,0.0,0,0,180270,1098280,Broadcast Media
2023-07-02 19:19:00,2023-07-02 19:24:00,SHELBY,THUNDERSTORM WIND,15000.0,0.0,0,0,183292,1119853,Fire Department/Rescue
2023-07-02 19:37:00,2023-07-02 19:43:00,SHELBY,THUNDERSTORM WIND,5000.0,0.0,0,0,183292,1119854,Public
2023-07-02 22:30:00,2023-07-02 22:35:00,SHELBY,THUNDERSTORM WIND,10000.0,0.0,0,0,183292,1119855,NWS Employee
2023-07-02 22:31:00,2023-07-02 22:36:00,SHELBY,THUNDERSTORM WIND,10000.0,0.0,0,0,183292,1119856,Law Enforcement
2023-07-03 19:00:00,2023-07-03 20:00:00,HAMBLEN,FLASH FLOOD,0.0,0.0,0,0,184087,1125835,Law Enforcement
2023-07-04 13:15:00,2023-07-04 14:45:00,RHEA,FLASH FLOOD,10000.0,0.0,0,0,184094,1125851,911 Call Center
2023-07-04 16:47:00,2023-07-04 18:47:00,SHELBY,FLASH FLOOD,0.0,0.0,0,0,183296,1119892,Trained Spotter
2023-07-04 19:53:00,2023-07-04 21:53:00,HARDEMAN,FLASH FLOOD,0.0,0.0,0,0,183296,1119894,Public
2023-07-04 21:00:00,2023-07-04 22:30:00,DECATUR,FLASH FLOOD,0.0,0.0,0,0,183296,1119895,Emergency Manager
2023-07-04 21:00:00,2023-07-04 22:30:00,DECATUR,FLASH FLOOD,0.0,0.0,0,0,183296,1119896,Emergency Manager
2023-07-05 06:57:00,2023-07-05 08:30:00,HAMILTON,FLASH FLOOD,0.0,0.0,0,0,184094,1125871,911 Call Center
2023-07-05 18:00:00,2023-07-05 18:05:00,SHELBY,THUNDERSTORM WIND,750000.0,0.0,0,0,183302,1125567,NWS Employee
2023-07-05 18:05:00,2023-07-05 18:10:00,SHELBY,THUNDERSTORM WIND,3000.0,0.0,0,0,183302,1119905,State Official
2023-07-05 18:11:00,2023-07-05 18:12:00,SHELBY,THUNDERSTORM WIND,0.0,0.0,0,0,183302,1119906,ASOS
2023-07-08 14:20:00,2023-07-08 14:20:00,ROBERTSON,HAIL,0.0,0.0,0,0,180470,1099248,Trained Spotter
2023-07-08 14:20:00,2023-07-08 14:20:00,ROBERTSON,THUNDERSTORM WIND,0.0,0.0,0,0,180470,1099247,Trained Spotter
2023-07-08 14:35:00,2023-07-08 14:35:00,DICKSON,THUNDERSTORM WIND,0.0,0.0,0,0,180470,1099249,Broadcast Media
2023-07-08 14:50:00,2023-07-08 14:50:00,ROBERTSON,THUNDERSTORM WIND,15000.0,0.0,0,0,180470,1099250,Public
2023-07-08 15:48:00,2023-07-08 15:48:00,MAURY,THUNDERSTORM WIND,15000.0,0.0,0,2,180470,1099251,Emergency Manager
2023-07-08 16:00:00,2023-07-08 18:00:00,MADISON,FLASH FLOOD,0.0,0.0,0,0,184001,1125227,Amateur Radio
2023-07-08 16:03:00,2023-07-08 17:03:00,SUMNER,FLASH FLOOD,0.0,0.0,0,0,180470,1099252,Emergency Manager
2023-07-08 17:00:00,2023-07-08 19:00:00,MADISON,FLASH FLOOD,10000.0,0.0,0,0,184001,1125228,Law Enforcement
2023-07-08 17:23:00,2023-07-08 19:23:00,MADISON,FLASH FLOOD,0.0,0.0,0,0,184001,1125229,Public
2023-07-13 19:21:00,2023-07-13 19:21:00,DAVIDSON,LIGHTNING,10000.0,0.0,0,0,180669,1100327,Emergency Manager
2023-07-13 22:05:00,2023-07-14 01:00:00,WILSON,FLASH FLOOD,0.0,0.0,0,0,180669,1100323,Emergency Manager
2023-07-14 04:40:00,2023-07-14 06:15:00,WASHINGTON,FLASH FLOOD,5000.0,0.0,0,0,184098,1125898,911 Call Center
2023-07-14 18:25:00,2023-07-14 19:10:00,SULLIVAN,FLOOD,0.0,0.0,0,0,184098,1125922,Trained Spotter
2023-07-15 14:20:00,2023-07-15 14:20:00,HAWKINS,THUNDERSTORM WIND,0.0,0.0,0,0,181771,1107007,911 Call Center
2023-07-15 15:03:00,2023-07-15 15:03:00,JOHNSON,THUNDERSTORM WIND,0.0,0.0,0,0,181771,1107008,911 Call Center
2023-07-15 16:06:00,2023-07-15 16:06:00,SEVIER,THUNDERSTORM WIND,0.0,0.0,0,0,181771,1107009,911 Call Center
2023-07-15 16:40:00,2023-07-15 16:40:00,HAMBLEN,THUNDERSTORM WIND,0.0,0.0,0,0,181771,1107010,NWS Employee
2023-07-15 17:30:00,2023-07-15 17:30:00,GREENE,THUNDERSTORM WIND,0.0,0.0,0,0,181771,1107011,911 Call Center
2023-07-15 19:05:00,2023-07-15 20:05:00,WASHINGTON,FLASH FLOOD,0.0,0.0,0,0,181771,1125973,911 Call Center
2023-07-18 10:00:00,2023-07-18 17:00:00,CHESTER,HEAT,0.0,0.0,0,0,184284,1127687,AWOS
2023-07-18 10:00:00,2023-07-18 17:00:00,CROCKETT,HEAT,0.0,0.0,0,0,184284,1127681,AWOS
2023-07-18 10:00:00,2023-07-18 17:00:00,DYER,HEAT,0.0,0.0,0,0,184284,1127679,AWOS
2023-07-18 10:00:00,2023-07-18 17:00:00,FAYETTE,HEAT,0.0,0.0,0,0,184284,1127689,AWOS
2023-07-18 10:00:00,2023-07-18 17:00:00,GIBSON,HEAT,0.0,0.0,0,0,184284,1127680,AWOS
2023-07-18 10:00:00,2023-07-18 17:00:00,HARDEMAN,HEAT,0.0,0.0,0,0,184284,1127690,AWOS
2023-07-18 10:00:00,2023-07-18 17:00:00,HARDIN,HEAT,0.0,0.0,0,0,184284,1127692,AWOS
2023-07-18 10:00:00,2023-07-18 17:00:00,HAYWOOD,HEAT,0.0,0.0,0,0,184284,1127684,AWOS
2023-07-18 10:00:00,2023-07-18 17:00:00,HENDERSON,HEAT,0.0,0.0,0,0,184284,1127686,AWOS
2023-07-18 10:00:00,2023-07-18 17:00:00,LAKE,HEAT,0.0,0.0,0,0,184284,1127677,AWOS
2023-07-18 10:00:00,2023-07-18 17:00:00,LAUDERDALE,HEAT,0.0,0.0,0,0,184284,1127682,AWOS
2023-07-18 10:00:00,2023-07-18 17:00:00,MADISON,HEAT,0.0,0.0,0,0,184284,1127685,ASOS
2023-07-18 10:00:00,2023-07-18 17:00:00,MCNAIRY,HEAT,0.0,0.0,0,0,184284,1127691,AWOS
2023-07-18 10:00:00,2023-07-18 17:00:00,OBION,HEAT,0.0,0.0,0,0,184284,1127678,AWOS
2023-07-18 10:00:00,2023-07-18 17:00:00,SHELBY,HEAT,0.0,0.0,0,0,184284,1127688,ASOS
2023-07-18 10:00:00,2023-07-18 17:00:00,TIPTON,HEAT,0.0,0.0,0,0,184284,1127683,AWOS
2023-07-18 12:40:00,2023-07-18 12:45:00,LAKE,THUNDERSTORM WIND,10000.0,0.0,0,0,184010,1125601,Public
2023-07-18 13:09:00,2023-07-18 13:20:00,WEAKLEY,THUNDERSTORM WIND,25000.0,0.0,0,0,184010,1125607,Emergency Manager
2023-07-18 13:20:00,2023-07-18 13:20:00,STEWART,THUNDERSTORM WIND,5000.0,0.0,0,0,180893,1101552,Emergency Manager
2023-07-18 13:20:00,2023-07-18 13:20:00,STEWART,THUNDERSTORM WIND,0.0,0.0,0,0,180893,1101553,Emergency Manager
2023-07-18 13:20:00,2023-07-18 13:25:00,WEAKLEY,THUNDERSTORM WIND,3000.0,0.0,0,0,184010,1125608,Emergency Manager
2023-07-18 13:20:00,2023-07-18 13:25:00,WEAKLEY,THUNDERSTORM WIND,7000.0,0.0,0,0,184010,1125610,Emergency Manager
2023-07-18 13:24:00,2023-07-18 13:24:00,STEWART,THUNDERSTORM WIND,5000.0,0.0,0,0,180893,1101567,Emergency Manager
2023-07-18 13:25:00,2023-07-18 13:30:00,DYER,THUNDERSTORM WIND,20000.0,0.0,0,0,184010,1125615,Public
2023-07-18 13:25:00,2023-07-18 13:25:00,STEWART,THUNDERSTORM WIND,5000.0,0.0,0,0,180893,1101574,Emergency Manager
2023-07-18 13:27:00,2023-07-18 13:32:00,GIBSON,THUNDERSTORM WIND,7000.0,0.0,0,0,184010,1125618,Amateur Radio
2023-07-18 13:28:00,2023-07-18 13:33:00,GIBSON,THUNDERSTORM WIND,2000.0,0.0,0,0,184010,1125619,Amateur Radio
2023-07-18 13:40:00,2023-07-18 13:40:00,HOUSTON,THUNDERSTORM WIND,5000.0,0.0,0,0,180893,1101577,Emergency Manager
2023-07-18 13:42:00,2023-07-18 13:43:00,BENTON,THUNDERSTORM WIND,0.0,0.0,0,0,184010,1125709,Trained Spotter
2023-07-18 13:50:00,2023-07-18 14:05:00,BENTON,THUNDERSTORM WIND,15000.0,0.0,0,0,184010,1125650,Emergency Manager
2023-07-18 13:50:00,2023-07-18 13:55:00,CARROLL,THUNDERSTORM WIND,3000.0,0.0,0,0,184010,1125636,Fire Department/Rescue
2023-07-18 13:51:00,2023-07-18 13:56:00,CARROLL,THUNDERSTORM WIND,3000.0,0.0,0,0,184010,1125637,Fire Department/Rescue
2023-07-18 13:55:00,2023-07-18 14:00:00,CARROLL,THUNDERSTORM WIND,2000.0,0.0,0,0,184010,1125652,Public
2023-07-18 13:55:00,2023-07-18 13:55:00,MONTGOMERY,THUNDERSTORM WIND,10000.0,0.0,0,0,180893,1101591,Public
2023-07-18 14:12:00,2023-07-18 14:17:00,BENTON,THUNDERSTORM WIND,5000.0,0.0,0,0,184010,1125641,Public
2023-07-18 14:30:00,2023-07-18 14:30:00,DAVIDSON,THUNDERSTORM WIND,1000.0,0.0,0,0,180893,1101605,Social Media
2023-07-18 14:40:00,2023-07-18 14:40:00,DAVIDSON,THUNDERSTORM WIND,5000.0,0.0,0,0,180893,1101610,Social Media
2023-07-18 14:43:00,2023-07-18 14:43:00,DAVIDSON,THUNDERSTORM WIND,10000.0,0.0,0,0,180893,1101612,Social Media
2023-07-18 14:44:00,2023-07-18 14:44:00,DAVIDSON,THUNDERSTORM WIND,15000.0,0.0,0,0,180893,1101614,Public
2023-07-18 14:45:00,2023-07-18 14:45:00,DAVIDSON,THUNDERSTORM WIND,1000.0,0.0,0,0,180893,1101618,Public
2023-07-18 14:47:00,2023-07-18 14:47:00,SUMNER,THUNDERSTORM WIND,5000.0,0.0,0,0,180893,1101621,Social Media
2023-07-18 14:50:00,2023-07-18 14:50:00,HICKMAN,THUNDERSTORM WIND,5000.0,0.0,0,0,180893,1101593,Social Media
2023-07-18 14:55:00,2023-07-18 14:55:00,LEWIS,THUNDERSTORM WIND,10000.0,0.0,0,0,180893,1101594,Social Media
2023-07-18 14:55:00,2023-07-18 14:55:00,WILLIAMSON,THUNDERSTORM WIND,5000.0,0.0,0,0,180893,1101630,Public
2023-07-18 14:55:00,2023-07-18 14:55:00,WILSON,THUNDERSTORM WIND,1000.0,0.0,0,0,180893,1101627,Public
2023-07-18 14:55:00,2023-07-18 14:55:00,WILSON,THUNDERSTORM WIND,10000.0,0.0,0,0,180893,1101628,Emergency Manager
2023-07-18 15:04:00,2023-07-18 15:04:00,DAVIDSON,HAIL,0.0,0.0,0,0,180893,1101631,Public
2023-07-18 15:05:00,2023-07-18 15:05:00,WAYNE,THUNDERSTORM WIND,1000.0,0.0,0,0,180893,1101646,Social Media
2023-07-18 15:05:00,2023-07-18 15:05:00,WILLIAMSON,THUNDERSTORM WIND,1000.0,0.0,0,0,180893,1101596,Social Media
2023-07-18 15:10:00,2023-07-18 15:10:00,MAURY,THUNDERSTORM WIND,1000.0,0.0,0,0,180893,1101599,Trained Spotter
2023-07-18 15:10:00,2023-07-18 15:10:00,MAURY,THUNDERSTORM WIND,10000.0,0.0,0,0,180893,1101600,Emergency Manager
2023-07-18 15:11:00,2023-07-18 15:11:00,WILLIAMSON,THUNDERSTORM WIND,1000.0,0.0,0,0,180893,1101633,Social Media
2023-07-18 15:20:00,2023-07-18 15:20:00,LAWRENCE,THUNDERSTORM WIND,1000.0,0.0,0,0,180893,1101649,Emergency Manager
2023-07-18 15:20:00,2023-07-18 15:20:00,LAWRENCE,THUNDERSTORM WIND,1000.0,0.0,0,0,180893,1101652,Emergency Manager
2023-07-18 15:20:00,2023-07-18 15:20:00,WAYNE,THUNDERSTORM WIND,1000.0,0.0,0,0,180893,1101648,Social Media
2023-07-18 15:23:00,2023-07-18 15:23:00,LAWRENCE,THUNDERSTORM WIND,1000.0,0.0,0,0,180893,1101653,Emergency Manager
2023-07-18 15:25:00,2023-07-18 15:25:00,LAWRENCE,THUNDERSTORM WIND,1000.0,0.0,0,0,180893,1101655,Emergency Manager
2023-07-18 15:30:00,2023-07-18 15:30:00,MARSHALL,THUNDERSTORM WIND,1000.0,0.0,0,0,180893,1101661,Social Media
2023-07-18 15:37:00,2023-07-18 15:37:00,GILES,THUNDERSTORM WIND,10000.0,0.0,0,0,180893,1101656,Social Media
2023-07-18 15:45:00,2023-07-18 15:45:00,BEDFORD,THUNDERSTORM WIND,1000.0,0.0,0,0,180893,1101663,Social Media
2023-07-18 16:40:00,2023-07-18 16:45:00,TIPTON,HAIL,0.0,0.0,0,0,184010,1125597,Public
2023-07-18 17:00:00,2023-07-18 17:05:00,SHELBY,THUNDERSTORM WIND,2000.0,0.0,0,0,184010,1125693,Broadcast Media
2023-07-18 17:02:00,2023-07-18 17:07:00,SHELBY,THUNDERSTORM WIND,10000.0,0.0,0,0,184010,1125691,Broadcast Media
2023-07-18 17:03:00,2023-07-18 17:08:00,SHELBY,THUNDERSTORM WIND,1000.0,0.0,0,0,184010,1125687,Trained Spotter
2023-07-18 17:05:00,2023-07-18 17:10:00,SHELBY,THUNDERSTORM WIND,2000.0,0.0,0,0,184010,1125684,Broadcast Media
2023-07-18 17:08:00,2023-07-18 17:13:00,SHELBY,THUNDERSTORM WIND,50000.0,0.0,0,0,184010,1125697,Utility Company
2023-07-18 17:10:00,2023-07-18 17:15:00,SHELBY,THUNDERSTORM WIND,5000.0,0.0,0,0,184010,1125702,Trained Spotter
2023-07-18 17:15:00,2023-07-18 17:20:00,SHELBY,THUNDERSTORM WIND,2000.0,0.0,0,0,184010,1125705,Broadcast Media
2023-07-19 02:05:00,2023-07-19 04:00:00,HENRY,FLASH FLOOD,0.0,0.0,0,0,183579,1121778,Public
2023-07-19 02:05:00,2023-07-19 02:10:00,HENRY,HAIL,0.0,0.0,0,0,183579,1121784,Public
2023-07-19 03:00:00,2023-07-19 04:45:00,HENRY,FLASH FLOOD,0.0,0.0,0,0,183579,1121781,Emergency Manager
2023-07-19 03:08:00,2023-07-19 03:13:00,HENRY,THUNDERSTORM WIND,2000.0,0.0,0,0,183579,1121785,Law Enforcement
2023-07-19 03:28:00,2023-07-19 03:33:00,BENTON,THUNDERSTORM WIND,3000.0,0.0,0,0,183579,1121786,Law Enforcement
2023-07-19 08:04:00,2023-07-19 09:04:00,WILLIAMSON,FLOOD,0.0,0.0,0,0,180899,1101676,Emergency Manager
2023-07-19 08:30:00,2023-07-19 10:30:00,WEAKLEY,FLASH FLOOD,0.0,0.0,0,0,183579,1121782,Law Enforcement
2023-07-19 09:45:00,2023-07-19 09:45:00,LAWRENCE,THUNDERSTORM WIND,15000.0,0.0,0,0,180899,1101678,Emergency Manager
2023-07-19 10:00:00,2023-07-19 11:45:00,HENRY,FLASH FLOOD,0.0,0.0,0,0,183579,1121783,Trained Spotter
2023-07-19 10:00:00,2023-07-19 17:00:00,SHELBY,HEAT,0.0,0.0,0,0,184284,1127712,ASOS
2023-07-19 11:22:00,2023-07-19 12:22:00,DICKSON,FLOOD,0.0,0.0,0,0,180899,1101677,Broadcast Media
2023-07-20 08:30:00,2023-07-20 14:30:00,FENTRESS,FLASH FLOOD,50000.0,0.0,0,0,181341,1104477,Emergency Manager
2023-07-20 08:33:00,2023-07-20 10:00:00,KNOX,FLASH FLOOD,0.0,0.0,0,0,181772,1126047,911 Call Center
2023-07-20 09:00:00,2023-07-20 14:30:00,FENTRESS,FLASH FLOOD,100000.0,0.0,0,0,181341,1104471,Emergency Manager
2023-07-20 09:00:00,2023-07-20 10:20:00,SEVIER,FLASH FLOOD,0.0,0.0,0,0,181772,1126051,911 Call Center
2023-07-20 09:50:00,2023-07-20 14:30:00,CUMBERLAND,FLASH FLOOD,50000.0,0.0,0,0,181341,1104483,Emergency Manager
2023-07-20 09:55:00,2023-07-20 11:00:00,MEIGS,FLASH FLOOD,0.0,0.0,0,0,181772,1126055,Public
2023-07-20 10:00:00,2023-07-20 17:00:00,CHESTER,HEAT,0.0,0.0,0,0,184284,1127756,AWOS
2023-07-20 10:00:00,2023-07-20 17:00:00,CROCKETT,HEAT,0.0,0.0,0,0,184284,1127751,AWOS
2023-07-20 10:00:00,2023-07-20 17:00:00,DECATUR,HEAT,0.0,0.0,0,0,184284,1127757,AWOS
2023-07-20 10:00:00,2023-07-20 17:00:00,DYER,HEAT,0.0,0.0,0,0,184284,1127748,AWOS
2023-07-20 10:00:00,2023-07-20 17:00:00,FAYETTE,HEAT,0.0,0.0,0,0,184284,1127759,AWOS
2023-07-20 10:00:00,2023-07-20 17:00:00,GIBSON,HEAT,0.0,0.0,0,0,184284,1127749,AWOS
2023-07-20 10:00:00,2023-07-20 17:00:00,HARDEMAN,HEAT,0.0,0.0,0,0,184284,1127760,AWOS
2023-07-20 10:00:00,2023-07-20 17:00:00,HARDIN,HEAT,0.0,0.0,0,0,184284,1127762,AWOS
2023-07-20 10:00:00,2023-07-20 17:00:00,HAYWOOD,HEAT,0.0,0.0,0,0,184284,1127753,AWOS
2023-07-20 10:00:00,2023-07-20 17:00:00,HENDERSON,HEAT,0.0,0.0,0,0,184284,1127755,AWOS
2023-07-20 10:00:00,2023-07-20 17:00:00,LAUDERDALE,HEAT,0.0,0.0,0,0,184284,1127750,AWOS
2023-07-20 10:00:00,2023-07-20 17:00:00,MADISON,HEAT,0.0,0.0,0,0,184284,1127754,ASOS
2023-07-20 10:00:00,2023-07-20 17:00:00,MCNAIRY,HEAT,0.0,0.0,0,0,184284,1127761,AWOS
2023-07-20 10:00:00,2023-07-20 14:30:00,PUTNAM,FLASH FLOOD,50000.0,0.0,0,0,181341,1104484,Social Media
2023-07-20 10:00:00,2023-07-20 17:00:00,SHELBY,HEAT,0.0,0.0,0,0,184284,1127758,ASOS
2023-07-20 10:00:00,2023-07-20 17:00:00,TIPTON,HEAT,0.0,0.0,0,0,184284,1127752,AWOS
2023-07-20 10:20:00,2023-07-20 11:40:00,SEVIER,FLASH FLOOD,0.0,0.0,0,0,181772,1126058,Broadcast Media
2023-07-20 11:00:00,2023-07-20 14:00:00,LINCOLN,HEAT,0.0,0.0,0,0,182929,1117412,AWOS
2023-07-20 11:00:00,2023-07-20 12:30:00,SEVIER,FLASH FLOOD,0.0,0.0,0,0,181772,1126059,Park/Forest Service
2023-07-20 11:21:00,2023-07-20 11:21:00,MONTGOMERY,THUNDERSTORM WIND,20000.0,0.0,0,0,181341,1104495,Social Media
2023-07-20 11:32:00,2023-07-20 11:32:00,ROBERTSON,THUNDERSTORM WIND,20000.0,0.0,0,0,181341,1104497,Trained Spotter
2023-07-20 11:40:00,2023-07-20 11:40:00,ROBERTSON,THUNDERSTORM WIND,50000.0,0.0,0,0,181341,1104594,Trained Spotter
2023-07-20 11:45:00,2023-07-20 11:45:00,BLEDSOE,THUNDERSTORM WIND,0.0,0.0,0,0,181772,1107013,911 Call Center
2023-07-20 11:45:00,2023-07-20 11:45:00,ROBERTSON,THUNDERSTORM WIND,10000.0,0.0,0,0,181341,1104514,Social Media
2023-07-20 11:51:00,2023-07-20 11:51:00,DAVIDSON,THUNDERSTORM WIND,15000.0,0.0,0,0,181341,1104530,Social Media
2023-07-20 11:54:00,2023-07-20 11:54:00,ROBERTSON,THUNDERSTORM WIND,20000.0,0.0,0,0,181341,1104525,Emergency Manager
2023-07-20 11:55:00,2023-07-20 11:55:00,SUMNER,THUNDERSTORM WIND,100000.0,0.0,0,0,181341,1104534,Emergency Manager
2023-07-20 12:00:00,2023-07-20 12:00:00,SUMNER,THUNDERSTORM WIND,25000.0,0.0,0,0,181341,1104535,Social Media
2023-07-20 12:01:00,2023-07-20 12:01:00,SUMNER,THUNDERSTORM WIND,15000.0,0.0,0,0,181341,1104537,Social Media
2023-07-20 12:01:00,2023-07-20 12:01:00,WILSON,THUNDERSTORM WIND,15000.0,0.0,0,0,181341,1104542,Social Media
2023-07-20 12:10:00,2023-07-20 12:10:00,WILSON,THUNDERSTORM WIND,50000.0,0.0,0,0,181341,1104544,Law Enforcement
2023-07-20 12:10:00,2023-07-20 12:10:00,WILSON,THUNDERSTORM WIND,1000.0,0.0,0,0,181341,1104549,Social Media
2023-07-20 12:12:00,2023-07-20 12:12:00,WILSON,THUNDERSTORM WIND,1000.0,0.0,0,0,181341,1104550,Social Media
2023-07-20 12:12:00,2023-07-20 12:12:00,WILSON,THUNDERSTORM WIND,0.0,0.0,0,0,181341,1104551,NWS Employee
2023-07-20 12:20:00,2023-07-20 12:20:00,DAVIDSON,THUNDERSTORM WIND,75000.0,0.0,0,0,181341,1104555,Social Media
2023-07-20 12:25:00,2023-07-20 12:25:00,DAVIDSON,THUNDERSTORM WIND,1000.0,0.0,0,0,181341,1104556,Social Media
2023-07-20 12:30:00,2023-07-20 12:30:00,RUTHERFORD,THUNDERSTORM WIND,25000.0,0.0,0,0,181341,1104557,Social Media
2023-07-20 12:38:00,2023-07-20 12:38:00,RUTHERFORD,THUNDERSTORM WIND,1000.0,0.0,0,0,181341,1104595,Trained Spotter
2023-07-20 12:40:00,2023-07-20 12:40:00,RHEA,THUNDERSTORM WIND,0.0,0.0,0,0,181772,1107012,911 Call Center
2023-07-20 12:42:00,2023-07-20 12:42:00,CANNON,THUNDERSTORM WIND,1000.0,0.0,0,0,181341,1104558,Social Media
2023-07-20 12:48:00,2023-07-20 12:48:00,CANNON,THUNDERSTORM WIND,1000.0,0.0,0,0,181341,1104559,Social Media
2023-07-20 12:52:00,2023-07-20 12:52:00,CANNON,THUNDERSTORM WIND,75000.0,0.0,0,0,181341,1104560,Social Media
2023-07-20 12:53:00,2023-07-20 12:53:00,CANNON,THUNDERSTORM WIND,5000.0,0.0,0,0,181341,1104561,Social Media
2023-07-20 12:55:00,2023-07-20 12:55:00,COFFEE,THUNDERSTORM WIND,25000.0,0.0,0,0,181341,1104570,Social Media
2023-07-20 12:57:00,2023-07-20 12:57:00,CANNON,THUNDERSTORM WIND,1000.0,0.0,0,0,181341,1104562,Social Media
2023-07-20 12:58:00,2023-07-20 12:58:00,DEKALB,THUNDERSTORM WIND,20000.0,0.0,0,0,181341,1104564,Social Media
2023-07-20 13:00:00,2023-07-20 13:00:00,WILLIAMSON,THUNDERSTORM WIND,10000.0,0.0,0,0,181341,1104596,Social Media
2023-07-20 13:05:00,2023-07-20 13:05:00,WHITE,THUNDERSTORM WIND,15000.0,0.0,0,0,181341,1104566,Social Media
2023-07-20 13:17:00,2023-07-20 13:17:00,WARREN,THUNDERSTORM WIND,1000.0,0.0,0,0,181341,1104572,Social Media
2023-07-20 13:21:00,2023-07-20 13:21:00,WARREN,THUNDERSTORM WIND,25000.0,0.0,0,0,181341,1104573,Social Media
2023-07-20 13:25:00,2023-07-20 13:25:00,WARREN,THUNDERSTORM WIND,10000.0,0.0,0,0,181341,1104575,Social Media
2023-07-20 13:27:00,2023-07-20 13:27:00,BRADLEY,THUNDERSTORM WIND,0.0,0.0,0,0,181772,1107014,911 Call Center
2023-07-20 13:30:00,2023-07-20 13:30:00,COFFEE,THUNDERSTORM WIND,5000.0,0.0,0,0,181341,1104578,Social Media
2023-07-20 13:32:00,2023-07-20 15:30:00,COFFEE,FLASH FLOOD,50000.0,0.0,0,0,181341,1104489,Social Media
2023-07-20 13:38:00,2023-07-20 13:38:00,COFFEE,HAIL,0.0,0.0,0,0,181341,1104581,Social Media
2023-07-20 13:38:00,2023-07-20 13:38:00,WARREN,THUNDERSTORM WIND,50000.0,0.0,0,0,181341,1104577,Social Media
2023-07-20 13:42:00,2023-07-20 13:42:00,BEDFORD,HAIL,0.0,0.0,0,0,181341,1104584,Social Media
2023-07-20 13:42:00,2023-07-20 13:42:00,BEDFORD,THUNDERSTORM WIND,1000.0,0.0,0,0,181341,1104583,Social Media
2023-07-20 13:43:00,2023-07-20 13:43:00,BEDFORD,THUNDERSTORM WIND,50000.0,0.0,0,0,181341,1104587,Social Media
2023-07-20 13:46:00,2023-07-20 13:46:00,MARION,THUNDERSTORM WIND,0.0,0.0,0,0,181772,1107018,911 Call Center
2023-07-20 14:15:00,2023-07-20 14:15:00,POLK,THUNDERSTORM WIND,0.0,0.0,0,0,181772,1107016,911 Call Center
2023-07-20 14:30:00,2023-07-20 16:00:00,WHITE,FLASH FLOOD,25000.0,0.0,0,0,181341,1104487,Social Media
2023-07-20 15:05:00,2023-07-20 15:05:00,HAMILTON,THUNDERSTORM WIND,0.0,0.0,0,0,181772,1107019,911 Call Center
2023-07-20 15:15:00,2023-07-20 16:15:00,BEDFORD,FLASH FLOOD,25000.0,0.0,0,0,181341,1104490,Emergency Manager
2023-07-20 22:27:00,2023-07-20 22:32:00,CHESTER,THUNDERSTORM WIND,7000.0,0.0,0,0,184274,1127568,Emergency Manager
2023-07-21 02:00:00,2023-07-21 04:00:00,SHELBY,FLASH FLOOD,50000.0,0.0,0,0,184131,1126631,Public
2023-07-21 03:30:00,2023-07-21 05:00:00,FAYETTE,FLASH FLOOD,0.0,0.0,0,0,184131,1126637,NWS Employee
2023-07-21 03:31:00,2023-07-21 05:31:00,SHELBY,FLASH FLOOD,0.0,0.0,0,0,184131,1126639,NWS Employee
2023-07-21 03:35:00,2023-07-21 05:35:00,SHELBY,FLASH FLOOD,0.0,0.0,0,0,184131,1126640,Broadcast Media
2023-07-21 03:44:00,2023-07-21 05:44:00,SHELBY,FLASH FLOOD,0.0,0.0,0,0,184131,1126642,Broadcast Media
2023-07-21 04:03:00,2023-07-21 06:00:00,SHELBY,FLASH FLOOD,25000.0,0.0,0,0,184131,1126645,Broadcast Media
2023-07-21 12:40:00,2023-07-21 12:45:00,SHELBY,THUNDERSTORM WIND,25000.0,0.0,0,0,184139,1126833,Broadcast Media
2023-07-21 12:43:00,2023-07-21 12:48:00,SHELBY,THUNDERSTORM WIND,2000.0,0.0,0,0,184139,1126864,Law Enforcement
2023-07-21 12:43:00,2023-07-21 12:48:00,SHELBY,THUNDERSTORM WIND,15000.0,0.0,0,1,184139,1126836,Broadcast Media
2023-07-21 12:43:00,2023-07-21 12:50:00,SHELBY,THUNDERSTORM WIND,20000.0,0.0,0,0,184139,1126866,Broadcast Media
2023-07-21 12:52:00,2023-07-21 13:02:00,TIPTON,THUNDERSTORM WIND,25000.0,0.0,0,0,184139,1126969,Law Enforcement
2023-07-21 12:54:00,2023-07-21 12:59:00,SHELBY,THUNDERSTORM WIND,50000.0,0.0,0,0,184139,1126871,Emergency Manager
2023-07-21 12:55:00,2023-07-21 13:00:00,SHELBY,THUNDERSTORM WIND,3000.0,0.0,0,0,184139,1126889,Public
2023-07-21 12:58:00,2023-07-21 12:59:00,SHELBY,THUNDERSTORM WIND,1000.0,0.0,0,0,184139,1126868,Trained Spotter
2023-07-21 13:00:00,2023-07-21 13:05:00,TIPTON,THUNDERSTORM WIND,10000.0,0.0,0,0,184139,1126891,Public
2023-07-21 13:02:00,2023-07-21 13:07:00,TIPTON,THUNDERSTORM WIND,2000.0,0.0,0,0,184139,1126875,Public
2023-07-21 13:11:00,2023-07-21 13:15:00,HAYWOOD,THUNDERSTORM WIND,3000.0,0.0,0,0,184139,1126870,Emergency Manager
2023-07-21 13:14:00,2023-07-21 13:19:00,FAYETTE,THUNDERSTORM WIND,2000.0,0.0,0,0,184139,1126873,Fire Department/Rescue
2023-07-21 13:16:00,2023-07-21 13:36:00,HAYWOOD,THUNDERSTORM WIND,20000.0,0.0,0,0,184139,1126874,Emergency Manager
2023-07-21 13:28:00,2023-07-21 13:58:00,HARDEMAN,THUNDERSTORM WIND,25000.0,0.0,0,0,184139,1126938,Emergency Manager
2023-07-21 14:20:00,2023-07-21 14:25:00,CHESTER,THUNDERSTORM WIND,15000.0,0.0,0,0,184139,1126959,Public
2023-07-21 14:25:00,2023-07-21 14:45:00,HARDIN,THUNDERSTORM WIND,25000.0,0.0,0,0,184139,1126967,Emergency Manager
2023-07-21 14:25:00,2023-07-21 14:26:00,HARDIN,THUNDERSTORM WIND,0.0,0.0,0,0,184139,1126972,Amateur Radio
2023-07-21 14:30:00,2023-07-21 15:15:00,SHELBY,FLASH FLOOD,0.0,0.0,0,0,184139,1126815,Public
2023-07-21 14:30:00,2023-07-21 15:00:00,TIPTON,FLASH FLOOD,50000.0,0.0,0,0,184139,1126822,Public
2023-07-21 14:33:00,2023-07-21 14:38:00,HARDIN,THUNDERSTORM WIND,25000.0,0.0,0,0,184139,1126971,Amateur Radio
2023-07-21 15:21:00,2023-07-21 15:25:00,LAWRENCE,THUNDERSTORM WIND,15000.0,0.0,0,0,181355,1104598,Emergency Manager
2023-07-21 15:25:00,2023-07-21 15:25:00,LAWRENCE,THUNDERSTORM WIND,5000.0,0.0,0,0,181355,1104599,Emergency Manager
2023-07-25 15:42:00,2023-07-25 15:42:00,ANDERSON,THUNDERSTORM WIND,0.0,0.0,0,0,182323,1110863,911 Call Center
2023-07-25 16:41:00,2023-07-25 16:41:00,MCMINN,THUNDERSTORM WIND,0.0,0.0,0,0,182323,1110865,911 Call Center
2023-07-25 17:20:00,2023-07-25 17:20:00,HAMILTON,THUNDERSTORM WIND,0.0,0.0,0,0,182323,1110866,911 Call Center
2023-07-27 12:00:00,2023-07-27 18:00:00,BENTON,HEAT,0.0,0.0,0,0,184293,1127837,AWOS
2023-07-27 12:00:00,2023-07-27 18:00:00,CARROLL,HEAT,0.0,0.0,0,0,184293,1127833,AWOS
2023-07-27 12:00:00,2023-07-27 18:00:00,CROCKETT,HEAT,0.0,0.0,0,0,184293,1127828,AWOS
2023-07-27 12:00:00,2023-07-27 18:00:00,DYER,HEAT,0.0,0.0,0,0,184293,1127827,AWOS
2023-07-27 12:00:00,2023-07-27 18:00:00,FAYETTE,HEAT,0.0,0.0,0,0,184293,1127821,ASOS
2023-07-27 12:00:00,2023-07-27 18:00:00,GIBSON,HEAT,0.0,0.0,0,0,184293,1127829,AWOS
2023-07-27 12:00:00,2023-07-27 18:00:00,HAYWOOD,HEAT,0.0,0.0,0,0,184293,1127824,AWOS
2023-07-27 12:00:00,2023-07-27 18:00:00,HENRY,HEAT,0.0,0.0,0,0,184293,1127836,AWOS
2023-07-27 12:00:00,2023-07-27 18:00:00,LAKE,HEAT,0.0,0.0,0,0,184293,1127831,AWOS
2023-07-27 12:00:00,2023-07-27 18:00:00,LAUDERDALE,HEAT,0.0,0.0,0,0,184293,1127826,AWOS
2023-07-27 12:00:00,2023-07-27 18:00:00,MADISON,HEAT,0.0,0.0,0,0,184293,1127825,ASOS
2023-07-27 12:00:00,2023-07-27 18:00:00,OBION,HEAT,0.0,0.0,0,0,184293,1127832,AWOS
2023-07-27 12:00:00,2023-07-27 18:00:00,SHELBY,HEAT,0.0,0.0,0,0,184293,1127820,ASOS
2023-07-27 12:00:00,2023-07-27 18:00:00,TIPTON,HEAT,0.0,0.0,0,0,184293,1127822,AWOS
2023-07-27 12:00:00,2023-07-27 18:00:00,WEAKLEY,HEAT,0.0,0.0,0,0,184293,1127834,AWOS
2023-07-28 11:00:00,2023-07-28 21:00:00,BENTON,HEAT,0.0,0.0,0,0,184293,1128248,AWOS
2023-07-28 11:00:00,2023-07-28 21:00:00,CARROLL,HEAT,0.0,0.0,0,0,184293,1128249,AWOS
2023-07-28 11:00:00,2023-07-28 21:00:00,CHESTER,HEAT,0.0,0.0,0,0,184293,1128250,AWOS
2023-07-28 11:00:00,2023-07-28 21:00:00,CROCKETT,HEAT,0.0,0.0,0,0,184293,1128251,AWOS
2023-07-28 11:00:00,2023-07-28 21:00:00,DECATUR,HEAT,0.0,0.0,0,0,184293,1128252,AWOS
2023-07-28 11:00:00,2023-07-28 21:00:00,DYER,HEAT,0.0,0.0,0,0,184293,1128254,AWOS
2023-07-28 11:00:00,2023-07-28 21:00:00,FAYETTE,HEAT,0.0,0.0,0,0,184293,1128255,AWOS
2023-07-28 11:00:00,2023-07-28 21:00:00,GIBSON,HEAT,0.0,0.0,0,0,184293,1128257,AWOS
2023-07-28 11:00:00,2023-07-28 21:00:00,HARDEMAN,HEAT,0.0,0.0,0,0,184293,1128258,AWOS
2023-07-28 11:00:00,2023-07-28 21:00:00,HARDIN,HEAT,0.0,0.0,0,0,184293,1128259,AWOS
2023-07-28 11:00:00,2023-07-28 21:00:00,HAYWOOD,HEAT,0.0,0.0,0,0,184293,1128260,AWOS
2023-07-28 11:00:00,2023-07-28 21:00:00,HENDERSON,HEAT,0.0,0.0,0,0,184293,1128261,AWOS
2023-07-28 11:00:00,2023-07-28 21:00:00,HENRY,HEAT,0.0,0.0,0,0,184293,1128262,AWOS
2023-07-28 11:00:00,2023-07-28 21:00:00,LAKE,HEAT,0.0,0.0,0,0,184293,1128263,AWOS
2023-07-28 11:00:00,2023-07-28 21:00:00,LAUDERDALE,HEAT,0.0,0.0,0,0,184293,1128264,AWOS
2023-07-28 11:00:00,2023-07-28 21:00:00,MADISON,HEAT,0.0,0.0,0,0,184293,1128265,ASOS
2023-07-28 11:00:00,2023-07-28 21:00:00,MCNAIRY,HEAT,0.0,0.0,0,0,184293,1128266,AWOS
2023-07-28 11:00:00,2023-07-28 21:00:00,OBION,HEAT,0.0,0.0,0,0,184293,1128267,AWOS
2023-07-28 11:00:00,2023-07-28 21:00:00,SHELBY,HEAT,0.0,0.0,0,0,184293,1128268,ASOS
2023-07-28 11:00:00,2023-07-28 21:00:00,TIPTON,HEAT,0.0,0.0,0,0,184293,1128269,AWOS
2023-07-28 11:00:00,2023-07-28 21:00:00,WEAKLEY,HEAT,0.0,0.0,0,0,184293,1128270,AWOS
2023-07-28 19:55:00,2023-07-28 19:55:00,HAWKINS,THUNDERSTORM WIND,0.0,0.0,0,0,182326,1110882,911 Call Center
2023-07-28 20:10:00,2023-07-28 20:10:00,HAWKINS,HAIL,0.0,0.0,0,0,182326,1110881,Trained Spotter
2023-07-29 13:00:00,2023-07-29 20:00:00,BENTON,HEAT,0.0,0.0,0,0,184293,1128388,AWOS
2023-07-29 13:00:00,2023-07-29 20:00:00,CARROLL,HEAT,0.0,0.0,0,0,184293,1128389,AWOS
2023-07-29 13:00:00,2023-07-29 20:00:00,CHESTER,HEAT,0.0,0.0,0,0,184293,1128390,AWOS
2023-07-29 13:00:00,2023-07-29 20:00:00,CROCKETT,HEAT,0.0,0.0,0,0,184293,1128391,AWOS
2023-07-29 13:00:00,2023-07-29 20:00:00,DECATUR,HEAT,0.0,0.0,0,0,184293,1128392,AWOS
2023-07-29 13:00:00,2023-07-29 20:00:00,DYER,HEAT,0.0,0.0,0,0,184293,1128393,AWOS
2023-07-29 13:00:00,2023-07-29 20:00:00,FAYETTE,HEAT,0.0,0.0,0,0,184293,1128394,AWOS
2023-07-29 13:00:00,2023-07-29 20:00:00,GIBSON,HEAT,0.0,0.0,0,0,184293,1128395,AWOS
2023-07-29 13:00:00,2023-07-29 20:00:00,HARDEMAN,HEAT,0.0,0.0,0,0,184293,1128396,AWOS
2023-07-29 13:00:00,2023-07-29 20:00:00,HARDIN,HEAT,0.0,0.0,0,0,184293,1128397,AWOS
2023-07-29 13:00:00,2023-07-29 20:00:00,HAYWOOD,HEAT,0.0,0.0,0,0,184293,1128398,AWOS
2023-07-29 13:00:00,2023-07-29 20:00:00,HENDERSON,HEAT,0.0,0.0,0,0,184293,1128399,AWOS
2023-07-29 13:00:00,2023-07-29 20:00:00,HENRY,HEAT,0.0,0.0,0,0,184293,1128400,AWOS
2023-07-29 13:00:00,2023-07-29 20:00:00,LAKE,HEAT,0.0,0.0,0,0,184293,1128401,AWOS
2023-07-29 13:00:00,2023-07-29 20:00:00,LAUDERDALE,HEAT,0.0,0.0,0,0,184293,1128402,AWOS
2023-07-29 13:00:00,2023-07-29 20:00:00,MADISON,HEAT,0.0,0.0,0,0,184293,1128403,ASOS
2023-07-29 13:00:00,2023-07-29 20:00:00,MCNAIRY,HEAT,0.0,0.0,0,0,184293,1128404,AWOS
2023-07-29 13:00:00,2023-07-29 20:00:00,OBION,HEAT,0.0,0.0,0,0,184293,1128405,AWOS
2023-07-29 13:00:00,2023-07-29 20:00:00,SHELBY,HEAT,0.0,0.0,0,0,184293,1128406,ASOS
2023-07-29 13:00:00,2023-07-29 20:00:00,TIPTON,HEAT,0.0,0.0,0,0,184293,1128407,AWOS
2023-07-29 13:00:00,2023-07-29 20:00:00,WEAKLEY,HEAT,0.0,0.0,0,0,184293,1128408,AWOS
2023-07-29 14:15:00,2023-07-29 14:15:00,ROANE,THUNDERSTORM WIND,0.0,0.0,0,0,182327,1110883,911 Call Center
2023-07-29 14:18:00,2023-07-29 14:18:00,SUMNER,THUNDERSTORM WIND,10000.0,0.0,0,0,181389,1105730,Public
2023-07-29 14:28:00,2023-07-29 14:28:00,SUMNER,THUNDERSTORM WIND,5000.0,0.0,0,0,181389,1104857,Social Media
2023-07-29 14:30:00,2023-07-29 14:30:00,SUMNER,THUNDERSTORM WIND,2000.0,0.0,0,0,181389,1104828,Social Media
2023-07-29 14:40:00,2023-07-29 14:40:00,LOUDON,THUNDERSTORM WIND,0.0,0.0,0,0,182327,1110886,911 Call Center
2023-07-29 15:20:00,2023-07-29 15:20:00,HAWKINS,THUNDERSTORM WIND,0.0,0.0,0,0,182327,1110887,911 Call Center
2023-07-29 15:20:00,2023-07-29 15:20:00,MONROE,THUNDERSTORM WIND,0.0,0.0,0,0,182327,1110889,911 Call Center
2023-07-29 15:45:00,2023-07-29 15:45:00,KNOX,THUNDERSTORM WIND,0.0,0.0,0,0,182327,1110892,Public
2023-07-29 15:50:00,2023-07-29 15:54:00,WILSON,THUNDERSTORM WIND,20000.0,0.0,0,0,181389,1104829,Emergency Manager
2023-07-29 15:57:00,2023-07-29 15:57:00,DEKALB,THUNDERSTORM WIND,10000.0,0.0,0,0,181389,1104830,NWS Employee
2023-07-29 15:57:00,2023-07-29 15:57:00,DEKALB,THUNDERSTORM WIND,10000.0,0.0,0,0,181389,1105292,Other Federal Agency
2023-07-29 16:00:00,2023-07-29 16:00:00,FENTRESS,THUNDERSTORM WIND,10000.0,0.0,0,0,181389,1104914,Trained Spotter
2023-07-29 16:15:00,2023-07-29 16:15:00,GREENE,THUNDERSTORM WIND,0.0,0.0,0,0,182327,1110893,911 Call Center
2023-07-29 16:15:00,2023-07-29 16:15:00,SULLIVAN,THUNDERSTORM WIND,0.0,0.0,0,0,182327,1110894,Public
2023-07-29 16:18:00,2023-07-29 16:18:00,DAVIDSON,THUNDERSTORM WIND,3000.0,0.0,0,0,181389,1104832,Social Media
2023-07-29 16:20:00,2023-07-29 16:20:00,GREENE,THUNDERSTORM WIND,0.0,0.0,0,0,182327,1110895,911 Call Center
2023-07-29 16:31:00,2023-07-29 16:31:00,RUTHERFORD,THUNDERSTORM WIND,1000.0,0.0,0,0,181389,1104825,Social Media
2023-07-29 16:40:00,2023-07-29 16:40:00,CARTER,THUNDERSTORM WIND,0.0,0.0,0,0,182327,1110896,911 Call Center
2023-07-29 16:45:00,2023-07-29 16:45:00,WASHINGTON,THUNDERSTORM WIND,0.0,0.0,0,0,182327,1110897,911 Call Center
2023-07-29 17:20:00,2023-07-29 17:20:00,CLAIBORNE,THUNDERSTORM WIND,0.0,0.0,0,0,182327,1110898,911 Call Center
2023-07-29 17:45:00,2023-07-29 17:45:00,CAMPBELL,THUNDERSTORM WIND,0.0,0.0,0,0,182327,1110899,911 Call Center
2023-07-29 17:50:00,2023-07-29 17:50:00,UNION,THUNDERSTORM WIND,0.0,0.0,0,0,182327,1110900,911 Call Center
2023-07-29 18:15:00,2023-07-29 18:15:00,KNOX,THUNDERSTORM WIND,0.0,0.0,0,0,182327,1110901,911 Call Center
2023-07-29 18:25:00,2023-07-29 18:25:00,KNOX,THUNDERSTORM WIND,0.0,0.0,0,0,182327,1110902,Public
2023-07-29 22:10:00,2023-07-29 22:10:00,WHITE,THUNDERSTORM WIND,10000.0,0.0,0,0,181389,1104915,Social Media
2023-08-03 09:30:00,2023-08-03 11:30:00,OBION,FLASH FLOOD,0.0,0.0,0,0,184790,1131499,Trained Spotter
2023-08-03 10:00:00,2023-08-03 19:00:00,SHELBY,HEAT,0.0,0.0,0,0,185102,1133906,ASOS
2023-08-03 13:20:00,2023-08-03 13:20:00,ROANE,THUNDERSTORM WIND,0.0,0.0,0,0,182331,1112177,911 Call Center
2023-08-03 13:21:00,2023-08-03 13:21:00,ROANE,THUNDERSTORM WIND,0.0,0.0,0,0,182331,1112178,Broadcast Media
2023-08-03 13:21:00,2023-08-03 13:21:00,ROANE,THUNDERSTORM WIND,0.0,0.0,0,0,182331,1112179,NWS Storm Survey
2023-08-03 13:21:00,2023-08-03 13:22:00,ROANE,TORNADO,0.0,0.0,0,0,182331,1112176,NWS Storm Survey
2023-08-03 14:55:00,2023-08-03 16:15:00,GREENE,FLASH FLOOD,10000.0,0.0,0,0,182331,1133790,Social Media
2023-08-04 02:33:00,2023-08-04 05:00:00,GIBSON,FLASH FLOOD,0.0,0.0,0,0,184791,1131500,Fire Department/Rescue
2023-08-04 04:30:00,2023-08-04 07:00:00,OBION,FLASH FLOOD,0.0,0.0,0,0,184791,1131501,COOP Observer
2023-08-04 04:43:00,2023-08-04 07:00:00,GIBSON,FLASH FLOOD,0.0,0.0,0,0,184791,1131502,Broadcast Media
2023-08-04 04:43:00,2023-08-04 07:00:00,GIBSON,FLASH FLOOD,0.0,0.0,0,0,184791,1131503,Broadcast Media
2023-08-04 05:20:00,2023-08-04 07:30:00,OBION,FLASH FLOOD,1000000.0,0.0,0,0,184791,1131504,Trained Spotter
2023-08-04 06:00:00,2023-08-04 08:00:00,WEAKLEY,FLASH FLOOD,500000.0,0.0,0,0,184791,1131505,Emergency Manager
2023-08-04 07:17:00,2023-08-04 08:15:00,WEAKLEY,FLASH FLOOD,25000.0,0.0,0,0,184791,1131506,Emergency Manager
2023-08-04 08:10:00,2023-08-04 09:15:00,MADISON,FLASH FLOOD,0.0,0.0,0,0,184791,1131507,Emergency Manager
2023-08-05 10:00:00,2023-08-05 18:00:00,CHESTER,HEAT,0.0,0.0,0,0,185102,1133945,AWOS
2023-08-05 10:00:00,2023-08-05 18:00:00,CROCKETT,HEAT,0.0,0.0,0,0,185102,1133939,AWOS
2023-08-05 10:00:00,2023-08-05 18:00:00,DYER,HEAT,0.0,0.0,0,0,185102,1133935,AWOS
2023-08-05 10:00:00,2023-08-05 18:00:00,FAYETTE,HEAT,0.0,0.0,0,0,185102,1133941,AWOS
2023-08-05 10:00:00,2023-08-05 18:00:00,GIBSON,HEAT,0.0,0.0,0,0,185102,1133940,AWOS
2023-08-05 10:00:00,2023-08-05 18:00:00,HARDEMAN,HEAT,0.0,0.0,0,0,185102,1133942,AWOS
2023-08-05 10:00:00,2023-08-05 18:00:00,HARDIN,HEAT,0.0,0.0,0,0,185102,1133947,AWOS
2023-08-05 10:00:00,2023-08-05 18:00:00,HAYWOOD,HEAT,0.0,0.0,0,0,185102,1133938,AWOS
2023-08-05 10:00:00,2023-08-05 18:00:00,LAKE,HEAT,0.0,0.0,0,0,185102,1133936,AWOS
2023-08-05 10:00:00,2023-08-05 18:00:00,LAUDERDALE,HEAT,0.0,0.0,0,0,185102,1133934,AWOS
2023-08-05 10:00:00,2023-08-05 18:00:00,MADISON,HEAT,0.0,0.0,0,0,185102,1133943,ASOS
2023-08-05 10:00:00,2023-08-05 18:00:00,MCNAIRY,HEAT,0.0,0.0,0,0,185102,1133946,AWOS
2023-08-05 10:00:00,2023-08-05 18:00:00,OBION,HEAT,0.0,0.0,0,0,185102,1133937,AWOS
2023-08-05 10:00:00,2023-08-05 18:00:00,SHELBY,EXCESSIVE HEAT,0.0,0.0,0,0,185102,1133932,ASOS
2023-08-05 10:00:00,2023-08-05 18:00:00,TIPTON,EXCESSIVE HEAT,0.0,0.0,0,0,185102,1133933,ASOS
2023-08-05 15:40:00,2023-08-05 15:45:00,SHELBY,THUNDERSTORM WIND,2000.0,0.0,0,0,184829,1131626,Public
2023-08-05 15:41:00,2023-08-05 15:45:00,SHELBY,THUNDERSTORM WIND,10000.0,0.0,0,0,184829,1131629,NWS Employee
2023-08-05 15:50:00,2023-08-05 15:55:00,SHELBY,THUNDERSTORM WIND,10000.0,0.0,0,0,184829,1131627,Public
2023-08-05 15:55:00,2023-08-05 16:00:00,SHELBY,THUNDERSTORM WIND,2000.0,0.0,0,0,184829,1131628,Public
2023-08-05 16:15:00,2023-08-05 16:20:00,FAYETTE,THUNDERSTORM WIND,2000.0,0.0,0,0,184829,1131630,Public
2023-08-05 16:16:00,2023-08-05 16:21:00,FAYETTE,THUNDERSTORM WIND,20000.0,0.0,0,0,184829,1131631,Emergency Manager
2023-08-05 16:21:00,2023-08-05 16:26:00,MADISON,THUNDERSTORM WIND,10000.0,0.0,0,0,184829,1131632,Public
2023-08-05 16:37:00,2023-08-05 16:42:00,HARDEMAN,THUNDERSTORM WIND,5000.0,0.0,0,0,184829,1131634,Public
2023-08-05 16:40:00,2023-08-05 16:45:00,HARDEMAN,THUNDERSTORM WIND,2000.0,0.0,0,0,184829,1131633,Trained Spotter
2023-08-05 16:57:00,2023-08-05 17:02:00,HARDEMAN,THUNDERSTORM WIND,15000.0,0.0,0,0,184829,1131635,Trained Spotter
2023-08-05 16:57:00,2023-08-05 17:02:00,HARDEMAN,THUNDERSTORM WIND,10000.0,0.0,0,0,184829,1131636,Public
2023-08-05 16:58:00,2023-08-05 17:02:00,HARDEMAN,THUNDERSTORM WIND,15000.0,0.0,0,0,184829,1131637,Emergency Manager
2023-08-05 17:46:00,2023-08-05 17:51:00,HARDIN,THUNDERSTORM WIND,5000.0,0.0,0,0,184829,1131638,Fire Department/Rescue
2023-08-05 18:30:00,2023-08-05 18:30:00,LAWRENCE,THUNDERSTORM WIND,15000.0,0.0,0,0,181741,1106748,Emergency Manager
2023-08-05 18:34:00,2023-08-05 18:34:00,LAWRENCE,THUNDERSTORM WIND,1000.0,0.0,0,0,181741,1106749,Emergency Manager
2023-08-06 10:30:00,2023-08-06 14:15:00,LINCOLN,HEAT,0.0,0.0,0,0,181658,1124801,Mesonet
2023-08-06 11:00:00,2023-08-06 14:00:00,FRANKLIN,HEAT,0.0,0.0,0,0,181658,1124795,Mesonet
2023-08-06 11:00:00,2023-08-06 14:00:00,LINCOLN,EXCESSIVE HEAT,0.0,0.0,0,0,181658,1124808,Mesonet
2023-08-07 09:29:00,2023-08-07 09:29:00,LAWRENCE,THUNDERSTORM WIND,10000.0,0.0,0,0,181733,1106609,Emergency Manager
2023-08-07 09:42:00,2023-08-07 09:42:00,LAWRENCE,THUNDERSTORM WIND,10000.0,0.0,0,0,181733,1106610,Emergency Manager
2023-08-07 09:43:00,2023-08-07 09:43:00,LAWRENCE,THUNDERSTORM WIND,2000.0,0.0,0,0,181733,1106611,Emergency Manager
2023-08-07 10:32:00,2023-08-07 10:32:00,RUTHERFORD,THUNDERSTORM WIND,20000.0,0.0,0,0,181733,1106636,Social Media
2023-08-07 10:40:00,2023-08-07 10:40:00,BEDFORD,THUNDERSTORM WIND,10000.0,0.0,0,0,181733,1106612,Trained Spotter
2023-08-07 10:40:00,2023-08-07 10:40:00,BEDFORD,THUNDERSTORM WIND,10000.0,0.0,0,0,181733,1106613,Social Media
2023-08-07 10:41:00,2023-08-07 10:41:00,CANNON,THUNDERSTORM WIND,200000.0,0.0,0,0,181733,1106615,Emergency Manager
2023-08-07 10:41:00,2023-08-07 10:41:00,CANNON,THUNDERSTORM WIND,150000.0,0.0,0,0,181733,1106619,Social Media
2023-08-07 10:41:00,2023-08-07 10:41:00,WARREN,THUNDERSTORM WIND,200000.0,0.0,0,0,181733,1106624,Emergency Manager
2023-08-07 10:44:00,2023-08-07 10:44:00,COFFEE,THUNDERSTORM WIND,10000.0,0.0,0,1,181733,1106614,Social Media
2023-08-07 10:44:00,2023-08-07 10:44:00,COFFEE,THUNDERSTORM WIND,15000.0,0.0,0,0,181733,1106637,Social Media
2023-08-07 10:45:00,2023-08-07 10:45:00,COFFEE,THUNDERSTORM WIND,20000.0,0.0,0,0,181733,1106617,Social Media
2023-08-07 10:47:00,2023-08-07 10:47:00,COFFEE,THUNDERSTORM WIND,100000.0,0.0,0,0,181733,1106616,Social Media
2023-08-07 10:50:00,2023-08-07 10:50:00,CANNON,THUNDERSTORM WIND,50000.0,0.0,0,0,181733,1106618,Social Media
2023-08-07 10:54:00,2023-08-07 10:54:00,COFFEE,THUNDERSTORM WIND,10000.0,0.0,0,0,181733,1106620,Social Media
2023-08-07 10:55:00,2023-08-07 10:55:00,CANNON,THUNDERSTORM WIND,1000.0,0.0,0,0,181733,1106621,Public
2023-08-07 10:55:00,2023-08-07 10:55:00,CANNON,THUNDERSTORM WIND,1000.0,0.0,0,0,181733,1106622,Social Media
2023-08-07 10:58:00,2023-08-07 10:58:00,WARREN,THUNDERSTORM WIND,1000.0,0.0,0,0,181733,1106623,Social Media
2023-08-07 10:58:00,2023-08-07 10:58:00,WARREN,THUNDERSTORM WIND,15000.0,0.0,0,0,181733,1106625,Emergency Manager
2023-08-07 10:58:00,2023-08-07 10:58:00,WARREN,THUNDERSTORM WIND,50000.0,0.0,0,0,181733,1106626,Social Media
2023-08-07 10:58:00,2023-08-07 10:58:00,WARREN,THUNDERSTORM WIND,10000.0,0.0,0,0,181733,1106627,Social Media
2023-08-07 11:02:00,2023-08-07 11:02:00,WHITE,THUNDERSTORM WIND,1000.0,0.0,0,0,181733,1106629,Social Media
2023-08-07 11:02:00,2023-08-07 11:02:00,WHITE,THUNDERSTORM WIND,10000.0,0.0,0,0,181733,1106628,Trained Spotter
2023-08-07 11:09:00,2023-08-07 11:09:00,CAMPBELL,THUNDERSTORM WIND,0.0,0.0,0,0,183412,1120635,911 Call Center
2023-08-07 11:09:00,2023-08-07 11:09:00,PUTNAM,THUNDERSTORM WIND,15000.0,0.0,0,0,181733,1106638,Social Media
2023-08-07 11:13:00,2023-08-07 11:13:00,VAN BUREN,THUNDERSTORM WIND,500000.0,0.0,0,0,181733,1106631,Emergency Manager
2023-08-07 11:15:00,2023-08-07 11:25:00,BLEDSOE,THUNDERSTORM WIND,0.0,0.0,0,0,183412,1137802,Emergency Manager
2023-08-07 11:15:00,2023-08-07 11:15:00,VAN BUREN,THUNDERSTORM WIND,15000.0,0.0,0,0,181733,1106630,Social Media
2023-08-07 11:30:00,2023-08-07 11:30:00,BLEDSOE,THUNDERSTORM WIND,0.0,0.0,0,0,183412,1120639,911 Call Center
2023-08-07 11:30:00,2023-08-07 11:31:00,CUMBERLAND,THUNDERSTORM WIND,250000.0,0.0,0,0,181733,1106632,ASOS
2023-08-07 11:30:00,2023-08-07 11:30:00,SEQUATCHIE,THUNDERSTORM WIND,0.0,0.0,0,0,183412,1120641,911 Call Center
2023-08-07 11:41:00,2023-08-07 11:41:00,OVERTON,THUNDERSTORM WIND,1000.0,0.0,0,0,181733,1106633,Emergency Manager
2023-08-07 11:42:00,2023-08-07 11:42:00,OVERTON,THUNDERSTORM WIND,1000.0,0.0,0,0,181733,1106634,Emergency Manager
2023-08-07 11:49:00,2023-08-07 11:49:00,CAMPBELL,THUNDERSTORM WIND,0.0,0.0,0,0,183412,1120636,911 Call Center
2023-08-07 11:50:00,2023-08-07 11:50:00,FENTRESS,THUNDERSTORM WIND,20000.0,0.0,0,0,181733,1106635,Fire Department/Rescue
2023-08-07 11:55:00,2023-08-07 11:55:00,MARION,THUNDERSTORM WIND,0.0,0.0,0,0,183412,1120648,Emergency Manager
2023-08-07 12:25:00,2023-08-07 12:25:00,UNION,THUNDERSTORM WIND,0.0,0.0,0,0,183412,1120638,911 Call Center
2023-08-07 12:30:00,2023-08-07 12:30:00,HAMBLEN,THUNDERSTORM WIND,0.0,0.0,0,0,183412,1120640,Public
2023-08-07 12:31:00,2023-08-07 12:31:00,HAMBLEN,THUNDERSTORM WIND,0.0,0.0,0,0,183412,1120642,Public
2023-08-07 12:40:00,2023-08-07 12:40:00,BLEDSOE,THUNDERSTORM WIND,0.0,0.0,0,0,183412,1129312,Public
2023-08-07 12:45:00,2023-08-07 12:45:00,MORGAN,THUNDERSTORM WIND,0.0,0.0,0,0,183412,1120643,911 Call Center
2023-08-07 12:45:00,2023-08-07 12:45:00,RHEA,THUNDERSTORM WIND,0.0,0.0,0,0,183412,1120644,Public
2023-08-07 12:50:00,2023-08-07 12:50:00,KNOX,THUNDERSTORM WIND,0.0,0.0,0,0,183412,1120645,911 Call Center
2023-08-07 13:00:00,2023-08-07 13:00:00,ROANE,THUNDERSTORM WIND,0.0,0.0,0,0,183412,1129437,Emergency Manager
2023-08-07 13:05:00,2023-08-07 13:05:00,LOUDON,THUNDERSTORM WIND,500000.0,0.0,0,0,183412,1120669,NWS Storm Survey
2023-08-07 13:05:00,2023-08-07 13:05:00,MCMINN,THUNDERSTORM WIND,0.0,0.0,0,0,183412,1120653,911 Call Center
2023-08-07 13:10:00,2023-08-07 13:10:00,JEFFERSON,THUNDERSTORM WIND,0.0,0.0,0,0,183412,1120660,Amateur Radio
2023-08-07 13:10:00,2023-08-07 13:10:00,MCMINN,THUNDERSTORM WIND,0.0,0.0,0,0,183412,1120654,911 Call Center
2023-08-07 13:15:00,2023-08-07 13:15:00,KNOX,THUNDERSTORM WIND,0.0,0.0,0,0,183412,1120658,Trained Spotter
2023-08-07 13:17:00,2023-08-07 13:23:00,KNOX,TORNADO,3700000.0,0.0,0,0,183412,1120634,NWS Storm Survey
2023-08-07 13:19:00,2023-08-07 13:19:00,HAMILTON,THUNDERSTORM WIND,0.0,0.0,0,0,183412,1120651,ASOS
2023-08-07 13:30:00,2023-08-07 13:30:00,BLOUNT,THUNDERSTORM WIND,0.0,0.0,0,0,183412,1120666,Trained Spotter
2023-08-07 13:30:00,2023-08-07 13:30:00,GREENE,THUNDERSTORM WIND,0.0,0.0,0,0,183412,1120664,County Official
2023-08-07 13:30:00,2023-08-07 13:30:00,LOUDON,THUNDERSTORM WIND,0.0,0.0,0,0,183412,1120662,Public
2023-08-07 13:36:00,2023-08-07 13:36:00,BLOUNT,THUNDERSTORM WIND,0.0,0.0,0,0,183412,1120656,ASOS
2023-08-07 13:45:00,2023-08-07 13:45:00,JEFFERSON,THUNDERSTORM WIND,0.0,0.0,0,0,183412,1120661,Emergency Manager
2023-08-07 13:45:00,2023-08-07 13:45:00,SEVIER,THUNDERSTORM WIND,0.0,0.0,0,0,183412,1120670,NWS Storm Survey
2023-08-07 13:46:00,2023-08-07 13:46:00,UNION,THUNDERSTORM WIND,0.0,0.0,0,0,183412,1120665,911 Call Center
2023-08-07 13:47:00,2023-08-07 13:47:00,WASHINGTON,THUNDERSTORM WIND,0.0,0.0,0,0,183412,1120659,Public
2023-08-07 13:49:00,2023-08-07 13:49:00,POLK,THUNDERSTORM WIND,0.0,0.0,0,0,183412,1120667,Trained Spotter
2023-08-07 13:50:00,2023-08-07 13:50:00,SEVIER,THUNDERSTORM WIND,0.0,0.0,0,0,183412,1120663,Emergency Manager
2023-08-07 13:55:00,2023-08-07 13:55:00,JEFFERSON,THUNDERSTORM WIND,0.0,0.0,0,0,183412,1120671,NWS Storm Survey
2023-08-07 14:00:00,2023-08-07 15:00:00,JEFFERSON,FLASH FLOOD,5000.0,0.0,0,0,183412,1133791,Emergency Manager
2023-08-07 14:30:00,2023-08-07 15:15:00,GREENE,FLASH FLOOD,0.0,0.0,0,0,183412,1133793,911 Call Center
2023-08-07 14:39:00,2023-08-07 14:39:00,UNICOI,THUNDERSTORM WIND,0.0,0.0,0,0,183412,1120668,911 Call Center
2023-08-09 10:25:00,2023-08-09 10:30:00,SHELBY,HAIL,0.0,0.0,0,0,184886,1132086,Broadcast Media
2023-08-09 10:25:00,2023-08-09 10:30:00,SHELBY,THUNDERSTORM WIND,25000.0,0.0,0,0,184886,1132089,Public
2023-08-09 10:27:00,2023-08-09 10:32:00,SHELBY,HAIL,0.0,0.0,0,0,184886,1132087,Trained Spotter
2023-08-09 10:40:00,2023-08-09 10:45:00,SHELBY,HAIL,0.0,0.0,0,0,184886,1132088,Broadcast Media
2023-08-09 11:30:00,2023-08-09 12:30:00,SHELBY,FLASH FLOOD,0.0,0.0,0,0,184886,1132082,Public
2023-08-09 12:00:00,2023-08-09 12:30:00,SHELBY,FLASH FLOOD,0.0,0.0,0,0,184886,1132083,Broadcast Media
2023-08-09 12:15:00,2023-08-09 12:30:00,SHELBY,FLASH FLOOD,0.0,0.0,0,0,184886,1132084,Public
2023-08-09 12:20:00,2023-08-09 12:30:00,SHELBY,FLASH FLOOD,0.0,0.0,0,0,184886,1132085,Broadcast Media
2023-08-09 13:59:00,2023-08-09 13:59:00,LAWRENCE,THUNDERSTORM WIND,5000.0,0.0,0,0,181797,1107158,Emergency Manager
2023-08-09 14:01:00,2023-08-09 14:01:00,LAWRENCE,THUNDERSTORM WIND,1000.0,0.0,0,0,181797,1107162,Fire Department/Rescue
2023-08-09 22:20:00,2023-08-09 22:25:00,LAUDERDALE,THUNDERSTORM WIND,15000.0,0.0,0,0,184891,1132091,Utility Company
2023-08-10 00:22:00,2023-08-10 00:22:00,WILLIAMSON,THUNDERSTORM WIND,1000.0,0.0,0,0,181797,1107166,Social Media
2023-08-10 01:36:00,2023-08-10 01:36:00,WHITE,THUNDERSTORM WIND,10000.0,0.0,0,0,181797,1107167,Social Media
2023-08-10 02:40:00,2023-08-10 02:40:00,MARION,THUNDERSTORM WIND,0.0,0.0,0,0,183418,1120675,Public
2023-08-10 04:25:00,2023-08-10 04:25:00,HAMILTON,THUNDERSTORM WIND,0.0,0.0,0,0,183418,1120676,911 Call Center
2023-08-10 04:31:00,2023-08-10 05:30:00,KNOX,FLASH FLOOD,0.0,0.0,0,0,183418,1133797,911 Call Center
2023-08-10 05:01:00,2023-08-10 06:00:00,KNOX,FLASH FLOOD,0.0,0.0,0,0,183418,1133799,911 Call Center
2023-08-10 05:32:00,2023-08-10 06:10:00,BLOUNT,FLASH FLOOD,0.0,0.0,0,0,183418,1133800,Trained Spotter
2023-08-11 10:00:00,2023-08-11 19:00:00,CHESTER,HEAT,0.0,0.0,0,0,185327,1136377,AWOS
2023-08-11 10:00:00,2023-08-11 19:00:00,CROCKETT,HEAT,0.0,0.0,0,0,185327,1136378,AWOS
2023-08-11 10:00:00,2023-08-11 19:00:00,DYER,HEAT,0.0,0.0,0,0,185327,1136370,AWOS
2023-08-11 10:00:00,2023-08-11 19:00:00,GIBSON,HEAT,0.0,0.0,0,0,185327,1136379,AWOS
2023-08-11 10:00:00,2023-08-11 19:00:00,HARDEMAN,HEAT,0.0,0.0,0,0,185327,1136373,AWOS
2023-08-11 10:00:00,2023-08-11 19:00:00,HARDIN,HEAT,0.0,0.0,0,0,185327,1136376,AWOS
2023-08-11 10:00:00,2023-08-11 19:00:00,HAYWOOD,HEAT,0.0,0.0,0,0,185327,1136374,AWOS
2023-08-11 10:00:00,2023-08-11 19:00:00,LAUDERDALE,HEAT,0.0,0.0,0,0,185327,1136371,AWOS
2023-08-11 10:00:00,2023-08-11 19:00:00,MADISON,HEAT,0.0,0.0,0,0,185327,1136380,ASOS
2023-08-11 10:00:00,2023-08-11 19:00:00,MCNAIRY,HEAT,0.0,0.0,0,0,185327,1136375,AWOS
2023-08-11 10:00:00,2023-08-11 19:00:00,TIPTON,HEAT,0.0,0.0,0,0,185327,1136372,AWOS
2023-08-11 13:00:00,2023-08-11 19:00:00,FAYETTE,EXCESSIVE HEAT,0.0,0.0,0,0,185327,1136369,AWOS
2023-08-11 13:00:00,2023-08-11 17:30:00,FRANKLIN,HEAT,0.0,0.0,0,0,185512,1138637,Mesonet
2023-08-11 13:00:00,2023-08-11 17:30:00,LINCOLN,HEAT,0.0,0.0,0,0,185512,1138638,Mesonet
2023-08-11 13:00:00,2023-08-11 19:00:00,SHELBY,EXCESSIVE HEAT,0.0,0.0,0,0,185327,1136368,ASOS
2023-08-11 15:46:00,2023-08-11 15:51:00,HARDEMAN,THUNDERSTORM WIND,5000.0,0.0,0,0,185023,1133497,Law Enforcement
2023-08-11 15:46:00,2023-08-11 15:51:00,HARDEMAN,THUNDERSTORM WIND,5000.0,0.0,0,0,185023,1133498,Law Enforcement
2023-08-12 08:06:00,2023-08-12 08:11:00,OBION,THUNDERSTORM WIND,10000.0,0.0,0,0,185031,1133756,Emergency Manager
2023-08-12 09:58:00,2023-08-12 09:58:00,CHEATHAM,THUNDERSTORM WIND,10000.0,0.0,0,0,181998,1108897,Social Media
2023-08-12 10:00:00,2023-08-12 11:00:00,STEWART,FLASH FLOOD,0.0,0.0,0,0,181998,1108900,Social Media
2023-08-12 10:00:00,2023-08-12 11:00:00,STEWART,FLASH FLOOD,0.0,0.0,0,0,181998,1108901,Social Media
2023-08-12 10:10:00,2023-08-12 10:10:00,ROBERTSON,LIGHTNING,20000.0,0.0,0,0,181998,1108857,Trained Spotter
2023-08-12 10:12:00,2023-08-12 10:12:00,DICKSON,THUNDERSTORM WIND,50000.0,0.0,0,0,181998,1108858,Trained Spotter
2023-08-12 10:12:00,2023-08-12 10:12:00,ROBERTSON,LIGHTNING,1000.0,0.0,0,0,181998,1108911,Social Media
2023-08-12 10:15:00,2023-08-12 10:15:00,ROBERTSON,THUNDERSTORM WIND,0.0,0.0,0,0,181998,1108852,Trained Spotter
2023-08-12 10:20:00,2023-08-12 10:20:00,DAVIDSON,THUNDERSTORM WIND,10000.0,0.0,0,0,181998,1108854,Social Media
2023-08-12 10:20:00,2023-08-12 10:20:00,ROBERTSON,THUNDERSTORM WIND,25000.0,0.0,0,0,181998,1108853,Newspaper
2023-08-12 10:22:00,2023-08-12 10:22:00,DICKSON,THUNDERSTORM WIND,10000.0,0.0,0,0,181998,1108859,Emergency Manager
2023-08-12 10:22:00,2023-08-12 10:22:00,HICKMAN,THUNDERSTORM WIND,10000.0,0.0,0,0,181998,1108898,Public
2023-08-12 10:25:00,2023-08-12 10:25:00,CHEATHAM,THUNDERSTORM WIND,1000.0,0.0,0,0,181998,1108861,Social Media
2023-08-12 10:25:00,2023-08-12 10:25:00,DICKSON,THUNDERSTORM WIND,1000.0,0.0,0,0,181998,1108860,Trained Spotter
2023-08-12 10:28:00,2023-08-12 10:28:00,DAVIDSON,FUNNEL CLOUD,0.0,0.0,0,0,181998,1108906,Social Media
2023-08-12 10:30:00,2023-08-12 10:30:00,HICKMAN,THUNDERSTORM WIND,1000.0,0.0,0,0,181998,1108866,Social Media
2023-08-12 10:30:00,2023-08-12 11:30:00,MONTGOMERY,FLASH FLOOD,0.0,0.0,0,0,181998,1108902,Social Media
2023-08-12 10:32:00,2023-08-12 10:32:00,WILLIAMSON,THUNDERSTORM WIND,20000.0,0.0,0,0,181998,1108867,Emergency Manager
2023-08-12 10:37:00,2023-08-12 10:37:00,DAVIDSON,LIGHTNING,50000.0,0.0,0,0,181998,1108912,Emergency Manager
2023-08-12 10:37:00,2023-08-12 10:37:00,WILLIAMSON,THUNDERSTORM WIND,1000.0,0.0,0,0,181998,1108862,Social Media
2023-08-12 10:42:00,2023-08-12 10:42:00,DAVIDSON,THUNDERSTORM WIND,20000.0,0.0,0,0,181998,1108855,Social Media
2023-08-12 10:44:00,2023-08-12 10:44:00,SUMNER,THUNDERSTORM WIND,0.0,0.0,0,0,181998,1108856,Broadcast Media
2023-08-12 10:45:00,2023-08-12 10:45:00,DAVIDSON,THUNDERSTORM WIND,1000.0,0.0,0,0,181998,1108863,Social Media
2023-08-12 10:45:00,2023-08-12 10:45:00,MAURY,THUNDERSTORM WIND,1000.0,0.0,0,0,181998,1108899,Social Media
2023-08-12 10:47:00,2023-08-12 10:47:00,WILLIAMSON,FUNNEL CLOUD,0.0,0.0,0,0,181998,1108904,Trained Spotter
2023-08-12 10:47:00,2023-08-12 10:47:00,WILLIAMSON,THUNDERSTORM WIND,20000.0,0.0,0,0,181998,1108864,Social Media
2023-08-12 10:47:00,2023-08-12 10:50:00,WILLIAMSON,TORNADO,100000.0,0.0,0,0,181998,1108865,NWS Storm Survey
2023-08-12 11:00:00,2023-08-12 11:00:00,DAVIDSON,LIGHTNING,50000.0,0.0,0,0,181998,1108913,Emergency Manager
2023-08-12 11:02:00,2023-08-12 11:02:00,WILSON,LIGHTNING,1000000.0,0.0,0,0,181998,1108910,Social Media
2023-08-12 11:03:00,2023-08-12 11:03:00,WILSON,FUNNEL CLOUD,0.0,0.0,0,0,181998,1108903,Social Media
2023-08-12 11:04:00,2023-08-12 11:06:00,WILSON,THUNDERSTORM WIND,25000.0,0.0,0,0,181998,1108872,Emergency Manager
2023-08-12 11:12:00,2023-08-12 11:12:00,RUTHERFORD,THUNDERSTORM WIND,2000.0,0.0,0,0,181998,1108876,NWS Employee
2023-08-12 11:16:00,2023-08-12 11:16:00,MARSHALL,THUNDERSTORM WIND,10000.0,0.0,0,0,181998,1108879,Social Media
2023-08-12 11:27:00,2023-08-12 11:27:00,BEDFORD,THUNDERSTORM WIND,10000.0,0.0,0,0,181998,1108881,Social Media
2023-08-12 11:30:00,2023-08-12 11:30:00,CANNON,THUNDERSTORM WIND,25000.0,0.0,0,0,181998,1108891,Social Media
2023-08-12 11:31:00,2023-08-12 11:31:00,BEDFORD,FUNNEL CLOUD,0.0,0.0,0,0,181998,1108907,Social Media
2023-08-12 11:32:00,2023-08-12 11:32:00,CANNON,THUNDERSTORM WIND,50000.0,0.0,0,0,181998,1108890,Social Media
2023-08-12 11:37:00,2023-08-12 11:37:00,DEKALB,FUNNEL CLOUD,0.0,0.0,0,0,181998,1108905,Social Media
2023-08-12 11:45:00,2023-08-12 11:45:00,BEDFORD,THUNDERSTORM WIND,1000.0,0.0,0,0,181998,1108893,Social Media
2023-08-12 11:50:00,2023-08-12 11:50:00,BEDFORD,FUNNEL CLOUD,0.0,0.0,0,0,181998,1108909,Social Media
2023-08-12 11:50:00,2023-08-12 11:50:00,WARREN,THUNDERSTORM WIND,1000.0,0.0,0,0,181998,1108914,Social Media
2023-08-12 11:52:00,2023-08-12 11:52:00,MARION,THUNDERSTORM WIND,0.0,0.0,0,0,183518,1121359,911 Call Center
2023-08-12 12:12:00,2023-08-12 12:12:00,MOORE,THUNDERSTORM WIND,1000.0,0.0,0,0,184426,1129052,Emergency Manager
2023-08-12 12:16:00,2023-08-12 12:16:00,SEQUATCHIE,THUNDERSTORM WIND,0.0,0.0,0,0,183518,1121364,Public
2023-08-12 12:16:00,2023-08-12 12:16:00,SEQUATCHIE,THUNDERSTORM WIND,0.0,0.0,0,0,183518,1121365,Public
2023-08-12 12:20:00,2023-08-12 12:20:00,WARREN,THUNDERSTORM WIND,20000.0,0.0,0,0,181998,1108895,Social Media
2023-08-12 12:25:00,2023-08-12 12:25:00,WHITE,THUNDERSTORM WIND,25000.0,0.0,0,0,181998,1108894,Emergency Manager
2023-08-12 12:45:00,2023-08-12 12:45:00,FRANKLIN,THUNDERSTORM WIND,2000.0,0.0,0,0,184426,1129053,Emergency Manager
2023-08-12 12:54:00,2023-08-12 12:54:00,BLEDSOE,THUNDERSTORM WIND,0.0,0.0,0,0,183518,1121393,911 Call Center
2023-08-12 12:55:00,2023-08-12 12:55:00,FENTRESS,THUNDERSTORM WIND,1000.0,0.0,0,0,181998,1108896,Social Media
2023-08-12 13:06:00,2023-08-12 13:06:00,CAMPBELL,THUNDERSTORM WIND,0.0,0.0,0,0,183518,1121360,911 Call Center
2023-08-12 13:16:00,2023-08-12 13:16:00,HAMILTON,THUNDERSTORM WIND,0.0,0.0,0,0,183518,1121362,Public
2023-08-12 13:33:00,2023-08-12 13:33:00,MORGAN,THUNDERSTORM WIND,0.0,0.0,0,0,183518,1121367,911 Call Center
2023-08-12 13:33:00,2023-08-12 13:33:00,SCOTT,THUNDERSTORM WIND,0.0,0.0,0,0,183518,1121379,911 Call Center
2023-08-12 13:36:00,2023-08-12 13:36:00,RHEA,THUNDERSTORM WIND,0.0,0.0,0,0,183518,1121381,911 Call Center
2023-08-12 13:43:00,2023-08-12 13:43:00,MORGAN,THUNDERSTORM WIND,0.0,0.0,0,0,183518,1121383,Public
2023-08-12 13:51:00,2023-08-12 13:51:00,KNOX,THUNDERSTORM WIND,0.0,0.0,0,0,183518,1121387,911 Call Center
2023-08-12 13:58:00,2023-08-12 13:58:00,KNOX,THUNDERSTORM WIND,0.0,0.0,0,0,183518,1121397,911 Call Center
2023-08-12 13:59:00,2023-08-12 13:59:00,UNION,THUNDERSTORM WIND,0.0,0.0,0,0,183518,1121395,Public
2023-08-12 14:02:00,2023-08-12 14:02:00,KNOX,HAIL,0.0,0.0,0,0,183518,1121356,Public
2023-08-12 14:14:00,2023-08-12 14:14:00,MEIGS,THUNDERSTORM WIND,0.0,0.0,0,0,183518,1121399,Public
2023-08-12 14:20:00,2023-08-12 14:20:00,CAMPBELL,THUNDERSTORM WIND,0.0,0.0,0,0,183518,1121414,911 Call Center
2023-08-12 14:25:00,2023-08-12 14:25:00,ANDERSON,THUNDERSTORM WIND,0.0,0.0,0,0,183518,1121415,Public
2023-08-12 14:30:00,2023-08-12 14:30:00,MORGAN,THUNDERSTORM WIND,0.0,0.0,0,0,183518,1121404,Public
2023-08-12 14:32:00,2023-08-12 14:32:00,MONROE,THUNDERSTORM WIND,0.0,0.0,0,0,183518,1121400,Public
2023-08-12 14:34:00,2023-08-12 14:34:00,MCMINN,THUNDERSTORM WIND,0.0,0.0,0,0,183518,1121401,Public
2023-08-12 14:39:00,2023-08-12 14:39:00,GRAINGER,THUNDERSTORM WIND,0.0,0.0,0,0,183518,1121403,Public
2023-08-12 14:45:00,2023-08-12 14:45:00,UNION,THUNDERSTORM WIND,0.0,0.0,0,0,183518,1121405,Public
2023-08-12 14:48:00,2023-08-12 14:48:00,KNOX,THUNDERSTORM WIND,0.0,0.0,0,0,183518,1121406,911 Call Center
2023-08-12 14:48:00,2023-08-12 14:48:00,KNOX,THUNDERSTORM WIND,0.0,0.0,0,0,183518,1121407,911 Call Center
2023-08-12 14:50:00,2023-08-12 14:50:00,JEFFERSON,THUNDERSTORM WIND,0.0,0.0,0,0,183518,1121425,NWS Employee
2023-08-12 14:51:00,2023-08-12 14:51:00,KNOX,THUNDERSTORM WIND,0.0,0.0,0,0,183518,1121408,911 Call Center
2023-08-12 14:55:00,2023-08-12 14:55:00,BLOUNT,THUNDERSTORM WIND,0.0,0.0,0,0,183518,1121412,Trained Spotter
2023-08-12 15:02:00,2023-08-12 15:02:00,SEVIER,THUNDERSTORM WIND,0.0,0.0,0,0,183518,1121411,Public
2023-08-12 15:04:00,2023-08-12 15:04:00,KNOX,THUNDERSTORM WIND,0.0,0.0,0,0,183518,1121413,911 Call Center
2023-08-12 15:15:00,2023-08-12 15:15:00,BLOUNT,THUNDERSTORM WIND,0.0,0.0,0,0,183518,1121424,Public
2023-08-12 15:20:00,2023-08-12 15:20:00,KNOX,THUNDERSTORM WIND,0.0,0.0,0,0,183518,1121417,911 Call Center
2023-08-12 15:20:00,2023-08-12 15:20:00,SEVIER,THUNDERSTORM WIND,0.0,0.0,0,0,183518,1121418,911 Call Center
2023-08-12 15:30:00,2023-08-12 16:10:00,SCOTT,FLASH FLOOD,0.0,0.0,0,0,183518,1133802,911 Call Center
2023-08-12 15:42:00,2023-08-12 15:42:00,COCKE,THUNDERSTORM WIND,0.0,0.0,0,0,183518,1121419,911 Call Center
2023-08-12 15:43:00,2023-08-12 16:45:00,SEVIER,FLASH FLOOD,0.0,0.0,0,0,183518,1133803,Social Media
2023-08-12 15:45:00,2023-08-12 15:45:00,SEVIER,THUNDERSTORM WIND,0.0,0.0,0,0,183518,1121420,Public
2023-08-12 15:47:00,2023-08-12 15:47:00,SEVIER,THUNDERSTORM WIND,0.0,0.0,0,0,183518,1121422,Trained Spotter
2023-08-12 16:26:00,2023-08-12 16:26:00,UNICOI,THUNDERSTORM WIND,0.0,0.0,0,0,183518,1121423,Public
2023-08-13 10:00:00,2023-08-14 17:30:00,FRANKLIN,HEAT,0.0,0.0,0,0,185511,1138623,Mesonet
2023-08-13 10:00:00,2023-08-14 17:30:00,LINCOLN,HEAT,0.0,0.0,0,0,185511,1138625,Mesonet
2023-08-13 11:00:00,2023-08-14 17:30:00,MOORE,HEAT,0.0,0.0,0,0,185511,1138634,Mesonet
2023-08-13 11:45:00,2023-08-13 11:50:00,GIBSON,THUNDERSTORM WIND,15000.0,0.0,0,0,185097,1133856,Emergency Manager
2023-08-13 12:00:00,2023-08-13 12:25:00,CARROLL,THUNDERSTORM WIND,50000.0,0.0,0,0,185097,1133842,Fire Department/Rescue
2023-08-13 12:00:00,2023-08-14 17:00:00,FRANKLIN,EXCESSIVE HEAT,0.0,0.0,0,0,185511,1138624,Mesonet
2023-08-13 12:00:00,2023-08-14 17:00:00,LINCOLN,EXCESSIVE HEAT,0.0,0.0,0,0,185511,1138626,Mesonet
2023-08-13 12:30:00,2023-08-13 12:40:00,BENTON,THUNDERSTORM WIND,25000.0,0.0,0,0,185097,1133847,Emergency Manager
2023-08-13 13:09:00,2023-08-13 13:09:00,STEWART,THUNDERSTORM WIND,1000.0,0.0,0,0,182002,1108915,Social Media
2023-08-13 13:10:00,2023-08-13 13:10:00,HOUSTON,THUNDERSTORM WIND,15000.0,0.0,0,0,182002,1108916,Social Media
2023-08-13 13:44:00,2023-08-13 13:44:00,WILLIAMSON,THUNDERSTORM WIND,5000.0,0.0,0,0,182002,1108917,Social Media
2023-08-13 13:45:00,2023-08-13 13:45:00,MONTGOMERY,THUNDERSTORM WIND,1000.0,0.0,0,0,182002,1108918,Social Media
2023-08-13 14:01:00,2023-08-13 14:01:00,DAVIDSON,THUNDERSTORM WIND,1000.0,0.0,0,0,182002,1108919,Social Media
2023-08-13 14:02:00,2023-08-13 14:02:00,DAVIDSON,THUNDERSTORM WIND,1000.0,0.0,0,0,182002,1108920,Social Media
2023-08-13 14:06:00,2023-08-13 14:06:00,WILLIAMSON,THUNDERSTORM WIND,1000.0,0.0,0,0,182002,1108921,Social Media
2023-08-13 14:10:00,2023-08-13 14:10:00,WILLIAMSON,THUNDERSTORM WIND,20000.0,0.0,0,0,182002,1108922,Social Media
2023-08-13 14:14:00,2023-08-13 14:14:00,WILLIAMSON,THUNDERSTORM WIND,1000.0,0.0,0,0,182002,1108923,Public
2023-08-13 14:16:00,2023-08-13 14:16:00,DAVIDSON,THUNDERSTORM WIND,1000.0,0.0,0,0,182002,1108924,Public
2023-08-13 14:17:00,2023-08-13 14:17:00,DAVIDSON,THUNDERSTORM WIND,1000.0,0.0,0,0,182002,1108925,Social Media
2023-08-13 14:20:00,2023-08-13 14:20:00,DAVIDSON,THUNDERSTORM WIND,1000.0,0.0,0,0,182002,1108926,Social Media
2023-08-13 14:21:00,2023-08-13 14:21:00,DAVIDSON,THUNDERSTORM WIND,1000.0,0.0,0,0,182002,1108927,Social Media
2023-08-13 14:22:00,2023-08-13 14:22:00,DAVIDSON,THUNDERSTORM WIND,5000.0,0.0,0,0,182002,1108928,Social Media
2023-08-13 14:24:00,2023-08-13 14:24:00,DAVIDSON,THUNDERSTORM WIND,10000.0,0.0,0,0,182002,1108929,Public
2023-08-13 14:28:00,2023-08-13 14:28:00,DAVIDSON,THUNDERSTORM WIND,1000.0,0.0,0,0,182002,1108930,Social Media
2023-08-13 14:40:00,2023-08-13 14:40:00,DAVIDSON,THUNDERSTORM WIND,0.0,0.0,0,0,182002,1108931,Utility Company
2023-08-13 14:40:00,2023-08-13 14:40:00,DAVIDSON,THUNDERSTORM WIND,1000.0,0.0,0,0,182002,1108932,Social Media
2023-08-13 14:48:00,2023-08-13 14:48:00,RUTHERFORD,THUNDERSTORM WIND,500.0,0.0,0,0,182002,1108934,Social Media
2023-08-13 15:45:00,2023-08-13 15:45:00,DEKALB,THUNDERSTORM WIND,10000.0,0.0,0,0,182002,1108933,Trained Spotter
2023-08-14 10:00:00,2023-08-14 17:00:00,FAYETTE,HEAT,0.0,0.0,0,0,185327,1136293,AWOS
2023-08-14 10:00:00,2023-08-14 17:00:00,HARDEMAN,HEAT,0.0,0.0,0,0,185327,1136294,AWOS
2023-08-14 10:00:00,2023-08-14 17:00:00,HARDIN,HEAT,0.0,0.0,0,0,185327,1136296,AWOS
2023-08-14 10:00:00,2023-08-14 17:00:00,MCNAIRY,HEAT,0.0,0.0,0,0,185327,1136295,AWOS
2023-08-14 10:00:00,2023-08-14 17:00:00,SHELBY,HEAT,0.0,0.0,0,0,185327,1136292,ASOS
2023-08-14 19:25:00,2023-08-14 19:25:00,JEFFERSON,THUNDERSTORM WIND,0.0,0.0,0,0,183573,1121748,911 Call Center
2023-08-14 19:30:00,2023-08-14 19:30:00,KNOX,THUNDERSTORM WIND,0.0,0.0,0,0,183573,1121749,911 Call Center
2023-08-14 19:53:00,2023-08-14 19:53:00,JEFFERSON,THUNDERSTORM WIND,0.0,0.0,0,0,183573,1121751,Public
2023-08-14 19:58:00,2023-08-14 19:58:00,PUTNAM,THUNDERSTORM WIND,5000.0,0.0,0,0,182003,1108935,Emergency Manager
2023-08-14 20:05:00,2023-08-14 20:05:00,GRAINGER,THUNDERSTORM WIND,0.0,0.0,0,0,183573,1121752,911 Call Center
2023-08-14 20:05:00,2023-08-14 20:05:00,JEFFERSON,THUNDERSTORM WIND,0.0,0.0,0,0,183573,1121753,Public
2023-08-14 20:06:00,2023-08-14 20:06:00,JEFFERSON,THUNDERSTORM WIND,0.0,0.0,0,0,183573,1121755,911 Call Center
2023-08-14 20:15:00,2023-08-14 20:15:00,CLAIBORNE,THUNDERSTORM WIND,0.0,0.0,0,0,183573,1121769,911 Call Center
2023-08-14 20:15:00,2023-08-14 20:15:00,HANCOCK,THUNDERSTORM WIND,0.0,0.0,0,0,183573,1121766,911 Call Center
2023-08-14 20:20:00,2023-08-14 20:20:00,BRADLEY,THUNDERSTORM WIND,0.0,0.0,0,0,183573,1121768,911 Call Center
2023-08-14 20:55:00,2023-08-14 20:55:00,HAWKINS,HAIL,0.0,0.0,0,0,183573,1121747,Trained Spotter
2023-08-14 21:00:00,2023-08-14 22:00:00,GRAINGER,FLASH FLOOD,0.0,0.0,0,0,183573,1134662,Law Enforcement
2023-08-14 21:10:00,2023-08-14 21:10:00,SULLIVAN,THUNDERSTORM WIND,0.0,0.0,0,0,183573,1121756,Law Enforcement
2023-08-14 22:00:00,2023-08-14 23:30:00,MCMINN,FLASH FLOOD,0.0,0.0,0,0,183573,1134664,Law Enforcement
2023-08-14 22:00:00,2023-08-14 22:00:00,MCMINN,THUNDERSTORM WIND,0.0,0.0,0,0,183573,1121763,911 Call Center
2023-08-14 22:30:00,2023-08-14 22:30:00,HAMBLEN,THUNDERSTORM WIND,0.0,0.0,0,0,183573,1121765,911 Call Center
2023-08-14 22:57:00,2023-08-15 00:00:00,MCMINN,FLASH FLOOD,0.0,0.0,0,0,183573,1134667,Trained Spotter
2023-08-14 23:00:00,2023-08-15 00:20:00,JEFFERSON,FLASH FLOOD,2000.0,0.0,0,0,183573,1134668,Law Enforcement
2023-08-14 23:00:00,2023-08-15 03:00:00,MONROE,FLASH FLOOD,10000000.0,0.0,0,0,183573,1134671,Emergency Manager
2023-08-14 23:05:00,2023-08-14 23:05:00,GREENE,THUNDERSTORM WIND,0.0,0.0,0,0,183573,1121758,911 Call Center
2023-08-14 23:10:00,2023-08-14 23:15:00,WASHINGTON,THUNDERSTORM WIND,0.0,0.0,0,0,183573,1121787,NWS Storm Survey
2023-08-14 23:15:00,2023-08-14 23:15:00,WASHINGTON,THUNDERSTORM WIND,0.0,0.0,0,0,183573,1121789,NWS Storm Survey
2023-08-14 23:30:00,2023-08-14 23:30:00,CARTER,THUNDERSTORM WIND,0.0,0.0,0,0,183573,1121759,911 Call Center
2023-08-14 23:43:00,2023-08-14 23:46:00,CARTER,THUNDERSTORM WIND,0.0,0.0,0,0,183573,1137848,NWS Storm Survey
2023-08-14 23:45:00,2023-08-15 00:00:00,GREENE,FLASH FLOOD,5000.0,0.0,0,0,183573,1134672,Broadcast Media
2023-08-14 23:46:00,2023-08-14 23:50:00,CARTER,THUNDERSTORM WIND,0.0,0.0,0,0,183573,1137870,NWS Storm Survey
2023-08-15 00:55:00,2023-08-15 00:55:00,HAMILTON,THUNDERSTORM WIND,0.0,0.0,0,0,183573,1121761,911 Call Center
2023-08-15 03:00:00,2023-08-15 03:00:00,MONROE,FLOOD,0.0,0.0,0,0,183573,1134674,River/Stream Gage
2023-08-20 11:00:00,2023-08-20 19:00:00,DYER,HEAT,0.0,0.0,0,0,185114,1134078,AWOS
2023-08-20 11:00:00,2023-08-20 19:00:00,LAKE,HEAT,0.0,0.0,0,0,185114,1134080,AWOS
2023-08-20 11:00:00,2023-08-20 19:00:00,LAUDERDALE,HEAT,0.0,0.0,0,0,185114,1134077,AWOS
2023-08-20 11:00:00,2023-08-20 19:00:00,OBION,HEAT,0.0,0.0,0,0,185114,1134079,AWOS
2023-08-20 11:00:00,2023-08-20 19:00:00,SHELBY,HEAT,0.0,0.0,0,0,185114,1134075,ASOS
2023-08-20 11:00:00,2023-08-20 19:00:00,TIPTON,HEAT,0.0,0.0,0,0,185114,1134076,AWOS
2023-08-21 11:00:00,2023-08-22 11:00:00,BENTON,HEAT,0.0,0.0,0,0,185114,1134908,AWOS
2023-08-21 11:00:00,2023-08-22 11:00:00,CARROLL,HEAT,0.0,0.0,0,0,185114,1134910,AWOS
2023-08-21 11:00:00,2023-08-24 11:00:00,CHESTER,HEAT,0.0,0.0,0,0,185114,1134914,AWOS
2023-08-21 11:00:00,2023-08-22 11:00:00,CROCKETT,HEAT,0.0,0.0,0,0,185114,1134912,AWOS
2023-08-21 11:00:00,2023-08-24 11:00:00,DECATUR,HEAT,0.0,0.0,0,0,185114,1134916,AWOS
2023-08-21 11:00:00,2023-08-22 11:00:00,DYER,HEAT,0.0,0.0,0,0,185114,1134918,AWOS
2023-08-21 11:00:00,2023-08-22 11:00:00,FAYETTE,HEAT,0.0,0.0,0,0,185114,1134920,AWOS
2023-08-21 11:00:00,2023-08-22 11:00:00,GIBSON,HEAT,0.0,0.0,0,0,185114,1134922,AWOS
2023-08-21 11:00:00,2023-08-24 11:00:00,HARDEMAN,HEAT,0.0,0.0,0,0,185114,1134924,AWOS
2023-08-21 11:00:00,2023-08-24 11:00:00,HARDIN,HEAT,0.0,0.0,0,0,185114,1134926,AWOS
2023-08-21 11:00:00,2023-08-22 11:00:00,HAYWOOD,HEAT,0.0,0.0,0,0,185114,1134928,AWOS
2023-08-21 11:00:00,2023-08-24 11:00:00,HENDERSON,HEAT,0.0,0.0,0,0,185114,1134930,AWOS
2023-08-21 11:00:00,2023-08-22 11:00:00,HENRY,HEAT,0.0,0.0,0,0,185114,1134932,AWOS
2023-08-21 11:00:00,2023-08-22 11:00:00,LAKE,HEAT,0.0,0.0,0,0,185114,1134935,AWOS
2023-08-21 11:00:00,2023-08-22 11:00:00,LAUDERDALE,HEAT,0.0,0.0,0,0,185114,1134937,AWOS
2023-08-21 11:00:00,2023-08-22 11:00:00,MADISON,HEAT,0.0,0.0,0,0,185114,1134939,ASOS
2023-08-21 11:00:00,2023-08-31 11:00:00,MCNAIRY,HEAT,0.0,0.0,0,0,185114,1135419,AWOS
2023-08-21 11:00:00,2023-08-22 11:00:00,OBION,HEAT,0.0,0.0,0,0,185114,1135421,AWOS
2023-08-21 11:00:00,2023-08-22 11:00:00,SHELBY,HEAT,0.0,0.0,0,0,185114,1135423,ASOS
2023-08-21 11:00:00,2023-08-22 11:00:00,TIPTON,HEAT,0.0,0.0,0,0,185114,1135425,AWOS
2023-08-21 11:00:00,2023-08-22 11:00:00,WEAKLEY,HEAT,0.0,0.0,0,0,185114,1135427,AWOS
2023-08-22 11:00:00,2023-08-26 18:00:00,BENTON,EXCESSIVE HEAT,0.0,0.0,0,0,185114,1134909,AWOS
2023-08-22 11:00:00,2023-08-26 18:00:00,CARROLL,EXCESSIVE HEAT,0.0,0.0,0,0,185114,1134911,AWOS
2023-08-22 11:00:00,2023-08-26 18:00:00,CROCKETT,EXCESSIVE HEAT,0.0,0.0,0,0,185114,1134913,AWOS
2023-08-22 11:00:00,2023-08-26 18:00:00,DYER,EXCESSIVE HEAT,0.0,0.0,0,0,185114,1134919,AWOS
2023-08-22 11:00:00,2023-08-26 18:00:00,FAYETTE,EXCESSIVE HEAT,0.0,0.0,0,0,185114,1134921,AWOS
2023-08-22 11:00:00,2023-08-26 18:00:00,GIBSON,EXCESSIVE HEAT,0.0,0.0,0,0,185114,1134923,AWOS
2023-08-22 11:00:00,2023-08-26 18:00:00,HAYWOOD,EXCESSIVE HEAT,0.0,0.0,0,0,185114,1134929,AWOS
2023-08-22 11:00:00,2023-08-26 18:00:00,HENRY,EXCESSIVE HEAT,0.0,0.0,0,0,185114,1134934,AWOS
2023-08-22 11:00:00,2023-08-26 18:00:00,LAKE,EXCESSIVE HEAT,0.0,0.0,0,0,185114,1134936,AWOS
2023-08-22 11:00:00,2023-08-26 18:00:00,LAUDERDALE,EXCESSIVE HEAT,0.0,0.0,0,0,185114,1134938,AWOS
2023-08-22 11:00:00,2023-08-26 18:00:00,MADISON,EXCESSIVE HEAT,0.0,0.0,0,0,185114,1134940,ASOS
2023-08-22 11:00:00,2023-08-26 18:00:00,OBION,EXCESSIVE HEAT,0.0,0.0,0,0,185114,1135422,AWOS
2023-08-22 11:00:00,2023-08-26 18:00:00,SHELBY,EXCESSIVE HEAT,0.0,0.0,0,0,185114,1135424,ASOS
2023-08-22 11:00:00,2023-08-26 18:00:00,TIPTON,EXCESSIVE HEAT,0.0,0.0,0,0,185114,1135426,AWOS
2023-08-22 11:00:00,2023-08-26 18:00:00,WEAKLEY,EXCESSIVE HEAT,0.0,0.0,0,0,185114,1135428,AWOS
2023-08-22 14:00:00,2023-08-26 15:00:00,FRANKLIN,HEAT,0.0,0.0,0,0,182498,1131935,AWOS
2023-08-22 14:00:00,2023-08-26 15:00:00,LINCOLN,HEAT,0.0,0.0,0,0,182498,1131933,AWOS
2023-08-22 14:00:00,2023-08-26 15:00:00,MOORE,HEAT,0.0,0.0,0,0,182498,1131934,AWOS
2023-08-24 10:15:00,2023-08-24 17:45:00,DICKSON,HEAT,0.0,0.0,0,0,182571,1112977,Mesonet
2023-08-24 10:15:00,2023-08-24 18:35:00,GILES,HEAT,0.0,0.0,0,0,182571,1112978,AWOS
2023-08-24 10:30:00,2023-08-24 14:45:00,DEKALB,HEAT,0.0,0.0,0,0,182571,1112976,Mesonet
2023-08-24 10:34:00,2023-08-24 18:07:00,HICKMAN,HEAT,0.0,0.0,0,0,182571,1112980,Mesonet
2023-08-24 10:35:00,2023-08-24 15:30:00,MONTGOMERY,HEAT,0.0,0.0,0,0,182571,1112985,Mesonet
2023-08-24 10:50:00,2023-08-24 12:50:00,DAVIDSON,HEAT,0.0,0.0,0,0,182571,1112975,AWOS
2023-08-24 11:00:00,2023-08-26 18:00:00,CHESTER,EXCESSIVE HEAT,0.0,0.0,0,0,185114,1134915,AWOS
2023-08-24 11:00:00,2023-08-26 18:00:00,DECATUR,EXCESSIVE HEAT,0.0,0.0,0,0,185114,1134917,AWOS
2023-08-24 11:00:00,2023-08-26 18:00:00,HARDEMAN,EXCESSIVE HEAT,0.0,0.0,0,0,185114,1134925,AWOS
2023-08-24 11:00:00,2023-08-26 18:00:00,HARDIN,EXCESSIVE HEAT,0.0,0.0,0,0,185114,1134927,AWOS
2023-08-24 11:00:00,2023-08-26 18:00:00,HENDERSON,EXCESSIVE HEAT,0.0,0.0,0,0,185114,1134931,AWOS
2023-08-24 11:00:00,2023-08-26 18:00:00,MCNAIRY,EXCESSIVE HEAT,0.0,0.0,0,0,185114,1135420,AWOS
2023-08-24 11:10:00,2023-08-24 17:50:00,LAWRENCE,HEAT,0.0,0.0,0,0,182571,1112981,Mesonet
2023-08-24 11:45:00,2023-08-24 16:35:00,CHEATHAM,HEAT,0.0,0.0,0,0,182571,1112974,Mesonet
2023-08-24 11:45:00,2023-08-24 18:15:00,MAURY,HEAT,0.0,0.0,0,0,182571,1112984,Mesonet
2023-08-24 12:06:00,2023-08-24 13:06:00,MARSHALL,HEAT,0.0,0.0,0,0,182571,1112983,RAWS
2023-08-24 12:08:00,2023-08-24 12:49:00,CANNON,HEAT,0.0,0.0,0,0,182571,1112972,Mesonet
2023-08-24 12:22:00,2023-08-24 18:22:00,LEWIS,HEAT,0.0,0.0,0,0,182571,1112982,RAWS
2023-08-24 12:25:00,2023-08-24 18:24:00,WAYNE,HEAT,0.0,0.0,0,0,182571,1112988,Mesonet
2023-08-24 13:00:00,2023-08-24 13:00:00,JEFFERSON,THUNDERSTORM WIND,0.0,0.0,0,0,183924,1124806,911 Call Center
2023-08-24 13:00:00,2023-08-24 16:00:00,LINCOLN,EXCESSIVE HEAT,0.0,0.0,0,0,182498,1131937,AWOS
2023-08-24 14:26:00,2023-08-24 17:26:00,STEWART,HEAT,0.0,0.0,0,0,182571,1112986,RAWS
2023-08-25 09:26:00,2023-08-25 17:26:00,STEWART,HEAT,0.0,0.0,0,0,182641,1113658,RAWS
2023-08-25 09:50:00,2023-08-25 15:50:00,ROBERTSON,HEAT,0.0,0.0,0,0,182641,1113657,AWOS
2023-08-25 10:00:00,2023-08-25 17:15:00,MAURY,HEAT,0.0,0.0,0,0,182641,1113637,Mesonet
2023-08-25 10:15:00,2023-08-25 16:15:00,MONTGOMERY,HEAT,0.0,0.0,0,0,182641,1113656,RAWS
2023-08-25 10:16:00,2023-08-25 11:16:00,MARSHALL,HEAT,0.0,0.0,0,0,182641,1113655,RAWS
2023-08-25 10:35:00,2023-08-25 18:15:00,GILES,HEAT,0.0,0.0,0,0,182641,1113639,AWOS
2023-08-25 10:50:00,2023-08-25 16:05:00,HICKMAN,HEAT,0.0,0.0,0,0,182641,1113652,Mesonet
2023-08-25 11:05:00,2023-08-25 17:35:00,DICKSON,HEAT,0.0,0.0,0,0,182641,1113638,Mesonet
2023-08-25 11:55:00,2023-08-25 14:25:00,CHEATHAM,HEAT,0.0,0.0,0,0,182641,1113636,Mesonet
2023-08-25 12:20:00,2023-08-25 18:29:00,WAYNE,HEAT,0.0,0.0,0,0,182641,1113659,Mesonet
2023-08-25 15:00:00,2023-08-25 17:00:00,LINCOLN,EXCESSIVE HEAT,0.0,0.0,0,0,182498,1131940,AWOS
2023-08-25 15:22:00,2023-08-25 16:22:00,LEWIS,HEAT,0.0,0.0,0,0,182641,1113654,RAWS
2023-08-25 15:25:00,2023-08-25 15:40:00,LAWRENCE,HEAT,0.0,0.0,0,0,182641,1113653,Mesonet
2023-08-26 14:53:00,2023-08-26 14:53:00,STEWART,THUNDERSTORM WIND,10000.0,0.0,0,0,182672,1113843,CoCoRaHS
2023-08-26 15:25:00,2023-08-26 15:25:00,LAWRENCE,THUNDERSTORM WIND,150000.0,0.0,0,0,182672,1113848,Emergency Manager
2023-08-26 15:35:00,2023-08-26 15:35:00,WILLIAMSON,THUNDERSTORM WIND,1000.0,0.0,0,0,182672,1113844,Social Media
2023-08-26 15:49:00,2023-08-26 15:49:00,DICKSON,THUNDERSTORM WIND,10000.0,0.0,0,0,182672,1113846,911 Call Center
2023-08-26 15:50:00,2023-08-26 16:50:00,LAWRENCE,FLOOD,0.0,0.0,0,0,182672,1113849,Emergency Manager
2023-08-26 15:56:00,2023-08-26 15:56:00,MAURY,THUNDERSTORM WIND,50000.0,0.0,0,0,182672,1113845,Law Enforcement
2023-08-26 16:40:00,2023-08-26 16:40:00,LEWIS,THUNDERSTORM WIND,20000.0,0.0,0,0,182672,1113847,Social Media
2023-08-26 17:25:00,2023-08-26 17:35:00,WILLIAMSON,FLOOD,0.0,0.0,0,0,182672,1113850,Social Media
2023-08-26 17:45:00,2023-08-26 18:45:00,WILLIAMSON,FLOOD,0.0,0.0,0,0,182672,1113851,Emergency Manager
2023-08-27 08:14:00,2023-08-27 09:14:00,STEWART,FLOOD,0.0,0.0,0,0,183043,1117894,CoCoRaHS
2023-09-05 16:15:00,2023-09-05 16:20:00,SHELBY,HAIL,5000.0,0.0,0,0,185855,1140774,Public
2023-09-05 17:06:00,2023-09-05 17:11:00,HENDERSON,THUNDERSTORM WIND,5000.0,0.0,0,0,185855,1140775,State Official
2023-09-06 11:00:00,2023-09-06 18:00:00,SHELBY,HEAT,0.0,0.0,0,0,186111,1142238,ASOS
2023-09-07 15:57:00,2023-09-07 15:57:00,SULLIVAN,HAIL,0.0,0.0,0,0,183909,1124756,Public
2023-09-07 15:57:00,2023-09-07 15:57:00,SULLIVAN,THUNDERSTORM WIND,0.0,0.0,0,0,183909,1124757,Public
2023-09-09 18:12:00,2023-09-09 18:12:00,CAMPBELL,THUNDERSTORM WIND,0.0,0.0,0,0,183910,1124758,911 Call Center
2023-09-09 19:05:00,2023-09-09 19:05:00,CLAIBORNE,THUNDERSTORM WIND,0.0,0.0,0,0,183910,1124759,911 Call Center
2023-09-09 19:36:00,2023-09-09 20:30:00,CLAIBORNE,FLASH FLOOD,0.0,0.0,0,0,183910,1134684,911 Call Center
2023-09-12 14:51:00,2023-09-12 14:51:00,HAWKINS,THUNDERSTORM WIND,0.0,0.0,0,0,183912,1124765,Law Enforcement
2023-09-12 15:30:00,2023-09-12 15:30:00,GREENE,THUNDERSTORM WIND,0.0,0.0,0,0,183912,1124767,Law Enforcement
2023-09-12 15:40:00,2023-09-12 15:40:00,GREENE,THUNDERSTORM WIND,0.0,0.0,0,0,183912,1124768,911 Call Center
2023-09-12 15:50:00,2023-09-12 15:50:00,WASHINGTON,THUNDERSTORM WIND,0.0,0.0,0,0,183912,1124770,911 Call Center
2023-09-12 15:54:00,2023-09-12 15:54:00,WASHINGTON,THUNDERSTORM WIND,0.0,0.0,0,0,183912,1124771,911 Call Center
2023-09-12 16:45:00,2023-09-12 16:45:00,CARTER,THUNDERSTORM WIND,0.0,0.0,0,0,183912,1124780,Public
2023-09-20 15:04:00,2023-09-20 15:09:00,SHELBY,THUNDERSTORM WIND,0.0,0.0,0,0,186120,1142268,Public
2023-09-27 11:55:00,2023-09-27 12:00:00,RUTHERFORD,THUNDERSTORM WIND,1000.0,0.0,0,0,184404,1128847,AWOS
2023-09-28 16:22:00,2023-09-28 16:27:00,WEAKLEY,THUNDERSTORM WIND,0.0,0.0,0,0,186127,1142280,Law Enforcement
2023-10-12 00:00:00,2023-10-26 00:00:00,FRANKLIN,DROUGHT,0.0,0.0,0,0,184823,1146528,Drought Monitor
2023-10-17 00:00:00,2023-10-31 23:59:00,BEDFORD,DROUGHT,0.0,0.0,0,0,185640,1139502,Drought Monitor
2023-10-17 00:00:00,2023-10-31 23:59:00,CANNON,DROUGHT,0.0,0.0,0,0,185640,1139509,Drought Monitor
2023-10-17 00:00:00,2023-10-31 23:59:00,CHEATHAM,DROUGHT,0.0,0.0,0,0,185640,1139516,Drought Monitor
2023-10-17 00:00:00,2023-10-31 23:59:00,COFFEE,DROUGHT,0.0,0.0,0,0,185640,1139503,Drought Monitor
2023-10-17 00:00:00,2023-10-31 23:59:00,CUMBERLAND,DROUGHT,0.0,0.0,0,0,185640,1139513,Drought Monitor
2023-10-17 00:00:00,2023-10-31 23:59:00,DAVIDSON,DROUGHT,0.0,0.0,0,0,185640,1139517,Drought Monitor
2023-10-17 00:00:00,2023-10-31 23:59:00,DEKALB,DROUGHT,0.0,0.0,0,0,185640,1139520,Drought Monitor
2023-10-17 00:00:00,2023-10-31 23:59:00,DICKSON,DROUGHT,0.0,0.0,0,0,185640,1139515,Drought Monitor
2023-10-17 00:00:00,2023-10-31 23:59:00,FENTRESS,DROUGHT,0.0,0.0,0,0,185640,1139523,Drought Monitor
2023-10-17 00:00:00,2023-10-31 23:59:00,GILES,DROUGHT,0.0,0.0,0,0,185640,1139498,Drought Monitor
2023-10-17 00:00:00,2023-10-31 23:59:00,GRUNDY,DROUGHT,0.0,0.0,0,0,185640,1139504,Drought Monitor
2023-10-17 00:00:00,2023-10-31 23:59:00,HICKMAN,DROUGHT,0.0,0.0,0,0,185640,1139506,Drought Monitor
2023-10-17 00:00:00,2023-10-31 23:59:00,HUMPHREYS,DROUGHT,0.0,0.0,0,0,185640,1139514,Drought Monitor
2023-10-17 00:00:00,2023-10-31 23:59:00,LAWRENCE,DROUGHT,0.0,0.0,0,0,185640,1139497,Drought Monitor
2023-10-17 00:00:00,2023-10-31 23:59:00,LEWIS,DROUGHT,0.0,0.0,0,0,185640,1139499,Drought Monitor
2023-10-17 00:00:00,2023-10-31 23:59:00,MARSHALL,DROUGHT,0.0,0.0,0,0,185640,1139501,Drought Monitor
2023-10-17 00:00:00,2023-10-31 23:59:00,MAURY,DROUGHT,0.0,0.0,0,0,185640,1139500,Drought Monitor
2023-10-17 00:00:00,2023-10-31 23:59:00,OVERTON,DROUGHT,0.0,0.0,0,0,185640,1139522,Drought Monitor
2023-10-17 00:00:00,2023-10-31 23:59:00,PERRY,DROUGHT,0.0,0.0,0,0,185640,1139505,Drought Monitor
2023-10-17 00:00:00,2023-10-31 23:59:00,PUTNAM,DROUGHT,0.0,0.0,0,0,185640,1139521,Drought Monitor
2023-10-17 00:00:00,2023-10-31 23:59:00,RUTHERFORD,DROUGHT,0.0,0.0,0,0,185640,1139508,Drought Monitor
2023-10-17 00:00:00,2023-10-31 23:59:00,SMITH,DROUGHT,0.0,0.0,0,0,185640,1139519,Drought Monitor
2023-10-17 00:00:00,2023-10-31 23:59:00,VAN BUREN,DROUGHT,0.0,0.0,0,0,185640,1139511,Drought Monitor
2023-10-17 00:00:00,2023-10-31 23:59:00,WARREN,DROUGHT,0.0,0.0,0,0,185640,1139510,Drought Monitor
2023-10-17 00:00:00,2023-10-31 23:59:00,WAYNE,DROUGHT,0.0,0.0,0,0,185640,1139496,Drought Monitor
2023-10-17 00:00:00,2023-10-31 23:59:00,WHITE,DROUGHT,0.0,0.0,0,0,185640,1139512,Drought Monitor
2023-10-17 00:00:00,2023-10-31 23:59:00,WILLIAMSON,DROUGHT,0.0,0.0,0,0,185640,1139507,Drought Monitor
2023-10-17 00:00:00,2023-10-31 23:59:00,WILSON,DROUGHT,0.0,0.0,0,0,185640,1139518,Drought Monitor
2023-10-17 06:00:00,2023-10-31 23:59:00,FAYETTE,DROUGHT,0.0,0.0,0,0,186531,1144750,Drought Monitor
2023-10-17 06:00:00,2023-10-31 23:59:00,HARDEMAN,DROUGHT,0.0,0.0,0,0,186531,1144752,Drought Monitor
2023-10-17 06:00:00,2023-10-31 23:59:00,HARDIN,DROUGHT,0.0,0.0,0,0,186531,1144755,Drought Monitor
2023-10-17 06:00:00,2023-10-31 23:59:00,HAYWOOD,DROUGHT,0.0,0.0,0,0,186531,1144751,Drought Monitor
2023-10-17 06:00:00,2023-10-31 23:59:00,MCNAIRY,DROUGHT,0.0,0.0,0,0,186531,1144753,Drought Monitor
2023-10-17 06:00:00,2023-10-31 23:59:00,SHELBY,DROUGHT,0.0,0.0,0,0,186531,1144749,Drought Monitor
2023-10-19 00:00:00,2023-10-26 00:00:00,FRANKLIN,DROUGHT,0.0,0.0,0,0,186814,1146580,Drought Monitor
2023-10-19 00:00:00,2023-10-26 00:00:00,LINCOLN,DROUGHT,0.0,0.0,0,0,186814,1146581,Drought Monitor
2023-10-19 00:00:00,2023-10-26 00:00:00,MOORE,DROUGHT,0.0,0.0,0,0,186814,1146582,Drought Monitor
2023-10-24 06:00:00,2023-10-31 23:59:00,CHESTER,DROUGHT,0.0,0.0,0,0,186537,1144786,Drought Monitor
2023-10-24 06:00:00,2023-10-31 23:59:00,CROCKETT,DROUGHT,0.0,0.0,0,0,186537,1144783,Drought Monitor
2023-10-24 06:00:00,2023-10-31 23:59:00,DECATUR,DROUGHT,0.0,0.0,0,0,186537,1144788,Drought Monitor
2023-10-24 06:00:00,2023-10-31 23:59:00,HENDERSON,DROUGHT,0.0,0.0,0,0,186537,1144787,Drought Monitor
2023-10-24 06:00:00,2023-10-31 23:59:00,LAUDERDALE,DROUGHT,0.0,0.0,0,0,186537,1144782,Drought Monitor
2023-10-24 06:00:00,2023-10-31 23:59:00,MADISON,DROUGHT,0.0,0.0,0,0,186537,1144785,Drought Monitor
2023-10-24 06:00:00,2023-10-31 23:59:00,TIPTON,DROUGHT,0.0,0.0,0,0,186537,1144781,Drought Monitor
2023-10-26 00:00:00,2023-10-31 23:59:00,FRANKLIN,DROUGHT,0.0,0.0,0,0,186815,1146583,Drought Monitor
2023-10-26 00:00:00,2023-10-31 23:59:00,LINCOLN,DROUGHT,0.0,0.0,0,0,186815,1146584,Drought Monitor
2023-10-26 00:00:00,2023-10-31 23:59:00,MOORE,DROUGHT,0.0,0.0,0,0,186815,1146585,Drought Monitor
2023-10-31 06:00:00,2023-10-31 23:59:00,BENTON,DROUGHT,0.0,0.0,0,0,186538,1144795,Drought Monitor
2023-10-31 06:00:00,2023-10-31 23:59:00,CARROLL,DROUGHT,0.0,0.0,0,0,186538,1144794,Drought Monitor
2023-10-31 06:00:00,2023-10-31 23:59:00,DYER,DROUGHT,0.0,0.0,0,0,186538,1144790,Drought Monitor
2023-10-31 06:00:00,2023-10-31 23:59:00,GIBSON,DROUGHT,0.0,0.0,0,0,186538,1144791,Drought Monitor
2023-10-31 06:00:00,2023-10-31 23:59:00,HENRY,DROUGHT,0.0,0.0,0,0,186538,1144793,Drought Monitor
2023-10-31 06:00:00,2023-10-31 23:59:00,WEAKLEY,DROUGHT,0.0,0.0,0,0,186538,1144792,Drought Monitor
2023-11-01 00:00:00,2023-11-30 23:59:00,BEDFORD,DROUGHT,0.0,0.0,0,0,186260,1143250,Drought Monitor
2023-11-01 00:00:00,2023-11-30 23:59:00,BENTON,DROUGHT,0.0,0.0,0,0,186845,1146792,Drought Monitor
2023-11-01 00:00:00,2023-11-30 23:59:00,CANNON,DROUGHT,0.0,0.0,0,0,186260,1143257,Drought Monitor
2023-11-01 00:00:00,2023-11-30 23:59:00,CARROLL,DROUGHT,0.0,0.0,0,0,186845,1146791,Drought Monitor
2023-11-01 00:00:00,2023-11-30 23:59:00,CHEATHAM,DROUGHT,0.0,0.0,0,0,186260,1143264,Drought Monitor
2023-11-01 00:00:00,2023-11-30 23:59:00,CHESTER,DROUGHT,0.0,0.0,0,0,186845,1146802,Drought Monitor
2023-11-01 00:00:00,2023-11-30 23:59:00,CLAY,DROUGHT,0.0,0.0,0,0,186260,1143273,Drought Monitor
2023-11-01 00:00:00,2023-11-30 23:59:00,COFFEE,DROUGHT,0.0,0.0,0,0,186260,1143251,Drought Monitor
2023-11-01 00:00:00,2023-11-30 23:59:00,CROCKETT,DROUGHT,0.0,0.0,0,0,186845,1146790,Drought Monitor
2023-11-01 00:00:00,2023-11-30 23:59:00,CUMBERLAND,DROUGHT,0.0,0.0,0,0,186260,1143261,Drought Monitor
2023-11-01 00:00:00,2023-11-30 23:59:00,DAVIDSON,DROUGHT,0.0,0.0,0,0,186260,1143265,Drought Monitor
2023-11-01 00:00:00,2023-11-30 23:59:00,DECATUR,DROUGHT,0.0,0.0,0,0,186845,1146793,Drought Monitor
2023-11-01 00:00:00,2023-11-30 23:59:00,DEKALB,DROUGHT,0.0,0.0,0,0,186260,1143268,Drought Monitor
2023-11-01 00:00:00,2023-11-30 23:59:00,DICKSON,DROUGHT,0.0,0.0,0,0,186260,1143263,Drought Monitor
2023-11-01 00:00:00,2023-11-30 23:59:00,DYER,DROUGHT,0.0,0.0,0,0,186845,1146786,Drought Monitor
2023-11-01 00:00:00,2023-11-30 23:59:00,FAYETTE,DROUGHT,0.0,0.0,0,0,186845,1146798,Drought Monitor
2023-11-01 00:00:00,2023-11-30 23:59:00,FENTRESS,DROUGHT,0.0,0.0,0,0,186260,1143271,Drought Monitor
2023-11-01 00:00:00,2023-11-30 23:59:00,FRANKLIN,DROUGHT,0.0,0.0,0,0,186824,1153046,Drought Monitor
2023-11-01 00:00:00,2023-11-01 08:00:00,FRANKLIN,FROST/FREEZE,0.0,0.0,0,0,185662,1139612,COOP Observer
2023-11-01 00:00:00,2023-11-30 23:59:00,GIBSON,DROUGHT,0.0,0.0,0,0,186845,1146789,Drought Monitor
2023-11-01 00:00:00,2023-11-30 23:59:00,GILES,DROUGHT,0.0,0.0,0,0,186260,1143246,Drought Monitor
2023-11-01 00:00:00,2023-11-30 23:59:00,GRUNDY,DROUGHT,0.0,0.0,0,0,186260,1143252,Drought Monitor
2023-11-01 00:00:00,2023-11-30 23:59:00,HARDEMAN,DROUGHT,0.0,0.0,0,0,186845,1146803,Drought Monitor
2023-11-01 00:00:00,2023-11-30 23:59:00,HARDIN,DROUGHT,0.0,0.0,0,0,186845,1146795,Drought Monitor
2023-11-01 00:00:00,2023-11-30 23:59:00,HAYWOOD,DROUGHT,0.0,0.0,0,0,186845,1146799,Drought Monitor
2023-11-01 00:00:00,2023-11-30 23:59:00,HENDERSON,DROUGHT,0.0,0.0,0,0,186845,1146801,Drought Monitor
2023-11-01 00:00:00,2023-11-30 23:59:00,HENRY,DROUGHT,0.0,0.0,0,0,186845,1146788,Drought Monitor
2023-11-01 00:00:00,2023-11-30 23:59:00,HICKMAN,DROUGHT,0.0,0.0,0,0,186260,1143254,Drought Monitor
2023-11-01 00:00:00,2023-11-30 23:59:00,HUMPHREYS,DROUGHT,0.0,0.0,0,0,186260,1143262,Drought Monitor
2023-11-01 00:00:00,2023-11-30 23:59:00,JACKSON,DROUGHT,0.0,0.0,0,0,186260,1143272,Drought Monitor
2023-11-01 00:00:00,2023-11-30 23:59:00,LAUDERDALE,DROUGHT,0.0,0.0,0,0,186845,1146785,Drought Monitor
2023-11-01 00:00:00,2023-11-30 23:59:00,LAWRENCE,DROUGHT,0.0,0.0,0,0,186260,1143245,Drought Monitor
2023-11-01 00:00:00,2023-11-30 23:59:00,LEWIS,DROUGHT,0.0,0.0,0,0,186260,1143247,Drought Monitor
2023-11-01 00:00:00,2023-11-30 23:59:00,LINCOLN,DROUGHT,0.0,0.0,0,0,186824,1146632,Drought Monitor
2023-11-01 00:00:00,2023-11-01 08:00:00,LINCOLN,FROST/FREEZE,0.0,0.0,0,0,185662,1139611,COOP Observer
2023-11-01 00:00:00,2023-11-30 23:59:00,MADISON,DROUGHT,0.0,0.0,0,0,186845,1146800,Drought Monitor
2023-11-01 00:00:00,2023-11-30 23:59:00,MARSHALL,DROUGHT,0.0,0.0,0,0,186260,1143249,Drought Monitor
2023-11-01 00:00:00,2023-11-30 23:59:00,MAURY,DROUGHT,0.0,0.0,0,0,186260,1143248,Drought Monitor
2023-11-01 00:00:00,2023-11-30 23:59:00,MCNAIRY,DROUGHT,0.0,0.0,0,0,186845,1146794,Drought Monitor
2023-11-01 00:00:00,2023-11-30 23:59:00,MOORE,DROUGHT,0.0,0.0,0,0,186824,1146633,Drought Monitor
2023-11-01 00:00:00,2023-11-01 08:00:00,MOORE,FROST/FREEZE,0.0,0.0,0,0,185662,1139609,COOP Observer
2023-11-01 00:00:00,2023-11-30 23:59:00,OVERTON,DROUGHT,0.0,0.0,0,0,186260,1143270,Drought Monitor
2023-11-01 00:00:00,2023-11-30 23:59:00,PERRY,DROUGHT,0.0,0.0,0,0,186260,1143253,Drought Monitor
2023-11-01 00:00:00,2023-11-30 23:59:00,PICKETT,DROUGHT,0.0,0.0,0,0,186260,1143274,Drought Monitor
2023-11-01 00:00:00,2023-11-30 23:59:00,PUTNAM,DROUGHT,0.0,0.0,0,0,186260,1143269,Drought Monitor
2023-11-01 00:00:00,2023-11-30 23:59:00,RUTHERFORD,DROUGHT,0.0,0.0,0,0,186260,1143256,Drought Monitor
2023-11-01 00:00:00,2023-11-30 23:59:00,SHELBY,DROUGHT,0.0,0.0,0,0,186845,1146783,Drought Monitor
2023-11-01 00:00:00,2023-11-30 23:59:00,SMITH,DROUGHT,0.0,0.0,0,0,186260,1143267,Drought Monitor
2023-11-01 00:00:00,2023-11-30 23:59:00,TIPTON,DROUGHT,0.0,0.0,0,0,186845,1146784,Drought Monitor
2023-11-01 00:00:00,2023-11-30 23:59:00,VAN BUREN,DROUGHT,0.0,0.0,0,0,186260,1143259,Drought Monitor
2023-11-01 00:00:00,2023-11-30 23:59:00,WARREN,DROUGHT,0.0,0.0,0,0,186260,1143258,Drought Monitor
2023-11-01 00:00:00,2023-11-30 23:59:00,WAYNE,DROUGHT,0.0,0.0,0,0,186260,1143244,Drought Monitor
2023-11-01 00:00:00,2023-11-30 23:59:00,WEAKLEY,DROUGHT,0.0,0.0,0,0,186845,1146787,Drought Monitor
2023-11-01 00:00:00,2023-11-30 23:59:00,WHITE,DROUGHT,0.0,0.0,0,0,186260,1143260,Drought Monitor
2023-11-01 00:00:00,2023-11-30 23:59:00,WILLIAMSON,DROUGHT,0.0,0.0,0,0,186260,1143255,Drought Monitor
2023-11-01 00:00:00,2023-11-30 23:59:00,WILSON,DROUGHT,0.0,0.0,0,0,186260,1143266,Drought Monitor
2023-11-02 00:00:00,2023-11-30 07:00:00,FRANKLIN,DROUGHT,0.0,0.0,0,0,186825,1146637,Drought Monitor
2023-11-15 10:50:00,2023-11-15 16:17:00,CUMBERLAND,WILDFIRE,2000000.0,0.0,0,0,185872,1140854,Broadcast Media
2023-11-21 07:00:00,2023-11-21 07:00:00,SOUTHEAST GREENE,HIGH WIND,0.0,0.0,0,0,186688,1145691,Mesonet
2023-11-21 11:00:00,2023-11-21 11:00:00,SEVIER/SMOKY MOUNTAINS,HIGH WIND,0.0,0.0,0,0,186688,1145692,Park/Forest Service
2023-12-01 00:00:00,2023-12-31 23:59:00,BEDFORD,DROUGHT,0.0,0.0,0,0,186801,1146452,Drought Monitor
2023-12-01 00:00:00,2023-12-31 23:59:00,BENTON,DROUGHT,0.0,0.0,0,0,187548,1151649,Drought Monitor
2023-12-01 00:00:00,2023-12-31 23:59:00,CANNON,DROUGHT,0.0,0.0,0,0,186801,1146466,Drought Monitor
2023-12-01 00:00:00,2023-12-31 23:59:00,CARROLL,DROUGHT,0.0,0.0,0,0,187548,1151648,Drought Monitor
2023-12-01 00:00:00,2023-12-31 23:59:00,CHEATHAM,DROUGHT,0.0,0.0,0,0,186801,1146474,Drought Monitor
2023-12-01 00:00:00,2023-12-31 23:59:00,CHESTER,DROUGHT,0.0,0.0,0,0,187548,1151643,Drought Monitor
2023-12-01 00:00:00,2023-12-31 23:59:00,CLAY,DROUGHT,0.0,0.0,0,0,186801,1146484,Drought Monitor
2023-12-01 00:00:00,2023-12-31 23:59:00,COFFEE,DROUGHT,0.0,0.0,0,0,186801,1146454,Drought Monitor
2023-12-01 00:00:00,2023-12-31 23:59:00,CROCKETT,DROUGHT,0.0,0.0,0,0,187548,1151642,Drought Monitor
2023-12-01 00:00:00,2023-12-31 23:59:00,CUMBERLAND,DROUGHT,0.0,0.0,0,0,186801,1146471,Drought Monitor
2023-12-01 00:00:00,2023-12-31 23:59:00,DAVIDSON,DROUGHT,0.0,0.0,0,0,186801,1146475,Drought Monitor
2023-12-01 00:00:00,2023-12-31 23:59:00,DECATUR,DROUGHT,0.0,0.0,0,0,187548,1151636,Drought Monitor
2023-12-01 00:00:00,2023-12-31 23:59:00,DEKALB,DROUGHT,0.0,0.0,0,0,186801,1146479,Drought Monitor
2023-12-01 00:00:00,2023-12-31 23:59:00,DICKSON,DROUGHT,0.0,0.0,0,0,186801,1146473,Drought Monitor
2023-12-01 00:00:00,2023-12-31 23:59:00,DYER,DROUGHT,0.0,0.0,0,0,187548,1151633,Drought Monitor
2023-12-01 00:00:00,2023-12-31 23:59:00,FAYETTE,DROUGHT,0.0,0.0,0,0,187548,1151640,Drought Monitor
2023-12-01 00:00:00,2023-12-31 23:59:00,FENTRESS,DROUGHT,0.0,0.0,0,0,186801,1146482,Drought Monitor
2023-12-01 00:00:00,2023-12-31 23:59:00,FRANKLIN,DROUGHT,0.0,0.0,0,0,187759,1153062,Drought Monitor
2023-12-01 00:00:00,2023-12-31 23:59:00,GIBSON,DROUGHT,0.0,0.0,0,0,187548,1151647,Drought Monitor
2023-12-01 00:00:00,2023-12-31 23:59:00,GILES,DROUGHT,0.0,0.0,0,0,186801,1146441,Drought Monitor
2023-12-01 00:00:00,2023-12-31 23:59:00,GRUNDY,DROUGHT,0.0,0.0,0,0,186801,1146455,Drought Monitor
2023-12-01 00:00:00,2023-12-31 23:59:00,HARDEMAN,DROUGHT,0.0,0.0,0,0,187548,1151645,Drought Monitor
2023-12-01 00:00:00,2023-12-31 23:59:00,HARDIN,DROUGHT,0.0,0.0,0,0,187548,1151635,Drought Monitor
2023-12-01 00:00:00,2023-12-31 23:59:00,HAYWOOD,DROUGHT,0.0,0.0,0,0,187548,1151641,Drought Monitor
2023-12-01 00:00:00,2023-12-31 23:59:00,HENDERSON,DROUGHT,0.0,0.0,0,0,187548,1151650,Drought Monitor
2023-12-01 00:00:00,2023-12-31 23:59:00,HENRY,DROUGHT,0.0,0.0,0,0,187548,1151631,Drought Monitor
2023-12-01 00:00:00,2023-12-31 23:59:00,HICKMAN,DROUGHT,0.0,0.0,0,0,186801,1146460,Drought Monitor
2023-12-01 00:00:00,2023-12-31 23:59:00,HOUSTON,DROUGHT,0.0,0.0,0,0,186801,1146487,Drought Monitor
2023-12-01 00:00:00,2023-12-31 23:59:00,HUMPHREYS,DROUGHT,0.0,0.0,0,0,186801,1146472,Drought Monitor
2023-12-01 00:00:00,2023-12-31 23:59:00,JACKSON,DROUGHT,0.0,0.0,0,0,186801,1146483,Drought Monitor
2023-12-01 00:00:00,2023-12-31 23:59:00,LAUDERDALE,DROUGHT,0.0,0.0,0,0,187548,1151634,Drought Monitor
2023-12-01 00:00:00,2023-12-31 23:59:00,LAWRENCE,DROUGHT,0.0,0.0,0,0,186801,1146439,Drought Monitor
2023-12-01 00:00:00,2023-12-31 23:59:00,LEWIS,DROUGHT,0.0,0.0,0,0,186801,1146442,Drought Monitor
2023-12-01 00:00:00,2023-12-31 23:59:00,LINCOLN,DROUGHT,0.0,0.0,0,0,187759,1153064,Drought Monitor
2023-12-01 00:00:00,2023-12-31 23:59:00,MADISON,DROUGHT,0.0,0.0,0,0,187548,1151646,Drought Monitor
2023-12-01 00:00:00,2023-12-31 23:59:00,MARSHALL,DROUGHT,0.0,0.0,0,0,186801,1146450,Drought Monitor
2023-12-01 00:00:00,2023-12-31 23:59:00,MAURY,DROUGHT,0.0,0.0,0,0,186801,1146449,Drought Monitor
2023-12-01 00:00:00,2023-12-31 23:59:00,MCNAIRY,DROUGHT,0.0,0.0,0,0,187548,1151637,Drought Monitor
2023-12-01 00:00:00,2023-12-31 23:59:00,MONTGOMERY,DROUGHT,0.0,0.0,0,0,186801,1146488,Drought Monitor
2023-12-01 00:00:00,2023-12-31 01:00:00,MOORE,DROUGHT,0.0,0.0,0,0,187759,1153065,Drought Monitor
2023-12-01 00:00:00,2023-12-31 23:59:00,OVERTON,DROUGHT,0.0,0.0,0,0,186801,1146481,Drought Monitor
2023-12-01 00:00:00,2023-12-31 23:59:00,PERRY,DROUGHT,0.0,0.0,0,0,186801,1146458,Drought Monitor
2023-12-01 00:00:00,2023-12-31 23:59:00,PICKETT,DROUGHT,0.0,0.0,0,0,186801,1146485,Drought Monitor
2023-12-01 00:00:00,2023-12-31 23:59:00,PUTNAM,DROUGHT,0.0,0.0,0,0,186801,1146480,Drought Monitor
2023-12-01 00:00:00,2023-12-31 23:59:00,RUTHERFORD,DROUGHT,0.0,0.0,0,0,186801,1146463,Drought Monitor
2023-12-01 00:00:00,2023-12-31 23:59:00,SHELBY,DROUGHT,0.0,0.0,0,0,187548,1151638,Drought Monitor
2023-12-01 00:00:00,2023-12-31 23:59:00,SMITH,DROUGHT,0.0,0.0,0,0,186801,1146478,Drought Monitor
2023-12-01 00:00:00,2023-12-31 23:59:00,STEWART,DROUGHT,0.0,0.0,0,0,186801,1146486,Drought Monitor
2023-12-01 00:00:00,2023-12-31 23:59:00,SUMNER,DROUGHT,0.0,0.0,0,0,186801,1146490,Drought Monitor
2023-12-01 00:00:00,2023-12-31 23:59:00,TIPTON,DROUGHT,0.0,0.0,0,0,187548,1151639,Drought Monitor
2023-12-01 00:00:00,2023-12-31 23:59:00,TROUSDALE,DROUGHT,0.0,0.0,0,0,186801,1146492,Drought Monitor
2023-12-01 00:00:00,2023-12-31 23:59:00,VAN BUREN,DROUGHT,0.0,0.0,0,0,186801,1146469,Drought Monitor
2023-12-01 00:00:00,2023-12-31 23:59:00,WARREN,DROUGHT,0.0,0.0,0,0,186801,1146468,Drought Monitor
2023-12-01 00:00:00,2023-12-31 23:59:00,WAYNE,DROUGHT,0.0,0.0,0,0,186801,1146437,Drought Monitor
2023-12-01 00:00:00,2023-12-31 23:59:00,WEAKLEY,DROUGHT,0.0,0.0,0,0,187548,1151632,Drought Monitor
2023-12-01 00:00:00,2023-12-31 23:59:00,WHITE,DROUGHT,0.0,0.0,0,0,186801,1146470,Drought Monitor
2023-12-01 00:00:00,2023-12-31 23:59:00,WILLIAMSON,DROUGHT,0.0,0.0,0,0,186801,1146462,Drought Monitor
2023-12-01 00:00:00,2023-12-31 23:59:00,WILSON,DROUGHT,0.0,0.0,0,0,186801,1146477,Drought Monitor
2023-12-02 21:52:00,2023-12-02 23:20:00,KNOX,FLOOD,0.0,0.0,0,0,187762,1153073,Law Enforcement
2023-12-05 19:30:00,2023-12-06 11:00:00,SEVIER/SMOKY MOUNTAINS,HEAVY SNOW,0.0,0.0,0,0,187744,1153153,COOP Observer
2023-12-05 19:30:00,2023-12-06 11:00:00,SEVIER/SMOKY MOUNTAINS,WINTER WEATHER,0.0,0.0,0,0,187744,1153154,Park/Forest Service
2023-12-09 11:25:00,2023-12-09 11:30:00,DYER,HAIL,0.0,0.0,0,0,186759,1146097,Public
2023-12-09 11:32:00,2023-12-09 11:34:00,GIBSON,THUNDERSTORM WIND,10000.0,0.0,0,0,186759,1146112,NWS Storm Survey
2023-12-09 11:32:00,2023-12-09 11:44:00,GIBSON,TORNADO,750000.0,0.0,0,1,186759,1146110,NWS Storm Survey
2023-12-09 11:34:00,2023-12-09 11:39:00,GIBSON,THUNDERSTORM WIND,20000.0,0.0,0,0,186759,1146113,NWS Storm Survey
2023-12-09 11:44:00,2023-12-09 12:03:00,WEAKLEY,TORNADO,500000.0,0.0,0,2,186759,1146111,NWS Storm Survey
2023-12-09 12:04:00,2023-12-09 12:09:00,WEAKLEY,THUNDERSTORM WIND,10000.0,0.0,0,0,186759,1146109,Trained Spotter
2023-12-09 13:12:00,2023-12-09 13:15:00,HAYWOOD,HAIL,0.0,0.0,0,0,186759,1146098,Emergency Manager
2023-12-09 13:19:00,2023-12-09 13:29:00,STEWART,TORNADO,500000.0,0.0,0,0,186479,1144347,NWS Storm Survey
2023-12-09 13:29:00,2023-12-09 13:32:00,MONTGOMERY,TORNADO,50000.0,0.0,0,0,186479,1144350,NWS Storm Survey
2023-12-09 13:30:00,2023-12-09 13:35:00,GIBSON,HAIL,0.0,0.0,0,0,186759,1146099,Public
2023-12-09 13:36:00,2023-12-09 13:41:00,CARROLL,HAIL,0.0,0.0,0,0,186759,1146100,Broadcast Media
2023-12-09 13:41:00,2023-12-09 13:56:00,MONTGOMERY,TORNADO,20000000.0,0.0,4,62,186479,1144360,NWS Storm Survey
2023-12-09 13:45:00,2023-12-09 13:50:00,CROCKETT,HAIL,0.0,0.0,0,0,186759,1146101,Public
2023-12-09 13:52:00,2023-12-09 13:57:00,MADISON,HAIL,0.0,0.0,0,0,186759,1146102,Public
2023-12-09 13:55:00,2023-12-09 14:00:00,CARROLL,HAIL,0.0,0.0,0,0,186759,1146103,Trained Spotter
2023-12-09 14:06:00,2023-12-09 14:11:00,CARROLL,HAIL,0.0,0.0,0,0,186759,1146104,Fire Department/Rescue
2023-12-09 14:20:00,2023-12-09 14:25:00,BENTON,HAIL,0.0,0.0,0,0,186759,1146105,Trained Spotter
2023-12-09 14:25:00,2023-12-09 14:30:00,BENTON,HAIL,0.0,0.0,0,0,186759,1146106,Public
2023-12-09 15:11:00,2023-12-09 15:11:00,HUMPHREYS,THUNDERSTORM WIND,10000.0,0.0,0,0,186479,1151973,NWS Storm Survey
2023-12-09 15:21:00,2023-12-09 15:26:00,BENTON,HAIL,0.0,0.0,0,0,186759,1146107,Public
2023-12-09 15:29:00,2023-12-09 15:39:00,DICKSON,TORNADO,2000000.0,0.0,0,2,186479,1144368,NWS Storm Survey
2023-12-09 15:45:00,2023-12-09 15:50:00,HENDERSON,HAIL,0.0,0.0,0,0,186759,1146108,Public
2023-12-09 15:57:00,2023-12-09 15:57:00,DICKSON,HAIL,0.0,0.0,0,0,186479,1144562,Social Media
2023-12-09 16:01:00,2023-12-09 16:01:00,ROBERTSON,HAIL,0.0,0.0,0,0,186479,1144564,Public
2023-12-09 16:03:00,2023-12-09 16:10:00,DICKSON,TORNADO,1500000.0,0.0,0,2,186479,1144372,NWS Storm Survey
2023-12-09 16:10:00,2023-12-09 16:24:00,CHEATHAM,TORNADO,700000.0,0.0,0,0,186479,1144373,NWS Storm Survey
2023-12-09 16:16:00,2023-12-09 16:25:00,ROBERTSON,TORNADO,10000000.0,0.0,0,4,186479,1144376,NWS Storm Survey
2023-12-09 16:24:00,2023-12-09 16:27:00,DAVIDSON,TORNADO,250000.0,0.0,0,0,186479,1144375,NWS Storm Survey
2023-12-09 16:37:00,2023-12-09 16:37:00,DAVIDSON,HAIL,0.0,0.0,0,0,186479,1144565,Public
2023-12-09 16:39:00,2023-12-09 16:50:00,DAVIDSON,TORNADO,10000000.0,0.0,3,21,186479,1144554,NWS Storm Survey
2023-12-09 16:50:00,2023-12-09 17:24:00,SUMNER,TORNADO,10000000.0,0.0,0,1,186479,1144555,NWS Storm Survey
2023-12-09 17:24:00,2023-12-09 17:27:00,TROUSDALE,TORNADO,200000.0,0.0,0,0,186479,1144556,NWS Storm Survey
2023-12-09 18:01:00,2023-12-09 18:01:00,WAYNE,THUNDERSTORM WIND,1000.0,0.0,0,0,186479,1144563,Social Media
2023-12-09 18:07:00,2023-12-09 18:08:00,CLAY,TORNADO,50000.0,0.0,0,0,186479,1144557,NWS Storm Survey
2023-12-09 18:43:00,2023-12-09 18:43:00,LAWRENCE,THUNDERSTORM WIND,2000.0,0.0,0,0,186479,1144567,Public
2023-12-09 19:55:00,2023-12-09 19:55:00,MOORE,THUNDERSTORM WIND,1000.0,0.0,0,0,186488,1152100,911 Call Center
2023-12-09 19:59:00,2023-12-09 19:59:00,MOORE,THUNDERSTORM WIND,500.0,0.0,0,0,186488,1152101,911 Call Center
2023-12-09 19:59:00,2023-12-09 19:59:00,MOORE,THUNDERSTORM WIND,500.0,0.0,0,0,186488,1152102,911 Call Center
2023-12-09 20:05:00,2023-12-09 20:05:00,MOORE,THUNDERSTORM WIND,500.0,0.0,0,0,186488,1152103,911 Call Center
2023-12-09 20:12:00,2023-12-09 20:12:00,COFFEE,HAIL,0.0,0.0,0,0,186479,1144568,Broadcast Media
2023-12-09 23:00:00,2023-12-09 23:00:00,SEVIER/SMOKY MOUNTAINS,HIGH WIND,0.0,0.0,0,0,186690,1152600,Park/Forest Service
2023-12-09 23:40:00,2023-12-09 23:40:00,HAMILTON,THUNDERSTORM WIND,0.0,0.0,0,0,186690,1145696,911 Call Center
2023-12-09 23:45:00,2023-12-09 23:45:00,KNOX,THUNDERSTORM WIND,0.0,0.0,0,0,186690,1145695,911 Call Center
2023-12-09 23:50:00,2023-12-09 23:50:00,TROUSDALE,HAIL,0.0,0.0,0,0,186479,1144566,Public
2023-12-10 00:13:00,2023-12-10 00:13:00,KNOX,THUNDERSTORM WIND,0.0,0.0,0,0,186690,1145694,State Official
2023-12-25 16:00:00,2023-12-25 16:00:00,SEVIER/SMOKY MOUNTAINS,HIGH WIND,0.0,0.0,0,0,186689,1145693,Park/Forest Service
2024-01-01 00:00:00,2024-01-31 23:59:00,BEDFORD,DROUGHT,0.0,0.0,0,0,187400,1150364,Drought Monitor
2024-01-01 00:00:00,2024-01-31 23:59:00,BENTON,DROUGHT,0.0,0.0,0,0,188393,1157805,Drought Monitor
2024-01-01 00:00:00,2024-01-31 23:59:00,CANNON,DROUGHT,0.0,0.0,0,0,187400,1150371,Drought Monitor
2024-01-01 00:00:00,2024-01-31 23:59:00,CARROLL,DROUGHT,0.0,0.0,0,0,188393,1157802,Drought Monitor
2024-01-01 00:00:00,2024-01-31 23:59:00,CHEATHAM,DROUGHT,0.0,0.0,0,0,187400,1150378,Drought Monitor
2024-01-01 00:00:00,2024-01-31 23:59:00,CHESTER,DROUGHT,0.0,0.0,0,0,188393,1157807,Drought Monitor
2024-01-01 00:00:00,2024-01-31 23:59:00,CLAY,DROUGHT,0.0,0.0,0,0,187400,1150387,Drought Monitor
2024-01-01 00:00:00,2024-01-31 23:59:00,COFFEE,DROUGHT,0.0,0.0,0,0,187400,1150365,Drought Monitor
2024-01-01 00:00:00,2024-01-30 06:00:00,CROCKETT,DROUGHT,0.0,0.0,0,0,188393,1157800,Drought Monitor
2024-01-01 00:00:00,2024-01-31 23:59:00,CUMBERLAND,DROUGHT,0.0,0.0,0,0,187400,1150375,Drought Monitor
2024-01-01 00:00:00,2024-01-31 23:59:00,DAVIDSON,DROUGHT,0.0,0.0,0,0,187400,1150379,Drought Monitor
2024-01-01 00:00:00,2024-01-31 23:59:00,DECATUR,DROUGHT,0.0,0.0,0,0,188393,1157808,Drought Monitor
2024-01-01 00:00:00,2024-01-31 23:59:00,DEKALB,DROUGHT,0.0,0.0,0,0,187400,1150382,Drought Monitor
2024-01-01 00:00:00,2024-01-31 23:59:00,DICKSON,DROUGHT,0.0,0.0,0,0,187400,1150377,Drought Monitor
2024-01-01 00:00:00,2024-01-09 06:00:00,DYER,DROUGHT,0.0,0.0,0,0,188393,1157796,Drought Monitor
2024-01-01 00:00:00,2024-01-30 06:00:00,FAYETTE,DROUGHT,0.0,0.0,0,0,188393,1157794,Drought Monitor
2024-01-01 00:00:00,2024-01-31 23:59:00,FENTRESS,DROUGHT,0.0,0.0,0,0,187400,1150385,Drought Monitor
2024-01-01 00:00:00,2024-01-25 23:59:00,FRANKLIN,DROUGHT,0.0,0.0,0,0,187764,1153075,Drought Monitor
2024-01-01 00:00:00,2024-01-30 06:00:00,GIBSON,DROUGHT,0.0,0.0,0,0,188393,1157799,Drought Monitor
2024-01-01 00:00:00,2024-01-31 23:59:00,GILES,DROUGHT,0.0,0.0,0,0,187400,1150360,Drought Monitor
2024-01-01 00:00:00,2024-01-31 23:59:00,GRUNDY,DROUGHT,0.0,0.0,0,0,187400,1150366,Drought Monitor
2024-01-01 00:00:00,2024-01-31 23:59:00,HARDEMAN,DROUGHT,0.0,0.0,0,0,188393,1157804,Drought Monitor
2024-01-01 00:00:00,2024-01-31 23:59:00,HARDIN,DROUGHT,0.0,0.0,0,0,188393,1157810,Drought Monitor
2024-01-01 00:00:00,2024-01-31 23:59:00,HAYWOOD,DROUGHT,0.0,0.0,0,0,188393,1157801,Drought Monitor
2024-01-01 00:00:00,2024-01-31 23:59:00,HENDERSON,DROUGHT,0.0,0.0,0,0,188393,1157806,Drought Monitor
2024-01-01 00:00:00,2024-01-09 06:00:00,HENRY,DROUGHT,0.0,0.0,0,0,188393,1157798,Drought Monitor
2024-01-01 00:00:00,2024-01-31 23:59:00,HICKMAN,DROUGHT,0.0,0.0,0,0,187400,1150368,Drought Monitor
2024-01-01 00:00:00,2024-01-31 23:59:00,HOUSTON,DROUGHT,0.0,0.0,0,0,187400,1150390,Drought Monitor
2024-01-01 00:00:00,2024-01-31 23:59:00,HUMPHREYS,DROUGHT,0.0,0.0,0,0,187400,1150376,Drought Monitor
2024-01-01 00:00:00,2024-01-31 23:59:00,JACKSON,DROUGHT,0.0,0.0,0,0,187400,1150386,Drought Monitor
2024-01-01 00:00:00,2024-01-30 06:00:00,LAUDERDALE,DROUGHT,0.0,0.0,0,0,188393,1157795,Drought Monitor
2024-01-01 00:00:00,2024-01-31 23:59:00,LAWRENCE,DROUGHT,0.0,0.0,0,0,187400,1150359,Drought Monitor
2024-01-01 00:00:00,2024-01-31 23:59:00,LEWIS,DROUGHT,0.0,0.0,0,0,187400,1150361,Drought Monitor
2024-01-01 00:00:00,2024-01-31 23:59:00,LINCOLN,DROUGHT,0.0,0.0,0,0,187764,1153076,Drought Monitor
2024-01-01 00:00:00,2024-01-31 23:59:00,MADISON,DROUGHT,0.0,0.0,0,0,188393,1157803,Drought Monitor
2024-01-01 00:00:00,2024-01-31 23:59:00,MARSHALL,DROUGHT,0.0,0.0,0,0,187400,1150363,Drought Monitor
2024-01-01 00:00:00,2024-01-31 23:59:00,MAURY,DROUGHT,0.0,0.0,0,0,187400,1150362,Drought Monitor
2024-01-01 00:00:00,2024-01-31 23:59:00,MCNAIRY,DROUGHT,0.0,0.0,0,0,188393,1157809,Drought Monitor
2024-01-01 00:00:00,2024-01-31 23:59:00,MONTGOMERY,DROUGHT,0.0,0.0,0,0,187400,1150391,Drought Monitor
2024-01-01 00:00:00,2024-01-31 23:59:00,MOORE,DROUGHT,0.0,0.0,0,0,187764,1153077,Drought Monitor
2024-01-01 00:00:00,2024-01-31 23:59:00,OVERTON,DROUGHT,0.0,0.0,0,0,187400,1150384,Drought Monitor
2024-01-01 00:00:00,2024-01-31 23:59:00,PERRY,DROUGHT,0.0,0.0,0,0,187400,1150367,Drought Monitor
2024-01-01 00:00:00,2024-01-31 23:59:00,PICKETT,DROUGHT,0.0,0.0,0,0,187400,1150388,Drought Monitor
2024-01-01 00:00:00,2024-01-31 23:59:00,PUTNAM,DROUGHT,0.0,0.0,0,0,187400,1150383,Drought Monitor
2024-01-01 00:00:00,2024-01-31 23:59:00,RUTHERFORD,DROUGHT,0.0,0.0,0,0,187400,1150370,Drought Monitor
2024-01-01 00:00:00,2024-01-30 06:00:00,SHELBY,DROUGHT,0.0,0.0,0,0,188393,1157792,Drought Monitor
2024-01-01 00:00:00,2024-01-31 23:59:00,SMITH,DROUGHT,0.0,0.0,0,0,187400,1150381,Drought Monitor
2024-01-01 00:00:00,2024-01-31 23:59:00,STEWART,DROUGHT,0.0,0.0,0,0,187400,1150389,Drought Monitor
2024-01-01 00:00:00,2024-01-31 23:59:00,SUMNER,DROUGHT,0.0,0.0,0,0,187400,1150392,Drought Monitor
2024-01-01 00:00:00,2024-01-30 06:00:00,TIPTON,DROUGHT,0.0,0.0,0,0,188393,1157793,Drought Monitor
2024-01-01 00:00:00,2024-01-31 23:59:00,TROUSDALE,DROUGHT,0.0,0.0,0,0,187400,1150393,Drought Monitor
2024-01-01 00:00:00,2024-01-31 23:59:00,VAN BUREN,DROUGHT,0.0,0.0,0,0,187400,1150373,Drought Monitor
2024-01-01 00:00:00,2024-01-31 23:59:00,WARREN,DROUGHT,0.0,0.0,0,0,187400,1150372,Drought Monitor
2024-01-01 00:00:00,2024-01-31 23:59:00,WAYNE,DROUGHT,0.0,0.0,0,0,187400,1150358,Drought Monitor
2024-01-01 00:00:00,2024-01-09 06:00:00,WEAKLEY,DROUGHT,0.0,0.0,0,0,188393,1157797,Drought Monitor
2024-01-01 00:00:00,2024-01-31 23:59:00,WHITE,DROUGHT,0.0,0.0,0,0,187400,1150374,Drought Monitor
2024-01-01 00:00:00,2024-01-31 23:59:00,WILLIAMSON,DROUGHT,0.0,0.0,0,0,187400,1150369,Drought Monitor
2024-01-01 00:00:00,2024-01-31 23:59:00,WILSON,DROUGHT,0.0,0.0,0,0,187400,1150380,Drought Monitor
2024-01-06 04:30:00,2024-01-06 04:30:00,NORTHWEST GREENE,HIGH WIND,0.0,0.0,0,0,187980,1154590,Other Federal Agency
2024-01-06 05:00:00,2024-01-06 05:00:00,SEVIER/SMOKY MOUNTAINS,HIGH WIND,0.0,0.0,0,0,187980,1154589,Park/Forest Service
2024-01-08 21:07:00,2024-01-08 21:07:00,HANCOCK,HIGH WIND,0.0,0.0,0,0,187982,1154595,Broadcast Media
2024-01-08 22:00:00,2024-01-08 22:00:00,BLOUNT/SMOKY MOUNTAINS,HIGH WIND,0.0,0.0,0,0,187982,1154601,Trained Spotter
2024-01-08 22:48:00,2024-01-08 22:48:00,LAWRENCE,STRONG WIND,5000.0,0.0,0,0,186933,1147409,Emergency Manager
2024-01-09 00:00:00,2024-01-09 00:00:00,WILLIAMSON,STRONG WIND,1000.0,0.0,0,0,186933,1147410,Emergency Manager
2024-01-09 00:15:00,2024-01-09 00:15:00,NORTHWEST GREENE,HIGH WIND,0.0,0.0,0,0,187982,1154597,Other Federal Agency
2024-01-09 01:00:00,2024-01-09 01:00:00,MEIGS,HIGH WIND,0.0,0.0,0,0,187982,1154600,911 Call Center
2024-01-09 01:00:00,2024-01-09 01:00:00,SEVIER/SMOKY MOUNTAINS,HIGH WIND,0.0,0.0,0,0,187982,1154598,Park/Forest Service
2024-01-09 04:00:00,2024-01-09 04:00:00,SOUTHEAST GREENE,HIGH WIND,0.0,0.0,0,0,187982,1154599,Public
2024-01-09 07:00:00,2024-01-09 08:00:00,MEIGS,FLOOD,0.0,0.0,0,0,188930,1161943,911 Call Center
2024-01-09 11:00:00,2024-01-09 12:00:00,BLOUNT,FLOOD,0.0,0.0,0,0,188930,1161948,Law Enforcement
2024-01-09 11:15:00,2024-01-09 13:15:00,SEVIER,FLOOD,0.0,0.0,0,0,188930,1161944,Broadcast Media
2024-01-09 14:00:00,2024-01-09 14:15:00,SEVIER,FLOOD,0.0,0.0,0,0,188930,1161954,Law Enforcement
2024-01-12 05:45:00,2024-01-12 15:30:00,NORTHWEST GREENE,HIGH WIND,0.0,0.0,0,0,187983,1154603,Other Federal Agency
2024-01-12 10:00:00,2024-01-12 10:00:00,BLOUNT/SMOKY MOUNTAINS,HIGH WIND,0.0,0.0,0,0,187983,1154604,Park/Forest Service
2024-01-12 10:00:00,2024-01-12 13:00:00,VAN BUREN,STRONG WIND,25000.0,0.0,0,0,186938,1147450,Social Media
2024-01-12 10:14:00,2024-01-12 12:00:00,PUTNAM,HIGH WIND,0.0,0.0,0,0,186938,1147451,Emergency Manager
2024-01-12 10:30:00,2024-01-12 14:34:00,PUTNAM,STRONG WIND,50000.0,0.0,0,0,186938,1147452,Public
2024-01-12 11:10:00,2024-01-12 15:00:00,WHITE,STRONG WIND,75000.0,0.0,0,0,186938,1147453,Public
2024-01-12 12:00:00,2024-01-12 14:00:00,SEVIER/SMOKY MOUNTAINS,HIGH WIND,0.0,0.0,0,0,187983,1154606,Park/Forest Service
2024-01-12 12:05:00,2024-01-12 12:05:00,WASHINGTON,HIGH WIND,0.0,0.0,0,0,187983,1154608,Mesonet
2024-01-12 12:30:00,2024-01-12 12:30:00,KNOX,HIGH WIND,0.0,0.0,0,0,187983,1154609,911 Call Center
2024-01-12 12:30:00,2024-01-12 12:30:00,WARREN,STRONG WIND,25000.0,0.0,0,0,186938,1147500,Newspaper
2024-01-12 12:52:00,2024-01-12 13:00:00,RUTHERFORD,STRONG WIND,5000.0,0.0,0,0,186938,1147454,Public
2024-01-12 14:48:00,2024-01-12 14:48:00,NORTHWEST BLOUNT,HIGH WIND,0.0,0.0,0,0,187983,1154610,Public
2024-01-12 15:29:00,2024-01-12 15:29:00,COCKE/SMOKY MOUNTAINS,HIGH WIND,0.0,0.0,0,0,187983,1154611,Public
2024-01-14 14:00:00,2024-01-15 21:00:00,FAYETTE,WINTER STORM,0.0,0.0,0,0,188375,1157607,Trained Spotter
2024-01-14 14:00:00,2024-01-15 21:00:00,SHELBY,WINTER STORM,0.0,0.0,0,0,188375,1157605,Official NWS Observations
2024-01-14 14:00:00,2024-01-15 21:00:00,TIPTON,WINTER STORM,0.0,0.0,0,0,188375,1157608,Trained Spotter
2024-01-14 15:00:00,2024-01-15 21:00:00,BENTON,WINTER STORM,0.0,0.0,0,0,188375,1157624,Trained Spotter
2024-01-14 15:00:00,2024-01-15 21:00:00,CARROLL,WINTER STORM,0.0,0.0,0,0,188375,1157620,Trained Spotter
2024-01-14 15:00:00,2024-01-15 21:00:00,CHESTER,WINTER STORM,0.0,0.0,0,0,188375,1157616,Trained Spotter
2024-01-14 15:00:00,2024-01-15 21:00:00,CROCKETT,WINTER STORM,0.0,0.0,0,0,188375,1157612,Trained Spotter
2024-01-14 15:00:00,2024-01-15 21:00:00,DECATUR,WINTER STORM,0.0,0.0,0,0,188375,1157623,Trained Spotter
2024-01-14 15:00:00,2024-01-15 21:00:00,DYER,WINTER WEATHER,0.0,0.0,0,0,188375,1157651,Trained Spotter
2024-01-14 15:00:00,2024-01-15 21:00:00,GIBSON,WINTER STORM,0.0,0.0,0,0,188375,1157614,Trained Spotter
2024-01-14 15:00:00,2024-01-15 21:00:00,HARDEMAN,WINTER STORM,0.0,0.0,0,0,188375,1157611,Trained Spotter
2024-01-14 15:00:00,2024-01-15 21:00:00,HAYWOOD,WINTER STORM,0.0,0.0,0,0,188375,1157609,Trained Spotter
2024-01-14 15:00:00,2024-01-15 21:00:00,HENDERSON,WINTER STORM,0.0,0.0,0,0,188375,1157619,Trained Spotter
2024-01-14 15:00:00,2024-01-15 21:00:00,HENRY,WINTER STORM,0.0,0.0,0,0,188375,1157622,Trained Spotter
2024-01-14 15:00:00,2024-01-15 21:00:00,LAKE,WINTER WEATHER,0.0,0.0,0,0,188375,1157652,Trained Spotter
2024-01-14 15:00:00,2024-01-15 21:00:00,LAUDERDALE,WINTER STORM,0.0,0.0,0,0,188375,1157610,Trained Spotter
2024-01-14 15:00:00,2024-01-15 21:00:00,MADISON,WINTER STORM,0.0,0.0,0,0,188375,1157613,Trained Spotter
2024-01-14 15:00:00,2024-01-15 21:00:00,MCNAIRY,WINTER STORM,0.0,0.0,0,0,188375,1157615,Trained Spotter
2024-01-14 15:00:00,2024-01-15 21:00:00,OBION,WINTER WEATHER,0.0,0.0,0,0,188375,1157650,Trained Spotter
2024-01-14 15:00:00,2024-01-15 21:00:00,WEAKLEY,WINTER STORM,0.0,0.0,0,0,188375,1157621,Trained Spotter
2024-01-14 15:30:00,2024-01-15 18:00:00,HOUSTON,HEAVY SNOW,0.0,0.0,0,0,187066,1148124,911 Call Center
2024-01-14 15:30:00,2024-01-15 18:30:00,HUMPHREYS,HEAVY SNOW,0.0,0.0,0,0,187066,1148125,Public
2024-01-14 15:30:00,2024-01-15 18:00:00,PERRY,HEAVY SNOW,0.0,0.0,0,0,187066,1148153,Public
2024-01-14 15:30:00,2024-01-15 18:00:00,STEWART,HEAVY SNOW,0.0,0.0,0,0,187066,1148236,CoCoRaHS
2024-01-14 16:00:00,2024-01-15 19:00:00,DICKSON,HEAVY SNOW,0.0,0.0,0,0,187066,1148119,Public
2024-01-14 16:00:00,2024-01-15 21:00:00,HARDIN,WINTER STORM,0.0,0.0,0,0,188375,1157617,Trained Spotter
2024-01-14 16:00:00,2024-01-15 19:00:00,HICKMAN,HEAVY SNOW,0.0,0.0,0,0,187066,1148123,Public
2024-01-14 16:00:00,2024-01-15 19:00:00,LEWIS,HEAVY SNOW,0.0,0.0,0,0,187066,1148128,Public
2024-01-14 16:00:00,2024-01-15 23:00:00,MAURY,HEAVY SNOW,0.0,0.0,0,0,187066,1148131,Public
2024-01-14 16:30:00,2024-01-15 21:00:00,CHEATHAM,HEAVY SNOW,0.0,0.0,0,0,187066,1148113,Public
2024-01-14 16:30:00,2024-01-15 23:00:00,GILES,HEAVY SNOW,0.0,0.0,0,0,187066,1148121,Public
2024-01-14 16:30:00,2024-01-15 23:00:00,LAWRENCE,HEAVY SNOW,0.0,0.0,0,0,187066,1148127,Public
2024-01-14 16:30:00,2024-01-15 23:00:00,WAYNE,HEAVY SNOW,0.0,0.0,0,0,187066,1148241,Public
2024-01-14 17:00:00,2024-01-16 00:00:00,BEDFORD,HEAVY SNOW,0.0,0.0,0,0,187066,1148111,Public
2024-01-14 17:30:00,2024-01-16 00:00:00,CANNON,HEAVY SNOW,0.0,0.0,0,0,187066,1148112,Public
2024-01-14 17:30:00,2024-01-15 19:30:00,DAVIDSON,HEAVY SNOW,0.0,0.0,0,0,187066,1148117,Public
2024-01-14 17:30:00,2024-01-16 01:15:00,MARION,WINTER STORM,0.0,0.0,0,0,188476,1159226,COOP Observer
2024-01-14 17:30:00,2024-01-16 00:00:00,MARSHALL,HEAVY SNOW,0.0,0.0,0,0,187066,1148130,Public
2024-01-14 17:30:00,2024-01-15 20:00:00,MONTGOMERY,HEAVY SNOW,0.0,0.0,0,0,187066,1148132,Public
2024-01-14 17:30:00,2024-01-15 20:00:00,ROBERTSON,HEAVY SNOW,0.0,0.0,0,0,187066,1148156,Public
2024-01-14 17:30:00,2024-01-15 19:30:00,WILLIAMSON,HEAVY SNOW,0.0,0.0,0,0,187066,1148243,Public
2024-01-14 17:30:00,2024-01-15 21:00:00,WILSON,HEAVY SNOW,0.0,0.0,0,0,187066,1148244,Public
2024-01-14 17:45:00,2024-01-16 00:00:00,OVERTON,HEAVY SNOW,0.0,0.0,0,0,187066,1148152,CoCoRaHS
2024-01-14 17:45:00,2024-01-16 00:00:00,PUTNAM,HEAVY SNOW,0.0,0.0,0,0,187066,1148155,Public
2024-01-14 17:45:00,2024-01-15 19:30:00,RUTHERFORD,HEAVY SNOW,0.0,0.0,0,0,187066,1148157,Public
2024-01-14 17:45:00,2024-01-15 23:00:00,SMITH,HEAVY SNOW,0.0,0.0,0,0,187066,1148235,Public
2024-01-14 17:45:00,2024-01-15 23:00:00,SUMNER,HEAVY SNOW,0.0,0.0,0,0,187066,1148237,Public
2024-01-14 17:45:00,2024-01-15 23:00:00,TROUSDALE,HEAVY SNOW,0.0,0.0,0,0,187066,1148238,Public
2024-01-14 18:00:00,2024-01-17 10:00:00,BENTON,COLD/WIND CHILL,0.0,0.0,0,0,188382,1157686,AWOS
2024-01-14 18:00:00,2024-01-15 22:45:00,BLEDSOE,HEAVY SNOW,0.0,0.0,0,0,188476,1158466,CoCoRaHS
2024-01-14 18:00:00,2024-01-17 10:00:00,CARROLL,COLD/WIND CHILL,0.0,0.0,1,0,188382,1157685,AWOS
2024-01-14 18:00:00,2024-01-17 10:00:00,CHESTER,EXTREME COLD/WIND CHILL,0.0,0.0,0,0,188382,1157697,AWOS
2024-01-14 18:00:00,2024-01-16 00:00:00,CLAY,HEAVY SNOW,0.0,0.0,0,0,187066,1148114,Public
2024-01-14 18:00:00,2024-01-16 00:00:00,COFFEE,HEAVY SNOW,0.0,0.0,0,0,187066,1148115,Public
2024-01-14 18:00:00,2024-01-17 10:00:00,CROCKETT,COLD/WIND CHILL,0.0,0.0,0,0,188382,1157688,AWOS
2024-01-14 18:00:00,2024-01-17 10:00:00,DECATUR,EXTREME COLD/WIND CHILL,0.0,0.0,0,0,188382,1157693,AWOS
2024-01-14 18:00:00,2024-01-16 00:00:00,DEKALB,HEAVY SNOW,0.0,0.0,0,0,187066,1148118,Public
2024-01-14 18:00:00,2024-01-17 10:00:00,DYER,COLD/WIND CHILL,0.0,0.0,0,0,188382,1157683,AWOS
2024-01-14 18:00:00,2024-01-17 10:00:00,FAYETTE,EXTREME COLD/WIND CHILL,0.0,0.0,0,0,188382,1157695,AWOS
2024-01-14 18:00:00,2024-01-17 10:00:00,GIBSON,COLD/WIND CHILL,0.0,0.0,0,0,188382,1157684,AWOS
2024-01-14 18:00:00,2024-01-17 10:00:00,HARDEMAN,EXTREME COLD/WIND CHILL,0.0,0.0,0,0,188382,1157696,AWOS
2024-01-14 18:00:00,2024-01-17 10:00:00,HARDIN,EXTREME COLD/WIND CHILL,0.0,0.0,0,0,188382,1157699,AWOS
2024-01-14 18:00:00,2024-01-17 10:00:00,HAYWOOD,EXTREME COLD/WIND CHILL,0.0,0.0,0,0,188382,1157690,AWOS
2024-01-14 18:00:00,2024-01-17 10:00:00,HENDERSON,EXTREME COLD/WIND CHILL,0.0,0.0,0,0,188382,1157692,AWOS
2024-01-14 18:00:00,2024-01-17 10:00:00,HENRY,COLD/WIND CHILL,0.0,0.0,1,0,188382,1157682,AWOS
2024-01-14 18:00:00,2024-01-16 00:00:00,JACKSON,HEAVY SNOW,0.0,0.0,0,0,187066,1148126,CoCoRaHS
2024-01-14 18:00:00,2024-01-17 10:00:00,LAKE,COLD/WIND CHILL,0.0,0.0,0,0,188382,1157679,AWOS
2024-01-14 18:00:00,2024-01-17 10:00:00,LAUDERDALE,COLD/WIND CHILL,0.0,0.0,1,0,188382,1157687,AWOS
2024-01-14 18:00:00,2024-01-15 20:00:00,MACON,HEAVY SNOW,0.0,0.0,0,0,187066,1148129,Public
2024-01-14 18:00:00,2024-01-17 10:00:00,MADISON,EXTREME COLD/WIND CHILL,0.0,0.0,0,0,188382,1157691,ASOS
2024-01-14 18:00:00,2024-01-17 10:00:00,MCNAIRY,EXTREME COLD/WIND CHILL,0.0,0.0,0,0,188382,1157698,AWOS
2024-01-14 18:00:00,2024-01-17 10:00:00,OBION,COLD/WIND CHILL,0.0,0.0,0,0,188382,1157680,AWOS
2024-01-14 18:00:00,2024-01-16 00:00:00,PICKETT,HEAVY SNOW,0.0,0.0,0,0,187066,1148154,Public
2024-01-14 18:00:00,2024-01-17 10:00:00,SHELBY,EXTREME COLD/WIND CHILL,0.0,0.0,4,0,188382,1157694,ASOS
2024-01-14 18:00:00,2024-01-17 10:00:00,TIPTON,EXTREME COLD/WIND CHILL,0.0,0.0,0,0,188382,1157689,AWOS
2024-01-14 18:00:00,2024-01-16 00:00:00,VAN BUREN,HEAVY SNOW,0.0,0.0,0,0,187066,1148239,Public
2024-01-14 18:00:00,2024-01-16 00:00:00,WARREN,HEAVY SNOW,0.0,0.0,0,0,187066,1148240,CoCoRaHS
2024-01-14 18:00:00,2024-01-17 10:00:00,WEAKLEY,COLD/WIND CHILL,0.0,0.0,0,0,188382,1157681,AWOS
2024-01-14 18:00:00,2024-01-16 00:00:00,WHITE,HEAVY SNOW,0.0,0.0,0,0,187066,1148242,Public
2024-01-14 18:15:00,2024-01-16 00:00:00,CUMBERLAND,HEAVY SNOW,0.0,0.0,0,0,187066,1148116,Public
2024-01-14 18:15:00,2024-01-16 00:00:00,FENTRESS,HEAVY SNOW,0.0,0.0,0,0,187066,1148120,Public
2024-01-14 19:00:00,2024-01-15 22:00:00,CAMPBELL,HEAVY SNOW,0.0,0.0,0,0,188476,1158500,Public
2024-01-14 19:00:00,2024-01-16 00:00:00,GRUNDY,HEAVY SNOW,0.0,0.0,0,0,187066,1148122,Public
2024-01-14 19:30:00,2024-01-15 23:30:00,ANDERSON,HEAVY SNOW,0.0,0.0,0,0,188476,1158345,CoCoRaHS
2024-01-14 19:30:00,2024-01-15 22:30:00,CLAIBORNE,HEAVY SNOW,0.0,0.0,0,0,188476,1158505,COOP Observer
2024-01-14 19:30:00,2024-01-16 03:00:00,MCMINN,WINTER STORM,0.0,0.0,0,0,188476,1159228,CoCoRaHS
2024-01-14 19:30:00,2024-01-16 02:30:00,MEIGS,HEAVY SNOW,0.0,0.0,0,0,188476,1159233,CoCoRaHS
2024-01-14 19:30:00,2024-01-16 03:30:00,NORTHWEST MONROE,WINTER STORM,0.0,0.0,0,0,188476,1159345,Social Media
2024-01-14 19:30:00,2024-01-16 02:00:00,RHEA,HEAVY SNOW,0.0,0.0,0,0,188476,1159565,COOP Observer
2024-01-14 19:30:00,2024-01-16 01:00:00,ROANE,HEAVY SNOW,0.0,0.0,0,0,188476,1159571,COOP Observer
2024-01-14 20:00:00,2024-01-15 20:00:00,FRANKLIN,HEAVY SNOW,0.0,0.0,0,0,186977,1157348,CoCoRaHS
2024-01-14 20:00:00,2024-01-16 03:30:00,KNOX,HEAVY SNOW,0.0,0.0,2,0,188476,1159655,COOP Observer
2024-01-14 20:00:00,2024-01-15 20:00:00,LINCOLN,HEAVY SNOW,0.0,0.0,0,0,186977,1157349,CoCoRaHS
2024-01-14 20:00:00,2024-01-15 21:00:00,MOORE,HEAVY SNOW,0.0,0.0,0,0,186977,1157347,COOP Observer
2024-01-14 20:00:00,2024-01-16 00:00:00,MORGAN,WINTER STORM,0.0,0.0,0,0,188476,1159249,CoCoRaHS
2024-01-14 20:00:00,2024-01-16 01:00:00,SEQUATCHIE,WINTER STORM,0.0,0.0,0,0,188476,1159597,CoCoRaHS
2024-01-14 21:00:00,2024-01-16 02:00:00,HAMILTON,WINTER STORM,0.0,0.0,0,0,188476,1158525,COOP Observer
2024-01-14 21:00:00,2024-01-16 03:00:00,LOUDON,HEAVY SNOW,0.0,0.0,0,0,188476,1158811,Trained Spotter
2024-01-14 21:00:00,2024-01-16 03:30:00,NORTH SEVIER,WINTER STORM,0.0,0.0,0,0,188476,1159276,NWS Employee
2024-01-14 21:00:00,2024-01-16 03:30:00,NORTHWEST BLOUNT,WINTER STORM,0.0,0.0,0,0,188476,1159294,CoCoRaHS
2024-01-14 21:00:00,2024-01-15 21:00:00,SCOTT,HEAVY SNOW,0.0,0.0,0,0,188476,1159575,COOP Observer
2024-01-14 21:30:00,2024-01-16 02:30:00,BRADLEY,HEAVY SNOW,0.0,0.0,0,0,188476,1158479,Trained Spotter
2024-01-14 21:30:00,2024-01-16 01:30:00,UNION,HEAVY SNOW,0.0,0.0,0,0,188476,1159648,COOP Observer
2024-01-14 22:00:00,2024-01-16 03:00:00,JEFFERSON,HEAVY SNOW,0.0,0.0,0,0,188476,1158530,NWS Employee
2024-01-14 23:00:00,2024-01-16 02:30:00,GRAINGER,HEAVY SNOW,0.0,0.0,0,0,188476,1158521,Social Media
2024-01-14 23:00:00,2024-01-16 02:30:00,HAMBLEN,HEAVY SNOW,0.0,0.0,0,0,188476,1158523,Official NWS Observations
2024-01-14 23:00:00,2024-01-16 02:30:00,HANCOCK,HEAVY SNOW,0.0,0.0,0,0,188476,1158527,CoCoRaHS
2024-01-14 23:00:00,2024-01-16 02:30:00,HAWKINS,HEAVY SNOW,0.0,0.0,0,0,188476,1158529,Public
2024-01-15 00:00:00,2024-01-16 04:00:00,COCKE/SMOKY MOUNTAINS,WINTER WEATHER,0.0,0.0,0,0,188476,1159656,Public
2024-01-15 00:00:00,2024-01-16 04:00:00,NORTHWEST COCKE,WINTER WEATHER,0.0,0.0,0,0,188476,1159658,Emergency Manager
2024-01-15 00:00:00,2024-01-16 04:00:00,NORTHWEST GREENE,WINTER WEATHER,0.0,0.0,0,0,188476,1159323,CoCoRaHS
2024-01-15 00:00:00,2024-01-16 04:00:00,SOUTHEAST GREENE,WINTER WEATHER,0.0,0.0,0,0,188476,1159322,CoCoRaHS
2024-01-15 00:00:00,2024-01-16 02:30:00,SULLIVAN,HEAVY SNOW,0.0,0.0,0,0,188476,1159631,Trained Spotter
2024-01-15 00:00:00,2024-01-16 04:00:00,WASHINGTON,WINTER STORM,0.0,0.0,0,0,188476,1159650,Social Media
2024-01-15 02:00:00,2024-01-16 04:00:00,SEVIER/SMOKY MOUNTAINS,WINTER STORM,0.0,0.0,0,0,188476,1159554,COOP Observer
2024-01-15 06:00:00,2024-01-16 03:30:00,JOHNSON,HEAVY SNOW,0.0,0.0,0,0,188476,1158800,Social Media
2024-01-15 06:00:00,2024-01-16 04:15:00,NORTHWEST CARTER,WINTER STORM,0.0,0.0,0,0,188476,1159311,Public
2024-01-15 06:00:00,2024-01-16 04:15:00,SOUTHEAST CARTER,HEAVY SNOW,0.0,0.0,0,0,188476,1159313,Trained Spotter
2024-01-15 08:00:00,2024-01-16 04:00:00,UNICOI,WINTER WEATHER,0.0,0.0,0,0,188476,1159646,Social Media
2024-01-15 21:00:00,2024-01-16 09:00:00,FRANKLIN,EXTREME COLD/WIND CHILL,0.0,0.0,0,0,186979,1157598,COOP Observer
2024-01-15 21:00:00,2024-01-16 09:00:00,MOORE,EXTREME COLD/WIND CHILL,0.0,0.0,0,0,186979,1157596,COOP Observer
2024-01-16 03:00:00,2024-01-16 19:00:00,FRANKLIN,COLD/WIND CHILL,0.0,0.0,0,0,186979,1157579,AWOS
2024-01-16 03:00:00,2024-01-16 19:00:00,LINCOLN,COLD/WIND CHILL,0.0,0.0,0,0,186979,1157581,AWOS
2024-01-16 03:00:00,2024-01-16 19:00:00,MOORE,COLD/WIND CHILL,0.0,0.0,0,0,186979,1157580,AWOS
2024-01-16 21:00:00,2024-01-17 09:00:00,LINCOLN,COLD/WIND CHILL,0.0,0.0,0,0,186979,1157586,COOP Observer
2024-01-16 21:55:00,2024-01-17 08:15:00,GILES,EXTREME COLD/WIND CHILL,0.0,0.0,0,0,187066,1148296,AWOS
2024-01-16 21:55:00,2024-01-17 07:35:00,WHITE,EXTREME COLD/WIND CHILL,0.0,0.0,0,0,187066,1148295,AWOS
2024-01-16 22:20:00,2024-01-17 07:25:00,RUTHERFORD,EXTREME COLD/WIND CHILL,0.0,0.0,0,0,187066,1148294,AWOS
2024-01-17 00:00:00,2024-01-17 09:00:00,MARSHALL,WINTER WEATHER,0.0,0.0,0,0,187066,1148303,Other Federal Agency
2024-01-17 04:25:00,2024-01-17 08:15:00,WAYNE,EXTREME COLD/WIND CHILL,0.0,0.0,0,0,187066,1148292,Mesonet
2024-01-17 05:15:00,2024-01-17 07:35:00,SUMNER,EXTREME COLD/WIND CHILL,0.0,0.0,0,0,187066,1148293,AWOS
2024-01-18 05:00:00,2024-01-18 12:00:00,SHELBY,WINTER WEATHER,0.0,0.0,0,0,188388,1157761,Trained Spotter
2024-01-18 07:00:00,2024-01-18 14:00:00,CHESTER,WINTER WEATHER,0.0,0.0,0,0,188388,1157769,Trained Spotter
2024-01-18 07:00:00,2024-01-18 14:00:00,CROCKETT,WINTER WEATHER,0.0,0.0,0,0,188388,1157765,Trained Spotter
2024-01-18 07:00:00,2024-01-18 14:00:00,FAYETTE,WINTER WEATHER,0.0,0.0,0,0,188388,1157766,Trained Spotter
2024-01-18 07:00:00,2024-01-18 14:00:00,HARDEMAN,WINTER WEATHER,0.0,0.0,0,0,188388,1157767,Trained Spotter
2024-01-18 07:00:00,2024-01-18 14:00:00,HAYWOOD,WINTER WEATHER,0.0,0.0,0,0,188388,1157764,Trained Spotter
2024-01-18 07:00:00,2024-01-18 14:00:00,LAUDERDALE,WINTER WEATHER,0.0,0.0,0,0,188388,1157763,Trained Spotter
2024-01-18 07:00:00,2024-01-18 14:00:00,MADISON,WINTER WEATHER,0.0,0.0,0,0,188388,1157768,Trained Spotter
2024-01-18 07:00:00,2024-01-18 14:00:00,MCNAIRY,WINTER WEATHER,0.0,0.0,0,0,188388,1157770,Trained Spotter
2024-01-18 07:00:00,2024-01-18 14:00:00,TIPTON,WINTER WEATHER,0.0,0.0,0,0,188388,1157762,Trained Spotter
2024-01-18 09:00:00,2024-01-18 17:00:00,BENTON,WINTER WEATHER,0.0,0.0,0,0,188388,1157778,Trained Spotter
2024-01-18 09:00:00,2024-01-18 17:00:00,CARROLL,WINTER WEATHER,0.0,0.0,0,0,188388,1157777,Trained Spotter
2024-01-18 09:00:00,2024-01-18 17:00:00,DECATUR,WINTER WEATHER,0.0,0.0,0,0,188388,1157780,Trained Spotter
2024-01-18 09:00:00,2024-01-18 17:00:00,DYER,WINTER WEATHER,0.0,0.0,0,0,188388,1157771,Trained Spotter
2024-01-18 09:00:00,2024-01-18 17:00:00,GIBSON,WINTER WEATHER,0.0,0.0,0,0,188388,1157774,Trained Spotter
2024-01-18 09:00:00,2024-01-18 17:00:00,HARDIN,WINTER WEATHER,0.0,0.0,0,0,188388,1157781,Trained Spotter
2024-01-18 09:00:00,2024-01-18 17:00:00,HENDERSON,WINTER WEATHER,0.0,0.0,0,0,188388,1157779,Trained Spotter
2024-01-18 09:00:00,2024-01-18 17:00:00,HENRY,WINTER WEATHER,0.0,0.0,0,0,188388,1157776,Trained Spotter
2024-01-18 09:00:00,2024-01-18 17:00:00,LAKE,WINTER WEATHER,0.0,0.0,0,0,188388,1157772,Trained Spotter
2024-01-18 09:00:00,2024-01-18 17:00:00,OBION,WINTER WEATHER,0.0,0.0,0,0,188388,1157773,Trained Spotter
2024-01-18 09:00:00,2024-01-18 17:00:00,WEAKLEY,WINTER WEATHER,0.0,0.0,0,0,188388,1157775,Trained Spotter
2024-01-18 13:00:00,2024-01-19 09:30:00,SCOTT,WINTER WEATHER,0.0,0.0,0,0,188192,1158207,COOP Observer
2024-01-18 14:30:00,2024-01-19 10:00:00,BLEDSOE,WINTER WEATHER,0.0,0.0,0,0,188192,1158219,COOP Observer
2024-01-18 15:00:00,2024-01-19 11:00:00,CAMPBELL,WINTER WEATHER,0.0,0.0,0,0,188192,1155972,COOP Observer
2024-01-18 15:00:00,2024-01-19 08:00:00,JEFFERSON,WINTER WEATHER,0.0,0.0,0,0,188192,1158126,CoCoRaHS
2024-01-18 15:00:00,2024-01-19 20:00:00,UNION,WINTER WEATHER,0.0,0.0,0,0,188192,1158208,COOP Observer
2024-01-18 15:30:00,2024-01-19 08:00:00,GRAINGER,WINTER WEATHER,0.0,0.0,0,0,188192,1158135,CoCoRaHS
2024-01-18 15:30:00,2024-01-19 20:00:00,HAWKINS,WINTER WEATHER,0.0,0.0,0,0,188192,1155968,Trained Spotter
2024-01-18 15:40:00,2024-01-19 20:00:00,CLAIBORNE,WINTER WEATHER,0.0,0.0,0,0,188192,1158222,COOP Observer
2024-01-18 16:00:00,2024-01-20 07:00:00,SEVIER/SMOKY MOUNTAINS,WINTER WEATHER,0.0,0.0,0,0,188192,1158143,Park/Forest Service
2024-01-18 16:00:00,2024-01-20 07:00:00,SEVIER/SMOKY MOUNTAINS,WINTER WEATHER,0.0,0.0,0,0,188192,1158141,Park/Forest Service
2024-01-18 16:00:00,2024-01-20 02:30:00,WASHINGTON,WINTER WEATHER,0.0,0.0,0,0,188192,1158130,CoCoRaHS
2024-01-18 16:30:00,2024-01-19 10:20:00,SULLIVAN,WINTER WEATHER,0.0,0.0,0,0,188192,1158173,Trained Spotter
2024-01-18 18:30:00,2024-01-19 17:45:00,JOHNSON,WINTER WEATHER,0.0,0.0,0,0,188192,1158152,Public
2024-01-18 20:00:00,2024-01-19 14:40:00,KNOX,WINTER WEATHER,0.0,0.0,0,0,188192,1158176,Other Federal Agency
2024-01-18 21:30:00,2024-01-19 17:30:00,HAMBLEN,WINTER WEATHER,0.0,0.0,0,0,188192,1156979,NWS Employee
2024-01-18 22:00:00,2024-01-19 17:00:00,UNICOI,WINTER WEATHER,0.0,0.0,0,0,188192,1158230,COOP Observer
2024-01-19 13:00:00,2024-01-19 13:00:00,COFFEE,WINTER WEATHER,0.0,0.0,0,0,187125,1148559,Other Federal Agency
2024-01-19 23:00:00,2024-01-21 09:00:00,MOORE,COLD/WIND CHILL,0.0,0.0,0,0,187058,1157877,AWOS
2024-01-20 00:00:00,2024-01-21 09:00:00,FRANKLIN,COLD/WIND CHILL,0.0,0.0,0,0,187058,1157879,AWOS
2024-01-20 01:00:00,2024-01-21 09:00:00,LINCOLN,COLD/WIND CHILL,0.0,0.0,0,0,187058,1157878,AWOS
2024-01-20 07:00:00,2024-01-20 08:00:00,FRANKLIN,EXTREME COLD/WIND CHILL,0.0,0.0,0,0,187058,1157881,AWOS
2024-01-20 07:00:00,2024-01-20 08:00:00,MOORE,EXTREME COLD/WIND CHILL,0.0,0.0,0,0,187058,1157880,AWOS
2024-01-28 08:00:00,2024-01-29 11:00:00,SEVIER/SMOKY MOUNTAINS,HEAVY SNOW,0.0,0.0,0,0,188109,1155297,Park/Forest Service
2024-01-28 19:00:00,2024-01-29 07:00:00,SEVIER/SMOKY MOUNTAINS,WINTER WEATHER,0.0,0.0,0,0,188109,1155298,Park/Forest Service
2024-01-30 19:30:00,2024-01-31 05:00:00,SEVIER/SMOKY MOUNTAINS,HEAVY SNOW,0.0,0.0,0,0,188110,1155300,Park/Forest Service
2024-01-30 19:30:00,2024-01-31 05:00:00,SEVIER/SMOKY MOUNTAINS,HEAVY SNOW,0.0,0.0,0,0,188110,1155301,Park/Forest Service
2024-02-01 00:00:00,2024-02-06 06:00:00,BENTON,DROUGHT,0.0,0.0,0,0,189166,1163383,Drought Monitor
2024-02-01 00:00:00,2024-02-06 06:00:00,CARROLL,DROUGHT,0.0,0.0,0,0,189166,1163384,Drought Monitor
2024-02-01 00:00:00,2024-02-13 06:00:00,CHESTER,DROUGHT,0.0,0.0,0,0,189166,1163390,Drought Monitor
2024-02-01 00:00:00,2024-02-13 06:00:00,DECATUR,DROUGHT,0.0,0.0,0,0,189166,1163389,Drought Monitor
2024-02-01 00:00:00,2024-02-29 23:59:00,GILES,DROUGHT,0.0,0.0,0,0,187996,1154666,Drought Monitor
2024-02-01 00:00:00,2024-02-06 06:00:00,HARDEMAN,DROUGHT,0.0,0.0,0,0,189166,1163386,Drought Monitor
2024-02-01 00:00:00,2024-02-29 23:59:00,HARDIN,DROUGHT,0.0,0.0,0,0,189166,1163392,Drought Monitor
2024-02-01 00:00:00,2024-02-06 06:00:00,HAYWOOD,DROUGHT,0.0,0.0,0,0,189166,1163385,Drought Monitor
2024-02-01 00:00:00,2024-02-13 06:00:00,HENDERSON,DROUGHT,0.0,0.0,0,0,189166,1163388,Drought Monitor
2024-02-01 00:00:00,2024-02-29 23:59:00,HICKMAN,DROUGHT,0.0,0.0,0,0,187996,1154670,Drought Monitor
2024-02-01 00:00:00,2024-02-29 23:59:00,HUMPHREYS,DROUGHT,0.0,0.0,0,0,187996,1154671,Drought Monitor
2024-02-01 00:00:00,2024-02-29 23:59:00,LAWRENCE,DROUGHT,0.0,0.0,0,0,187996,1154665,Drought Monitor
2024-02-01 00:00:00,2024-02-29 23:59:00,LEWIS,DROUGHT,0.0,0.0,0,0,187996,1154667,Drought Monitor
2024-02-01 00:00:00,2024-02-13 06:00:00,MADISON,DROUGHT,0.0,0.0,0,0,189166,1163387,Drought Monitor
2024-02-01 00:00:00,2024-02-29 23:59:00,MAURY,DROUGHT,0.0,0.0,0,0,187996,1154668,Drought Monitor
2024-02-01 00:00:00,2024-02-13 06:00:00,MCNAIRY,DROUGHT,0.0,0.0,0,0,189166,1163391,Drought Monitor
2024-02-01 00:00:00,2024-02-29 23:59:00,PERRY,DROUGHT,0.0,0.0,0,0,187996,1154669,Drought Monitor
2024-02-01 00:00:00,2024-02-29 23:59:00,WAYNE,DROUGHT,0.0,0.0,0,0,187996,1154664,Drought Monitor
2024-02-12 17:00:00,2024-02-12 21:00:00,CROCKETT,WINTER WEATHER,0.0,0.0,0,0,189186,1163419,Trained Spotter
2024-02-12 17:00:00,2024-02-12 21:00:00,GIBSON,WINTER WEATHER,0.0,0.0,0,0,189186,1163418,Trained Spotter
2024-02-12 17:00:00,2024-02-12 21:00:00,HAYWOOD,WINTER WEATHER,0.0,0.0,0,0,189186,1163420,Trained Spotter
2024-02-12 17:00:00,2024-02-12 21:00:00,LAUDERDALE,WINTER WEATHER,0.0,0.0,0,0,189186,1163417,Broadcast Media
2024-02-12 17:00:00,2024-02-12 21:00:00,TIPTON,WINTER WEATHER,0.0,0.0,0,0,189186,1163416,Trained Spotter
2024-02-12 17:15:00,2024-02-12 20:30:00,PUTNAM,FLASH FLOOD,0.0,0.0,0,0,187632,1152174,Emergency Manager
2024-02-12 18:00:00,2024-02-12 22:00:00,BENTON,WINTER WEATHER,0.0,0.0,0,0,189186,1163424,Emergency Manager
2024-02-12 18:00:00,2024-02-12 22:00:00,CARROLL,WINTER WEATHER,0.0,0.0,0,0,189186,1163423,CoCoRaHS
2024-02-12 18:00:00,2024-02-12 22:00:00,DECATUR,WINTER WEATHER,0.0,0.0,0,0,189186,1163425,COOP Observer
2024-02-12 18:00:00,2024-02-12 22:00:00,HENDERSON,WINTER WEATHER,0.0,0.0,0,0,189186,1163427,Trained Spotter
2024-02-12 18:00:00,2024-02-12 22:00:00,HENRY,WINTER WEATHER,0.0,0.0,0,0,189186,1163422,CoCoRaHS
2024-02-12 18:00:00,2024-02-12 22:00:00,MADISON,WINTER WEATHER,0.0,0.0,0,0,189186,1163426,CoCoRaHS
2024-02-12 18:00:00,2024-02-12 22:00:00,WEAKLEY,WINTER WEATHER,0.0,0.0,0,0,189186,1163421,Trained Spotter
2024-02-12 19:45:00,2024-02-12 19:45:00,NORTHWEST GREENE,HIGH WIND,0.0,0.0,0,0,188684,1160336,Mesonet
2024-02-12 21:38:00,2024-02-12 21:38:00,GREENE,THUNDERSTORM WIND,0.0,0.0,0,0,188684,1160332,911 Call Center
2024-02-13 00:30:00,2024-02-13 05:00:00,SEVIER/SMOKY MOUNTAINS,WINTER WEATHER,0.0,0.0,0,0,188684,1160338,COOP Observer
2024-02-13 02:30:00,2024-02-13 06:00:00,SOUTHEAST CARTER,WINTER WEATHER,0.0,0.0,0,0,188684,1160342,Trained Spotter
2024-02-16 14:50:00,2024-02-16 14:55:00,HENRY,HAIL,0.0,0.0,0,0,189188,1163436,Trained Spotter
2024-02-16 15:58:00,2024-02-16 16:03:00,HENDERSON,HAIL,0.0,0.0,0,0,189188,1163437,Broadcast Media
2024-02-16 16:09:00,2024-02-16 16:14:00,HENDERSON,HAIL,0.0,0.0,0,0,189188,1163439,Public
2024-02-27 00:00:00,2024-02-28 03:00:00,TIPTON,STRONG WIND,0.0,0.0,0,0,189189,1163440,Law Enforcement
2024-02-27 16:00:00,2024-02-28 04:00:00,SEVIER/SMOKY MOUNTAINS,HIGH WIND,0.0,0.0,0,0,189129,1163020,Mesonet
2024-02-27 18:14:00,2024-02-27 18:14:00,COCKE/SMOKY MOUNTAINS,HIGH WIND,0.0,0.0,0,0,189129,1163021,Public
2024-02-27 19:01:00,2024-02-27 19:01:00,ROBERTSON,STRONG WIND,0.0,0.0,0,0,187905,1154058,Broadcast Media
2024-02-28 04:35:00,2024-02-28 04:35:00,SOUTHEAST MONROE,HIGH WIND,0.0,0.0,0,0,189129,1163027,Public
2024-02-28 05:00:00,2024-02-28 05:05:00,CROCKETT,THUNDERSTORM WIND,0.0,0.0,0,0,189190,1163442,Drought Monitor
2024-02-28 12:05:00,2024-02-28 12:05:00,LOUDON,THUNDERSTORM WIND,0.0,0.0,0,0,189129,1163028,911 Call Center
2024-02-28 12:05:00,2024-02-28 12:05:00,LOUDON,THUNDERSTORM WIND,0.0,0.0,0,0,189129,1163033,Amateur Radio
2024-02-28 12:23:00,2024-02-28 12:23:00,BLOUNT,THUNDERSTORM WIND,0.0,0.0,0,0,189129,1163031,ASOS
2024-02-28 12:37:00,2024-02-28 12:37:00,HAWKINS,THUNDERSTORM WIND,0.0,0.0,0,0,189129,1163029,Trained Spotter
2024-02-28 12:42:00,2024-02-28 12:42:00,BLOUNT,THUNDERSTORM WIND,0.0,0.0,0,0,189129,1163032,Trained Spotter
2024-02-28 12:45:00,2024-02-28 12:45:00,SEVIER,THUNDERSTORM WIND,0.0,0.0,0,0,189129,1163030,911 Call Center
2024-03-01 00:00:00,2024-03-19 23:59:00,GILES,DROUGHT,0.0,0.0,0,0,188812,1161241,Drought Monitor
2024-03-01 00:00:00,2024-03-19 00:00:00,HARDIN,DROUGHT,0.0,0.0,0,0,190103,1168908,Drought Monitor
2024-03-01 00:00:00,2024-03-19 23:59:00,LAWRENCE,DROUGHT,0.0,0.0,0,0,188812,1161240,Drought Monitor
2024-03-01 00:00:00,2024-03-19 23:59:00,LEWIS,DROUGHT,0.0,0.0,0,0,188812,1161242,Drought Monitor
2024-03-01 00:00:00,2024-03-12 23:59:00,MAURY,DROUGHT,0.0,0.0,0,0,188812,1161243,Drought Monitor
2024-03-01 00:00:00,2024-03-19 23:59:00,PERRY,DROUGHT,0.0,0.0,0,0,188812,1161244,Drought Monitor
2024-03-01 00:00:00,2024-03-19 23:59:00,WAYNE,DROUGHT,0.0,0.0,0,0,188812,1161239,Drought Monitor
2024-03-08 19:00:00,2024-03-09 03:30:00,SEVIER/SMOKY MOUNTAINS,HIGH WIND,0.0,0.0,0,0,189135,1163036,Mesonet
2024-03-08 20:30:00,2024-03-09 06:30:00,NORTHWEST GREENE,HIGH WIND,0.0,0.0,0,0,189135,1164053,Mesonet
2024-03-11 00:00:00,2024-03-11 09:00:00,FRANKLIN,FROST/FREEZE,0.0,0.0,0,0,188315,1164778,COOP Observer
2024-03-11 00:00:00,2024-03-11 09:00:00,LINCOLN,FROST/FREEZE,0.0,0.0,0,0,188315,1164779,COOP Observer
2024-03-11 00:00:00,2024-03-11 09:00:00,MOORE,FROST/FREEZE,0.0,0.0,0,0,188315,1164780,COOP Observer
2024-03-14 19:00:00,2024-03-14 19:05:00,HARDIN,THUNDERSTORM WIND,5000.0,0.0,0,0,190426,1170510,Emergency Manager
2024-03-14 19:00:00,2024-03-14 19:05:00,HARDIN,THUNDERSTORM WIND,5000.0,0.0,0,0,190426,1170509,Emergency Manager
2024-03-14 19:40:00,2024-03-14 19:40:00,LAWRENCE,HAIL,0.0,0.0,0,0,188541,1158725,Emergency Manager
2024-03-14 19:40:00,2024-03-14 19:40:00,LAWRENCE,HAIL,0.0,0.0,0,0,188541,1158728,Public
2024-03-14 19:45:00,2024-03-14 19:45:00,LAWRENCE,THUNDERSTORM WIND,1000.0,0.0,0,0,188541,1158732,Emergency Manager
2024-03-14 20:44:00,2024-03-14 20:44:00,WILLIAMSON,THUNDERSTORM WIND,0.0,0.0,0,0,188541,1158734,Public
2024-03-14 21:39:00,2024-03-14 21:39:00,LAWRENCE,LIGHTNING,25000.0,0.0,0,0,188541,1159190,Emergency Manager
2024-03-14 22:21:00,2024-03-14 22:21:00,GILES,HAIL,0.0,0.0,0,0,188541,1158731,Public
2024-03-15 01:00:00,2024-03-15 01:00:00,WAYNE,THUNDERSTORM WIND,5000.0,0.0,0,0,188541,1158743,Emergency Manager
2024-03-15 01:30:00,2024-03-15 01:30:00,WAYNE,THUNDERSTORM WIND,25000.0,0.0,0,0,188541,1158744,Emergency Manager
2024-03-15 03:38:00,2024-03-15 03:39:00,FRANKLIN,TORNADO,10000.0,0.0,0,0,189931,1171265,Emergency Manager
2024-03-18 23:00:00,2024-03-19 09:00:00,FRANKLIN,FROST/FREEZE,0.0,0.0,0,0,188311,1165732,COOP Observer
2024-03-18 23:00:00,2024-03-19 09:00:00,MOORE,FROST/FREEZE,0.0,0.0,0,0,188311,1165734,COOP Observer
2024-03-18 23:00:00,2024-03-19 09:00:00,MOORE,FROST/FREEZE,0.0,0.0,0,0,188311,1165733,COOP Observer
2024-03-25 13:00:00,2024-03-25 16:00:00,SHELBY,STRONG WIND,3000.0,0.0,0,0,190108,1170851,ASOS
2024-03-25 17:45:00,2024-03-25 17:45:00,MAURY,STRONG WIND,15000.0,0.0,0,0,188749,1160800,Social Media
2024-03-25 19:30:00,2024-03-26 04:30:00,NORTHWEST GREENE,HIGH WIND,0.0,0.0,0,0,189136,1163038,Other Federal Agency
2024-03-25 21:00:00,2024-03-26 11:00:00,SEVIER/SMOKY MOUNTAINS,HIGH WIND,0.0,0.0,0,0,189136,1163037,Mesonet
2024-03-25 21:30:00,2024-03-25 21:30:00,WHITE,STRONG WIND,20000.0,0.0,0,0,188749,1160799,Public
2024-03-26 01:00:00,2024-03-26 01:00:00,BLOUNT/SMOKY MOUNTAINS,HIGH WIND,0.0,0.0,0,0,189136,1164052,Park/Forest Service
2024-03-26 01:20:00,2024-03-26 01:20:00,SOUTHEAST MONROE,HIGH WIND,0.0,0.0,0,0,189136,1164051,Public
2024-03-26 04:09:00,2024-03-26 04:09:00,COCKE/SMOKY MOUNTAINS,HIGH WIND,0.0,0.0,0,0,189136,1164050,Public
2024-04-02 07:05:00,2024-04-02 07:10:00,SHELBY,THUNDERSTORM WIND,2000.0,0.0,0,0,190682,1172449,Local Official
2024-04-02 07:55:00,2024-04-02 08:00:00,GIBSON,THUNDERSTORM WIND,3000.0,0.0,0,0,190682,1172447,Public
2024-04-02 08:33:00,2024-04-02 08:38:00,MCNAIRY,HAIL,0.0,0.0,0,0,190682,1172445,Trained Spotter
2024-04-02 09:06:00,2024-04-02 09:11:00,DECATUR,HAIL,0.0,0.0,0,0,190682,1172446,Public
2024-04-02 10:43:00,2024-04-02 10:43:00,DAVIDSON,THUNDERSTORM WIND,5000.0,0.0,0,0,188811,1161237,Emergency Manager
2024-04-02 11:20:00,2024-04-02 11:20:00,SMITH,HAIL,0.0,0.0,0,0,188811,1161238,Public
2024-04-02 16:20:00,2024-04-02 16:25:00,MORGAN,TORNADO,10000.0,0.0,0,0,189281,1173929,NWS Storm Survey
2024-04-02 17:25:00,2024-04-02 17:25:00,ROBERTSON,THUNDERSTORM WIND,25000.0,0.0,0,0,188811,1161236,Social Media
2024-04-02 17:30:00,2024-04-02 17:30:00,ROBERTSON,THUNDERSTORM WIND,25000.0,0.0,0,0,188811,1161235,Social Media
2024-04-03 18:00:00,2024-04-04 11:00:00,SEVIER/SMOKY MOUNTAINS,HEAVY SNOW,0.0,0.0,0,0,189279,1164299,COOP Observer
2024-04-03 21:30:00,2024-04-04 13:00:00,JOHNSON,WINTER WEATHER,0.0,0.0,0,0,189279,1164313,COOP Observer
2024-04-03 21:30:00,2024-04-04 06:30:00,SOUTHEAST CARTER,WINTER WEATHER,0.0,0.0,0,0,189279,1164312,Trained Spotter
2024-04-03 22:00:00,2024-04-05 01:00:00,COCKE/SMOKY MOUNTAINS,WINTER WEATHER,0.0,0.0,0,0,189279,1164315,Public
2024-04-06 02:00:00,2024-04-06 08:00:00,FRANKLIN,FROST/FREEZE,0.0,0.0,0,0,188849,1164100,AWOS
2024-04-06 02:00:00,2024-04-06 08:00:00,MOORE,FROST/FREEZE,0.0,0.0,0,0,188849,1164101,AWOS
2024-04-07 15:59:00,2024-04-07 16:00:00,OBION,THUNDERSTORM WIND,0.0,0.0,0,0,190684,1172481,Public
2024-04-07 16:10:00,2024-04-07 16:15:00,WEAKLEY,HAIL,0.0,0.0,0,0,190684,1172472,Public
2024-04-07 16:57:00,2024-04-07 17:02:00,HENRY,HAIL,0.0,0.0,0,0,190684,1172473,Public
2024-04-07 17:07:00,2024-04-07 17:12:00,WEAKLEY,HAIL,0.0,0.0,0,0,190684,1172474,Public
2024-04-07 17:10:00,2024-04-07 17:15:00,LAUDERDALE,HAIL,0.0,0.0,0,0,190684,1172479,Public
2024-04-07 17:20:00,2024-04-07 17:25:00,LAUDERDALE,THUNDERSTORM WIND,5000.0,0.0,0,0,190684,1172488,Public
2024-04-07 17:52:00,2024-04-07 17:57:00,GIBSON,HAIL,0.0,0.0,0,0,190684,1172475,Public
2024-04-07 18:10:00,2024-04-07 18:15:00,GIBSON,HAIL,0.0,0.0,0,0,190684,1172476,Public
2024-04-07 18:16:00,2024-04-07 18:21:00,TIPTON,HAIL,0.0,0.0,0,0,190684,1172477,Public
2024-04-07 18:41:00,2024-04-07 18:42:00,SHELBY,THUNDERSTORM WIND,0.0,0.0,0,0,190684,1172480,ASOS
2024-04-07 22:00:00,2024-04-07 22:05:00,GIBSON,HAIL,0.0,0.0,0,0,190684,1172478,Trained Spotter
2024-04-07 22:17:00,2024-04-07 22:22:00,CARROLL,HAIL,0.0,0.0,0,0,190684,1172485,Public
2024-04-07 22:30:00,2024-04-07 22:35:00,HENRY,HAIL,0.0,0.0,0,0,190684,1172483,Public
2024-04-07 22:38:00,2024-04-07 22:43:00,HENRY,HAIL,0.0,0.0,0,0,190684,1173011,Public
2024-04-08 15:23:00,2024-04-08 15:28:00,HARDEMAN,HAIL,0.0,0.0,0,0,190734,1172979,Public
2024-04-08 15:33:00,2024-04-08 15:38:00,HARDEMAN,HAIL,0.0,0.0,0,0,190734,1172980,Public
2024-04-08 15:36:00,2024-04-08 15:41:00,FAYETTE,THUNDERSTORM WIND,3000.0,0.0,0,0,190734,1172999,Broadcast Media
2024-04-08 15:46:00,2024-04-08 15:51:00,FAYETTE,HAIL,0.0,0.0,0,0,190734,1172981,Public
2024-04-08 15:49:00,2024-04-08 15:54:00,MADISON,HAIL,0.0,0.0,0,0,190734,1172982,Public
2024-04-08 15:56:00,2024-04-08 16:01:00,MADISON,THUNDERSTORM WIND,25000.0,0.0,0,0,190734,1173000,Public
2024-04-08 15:57:00,2024-04-08 16:02:00,MADISON,HAIL,0.0,0.0,0,0,190734,1172983,Public
2024-04-08 16:00:00,2024-04-08 16:05:00,FAYETTE,HAIL,0.0,0.0,0,0,190734,1172984,Emergency Manager
2024-04-08 16:01:00,2024-04-08 16:06:00,MADISON,HAIL,0.0,0.0,0,0,190734,1172985,Public
2024-04-08 16:03:00,2024-04-08 16:08:00,MADISON,HAIL,0.0,0.0,0,0,190734,1172986,Public
2024-04-08 16:10:00,2024-04-08 16:15:00,FAYETTE,HAIL,0.0,0.0,0,0,190734,1172987,Public
2024-04-08 16:42:00,2024-04-08 16:47:00,HENDERSON,HAIL,0.0,0.0,0,0,190734,1172988,Public
2024-04-08 17:07:00,2024-04-08 17:12:00,CARROLL,HAIL,0.0,0.0,0,0,190734,1172991,Public
2024-04-08 17:08:00,2024-04-08 17:13:00,BENTON,HAIL,0.0,0.0,0,0,190734,1172990,Public
2024-04-08 17:08:00,2024-04-08 17:13:00,CARROLL,HAIL,0.0,0.0,0,0,190734,1172992,Public
2024-04-08 17:11:00,2024-04-08 17:16:00,BENTON,HAIL,0.0,0.0,0,0,190734,1172993,Public
2024-04-08 17:12:00,2024-04-08 17:17:00,CARROLL,HAIL,0.0,0.0,0,0,190734,1172994,Public
2024-04-08 17:23:00,2024-04-08 17:28:00,BENTON,HAIL,0.0,0.0,0,0,190734,1172995,Public
2024-04-08 17:24:00,2024-04-08 17:29:00,BENTON,HAIL,0.0,0.0,0,0,190734,1172996,Public
2024-04-08 17:50:00,2024-04-08 17:50:00,HOUSTON,HAIL,0.0,0.0,0,0,188905,1161694,Public
2024-04-08 17:50:00,2024-04-08 17:50:00,HOUSTON,THUNDERSTORM WIND,15000.0,0.0,0,0,188905,1161693,Social Media
2024-04-08 17:51:00,2024-04-08 17:51:00,HOUSTON,THUNDERSTORM WIND,25000.0,0.0,0,0,188905,1161695,Social Media
2024-04-08 17:51:00,2024-04-08 17:51:00,HOUSTON,THUNDERSTORM WIND,1000.0,0.0,0,0,188905,1161696,Social Media
2024-04-08 17:55:00,2024-04-08 18:00:00,WEAKLEY,HAIL,0.0,0.0,0,0,190734,1173014,Public
2024-04-08 18:03:00,2024-04-08 18:03:00,STEWART,THUNDERSTORM WIND,25000.0,0.0,0,0,188905,1161699,Emergency Manager
2024-04-08 18:10:00,2024-04-08 18:10:00,STEWART,HAIL,0.0,0.0,0,0,188905,1161700,Social Media
2024-04-08 18:14:00,2024-04-08 18:14:00,STEWART,HAIL,0.0,0.0,0,0,188905,1161701,Social Media
2024-04-08 18:20:00,2024-04-08 18:20:00,STEWART,HAIL,0.0,0.0,0,0,188905,1161702,Social Media
2024-04-08 18:22:00,2024-04-08 18:27:00,HENRY,HAIL,0.0,0.0,0,0,190734,1172997,Public
2024-04-08 18:37:00,2024-04-08 18:42:00,HENRY,HAIL,0.0,0.0,0,0,190734,1172998,Emergency Manager
2024-04-08 18:51:00,2024-04-08 18:51:00,MONTGOMERY,HAIL,0.0,0.0,0,0,188905,1161703,Public
2024-04-10 22:00:00,2024-04-10 22:00:00,SEVIER/SMOKY MOUNTAINS,HIGH WIND,0.0,0.0,0,0,189280,1164297,Park/Forest Service
2024-04-11 00:30:00,2024-04-11 00:30:00,NORTHWEST GREENE,HIGH WIND,0.0,0.0,0,0,189280,1164298,Other Federal Agency
2024-04-11 10:00:00,2024-04-11 12:00:00,SHELBY,STRONG WIND,3000.0,0.0,0,0,190738,1173010,Public
2024-04-11 15:25:00,2024-04-11 15:25:00,BLOUNT,HAIL,0.0,0.0,0,0,189280,1164294,Public
2024-04-11 15:40:00,2024-04-11 15:40:00,KNOX,THUNDERSTORM WIND,0.0,0.0,0,0,189280,1164295,Public
2024-04-11 16:06:00,2024-04-11 16:06:00,KNOX,THUNDERSTORM WIND,0.0,0.0,0,0,189280,1164296,Public
2024-04-18 17:56:00,2024-04-18 17:56:00,ROBERTSON,HAIL,0.0,0.0,0,0,189170,1163249,Social Media
2024-04-18 18:02:00,2024-04-18 18:02:00,ROBERTSON,HAIL,0.0,0.0,0,0,189170,1163250,Public
2024-04-18 18:09:00,2024-04-18 18:09:00,ROBERTSON,HAIL,0.0,0.0,0,0,189170,1163251,Social Media
2024-04-18 18:14:00,2024-04-18 18:14:00,ROBERTSON,THUNDERSTORM WIND,25000.0,0.0,0,0,189170,1163252,Emergency Manager
2024-05-06 03:11:00,2024-05-06 03:11:00,LAWRENCE,THUNDERSTORM WIND,25000.0,0.0,0,0,189654,1166068,Emergency Manager
2024-05-06 12:05:00,2024-05-06 12:05:00,SUMNER,THUNDERSTORM WIND,20000.0,0.0,0,0,189654,1166067,Social Media
2024-05-06 13:45:00,2024-05-06 13:45:00,WARREN,HAIL,0.0,0.0,0,0,189654,1166043,Social Media
2024-05-06 13:50:00,2024-05-06 13:50:00,WILSON,THUNDERSTORM WIND,15000.0,0.0,0,0,189654,1166045,Social Media
2024-05-06 13:52:00,2024-05-06 13:52:00,WILSON,HAIL,0.0,0.0,0,0,189654,1166046,Social Media
2024-05-06 13:55:00,2024-05-06 13:55:00,WILSON,HAIL,0.0,0.0,0,0,189654,1166047,Emergency Manager
2024-05-06 13:55:00,2024-05-06 13:56:00,WILSON,TORNADO,25000.0,0.0,0,0,189654,1166050,NWS Storm Survey
2024-05-06 13:57:00,2024-05-06 13:57:00,WILSON,HAIL,0.0,0.0,0,0,189654,1166049,Social Media
2024-05-06 14:06:00,2024-05-06 14:06:00,WILLIAMSON,HAIL,0.0,0.0,0,0,189654,1166065,Public
2024-05-06 14:18:00,2024-05-06 14:18:00,WILLIAMSON,HAIL,0.0,0.0,0,0,189654,1166051,Social Media
2024-05-06 14:56:00,2024-05-06 14:56:00,WILLIAMSON,HAIL,0.0,0.0,0,0,189654,1166052,Public
2024-05-06 15:01:00,2024-05-06 15:01:00,WILLIAMSON,HAIL,0.0,0.0,0,0,189654,1166053,Public
2024-05-06 15:02:00,2024-05-06 15:02:00,WILLIAMSON,HAIL,0.0,0.0,0,0,189654,1166054,Public
2024-05-06 15:04:00,2024-05-06 15:04:00,MAURY,HAIL,0.0,0.0,0,0,189654,1166057,Public
2024-05-06 15:09:00,2024-05-06 15:09:00,WILLIAMSON,HAIL,0.0,0.0,0,0,189654,1166055,Social Media
2024-05-06 15:14:00,2024-05-06 15:14:00,PUTNAM,HAIL,0.0,0.0,0,0,189654,1166056,Public
2024-05-06 15:23:00,2024-05-06 15:33:00,DEKALB,TORNADO,300000.0,0.0,0,0,189654,1166058,NWS Storm Survey
2024-05-06 15:25:00,2024-05-06 15:25:00,DAVIDSON,THUNDERSTORM WIND,10000.0,0.0,0,0,189654,1166061,Social Media
2024-05-06 15:52:00,2024-05-06 15:52:00,RUTHERFORD,HAIL,0.0,0.0,0,0,189654,1166066,Social Media
2024-05-06 15:54:00,2024-05-06 15:54:00,DEKALB,HAIL,0.0,0.0,0,0,189654,1166059,Public
2024-05-06 16:13:00,2024-05-06 16:13:00,COFFEE,HAIL,0.0,0.0,0,0,189654,1166063,Social Media
2024-05-06 16:25:00,2024-05-06 16:25:00,WHITE,HAIL,0.0,0.0,0,0,189654,1166060,Social Media
2024-05-06 16:30:00,2024-05-06 16:30:00,WHITE,THUNDERSTORM WIND,15000.0,0.0,0,0,189654,1166062,Public
2024-05-06 16:42:00,2024-05-06 16:42:00,SEVIER,HAIL,0.0,0.0,0,0,191111,1176241,Public
2024-05-06 16:55:00,2024-05-06 16:55:00,SEVIER,HAIL,0.0,0.0,0,0,191111,1176242,Broadcast Media
2024-05-06 17:25:00,2024-05-06 17:25:00,COCKE,THUNDERSTORM WIND,0.0,0.0,0,0,191111,1176248,911 Call Center
2024-05-06 18:35:00,2024-05-06 18:35:00,WASHINGTON,THUNDERSTORM WIND,0.0,0.0,0,0,191111,1176249,911 Call Center
2024-05-06 19:28:00,2024-05-06 19:28:00,LOUDON,THUNDERSTORM WIND,0.0,0.0,0,0,191111,1176251,911 Call Center
2024-05-06 19:39:00,2024-05-06 19:39:00,BLOUNT,HAIL,0.0,0.0,0,0,191111,1176244,Public
2024-05-06 19:40:00,2024-05-06 19:40:00,BLOUNT,THUNDERSTORM WIND,0.0,0.0,0,0,191111,1176253,911 Call Center
2024-05-06 20:15:00,2024-05-06 20:15:00,COCKE,THUNDERSTORM WIND,0.0,0.0,0,0,191111,1176254,911 Call Center
2024-05-06 20:30:00,2024-05-06 22:30:00,WHITE,FLASH FLOOD,0.0,0.0,0,0,189654,1166064,Public
2024-05-08 03:25:00,2024-05-08 03:25:00,STEWART,THUNDERSTORM WIND,15000.0,0.0,0,0,189932,1167378,Broadcast Media
2024-05-08 05:25:00,2024-05-08 05:25:00,SUMNER,THUNDERSTORM WIND,2000.0,0.0,0,0,189932,1167380,Social Media
2024-05-08 05:47:00,2024-05-08 05:47:00,MACON,THUNDERSTORM WIND,15000.0,0.0,0,0,189932,1167381,Social Media
2024-05-08 06:05:00,2024-05-08 06:05:00,MACON,HAIL,0.0,0.0,0,0,189932,1167621,Public
2024-05-08 06:06:00,2024-05-08 06:06:00,MACON,THUNDERSTORM WIND,15000.0,0.0,0,0,189932,1167622,Public
2024-05-08 06:39:00,2024-05-08 06:39:00,OVERTON,HAIL,0.0,0.0,0,0,189932,1167382,Public
2024-05-08 06:40:00,2024-05-08 06:40:00,OVERTON,THUNDERSTORM WIND,2000.0,0.0,0,0,189932,1167383,Emergency Manager
2024-05-08 06:43:00,2024-05-08 06:43:00,OVERTON,THUNDERSTORM WIND,2000.0,0.0,0,0,189932,1167384,Emergency Manager
2024-05-08 07:39:00,2024-05-09 21:00:00,ROBERTSON,FLASH FLOOD,2000000.0,0.0,0,0,189932,1167739,Emergency Manager
2024-05-08 07:39:00,2024-05-09 21:00:00,ROBERTSON,FLASH FLOOD,2000000.0,0.0,0,0,189932,1167740,Emergency Manager
2024-05-08 07:39:00,2024-05-09 21:00:00,ROBERTSON,FLASH FLOOD,2000000.0,0.0,0,0,189932,1167737,Emergency Manager
2024-05-08 07:39:00,2024-05-09 21:00:00,ROBERTSON,FLASH FLOOD,2000000.0,0.0,0,0,189932,1167738,Emergency Manager
2024-05-08 07:42:00,2024-05-09 04:45:00,MONTGOMERY,FLASH FLOOD,1000000.0,0.0,0,0,189932,1167743,Emergency Manager
2024-05-08 07:42:00,2024-05-09 21:00:00,SUMNER,FLASH FLOOD,2000000.0,0.0,0,0,189932,1167742,Emergency Manager
2024-05-08 07:42:00,2024-05-09 21:00:00,SUMNER,FLASH FLOOD,2000000.0,0.0,0,0,189932,1167741,Emergency Manager
2024-05-08 07:53:00,2024-05-09 05:00:00,DAVIDSON,FLASH FLOOD,2000000.0,0.0,0,0,189932,1167744,Emergency Manager
2024-05-08 07:55:00,2024-05-08 07:55:00,SCOTT,THUNDERSTORM WIND,0.0,0.0,0,0,191117,1176302,Department of Highways
2024-05-08 08:50:00,2024-05-08 08:50:00,MORGAN,THUNDERSTORM WIND,0.0,0.0,0,0,191117,1176303,911 Call Center
2024-05-08 08:50:00,2024-05-08 13:00:00,OVERTON,FLASH FLOOD,0.0,0.0,0,0,189932,1167745,Emergency Manager
2024-05-08 08:55:00,2024-05-08 08:55:00,CLAIBORNE,THUNDERSTORM WIND,0.0,0.0,1,0,191117,1176304,Emergency Manager
2024-05-08 09:20:00,2024-05-08 09:20:00,GRAINGER,HAIL,100000.0,0.0,0,0,191117,1176286,Broadcast Media
2024-05-08 09:35:00,2024-05-08 09:35:00,GRAINGER,HAIL,0.0,0.0,0,0,191117,1176289,Public
2024-05-08 09:35:00,2024-05-08 09:35:00,GRAINGER,THUNDERSTORM WIND,0.0,0.0,0,0,191117,1176307,911 Call Center
2024-05-08 09:44:00,2024-05-08 09:44:00,HAMBLEN,HAIL,0.0,0.0,0,0,191117,1176292,NWS Employee
2024-05-08 09:45:00,2024-05-08 09:45:00,HAMBLEN,THUNDERSTORM WIND,0.0,0.0,0,0,191117,1176308,911 Call Center
2024-05-08 09:55:00,2024-05-08 09:55:00,HAMBLEN,THUNDERSTORM WIND,0.0,0.0,0,0,191117,1176305,NWS Storm Survey
2024-05-08 10:00:00,2024-05-08 12:00:00,WILSON,FLASH FLOOD,500000.0,0.0,0,0,189932,1167748,Emergency Manager
2024-05-08 10:14:00,2024-05-09 03:15:00,PUTNAM,FLASH FLOOD,0.0,0.0,0,0,189932,1167746,Emergency Manager
2024-05-08 10:15:00,2024-05-08 10:15:00,GREENE,HAIL,0.0,0.0,0,0,191117,1176294,Emergency Manager
2024-05-08 11:00:00,2024-05-08 11:00:00,WASHINGTON,HAIL,0.0,0.0,0,0,191117,1176296,Public
2024-05-08 11:10:00,2024-05-08 11:10:00,COCKE,THUNDERSTORM WIND,0.0,0.0,0,0,191117,1176319,911 Call Center
2024-05-08 11:34:00,2024-05-09 05:30:00,WHITE,FLASH FLOOD,0.0,0.0,0,0,189932,1167749,Emergency Manager
2024-05-08 13:20:00,2024-05-08 13:20:00,DAVIDSON,HAIL,0.0,0.0,0,0,189932,1167391,Social Media
2024-05-08 13:20:00,2024-05-08 13:20:00,MONTGOMERY,THUNDERSTORM WIND,25000.0,0.0,0,0,189932,1167386,Social Media
2024-05-08 13:40:00,2024-05-08 14:30:00,ROANE,FLASH FLOOD,0.0,0.0,0,0,191117,1185139,Trained Spotter
2024-05-08 13:43:00,2024-05-08 13:49:00,ROBERTSON,TORNADO,250000.0,0.0,0,0,189932,1167387,NWS Storm Survey
2024-05-08 13:57:00,2024-05-08 13:57:00,ROBERTSON,HAIL,0.0,0.0,0,0,189932,1167390,Social Media
2024-05-08 14:15:00,2024-05-08 14:15:00,ROBERTSON,HAIL,0.0,0.0,0,0,189932,1167392,Social Media
2024-05-08 14:20:00,2024-05-08 14:25:00,HENDERSON,HAIL,0.0,0.0,0,0,191748,1180659,Amateur Radio
2024-05-08 14:22:00,2024-05-08 14:22:00,STEWART,HAIL,0.0,0.0,0,0,189932,1167397,Emergency Manager
2024-05-08 14:25:00,2024-05-08 14:30:00,HENRY,HAIL,0.0,0.0,0,0,191748,1180661,Broadcast Media
2024-05-08 14:25:00,2024-05-08 14:30:00,HENRY,HAIL,0.0,0.0,0,0,191748,1180662,Trained Spotter
2024-05-08 14:25:00,2024-05-08 14:30:00,HENRY,HAIL,0.0,0.0,0,0,191748,1180666,Public
2024-05-08 14:28:00,2024-05-08 14:28:00,ROBERTSON,HAIL,0.0,0.0,0,0,189932,1167396,Public
2024-05-08 14:30:00,2024-05-08 14:30:00,STEWART,HAIL,0.0,0.0,0,0,189932,1167399,Public
2024-05-08 14:32:00,2024-05-08 14:37:00,DECATUR,HAIL,0.0,0.0,0,0,191748,1180663,Public
2024-05-08 14:37:00,2024-05-08 14:42:00,DECATUR,HAIL,0.0,0.0,0,0,191748,1180665,Public
2024-05-08 14:41:00,2024-05-08 14:41:00,STEWART,FUNNEL CLOUD,0.0,0.0,0,0,189932,1167625,Public
2024-05-08 14:46:00,2024-05-08 15:21:00,PERRY,THUNDERSTORM WIND,25000.0,0.0,0,0,189932,1167405,NWS Storm Survey
2024-05-08 14:54:00,2024-05-08 14:54:00,SUMNER,HAIL,0.0,0.0,0,0,189932,1167404,Public
2024-05-08 15:05:00,2024-05-08 15:05:00,MONTGOMERY,HAIL,0.0,0.0,0,0,189932,1167406,Social Media
2024-05-08 15:06:00,2024-05-08 15:06:00,MONTGOMERY,HAIL,0.0,0.0,0,0,189932,1167407,Public
2024-05-08 15:08:00,2024-05-08 15:08:00,MONTGOMERY,HAIL,0.0,0.0,0,0,189932,1167408,Public
2024-05-08 15:15:00,2024-05-08 15:15:00,PERRY,HAIL,0.0,0.0,0,0,189932,1167410,Public
2024-05-08 15:17:00,2024-05-08 15:17:00,HOUSTON,FUNNEL CLOUD,0.0,0.0,0,0,189932,1167626,Public
2024-05-08 15:17:00,2024-05-08 15:17:00,MONTGOMERY,HAIL,0.0,0.0,0,0,189932,1167409,Public
2024-05-08 15:24:00,2024-05-08 15:24:00,PERRY,THUNDERSTORM WIND,25000.0,0.0,0,0,189932,1167411,Emergency Manager
2024-05-08 15:36:00,2024-05-08 15:36:00,LEWIS,HAIL,0.0,0.0,0,0,189932,1167412,Public
2024-05-08 15:43:00,2024-05-08 15:43:00,LEWIS,HAIL,0.0,0.0,0,0,189932,1167413,Emergency Manager
2024-05-08 15:43:00,2024-05-08 15:43:00,LEWIS,HAIL,0.0,0.0,0,0,189932,1167414,Public
2024-05-08 15:44:00,2024-05-08 15:44:00,LEWIS,HAIL,0.0,0.0,0,0,189932,1167415,Public
2024-05-08 15:54:00,2024-05-08 15:54:00,LEWIS,HAIL,0.0,0.0,0,0,189932,1167416,Public
2024-05-08 16:00:00,2024-05-08 16:00:00,ROBERTSON,HAIL,0.0,0.0,0,0,189932,1167417,Social Media
2024-05-08 16:00:00,2024-05-08 16:10:00,SUMNER,THUNDERSTORM WIND,25000.0,0.0,0,0,189932,1167428,Public
2024-05-08 16:00:00,2024-05-08 16:10:00,SUMNER,THUNDERSTORM WIND,25000.0,0.0,0,0,189932,1167427,Public
2024-05-08 16:02:00,2024-05-08 16:02:00,LEWIS,FUNNEL CLOUD,0.0,0.0,0,0,189932,1167627,Emergency Manager
2024-05-08 16:03:00,2024-05-08 16:03:00,DICKSON,FUNNEL CLOUD,0.0,0.0,0,0,189932,1167628,Storm Chaser
2024-05-08 16:09:00,2024-05-08 16:09:00,ROBERTSON,FUNNEL CLOUD,0.0,0.0,0,0,189932,1167629,Public
2024-05-08 16:09:00,2024-05-08 16:09:00,ROBERTSON,HAIL,0.0,0.0,0,0,189932,1167419,Public
2024-05-08 16:10:00,2024-05-08 16:10:00,DICKSON,HAIL,0.0,0.0,0,0,189932,1167421,Social Media
2024-05-08 16:15:00,2024-05-08 16:15:00,ROBERTSON,HAIL,0.0,0.0,0,0,189932,1167420,Emergency Manager
2024-05-08 16:17:00,2024-05-08 16:17:00,ROBERTSON,HAIL,0.0,0.0,0,0,189932,1167422,Public
2024-05-08 16:27:00,2024-05-08 16:27:00,CHEATHAM,THUNDERSTORM WIND,50000.0,0.0,0,0,189932,1167424,Social Media
2024-05-08 16:28:00,2024-05-08 16:28:00,CHEATHAM,THUNDERSTORM WIND,25000.0,0.0,0,0,189932,1167426,Emergency Manager
2024-05-08 16:28:00,2024-05-08 16:28:00,CHEATHAM,THUNDERSTORM WIND,25000.0,0.0,0,0,189932,1167425,Emergency Manager
2024-05-08 16:30:00,2024-05-08 16:30:00,CHEATHAM,HAIL,0.0,0.0,0,0,189932,1167429,Public
2024-05-08 16:34:00,2024-05-08 16:34:00,CHEATHAM,HAIL,0.0,0.0,0,0,189932,1167430,Public
2024-05-08 16:37:00,2024-05-08 17:05:00,MAURY,TORNADO,10000000.0,0.0,1,12,189932,1167432,NWS Storm Survey
2024-05-08 16:43:00,2024-05-08 16:43:00,SUMNER,HAIL,0.0,0.0,0,0,189932,1167434,Public
2024-05-08 16:45:00,2024-05-08 16:45:00,SUMNER,THUNDERSTORM WIND,5000.0,0.0,0,0,189932,1167435,Public
2024-05-08 16:52:00,2024-05-09 05:45:00,RUTHERFORD,FLASH FLOOD,0.0,0.0,0,0,189932,1167747,Emergency Manager
2024-05-08 16:57:00,2024-05-08 16:57:00,SUMNER,THUNDERSTORM WIND,25000.0,0.0,0,0,189932,1167448,Public
2024-05-08 16:57:00,2024-05-08 16:57:00,SUMNER,THUNDERSTORM WIND,5000.0,0.0,0,0,189932,1167451,Social Media
2024-05-08 17:03:00,2024-05-08 17:03:00,DAVIDSON,HAIL,0.0,0.0,0,0,189932,1167458,Public
2024-05-08 17:05:00,2024-05-08 17:07:00,MARSHALL,TORNADO,250000.0,0.0,0,0,189932,1167433,NWS Storm Survey
2024-05-08 17:05:00,2024-05-08 17:05:00,SUMNER,THUNDERSTORM WIND,20000.0,0.0,0,0,189932,1167461,Public
2024-05-08 17:06:00,2024-05-08 17:14:00,WILSON,THUNDERSTORM WIND,50000.0,0.0,0,0,189932,1167478,NWS Storm Survey
2024-05-08 17:10:00,2024-05-08 17:10:00,SUMNER,THUNDERSTORM WIND,10000.0,0.0,0,0,189932,1167471,Public
2024-05-08 17:10:00,2024-05-08 17:10:00,TROUSDALE,THUNDERSTORM WIND,25000.0,0.0,0,0,189932,1167474,Public
2024-05-08 17:10:00,2024-05-08 17:10:00,WILSON,THUNDERSTORM WIND,25000.0,0.0,0,0,189932,1167630,NWS Storm Survey
2024-05-08 17:11:00,2024-05-08 17:11:00,WILSON,THUNDERSTORM WIND,25000.0,0.0,0,0,189932,1167641,NWS Storm Survey
2024-05-08 17:11:00,2024-05-08 17:11:00,WILSON,THUNDERSTORM WIND,25000.0,0.0,0,0,189932,1167642,NWS Storm Survey
2024-05-08 17:12:00,2024-05-08 17:12:00,WILSON,THUNDERSTORM WIND,25000.0,0.0,0,0,189932,1167643,NWS Storm Survey
2024-05-08 17:20:00,2024-05-08 17:20:00,WILSON,THUNDERSTORM WIND,50000.0,0.0,0,0,189932,1167481,NWS Storm Survey
2024-05-08 17:21:00,2024-05-08 17:30:00,BEDFORD,THUNDERSTORM WIND,15000.0,0.0,0,0,189932,1167446,Public
2024-05-08 17:21:00,2024-05-08 17:30:00,RUTHERFORD,THUNDERSTORM WIND,100000.0,0.0,0,0,189932,1167477,NWS Storm Survey
2024-05-08 17:21:00,2024-05-08 17:30:00,RUTHERFORD,THUNDERSTORM WIND,100000.0,0.0,0,0,189932,1167647,NWS Storm Survey
2024-05-08 17:21:00,2024-05-08 17:30:00,RUTHERFORD,THUNDERSTORM WIND,100000.0,0.0,0,0,189932,1167648,NWS Storm Survey
2024-05-08 17:21:00,2024-05-08 17:30:00,RUTHERFORD,THUNDERSTORM WIND,100000.0,0.0,0,0,189932,1167649,NWS Storm Survey
2024-05-08 17:21:00,2024-05-08 17:21:00,TROUSDALE,THUNDERSTORM WIND,25000.0,0.0,0,0,189932,1167476,Public
2024-05-08 17:26:00,2024-05-08 17:36:00,SMITH,THUNDERSTORM WIND,50000.0,0.0,0,0,189932,1167644,NWS Storm Survey
2024-05-08 17:32:00,2024-05-08 17:36:00,RUTHERFORD,TORNADO,100000.0,0.0,0,0,189932,1167479,NWS Storm Survey
2024-05-08 17:34:00,2024-05-08 17:34:00,SMITH,THUNDERSTORM WIND,50000.0,0.0,0,0,189932,1167480,Emergency Manager
2024-05-08 17:40:00,2024-05-08 17:50:00,SMITH,THUNDERSTORM WIND,50000.0,0.0,0,0,189932,1167645,NWS Storm Survey
2024-05-08 17:40:00,2024-05-08 17:50:00,SMITH,THUNDERSTORM WIND,50000.0,0.0,0,0,189932,1167585,Social Media
2024-05-08 17:40:00,2024-05-08 17:50:00,SMITH,THUNDERSTORM WIND,250000.0,0.0,0,0,189932,1167590,NWS Storm Survey
2024-05-08 17:40:00,2024-05-08 17:50:00,SMITH,THUNDERSTORM WIND,500000.0,0.0,0,0,189932,1167594,NWS Storm Survey
2024-05-08 17:42:00,2024-05-08 17:42:00,RUTHERFORD,THUNDERSTORM WIND,0.0,0.0,0,0,189932,1167587,Trained Spotter
2024-05-08 17:43:00,2024-05-08 17:43:00,SMITH,THUNDERSTORM WIND,100000.0,0.0,0,0,189932,1167589,Social Media
2024-05-08 18:07:00,2024-05-08 18:07:00,RUTHERFORD,HAIL,0.0,0.0,0,0,189932,1167596,Public
2024-05-08 18:19:00,2024-05-08 18:28:00,CANNON,THUNDERSTORM WIND,5000.0,0.0,0,0,189932,1167634,NWS Storm Survey
2024-05-08 18:20:00,2024-05-08 18:20:00,COFFEE,THUNDERSTORM WIND,5000.0,0.0,0,0,189932,1167606,Social Media
2024-05-08 18:23:00,2024-05-08 18:23:00,BEDFORD,FUNNEL CLOUD,0.0,0.0,0,0,189932,1167632,Social Media
2024-05-08 18:24:00,2024-05-08 18:24:00,CANNON,THUNDERSTORM WIND,15000.0,0.0,0,0,189932,1167597,Social Media
2024-05-08 18:31:00,2024-05-08 18:36:00,WARREN,THUNDERSTORM WIND,15000.0,0.0,0,0,189932,1167633,Public
2024-05-08 18:34:00,2024-05-08 18:34:00,BEDFORD,THUNDERSTORM WIND,15000.0,0.0,0,0,189932,1167631,Public
2024-05-08 18:34:00,2024-05-08 18:34:00,COFFEE,THUNDERSTORM WIND,5000.0,0.0,0,0,189932,1167608,Social Media
2024-05-08 18:34:00,2024-05-08 18:40:00,WARREN,THUNDERSTORM WIND,50000.0,0.0,0,0,189932,1167646,NWS Storm Survey
2024-05-08 18:34:00,2024-05-08 18:40:00,WARREN,THUNDERSTORM WIND,500000.0,0.0,0,0,189932,1167600,NWS Storm Survey
2024-05-08 18:36:00,2024-05-08 18:36:00,BEDFORD,HAIL,0.0,0.0,0,0,189932,1167598,Social Media
2024-05-08 18:40:00,2024-05-08 18:40:00,BEDFORD,HAIL,0.0,0.0,0,0,189932,1167599,Public
2024-05-08 18:44:00,2024-05-08 18:44:00,WARREN,THUNDERSTORM WIND,25000.0,0.0,0,0,189932,1171885,Public
2024-05-08 18:50:00,2024-05-08 19:00:00,GILES,TORNADO,4000000.0,0.0,0,1,189932,1167601,NWS Storm Survey
2024-05-08 18:58:00,2024-05-08 18:58:00,GRUNDY,THUNDERSTORM WIND,35000.0,0.0,0,0,189932,1167602,Social Media
2024-05-08 19:08:00,2024-05-08 19:08:00,LINCOLN,THUNDERSTORM WIND,3000.0,0.0,0,0,189760,1190560,NWS Storm Survey
2024-05-08 19:08:00,2024-05-08 19:08:00,LINCOLN,THUNDERSTORM WIND,1000.0,0.0,0,0,189760,1190559,NWS Storm Survey
2024-05-08 19:09:00,2024-05-08 19:09:00,LINCOLN,THUNDERSTORM WIND,3000.0,0.0,0,0,189760,1190561,NWS Storm Survey
2024-05-08 19:13:00,2024-05-08 19:13:00,COFFEE,HAIL,0.0,0.0,0,0,189932,1167603,Social Media
2024-05-08 19:14:00,2024-05-08 19:14:00,COFFEE,THUNDERSTORM WIND,15000.0,0.0,0,0,189932,1167604,Social Media
2024-05-08 19:15:00,2024-05-08 19:33:00,LINCOLN,TORNADO,0.0,0.0,0,0,189760,1179769,NWS Storm Survey
2024-05-08 19:18:00,2024-05-08 19:18:00,COFFEE,THUNDERSTORM WIND,5000.0,0.0,0,0,189932,1167605,Social Media
2024-05-08 19:23:00,2024-05-08 19:33:00,LINCOLN,THUNDERSTORM WIND,5000.0,0.0,0,0,189760,1190165,NWS Storm Survey
2024-05-08 19:27:00,2024-05-08 19:27:00,COFFEE,THUNDERSTORM WIND,5000.0,0.0,0,0,189932,1167607,Social Media
2024-05-08 19:35:00,2024-05-08 19:35:00,CUMBERLAND,THUNDERSTORM WIND,15000.0,0.0,0,0,189932,1167609,Public
2024-05-08 19:55:00,2024-05-08 19:55:00,MARION,HAIL,0.0,0.0,0,0,191117,1176299,Trained Spotter
2024-05-08 20:02:00,2024-05-08 20:06:00,LINCOLN,TORNADO,0.0,0.0,0,0,189760,1179773,NWS Storm Survey
2024-05-08 20:11:00,2024-05-08 20:11:00,MARION,HAIL,0.0,0.0,0,0,191117,1176300,Public
2024-05-08 20:15:00,2024-05-08 21:30:00,BLEDSOE,FLASH FLOOD,0.0,0.0,0,0,191117,1185140,911 Call Center
2024-05-08 20:15:00,2024-05-08 20:15:00,BLEDSOE,THUNDERSTORM WIND,0.0,0.0,0,0,191117,1176326,911 Call Center
2024-05-08 20:15:00,2024-05-08 20:15:00,SCOTT,THUNDERSTORM WIND,0.0,0.0,0,0,191117,1176320,911 Call Center
2024-05-08 20:25:00,2024-05-08 20:25:00,MARION,HAIL,0.0,0.0,0,0,191117,1176301,Public
2024-05-08 20:30:00,2024-05-08 20:30:00,MARION,THUNDERSTORM WIND,0.0,0.0,0,0,191117,1176329,Department of Highways
2024-05-08 20:50:00,2024-05-08 20:50:00,BRADLEY,THUNDERSTORM WIND,0.0,0.0,0,0,191117,1176321,Department of Highways
2024-05-08 20:55:00,2024-05-08 20:55:00,ROANE,THUNDERSTORM WIND,0.0,0.0,0,0,191117,1176322,911 Call Center
2024-05-08 21:00:00,2024-05-08 21:00:00,ROANE,THUNDERSTORM WIND,0.0,0.0,0,0,191117,1176323,911 Call Center
2024-05-08 21:10:00,2024-05-08 21:10:00,BRADLEY,THUNDERSTORM WIND,0.0,0.0,0,0,191117,1176324,Department of Highways
2024-05-08 21:10:00,2024-05-08 21:10:00,MCMINN,THUNDERSTORM WIND,0.0,0.0,0,0,191117,1176325,911 Call Center
2024-05-08 21:10:00,2024-05-11 01:39:00,MONTGOMERY,FLOOD,0.0,0.0,0,0,189932,1167958,River/Stream Gage
2024-05-08 21:25:00,2024-05-08 21:25:00,BRADLEY,THUNDERSTORM WIND,0.0,0.0,0,0,191117,1176327,Department of Highways
2024-05-08 21:30:00,2024-05-08 21:30:00,BLOUNT,THUNDERSTORM WIND,0.0,0.0,0,0,191117,1176328,911 Call Center
2024-05-08 21:30:00,2024-05-08 21:30:00,DAVIDSON,LIGHTNING,100000.0,0.0,0,0,189932,1167635,Emergency Manager
2024-05-08 21:45:00,2024-05-08 21:45:00,BLOUNT,THUNDERSTORM WIND,0.0,0.0,0,0,191117,1176330,911 Call Center
2024-05-08 22:05:00,2024-05-08 22:05:00,JEFFERSON,THUNDERSTORM WIND,0.0,0.0,0,0,191117,1176331,NWS Employee
2024-05-08 22:54:00,2024-05-08 22:59:00,OBION,THUNDERSTORM WIND,15000.0,0.0,0,0,191748,1180677,Broadcast Media
2024-05-08 22:57:00,2024-05-08 23:02:00,OBION,THUNDERSTORM WIND,10000.0,0.0,0,0,191748,1180683,Utility Company
2024-05-08 23:00:00,2024-05-09 05:30:00,CANNON,FLASH FLOOD,0.0,0.0,0,0,189932,1167751,Public
2024-05-08 23:00:00,2024-05-09 06:00:00,GRUNDY,FLASH FLOOD,500000.0,0.0,0,0,189932,1167750,Emergency Manager
2024-05-08 23:00:00,2024-05-09 05:00:00,MARSHALL,FLASH FLOOD,500000.0,0.0,0,0,189932,1167752,Emergency Manager
2024-05-08 23:23:00,2024-05-08 23:28:00,WEAKLEY,THUNDERSTORM WIND,1000.0,0.0,0,0,191748,1180667,Fire Department/Rescue
2024-05-08 23:25:00,2024-05-08 23:30:00,WEAKLEY,THUNDERSTORM WIND,2500.0,0.0,0,0,191748,1180672,Fire Department/Rescue
2024-05-08 23:27:00,2024-05-08 23:38:00,WEAKLEY,THUNDERSTORM WIND,0.0,0.0,0,0,191748,1180670,Emergency Manager
2024-05-08 23:30:00,2024-05-08 23:35:00,LAUDERDALE,THUNDERSTORM WIND,3000.0,0.0,0,0,191748,1180675,Public
2024-05-08 23:50:00,2024-05-08 23:55:00,SHELBY,THUNDERSTORM WIND,0.0,0.0,0,0,191748,1180668,AWOS
2024-05-08 23:51:00,2024-05-08 23:56:00,SHELBY,THUNDERSTORM WIND,0.0,0.0,0,0,191748,1180680,Broadcast Media
2024-05-08 23:53:00,2024-05-08 23:58:00,TIPTON,THUNDERSTORM WIND,0.0,0.0,0,0,191748,1180674,Public
2024-05-08 23:56:00,2024-05-08 23:59:00,GIBSON,THUNDERSTORM WIND,2500.0,0.0,0,0,191748,1180681,Broadcast Media
2024-05-09 00:07:00,2024-05-09 00:12:00,SHELBY,THUNDERSTORM WIND,0.0,0.0,0,0,191772,1181002,Emergency Manager
2024-05-09 00:39:00,2024-05-09 00:41:00,BENTON,TORNADO,3000.0,0.0,0,0,191772,1181003,NWS Storm Survey
2024-05-09 00:44:00,2024-05-09 00:49:00,BENTON,THUNDERSTORM WIND,0.0,0.0,0,0,191772,1181006,Emergency Manager
2024-05-09 00:55:00,2024-05-09 01:00:00,HENDERSON,THUNDERSTORM WIND,60000.0,0.0,0,0,191772,1181004,Public
2024-05-09 01:05:00,2024-05-09 01:10:00,HENDERSON,THUNDERSTORM WIND,1000.0,0.0,0,0,191772,1181005,Public
2024-05-09 01:41:00,2024-05-09 01:41:00,MAURY,THUNDERSTORM WIND,50000.0,0.0,0,0,189932,1167610,Social Media
2024-05-09 01:50:00,2024-05-09 02:10:00,LAWRENCE,THUNDERSTORM WIND,100000.0,0.0,0,0,189932,1167638,Emergency Manager
2024-05-09 02:06:00,2024-05-09 02:14:00,MAURY,THUNDERSTORM WIND,250000.0,0.0,0,0,189932,1167611,NWS Storm Survey
2024-05-09 02:18:00,2024-05-09 02:18:00,MARSHALL,THUNDERSTORM WIND,50000.0,0.0,0,0,189932,1167651,Emergency Manager
2024-05-09 02:19:00,2024-05-09 06:51:00,DAVIDSON,FLOOD,0.0,0.0,0,0,189932,1167965,River/Stream Gage
2024-05-09 02:19:00,2024-05-09 02:35:00,GILES,THUNDERSTORM WIND,25000.0,0.0,0,0,189932,1167613,NWS Storm Survey
2024-05-09 02:19:00,2024-05-09 02:35:00,GILES,THUNDERSTORM WIND,50000.0,0.0,0,0,189932,1167650,NWS Storm Survey
2024-05-09 02:19:00,2024-05-09 02:35:00,GILES,THUNDERSTORM WIND,250000.0,0.0,0,0,189932,1167614,NWS Storm Survey
2024-05-09 02:19:00,2024-05-09 02:35:00,GILES,THUNDERSTORM WIND,15000.0,0.0,0,0,189932,1167616,NWS Storm Survey
2024-05-09 02:19:00,2024-05-09 02:19:00,MARSHALL,THUNDERSTORM WIND,100000.0,0.0,0,0,189932,1167652,Emergency Manager
2024-05-09 02:20:00,2024-05-09 02:20:00,MARSHALL,THUNDERSTORM WIND,50000.0,0.0,0,0,189932,1167653,Emergency Manager
2024-05-09 02:23:00,2024-05-09 02:23:00,MARSHALL,THUNDERSTORM WIND,5000.0,0.0,0,0,189932,1167615,Social Media
2024-05-09 02:25:00,2024-05-09 02:25:00,MARSHALL,THUNDERSTORM WIND,500000.0,0.0,0,0,189932,1167654,Emergency Manager
2024-05-09 02:26:00,2024-05-09 02:26:00,MARSHALL,THUNDERSTORM WIND,75000.0,0.0,0,0,189932,1167655,Emergency Manager
2024-05-09 02:27:00,2024-05-09 02:27:00,MARSHALL,THUNDERSTORM WIND,100000.0,0.0,0,0,189932,1167656,Emergency Manager
2024-05-09 02:43:00,2024-05-09 02:49:00,LINCOLN,THUNDERSTORM WIND,15000.0,0.0,0,0,189760,1190169,NWS Storm Survey
2024-05-09 02:44:00,2024-05-09 02:50:00,LINCOLN,TORNADO,0.0,0.0,0,0,189760,1181638,NWS Storm Survey
2024-05-09 02:59:00,2024-05-09 02:59:00,LINCOLN,THUNDERSTORM WIND,1000.0,0.0,0,0,189760,1190122,NWS Storm Survey
2024-05-09 03:01:00,2024-05-09 03:03:00,LINCOLN,TORNADO,0.0,0.0,0,0,189760,1181642,NWS Storm Survey
2024-05-09 03:06:00,2024-05-09 03:15:00,LINCOLN,TORNADO,0.0,0.0,0,0,189760,1181824,NWS Storm Survey
2024-05-09 03:10:00,2024-05-09 03:17:00,LINCOLN,TORNADO,0.0,0.0,0,0,189760,1181826,NWS Storm Survey
2024-05-09 03:15:00,2024-05-09 03:15:00,GRUNDY,THUNDERSTORM WIND,50000.0,0.0,0,0,189932,1167618,Social Media
2024-05-09 03:17:00,2024-05-09 03:23:00,FRANKLIN,TORNADO,0.0,0.0,0,0,189760,1181827,NWS Storm Survey
2024-05-09 03:17:00,2024-05-09 03:17:00,LINCOLN,THUNDERSTORM WIND,2000.0,0.0,0,0,189760,1187719,NWS Storm Survey
2024-05-09 03:20:00,2024-05-09 03:20:00,FRANKLIN,THUNDERSTORM WIND,2000.0,0.0,0,0,189760,1187720,NWS Storm Survey
2024-05-09 03:30:00,2024-05-09 03:30:00,SEQUATCHIE,THUNDERSTORM WIND,0.0,0.0,0,0,191117,1176339,911 Call Center
2024-05-09 04:50:00,2024-05-09 04:50:00,HAMILTON,THUNDERSTORM WIND,0.0,0.0,0,0,191117,1176340,Public
2024-05-09 04:50:00,2024-05-09 06:00:00,SEQUATCHIE,FLASH FLOOD,0.0,0.0,0,0,191117,1185141,911 Call Center
2024-05-09 05:10:00,2024-05-09 05:10:00,BRADLEY,THUNDERSTORM WIND,0.0,0.0,0,0,191117,1176344,Department of Highways
2024-05-09 05:15:00,2024-05-09 05:15:00,BRADLEY,THUNDERSTORM WIND,0.0,0.0,0,0,191117,1176342,Amateur Radio
2024-05-09 05:28:00,2024-05-10 02:06:00,WILSON,FLOOD,0.0,0.0,0,0,189932,1167969,River/Stream Gage
2024-05-09 05:30:00,2024-05-09 05:30:00,POLK,THUNDERSTORM WIND,0.0,0.0,0,0,191117,1183511,Public
2024-05-09 06:00:00,2024-05-09 06:00:00,LAWRENCE,LIGHTNING,500000.0,0.0,0,0,189932,1167640,Emergency Manager
2024-05-09 06:45:00,2024-05-09 06:50:00,SCOTT,DEBRIS FLOW,0.0,0.0,0,0,191117,1185147,911 Call Center
2024-05-09 06:45:00,2024-05-09 08:00:00,SCOTT,FLASH FLOOD,0.0,0.0,0,0,191117,1185142,911 Call Center
2024-05-09 06:50:00,2024-05-09 08:00:00,MORGAN,FLASH FLOOD,1000.0,0.0,0,0,191117,1185143,911 Call Center
2024-05-09 07:00:00,2024-05-09 08:10:00,HAMILTON,FLASH FLOOD,0.0,0.0,0,0,191117,1185145,Emergency Manager
2024-05-09 13:28:00,2024-05-10 09:35:00,DAVIDSON,FLOOD,0.0,0.0,0,0,189932,1167968,River/Stream Gage
2024-05-10 18:35:00,2024-05-11 18:35:00,STEWART,FLOOD,0.0,0.0,0,0,189932,1167957,River/Stream Gage
2024-05-14 13:38:00,2024-05-14 13:43:00,HARDIN,HAIL,0.0,0.0,0,0,191821,1181498,Public
2024-05-14 13:52:00,2024-05-14 13:57:00,HARDIN,HAIL,0.0,0.0,0,0,191821,1181499,Law Enforcement
2024-05-14 14:47:00,2024-05-14 14:47:00,LEWIS,HAIL,0.0,0.0,0,0,189979,1167993,Public
2024-05-14 15:16:00,2024-05-14 15:22:00,LAWRENCE,TORNADO,250000.0,0.0,0,0,189979,1168006,NWS Storm Survey
2024-05-14 15:32:00,2024-05-14 15:32:00,GILES,THUNDERSTORM WIND,100000.0,0.0,0,0,189979,1167995,Social Media
2024-05-14 15:33:00,2024-05-14 15:33:00,MAURY,HAIL,0.0,0.0,0,0,189979,1167994,Public
2024-05-14 15:58:00,2024-05-14 18:05:00,STEWART,FLASH FLOOD,0.0,0.0,0,0,189979,1168008,Emergency Manager
2024-05-14 16:00:00,2024-05-14 16:00:00,MARSHALL,THUNDERSTORM WIND,5000.0,0.0,0,0,189979,1167996,Emergency Manager
2024-05-14 16:00:00,2024-05-14 16:00:00,MARSHALL,THUNDERSTORM WIND,5000.0,0.0,0,0,189979,1167998,Emergency Manager
2024-05-14 16:00:00,2024-05-14 16:00:00,MARSHALL,THUNDERSTORM WIND,5000.0,0.0,0,0,189979,1167997,Emergency Manager
2024-05-14 16:05:00,2024-05-14 18:05:00,STEWART,FLASH FLOOD,0.0,0.0,0,0,189979,1168007,Public
2024-05-14 16:23:00,2024-05-14 16:23:00,MOORE,THUNDERSTORM WIND,1000.0,0.0,0,0,189911,1184365,Emergency Manager
2024-05-14 16:25:00,2024-05-14 16:25:00,MOORE,THUNDERSTORM WIND,500.0,0.0,0,0,189911,1184366,Broadcast Media
2024-05-14 16:27:00,2024-05-14 16:27:00,MOORE,THUNDERSTORM WIND,500.0,0.0,0,0,189911,1184367,Emergency Manager
2024-05-14 16:30:00,2024-05-14 17:30:00,HENRY,FLOOD,0.0,0.0,0,0,191821,1181500,Trained Spotter
2024-05-14 16:30:00,2024-05-14 17:30:00,HENRY,FLOOD,0.0,0.0,0,0,191821,1181501,Trained Spotter
2024-05-14 16:36:00,2024-05-14 16:36:00,COFFEE,THUNDERSTORM WIND,5000.0,0.0,0,0,189979,1168000,Public
2024-05-14 16:37:00,2024-05-14 16:37:00,BEDFORD,THUNDERSTORM WIND,10000.0,0.0,0,0,189979,1168001,Broadcast Media
2024-05-14 16:40:00,2024-05-14 16:40:00,BEDFORD,THUNDERSTORM WIND,5000.0,0.0,0,0,189979,1167999,Public
2024-05-14 16:40:00,2024-05-14 16:40:00,COFFEE,THUNDERSTORM WIND,15000.0,0.0,0,0,189979,1168003,Department of Highways
2024-05-14 17:05:00,2024-05-14 17:05:00,COFFEE,THUNDERSTORM WIND,15000.0,0.0,0,0,189979,1168004,Department of Highways
2024-05-14 18:05:00,2024-05-14 18:05:00,WHITE,THUNDERSTORM WIND,20000.0,0.0,0,0,189979,1168005,Emergency Manager
2024-05-18 14:27:00,2024-05-18 15:00:00,ROANE,FLOOD,0.0,0.0,0,0,191358,1185150,Public
2024-05-18 17:00:00,2024-05-18 18:10:00,MORGAN,FLOOD,0.0,0.0,0,0,191358,1185149,911 Call Center
2024-05-18 17:10:00,2024-05-18 17:10:00,HAWKINS,THUNDERSTORM WIND,0.0,0.0,0,0,191358,1178397,911 Call Center
2024-05-18 17:12:00,2024-05-18 17:12:00,GREENE,THUNDERSTORM WIND,0.0,0.0,0,0,191358,1178398,911 Call Center
2024-05-22 11:20:00,2024-05-22 11:25:00,SHELBY,HAIL,0.0,0.0,0,0,191865,1181947,Public
2024-05-22 11:25:00,2024-05-22 11:30:00,SHELBY,HAIL,0.0,0.0,0,0,191865,1181949,Public
2024-05-22 11:42:00,2024-05-22 11:47:00,OBION,HAIL,0.0,0.0,0,0,191865,1181953,Emergency Manager
2024-05-22 12:35:00,2024-05-22 12:40:00,BENTON,HAIL,0.0,0.0,0,0,191865,1181954,Emergency Manager
2024-05-22 13:24:00,2024-05-22 13:28:00,SHELBY,HAIL,0.0,0.0,0,0,191865,1181974,Amateur Radio
2024-05-22 13:35:00,2024-05-22 13:40:00,LAUDERDALE,THUNDERSTORM WIND,500.0,0.0,0,0,191865,1182057,Public
2024-05-22 13:35:00,2024-05-22 13:40:00,LAUDERDALE,THUNDERSTORM WIND,1500.0,0.0,0,0,191865,1182044,State Official
2024-05-22 13:37:00,2024-05-22 13:43:00,HAYWOOD,THUNDERSTORM WIND,500.0,0.0,0,0,191865,1182055,Broadcast Media
2024-05-22 13:43:00,2024-05-22 13:47:00,SHELBY,HAIL,0.0,0.0,0,0,191865,1181975,Broadcast Media
2024-05-22 14:00:00,2024-05-22 14:10:00,MADISON,THUNDERSTORM WIND,1500.0,0.0,0,0,191865,1182056,Public
2024-05-22 14:10:00,2024-05-22 14:15:00,GIBSON,THUNDERSTORM WIND,2500.0,0.0,0,0,191865,1182026,Public
2024-05-22 14:10:00,2024-05-22 21:00:00,HOUSTON,FLASH FLOOD,0.0,0.0,0,0,190084,1171765,Emergency Manager
2024-05-22 14:10:00,2024-05-22 14:15:00,WEAKLEY,THUNDERSTORM WIND,500.0,0.0,0,0,191865,1182008,Emergency Manager
2024-05-22 14:14:00,2024-05-22 14:19:00,MADISON,THUNDERSTORM WIND,3000.0,0.0,0,0,191865,1182028,State Official
2024-05-22 14:14:00,2024-05-22 14:19:00,MADISON,THUNDERSTORM WIND,3000.0,0.0,0,0,191865,1181979,NWS Employee
2024-05-22 14:17:00,2024-05-22 14:22:00,GIBSON,THUNDERSTORM WIND,500.0,0.0,0,0,191865,1182058,Public
2024-05-22 14:28:00,2024-05-22 14:28:00,ROBERTSON,THUNDERSTORM WIND,75000.0,0.0,0,0,190084,1168886,Broadcast Media
2024-05-22 14:55:00,2024-05-22 15:00:00,HENDERSON,THUNDERSTORM WIND,500.0,0.0,0,0,191865,1182038,State Official
2024-05-22 14:59:00,2024-05-22 14:59:00,DAVIDSON,HAIL,0.0,0.0,0,0,190084,1168887,Broadcast Media
2024-05-22 15:05:00,2024-05-22 15:05:00,SUMNER,HAIL,0.0,0.0,0,0,190084,1168888,Public
2024-05-22 15:10:00,2024-05-22 15:10:00,PERRY,THUNDERSTORM WIND,1000.0,0.0,0,0,190084,1171751,Public
2024-05-22 15:10:00,2024-05-22 15:10:00,PERRY,THUNDERSTORM WIND,1000.0,0.0,0,0,190084,1171753,Public
2024-05-22 15:22:00,2024-05-22 15:22:00,WILLIAMSON,LIGHTNING,100000.0,0.0,0,0,190084,1171769,Broadcast Media
2024-05-22 15:36:00,2024-05-22 15:36:00,MACON,THUNDERSTORM WIND,10000.0,0.0,0,0,190084,1168880,Emergency Manager
2024-05-22 15:38:00,2024-05-22 15:38:00,MACON,THUNDERSTORM WIND,10000.0,0.0,0,0,190084,1168881,Emergency Manager
2024-05-22 15:50:00,2024-05-22 15:50:00,MACON,THUNDERSTORM WIND,10000.0,0.0,0,0,190084,1168882,Emergency Manager
2024-05-22 16:05:00,2024-05-22 17:05:00,BENTON,FLASH FLOOD,0.0,0.0,0,0,191865,1181945,Emergency Manager
2024-05-22 16:17:00,2024-05-22 16:17:00,CLAY,THUNDERSTORM WIND,25000.0,0.0,0,0,190084,1168884,Emergency Manager
2024-05-22 16:20:00,2024-05-22 16:20:00,RUTHERFORD,LIGHTNING,100000.0,0.0,0,0,190084,1171782,Broadcast Media
2024-05-22 16:31:00,2024-05-22 16:31:00,OVERTON,THUNDERSTORM WIND,10000.0,0.0,0,0,190084,1168885,Emergency Manager
2024-05-22 16:51:00,2024-05-22 16:51:00,MARSHALL,THUNDERSTORM WIND,15000.0,0.0,0,0,190084,1168891,Emergency Manager
2024-05-22 16:51:00,2024-05-22 16:51:00,MARSHALL,THUNDERSTORM WIND,15000.0,0.0,0,0,190084,1168892,Emergency Manager
2024-05-22 16:51:00,2024-05-22 16:51:00,MARSHALL,THUNDERSTORM WIND,15000.0,0.0,0,0,190084,1168893,Emergency Manager
2024-05-22 16:57:00,2024-05-22 16:57:00,MARSHALL,THUNDERSTORM WIND,75000.0,0.0,0,0,190084,1168894,Emergency Manager
2024-05-22 17:01:00,2024-05-22 17:01:00,FENTRESS,THUNDERSTORM WIND,25000.0,0.0,0,0,190084,1171756,Social Media
2024-05-22 17:30:00,2024-05-22 18:30:00,HENRY,FLASH FLOOD,0.0,0.0,0,0,191865,1181946,Emergency Manager
2024-05-22 18:30:00,2024-05-22 18:30:00,MORGAN,THUNDERSTORM WIND,0.0,0.0,0,0,191360,1178404,Public
2024-05-22 18:35:00,2024-05-22 18:35:00,SCOTT,THUNDERSTORM WIND,0.0,0.0,0,0,191360,1178405,Law Enforcement
2024-05-22 18:57:00,2024-05-22 18:57:00,SCOTT,THUNDERSTORM WIND,0.0,0.0,0,0,191360,1178407,Public
2024-05-22 19:24:00,2024-05-22 19:24:00,MORGAN,THUNDERSTORM WIND,0.0,0.0,0,0,191360,1178408,Public
2024-05-23 15:48:00,2024-05-23 20:00:00,CLAY,FLASH FLOOD,0.0,0.0,0,0,190584,1171785,Emergency Manager
2024-05-23 16:14:00,2024-05-23 16:14:00,WHITE,THUNDERSTORM WIND,75000.0,0.0,0,0,190584,1171784,Emergency Manager
2024-05-23 16:43:00,2024-05-23 16:43:00,CUMBERLAND,THUNDERSTORM WIND,0.0,0.0,0,0,190584,1171783,ASOS
2024-05-23 18:15:00,2024-05-23 18:15:00,MORGAN,THUNDERSTORM WIND,0.0,0.0,0,0,191423,1178694,Law Enforcement
2024-05-23 18:23:00,2024-05-23 18:23:00,SCOTT,THUNDERSTORM WIND,0.0,0.0,0,0,191423,1178695,Law Enforcement
2024-05-23 18:25:00,2024-05-23 18:25:00,MCMINN,THUNDERSTORM WIND,0.0,0.0,0,0,191423,1178696,Public
2024-05-23 18:45:00,2024-05-23 18:45:00,CAMPBELL,THUNDERSTORM WIND,0.0,0.0,0,0,191423,1178697,Public
2024-05-23 18:45:00,2024-05-23 18:45:00,POLK,THUNDERSTORM WIND,0.0,0.0,0,0,191423,1178698,Law Enforcement
2024-05-23 19:15:00,2024-05-23 19:15:00,BLOUNT,THUNDERSTORM WIND,0.0,0.0,0,0,191423,1178701,Trained Spotter
2024-05-23 19:15:00,2024-05-23 19:15:00,MONROE,THUNDERSTORM WIND,0.0,0.0,0,0,191423,1178699,Public
2024-05-23 19:25:00,2024-05-23 19:25:00,MONROE,THUNDERSTORM WIND,0.0,0.0,0,0,191423,1178700,Law Enforcement
2024-05-24 07:20:00,2024-05-24 07:25:00,GIBSON,HAIL,0.0,0.0,0,0,191917,1182335,Public
2024-05-24 09:29:00,2024-05-24 10:29:00,DYER,FLASH FLOOD,0.0,0.0,0,0,191917,1182327,Department of Highways
2024-05-24 09:30:00,2024-05-24 10:30:00,MADISON,FLASH FLOOD,0.0,0.0,0,0,191917,1182328,Public
2024-05-24 09:34:00,2024-05-24 10:34:00,DYER,FLASH FLOOD,0.0,0.0,0,0,191917,1182329,Department of Highways
2024-05-24 10:00:00,2024-05-24 11:00:00,CROCKETT,FLASH FLOOD,0.0,0.0,0,0,191917,1182330,Emergency Manager
2024-05-24 10:45:00,2024-05-24 11:45:00,CROCKETT,FLASH FLOOD,0.0,0.0,0,0,191917,1182331,Emergency Manager
2024-05-24 11:38:00,2024-05-24 12:38:00,MADISON,FLASH FLOOD,0.0,0.0,0,0,191917,1182332,Public
2024-05-24 12:20:00,2024-05-24 13:20:00,OBION,FLASH FLOOD,0.0,0.0,0,0,191917,1182333,Emergency Manager
2024-05-24 12:30:00,2024-05-24 13:30:00,MADISON,FLASH FLOOD,0.0,0.0,0,0,191917,1182334,Public
2024-05-26 06:35:00,2024-05-26 06:50:00,LAKE,THUNDERSTORM WIND,60000.0,0.0,0,0,191923,1182424,Fire Department/Rescue
2024-05-26 07:06:00,2024-05-26 07:11:00,OBION,THUNDERSTORM WIND,10000.0,0.0,0,0,191923,1182422,Emergency Manager
2024-05-26 07:08:00,2024-05-26 07:13:00,OBION,THUNDERSTORM WIND,8000.0,0.0,0,0,191923,1182418,Emergency Manager
2024-05-26 07:23:00,2024-05-26 07:28:00,WEAKLEY,THUNDERSTORM WIND,10000.0,0.0,0,0,191923,1182419,Fire Department/Rescue
2024-05-26 07:32:00,2024-05-26 07:42:00,HENRY,THUNDERSTORM WIND,10000.0,0.0,0,0,191923,1182421,Emergency Manager
2024-05-26 07:36:00,2024-05-26 07:41:00,WEAKLEY,HAIL,500.0,0.0,0,0,191923,1182414,Trained Spotter
2024-05-26 07:36:00,2024-05-26 07:41:00,WEAKLEY,THUNDERSTORM WIND,10000.0,0.0,0,0,191923,1183804,Trained Spotter
2024-05-26 07:48:00,2024-05-26 07:48:00,STEWART,THUNDERSTORM WIND,50000.0,0.0,0,0,190585,1171787,Trained Spotter
2024-05-26 07:54:00,2024-05-26 07:54:00,STEWART,THUNDERSTORM WIND,50000.0,0.0,0,0,190585,1171788,Emergency Manager
2024-05-26 07:59:00,2024-05-26 08:04:00,HENRY,THUNDERSTORM WIND,0.0,0.0,0,0,191923,1182420,Trained Spotter
2024-05-26 08:03:00,2024-05-26 08:09:00,HENRY,THUNDERSTORM WIND,9000.0,0.0,0,0,191923,1182423,Trained Spotter
2024-05-26 08:15:00,2024-05-26 08:15:00,MONTGOMERY,THUNDERSTORM WIND,25000.0,0.0,0,0,190585,1171789,Emergency Manager
2024-05-26 08:42:00,2024-05-26 08:42:00,ROBERTSON,THUNDERSTORM WIND,15000.0,0.0,0,0,190585,1171790,Emergency Manager
2024-05-26 08:51:00,2024-05-26 08:51:00,ROBERTSON,THUNDERSTORM WIND,15000.0,0.0,0,0,190585,1171792,Emergency Manager
2024-05-26 08:51:00,2024-05-26 08:51:00,ROBERTSON,THUNDERSTORM WIND,25000.0,0.0,0,0,190585,1171791,Emergency Manager
2024-05-26 08:52:00,2024-05-26 08:52:00,ROBERTSON,THUNDERSTORM WIND,15000.0,0.0,0,0,190585,1171793,Emergency Manager
2024-05-26 08:57:00,2024-05-26 09:15:00,SUMNER,THUNDERSTORM WIND,50000.0,0.0,0,0,190585,1171794,NWS Storm Survey
2024-05-26 09:44:00,2024-05-26 09:44:00,CLAY,THUNDERSTORM WIND,10000.0,0.0,0,0,190585,1171796,Emergency Manager
2024-05-26 10:04:00,2024-05-26 10:04:00,CLAY,THUNDERSTORM WIND,10000.0,0.0,0,0,190585,1171797,Emergency Manager
2024-05-26 10:20:00,2024-05-26 10:20:00,OVERTON,THUNDERSTORM WIND,10000.0,0.0,0,0,190585,1171799,Public
2024-05-26 10:22:00,2024-05-26 10:22:00,PICKETT,THUNDERSTORM WIND,75000.0,0.0,0,0,190585,1171801,NWS Storm Survey
2024-05-26 10:26:00,2024-05-26 10:53:00,PICKETT,THUNDERSTORM WIND,75000.0,0.0,0,0,190585,1171804,NWS Storm Survey
2024-05-26 10:40:00,2024-05-26 10:40:00,FENTRESS,THUNDERSTORM WIND,10000.0,0.0,0,0,190585,1171802,Public
2024-05-26 10:40:00,2024-05-26 10:55:00,FENTRESS,THUNDERSTORM WIND,75000.0,0.0,0,0,190585,1187384,NWS Storm Survey
2024-05-26 10:44:00,2024-05-26 10:44:00,FENTRESS,THUNDERSTORM WIND,25000.0,0.0,0,0,190585,1171803,Emergency Manager
2024-05-26 11:55:00,2024-05-26 11:55:00,MONTGOMERY,HAIL,0.0,0.0,0,0,190585,1171805,Public
2024-05-26 12:00:00,2024-05-26 12:40:00,SCOTT,THUNDERSTORM WIND,50000.0,0.0,0,0,191426,1183503,NWS Storm Survey
2024-05-26 12:02:00,2024-05-26 12:02:00,ROBERTSON,HAIL,0.0,0.0,0,0,190585,1171806,Public
2024-05-26 12:17:00,2024-05-26 12:17:00,ROBERTSON,HAIL,0.0,0.0,0,0,190585,1171807,Emergency Manager
2024-05-26 13:06:00,2024-05-26 16:00:00,ROBERTSON,FLASH FLOOD,0.0,0.0,0,0,190585,1171838,Emergency Manager
2024-05-26 13:31:00,2024-05-26 13:31:00,DICKSON,HAIL,0.0,0.0,0,0,190585,1171812,Emergency Manager
2024-05-26 13:33:00,2024-05-26 13:33:00,HICKMAN,HAIL,0.0,0.0,0,0,190585,1171813,Trained Spotter
2024-05-26 13:38:00,2024-05-26 13:38:00,HICKMAN,HAIL,0.0,0.0,0,0,190585,1171814,Trained Spotter
2024-05-26 13:40:00,2024-05-26 13:40:00,HANCOCK,THUNDERSTORM WIND,0.0,0.0,0,0,191426,1178722,911 Call Center
2024-05-26 13:46:00,2024-05-26 13:46:00,WILLIAMSON,HAIL,0.0,0.0,0,0,190585,1171808,Public
2024-05-26 13:48:00,2024-05-26 13:48:00,WILLIAMSON,HAIL,0.0,0.0,0,0,190585,1171809,Public
2024-05-26 13:49:00,2024-05-26 13:49:00,WILLIAMSON,HAIL,0.0,0.0,0,0,190585,1171810,Public
2024-05-26 13:56:00,2024-05-26 13:56:00,WILLIAMSON,HAIL,0.0,0.0,0,0,190585,1171815,Public
2024-05-26 13:56:00,2024-05-26 13:56:00,WILLIAMSON,HAIL,0.0,0.0,0,0,190585,1171811,Public
2024-05-26 14:02:00,2024-05-26 14:02:00,WILLIAMSON,HAIL,0.0,0.0,0,0,190585,1171816,Trained Spotter
2024-05-26 14:05:00,2024-05-26 14:05:00,WILLIAMSON,HAIL,0.0,0.0,0,0,190585,1171818,Trained Spotter
2024-05-26 14:05:00,2024-05-26 14:05:00,WILLIAMSON,HAIL,100000.0,0.0,0,0,190585,1171817,Broadcast Media
2024-05-26 14:14:00,2024-05-26 14:14:00,WILLIAMSON,HAIL,0.0,0.0,0,0,190585,1171819,Trained Spotter
2024-05-26 14:22:00,2024-05-26 14:22:00,WILLIAMSON,HAIL,0.0,0.0,0,0,190585,1171820,Trained Spotter
2024-05-26 14:28:00,2024-05-26 14:28:00,WILLIAMSON,HAIL,0.0,0.0,0,0,190585,1171821,Trained Spotter
2024-05-26 14:40:00,2024-05-26 14:40:00,RUTHERFORD,HAIL,0.0,0.0,0,0,190585,1171823,Trained Spotter
2024-05-26 14:40:00,2024-05-26 14:40:00,RUTHERFORD,HAIL,0.0,0.0,0,0,190585,1171822,Public
2024-05-26 14:45:00,2024-05-26 14:45:00,RUTHERFORD,HAIL,0.0,0.0,0,0,190585,1171824,Trained Spotter
2024-05-26 14:47:00,2024-05-26 14:47:00,RUTHERFORD,HAIL,0.0,0.0,0,0,190585,1171825,Public
2024-05-26 15:10:00,2024-05-26 15:10:00,CANNON,HAIL,0.0,0.0,0,0,190585,1171826,Social Media
2024-05-26 15:25:00,2024-05-26 15:25:00,CANNON,HAIL,0.0,0.0,0,0,190585,1171827,Trained Spotter
2024-05-26 15:30:00,2024-05-26 15:30:00,POLK,THUNDERSTORM WIND,0.0,0.0,0,0,191426,1178723,911 Call Center
2024-05-26 15:45:00,2024-05-26 15:45:00,KNOX,HAIL,0.0,0.0,0,0,191426,1178714,Public
2024-05-26 15:50:00,2024-05-26 15:50:00,POLK,THUNDERSTORM WIND,0.0,0.0,0,0,191426,1178724,911 Call Center
2024-05-26 15:57:00,2024-05-26 15:57:00,KNOX,HAIL,0.0,0.0,0,0,191426,1178715,Trained Spotter
2024-05-26 15:58:00,2024-05-26 15:58:00,KNOX,HAIL,0.0,0.0,0,0,191426,1178716,Trained Spotter
2024-05-26 16:10:00,2024-05-26 16:10:00,JEFFERSON,HAIL,0.0,0.0,0,0,191426,1178717,Amateur Radio
2024-05-26 16:15:00,2024-05-26 16:15:00,ANDERSON,THUNDERSTORM WIND,0.0,0.0,0,0,191426,1178725,911 Call Center
2024-05-26 16:19:00,2024-05-26 16:19:00,KNOX,THUNDERSTORM WIND,0.0,0.0,0,0,191426,1178726,Utility Company
2024-05-26 16:24:00,2024-05-26 16:24:00,KNOX,THUNDERSTORM WIND,0.0,0.0,0,0,191426,1178727,911 Call Center
2024-05-26 16:30:00,2024-05-26 16:30:00,SEVIER,THUNDERSTORM WIND,0.0,0.0,0,0,191426,1178728,911 Call Center
2024-05-26 16:37:00,2024-05-26 16:37:00,KNOX,THUNDERSTORM WIND,0.0,0.0,0,0,191426,1178729,911 Call Center
2024-05-26 16:37:00,2024-05-26 16:37:00,KNOX,THUNDERSTORM WIND,0.0,0.0,0,0,191426,1178730,911 Call Center
2024-05-26 16:39:00,2024-05-26 16:39:00,COCKE,HAIL,0.0,0.0,0,0,191426,1178718,Public
2024-05-26 16:44:00,2024-05-26 16:44:00,KNOX,THUNDERSTORM WIND,0.0,0.0,0,0,191426,1178731,911 Call Center
2024-05-26 16:45:00,2024-05-26 16:45:00,BLOUNT,HAIL,0.0,0.0,0,0,191426,1178719,911 Call Center
2024-05-26 16:49:00,2024-05-26 16:49:00,KNOX,THUNDERSTORM WIND,0.0,0.0,0,0,191426,1178732,Utility Company
2024-05-26 16:50:00,2024-05-26 16:50:00,COCKE,THUNDERSTORM WIND,0.0,0.0,0,0,191426,1178733,911 Call Center
2024-05-26 17:08:00,2024-05-26 17:08:00,BLOUNT,HAIL,0.0,0.0,0,0,191426,1178720,Public
2024-05-26 17:30:00,2024-05-26 17:30:00,SEVIER,THUNDERSTORM WIND,0.0,0.0,0,0,191426,1178734,911 Call Center
2024-05-26 17:30:00,2024-05-26 17:30:00,WASHINGTON,THUNDERSTORM WIND,0.0,0.0,0,0,191426,1178735,911 Call Center
2024-05-26 17:40:00,2024-05-26 17:40:00,UNICOI,THUNDERSTORM WIND,0.0,0.0,0,0,191426,1178736,911 Call Center
2024-05-26 22:10:00,2024-05-26 22:10:00,ROBERTSON,THUNDERSTORM WIND,5000.0,0.0,0,0,190585,1171828,Public
2024-05-26 22:25:00,2024-05-26 22:30:00,BENTON,THUNDERSTORM WIND,1000.0,0.0,0,0,191923,1182426,Emergency Manager
2024-05-26 22:30:00,2024-05-26 22:35:00,HENRY,THUNDERSTORM WIND,500.0,0.0,0,0,191923,1182427,Emergency Manager
2024-05-26 22:30:00,2024-05-26 22:30:00,SUMNER,THUNDERSTORM WIND,5000.0,0.0,0,0,190585,1171832,Public
2024-05-26 22:34:00,2024-05-26 22:39:00,BENTON,THUNDERSTORM WIND,3000.0,0.0,0,0,191923,1182425,Emergency Manager
2024-05-26 22:54:00,2024-05-26 22:54:00,ROBERTSON,THUNDERSTORM WIND,5000.0,0.0,0,0,190585,1171833,Public
2024-05-26 23:15:00,2024-05-26 23:15:00,PICKETT,THUNDERSTORM WIND,15000.0,0.0,0,0,190585,1171829,Emergency Manager
2024-05-26 23:25:00,2024-05-26 23:30:00,SHELBY,THUNDERSTORM WIND,0.0,0.0,0,0,191923,1182428,Broadcast Media
2024-05-26 23:32:00,2024-05-26 23:37:00,FAYETTE,THUNDERSTORM WIND,0.0,0.0,0,0,191923,1182430,Law Enforcement
2024-05-26 23:40:00,2024-05-26 23:51:00,MADISON,THUNDERSTORM WIND,0.0,0.0,0,0,191923,1182431,Broadcast Media
2024-05-26 23:44:00,2024-05-26 23:49:00,FAYETTE,THUNDERSTORM WIND,0.0,0.0,0,0,191923,1182429,Law Enforcement
2024-05-26 23:52:00,2024-05-26 23:53:00,SHELBY,LIGHTNING,2000.0,0.0,0,0,191923,1182417,Broadcast Media
2024-05-26 23:54:00,2024-05-26 23:59:00,GIBSON,HAIL,0.0,0.0,0,0,191923,1182415,Public
2024-05-26 23:55:00,2024-05-27 00:04:00,MADISON,TORNADO,150000.0,0.0,0,0,191923,1182416,NWS Storm Survey
2024-05-27 00:00:00,2024-05-27 00:05:00,SHELBY,LIGHTNING,200000.0,0.0,0,0,192034,1183316,Broadcast Media
2024-05-27 00:04:00,2024-05-27 00:05:00,HARDEMAN,TORNADO,2000.0,0.0,0,0,191923,1225299,NWS Storm Survey
2024-05-27 00:05:00,2024-05-27 00:07:00,CHESTER,TORNADO,8000.0,0.0,0,0,191923,1225300,NWS Storm Survey
2024-05-27 00:20:00,2024-05-27 00:25:00,CHESTER,THUNDERSTORM WIND,500.0,0.0,0,0,192034,1183318,Public
2024-05-27 00:26:00,2024-05-27 00:26:00,WHITE,THUNDERSTORM WIND,5000.0,0.0,0,0,190585,1171835,Emergency Manager
2024-05-27 00:56:00,2024-05-27 01:01:00,DECATUR,THUNDERSTORM WIND,500.0,0.0,0,0,192034,1183324,Public
2024-05-27 00:56:00,2024-05-27 00:56:00,SCOTT,THUNDERSTORM WIND,0.0,0.0,0,0,191426,1178737,911 Call Center
2024-05-27 01:20:00,2024-05-27 01:20:00,LAWRENCE,THUNDERSTORM WIND,25000.0,0.0,0,0,190585,1171830,Emergency Manager
2024-05-27 01:26:00,2024-05-27 01:26:00,LAWRENCE,THUNDERSTORM WIND,2000.0,0.0,0,0,190585,1171831,Emergency Manager
2024-05-27 01:35:00,2024-05-27 01:35:00,CAMPBELL,THUNDERSTORM WIND,0.0,0.0,0,0,191426,1178738,Public
2024-05-27 01:45:00,2024-05-27 01:45:00,MARION,THUNDERSTORM WIND,0.0,0.0,0,0,191426,1178743,911 Call Center
2024-05-27 02:15:00,2024-05-27 02:15:00,KNOX,THUNDERSTORM WIND,0.0,0.0,0,0,191426,1178739,Utility Company
2024-05-27 02:35:00,2024-05-27 02:35:00,GRAINGER,THUNDERSTORM WIND,0.0,0.0,0,0,191426,1178740,911 Call Center
2024-05-27 02:40:00,2024-05-27 02:40:00,HANCOCK,THUNDERSTORM WIND,0.0,0.0,0,0,191426,1178741,911 Call Center
2024-05-27 02:55:00,2024-05-27 02:55:00,SEVIER,THUNDERSTORM WIND,0.0,0.0,0,0,191426,1178742,911 Call Center
2024-05-27 03:00:00,2024-05-27 03:00:00,HAWKINS,THUNDERSTORM WIND,0.0,0.0,0,0,191426,1178744,911 Call Center
2024-05-27 03:20:00,2024-05-27 03:20:00,HAMILTON,THUNDERSTORM WIND,0.0,0.0,0,0,191426,1178745,911 Call Center
2024-05-27 04:20:00,2024-05-27 04:40:00,SEVIER,DEBRIS FLOW,0.0,0.0,0,0,191426,1185153,911 Call Center
2024-05-27 05:20:00,2024-05-27 06:15:00,BRADLEY,FLASH FLOOD,0.0,0.0,0,0,191426,1185152,911 Call Center
2024-06-01 15:05:00,2024-06-01 15:10:00,GIBSON,STRONG WIND,0.0,0.0,0,0,193081,1192195,Public
2024-06-03 14:33:00,2024-06-03 14:38:00,OBION,HAIL,0.0,0.0,0,0,193085,1192226,Public
2024-06-03 16:23:00,2024-06-03 16:23:00,DAVIDSON,THUNDERSTORM WIND,75000.0,0.0,0,0,190590,1171887,Emergency Manager
2024-06-03 17:18:00,2024-06-03 17:23:00,BENTON,THUNDERSTORM WIND,10000.0,0.0,0,0,193085,1192227,Emergency Manager
2024-06-03 18:30:00,2024-06-03 20:30:00,DAVIDSON,FLASH FLOOD,75000.0,0.0,0,0,190590,1171889,Emergency Manager
2024-06-04 21:00:00,2024-06-04 21:30:00,KNOX,FLASH FLOOD,0.0,0.0,0,0,192208,1185156,911 Call Center
2024-06-05 20:23:00,2024-06-05 20:23:00,LINCOLN,THUNDERSTORM WIND,1000.0,0.0,0,0,193542,1195786,Emergency Manager
2024-06-05 20:23:00,2024-06-05 20:23:00,LINCOLN,THUNDERSTORM WIND,1000.0,0.0,0,0,193542,1195788,Emergency Manager
2024-06-05 20:38:00,2024-06-05 20:38:00,MOORE,THUNDERSTORM WIND,1000.0,0.0,0,0,193542,1195789,Emergency Manager
2024-06-05 20:44:00,2024-06-05 20:44:00,MOORE,THUNDERSTORM WIND,1000.0,0.0,0,0,193542,1195791,Emergency Manager
2024-06-05 20:48:00,2024-06-05 20:48:00,MOORE,THUNDERSTORM WIND,1000.0,0.0,0,0,193542,1195792,Emergency Manager
2024-06-05 20:48:00,2024-06-05 20:48:00,MOORE,THUNDERSTORM WIND,1000.0,0.0,0,0,193542,1195794,Emergency Manager
2024-06-05 20:50:00,2024-06-05 20:50:00,MOORE,THUNDERSTORM WIND,1000.0,0.0,0,0,193542,1195795,Emergency Manager
2024-06-05 20:52:00,2024-06-05 20:52:00,MOORE,THUNDERSTORM WIND,1000.0,0.0,0,0,193542,1195796,Emergency Manager
2024-06-09 00:03:00,2024-06-09 00:08:00,DYER,THUNDERSTORM WIND,0.0,0.0,0,0,193191,1193146,Trained Spotter
2024-06-09 01:00:00,2024-06-09 01:05:00,CARROLL,THUNDERSTORM WIND,2000.0,0.0,0,0,193191,1193145,Public
2024-06-09 16:55:00,2024-06-09 16:55:00,JEFFERSON,THUNDERSTORM WIND,0.0,0.0,0,0,192065,1183542,Trained Spotter
2024-06-09 16:55:00,2024-06-09 16:55:00,JEFFERSON,THUNDERSTORM WIND,0.0,0.0,0,0,192065,1183561,Social Media
2024-06-09 17:00:00,2024-06-09 17:00:00,COCKE,THUNDERSTORM WIND,0.0,0.0,0,0,192065,1183548,Social Media
2024-06-09 17:03:00,2024-06-09 17:03:00,COCKE,THUNDERSTORM WIND,0.0,0.0,0,0,192065,1183543,911 Call Center
2024-06-09 17:05:00,2024-06-09 17:05:00,COCKE,THUNDERSTORM WIND,0.0,0.0,0,0,192065,1183564,Social Media
2024-06-09 17:10:00,2024-06-09 17:10:00,BLOUNT,THUNDERSTORM WIND,0.0,0.0,0,0,192065,1183545,Park/Forest Service
2024-06-09 17:15:00,2024-06-09 17:15:00,SEVIER,THUNDERSTORM WIND,0.0,0.0,0,0,192065,1183546,Park/Forest Service
2024-06-09 17:25:00,2024-06-09 17:25:00,COCKE,THUNDERSTORM WIND,0.0,0.0,0,0,192065,1183547,911 Call Center
2024-06-16 14:25:00,2024-06-16 14:25:00,DAVIDSON,THUNDERSTORM WIND,15000.0,0.0,0,0,190961,1175113,Social Media
2024-06-16 17:12:00,2024-06-16 17:12:00,WILLIAMSON,THUNDERSTORM WIND,5000.0,0.0,0,0,190961,1175117,Social Media
2024-06-17 15:55:00,2024-06-17 17:55:00,SHELBY,FLASH FLOOD,25000.0,0.0,0,0,193354,1194609,NWS Employee
2024-06-23 11:00:00,2024-06-23 19:13:00,BENTON,HEAT,0.0,0.0,0,0,193254,1193549,AWOS
2024-06-23 11:00:00,2024-06-23 19:13:00,CARROLL,HEAT,0.0,0.0,0,0,193254,1193550,AWOS
2024-06-23 11:00:00,2024-06-23 19:13:00,CHESTER,HEAT,0.0,0.0,0,0,193254,1193551,AWOS
2024-06-23 11:00:00,2024-06-23 19:13:00,CROCKETT,HEAT,0.0,0.0,0,0,193254,1193552,AWOS
2024-06-23 11:00:00,2024-06-23 19:13:00,DECATUR,HEAT,0.0,0.0,0,0,193254,1193553,AWOS
2024-06-23 11:00:00,2024-06-23 19:13:00,DYER,HEAT,0.0,0.0,0,0,193254,1193554,AWOS
2024-06-23 11:00:00,2024-06-23 19:13:00,FAYETTE,HEAT,0.0,0.0,0,0,193254,1193555,AWOS
2024-06-23 11:00:00,2024-06-23 19:13:00,GIBSON,HEAT,0.0,0.0,0,0,193254,1193556,AWOS
2024-06-23 11:00:00,2024-06-23 19:13:00,HARDEMAN,HEAT,0.0,0.0,0,0,193254,1193557,AWOS
2024-06-23 11:00:00,2024-06-23 19:13:00,HARDIN,HEAT,0.0,0.0,0,0,193254,1193558,AWOS
2024-06-23 11:00:00,2024-06-23 19:13:00,HAYWOOD,HEAT,0.0,0.0,0,0,193254,1193559,AWOS
2024-06-23 11:00:00,2024-06-23 19:13:00,HENDERSON,HEAT,0.0,0.0,0,0,193254,1193560,AWOS
2024-06-23 11:00:00,2024-06-23 19:13:00,HENRY,HEAT,0.0,0.0,0,0,193254,1193561,AWOS
2024-06-23 11:00:00,2024-06-23 19:13:00,LAKE,HEAT,0.0,0.0,0,0,193254,1193562,AWOS
2024-06-23 11:00:00,2024-06-23 19:13:00,LAUDERDALE,HEAT,0.0,0.0,0,0,193254,1193563,AWOS
2024-06-23 11:00:00,2024-06-23 19:13:00,MADISON,HEAT,0.0,0.0,0,0,193254,1193564,ASOS
2024-06-23 11:00:00,2024-06-23 19:13:00,MCNAIRY,HEAT,0.0,0.0,0,0,193254,1193565,AWOS
2024-06-23 11:00:00,2024-06-23 19:13:00,OBION,HEAT,0.0,0.0,0,0,193254,1193566,AWOS
2024-06-23 11:00:00,2024-06-23 19:13:00,SHELBY,HEAT,0.0,0.0,0,0,193254,1193567,ASOS
2024-06-23 11:00:00,2024-06-23 19:13:00,TIPTON,HEAT,0.0,0.0,0,0,193254,1193568,AWOS
2024-06-23 11:00:00,2024-06-23 19:13:00,WEAKLEY,HEAT,0.0,0.0,0,0,193254,1193569,AWOS
2024-06-25 10:00:00,2024-06-25 19:00:00,BENTON,HEAT,0.0,0.0,0,0,193258,1193638,AWOS
2024-06-25 10:00:00,2024-06-25 19:00:00,CARROLL,HEAT,0.0,0.0,0,0,193258,1193639,AWOS
2024-06-25 10:00:00,2024-06-25 19:00:00,CHESTER,HEAT,0.0,0.0,0,0,193258,1193640,AWOS
2024-06-25 10:00:00,2024-06-25 19:00:00,CROCKETT,HEAT,0.0,0.0,0,0,193258,1193641,AWOS
2024-06-25 10:00:00,2024-06-25 19:00:00,DECATUR,HEAT,0.0,0.0,0,0,193258,1193642,AWOS
2024-06-25 10:00:00,2024-06-25 19:00:00,DYER,HEAT,0.0,0.0,0,0,193258,1193643,AWOS
2024-06-25 10:00:00,2024-06-25 19:00:00,FAYETTE,HEAT,0.0,0.0,0,0,193258,1193644,AWOS
2024-06-25 10:00:00,2024-06-25 19:00:00,GIBSON,HEAT,0.0,0.0,0,0,193258,1193645,AWOS
2024-06-25 10:00:00,2024-06-25 19:00:00,HARDEMAN,HEAT,0.0,0.0,0,0,193258,1193646,AWOS
2024-06-25 10:00:00,2024-06-25 19:00:00,HARDIN,HEAT,0.0,0.0,0,0,193258,1193647,AWOS
2024-06-25 10:00:00,2024-06-25 19:00:00,HAYWOOD,HEAT,0.0,0.0,0,0,193258,1193648,AWOS
2024-06-25 10:00:00,2024-06-25 19:00:00,HENDERSON,HEAT,0.0,0.0,0,0,193258,1193649,AWOS
2024-06-25 10:00:00,2024-06-25 19:00:00,HENRY,HEAT,0.0,0.0,0,0,193258,1193650,AWOS
2024-06-25 10:00:00,2024-06-25 19:00:00,LAKE,HEAT,0.0,0.0,0,0,193258,1193651,AWOS
2024-06-25 10:00:00,2024-06-25 19:00:00,LAUDERDALE,HEAT,0.0,0.0,0,0,193258,1193652,AWOS
2024-06-25 10:00:00,2024-06-25 19:00:00,MADISON,HEAT,0.0,0.0,0,0,193258,1193653,ASOS
2024-06-25 10:00:00,2024-06-25 19:00:00,MCNAIRY,HEAT,0.0,0.0,0,0,193258,1193655,AWOS
2024-06-25 10:00:00,2024-06-25 19:00:00,OBION,HEAT,0.0,0.0,0,0,193258,1193656,AWOS
2024-06-25 10:00:00,2024-06-25 19:00:00,SHELBY,HEAT,0.0,0.0,0,0,193258,1193654,ASOS
2024-06-25 10:00:00,2024-06-25 19:00:00,TIPTON,HEAT,0.0,0.0,0,0,193258,1193657,AWOS
2024-06-25 10:00:00,2024-06-25 19:00:00,WEAKLEY,HEAT,0.0,0.0,0,0,193258,1193658,AWOS
2024-06-26 03:30:00,2024-06-26 05:15:00,ROBERTSON,FLASH FLOOD,50000.0,0.0,0,0,191596,1179675,Emergency Manager
2024-06-26 15:20:00,2024-06-26 15:20:00,WILLIAMSON,THUNDERSTORM WIND,1000.0,0.0,0,0,191582,1179645,Social Media
2024-06-26 15:25:00,2024-06-26 15:25:00,LINCOLN,THUNDERSTORM WIND,500.0,0.0,0,0,193543,1195798,Trained Spotter
2024-06-26 15:31:00,2024-06-26 15:31:00,RUTHERFORD,THUNDERSTORM WIND,2000.0,0.0,0,0,191582,1179648,Social Media
2024-06-26 15:37:00,2024-06-26 15:37:00,WILLIAMSON,THUNDERSTORM WIND,1000.0,0.0,0,0,191582,1179537,Social Media
2024-06-26 15:42:00,2024-06-26 15:42:00,WILLIAMSON,THUNDERSTORM WIND,2000.0,0.0,0,0,191582,1179540,Social Media
2024-06-26 15:45:00,2024-06-26 15:45:00,WILLIAMSON,THUNDERSTORM WIND,2000.0,0.0,0,0,191582,1179548,Social Media
2024-06-26 15:47:00,2024-06-26 15:47:00,WILLIAMSON,THUNDERSTORM WIND,1000.0,0.0,0,0,191582,1179550,Social Media
2024-06-26 15:52:00,2024-06-26 15:52:00,DAVIDSON,THUNDERSTORM WIND,2000.0,0.0,0,0,191582,1179552,Social Media
2024-06-26 15:55:00,2024-06-26 15:55:00,BEDFORD,THUNDERSTORM WIND,1000.0,0.0,0,0,191582,1179650,Social Media
2024-06-26 15:58:00,2024-06-26 15:58:00,DAVIDSON,THUNDERSTORM WIND,1000.0,0.0,0,0,191582,1179554,Social Media
2024-06-26 16:01:00,2024-06-26 16:01:00,DAVIDSON,THUNDERSTORM WIND,0.0,0.0,0,0,191582,1179572,Law Enforcement
2024-06-26 16:03:00,2024-06-26 16:03:00,DAVIDSON,THUNDERSTORM WIND,2000.0,0.0,0,0,191582,1179587,Law Enforcement
2024-06-26 16:08:00,2024-06-26 16:08:00,DAVIDSON,THUNDERSTORM WIND,2000.0,0.0,0,0,191582,1179627,Social Media
2024-06-26 16:11:00,2024-06-26 16:11:00,DAVIDSON,THUNDERSTORM WIND,1000.0,0.0,0,0,191582,1179632,Social Media
2024-06-26 16:11:00,2024-06-26 16:11:00,WILSON,THUNDERSTORM WIND,1000.0,0.0,0,0,191582,1179654,Social Media
2024-06-26 16:13:00,2024-06-26 16:13:00,BEDFORD,FUNNEL CLOUD,0.0,0.0,0,0,191582,1179662,Social Media
2024-06-26 16:13:00,2024-06-26 16:13:00,WILSON,THUNDERSTORM WIND,1000.0,0.0,0,0,191582,1179634,Social Media
2024-06-26 16:16:00,2024-06-26 16:16:00,WILSON,THUNDERSTORM WIND,5000.0,0.0,0,0,191582,1179636,Law Enforcement
2024-06-26 16:19:00,2024-06-26 16:19:00,ROBERTSON,THUNDERSTORM WIND,1000.0,0.0,0,0,191582,1179655,Emergency Manager
2024-06-26 16:27:00,2024-06-26 16:27:00,ROBERTSON,THUNDERSTORM WIND,5000.0,0.0,0,0,191582,1179656,Emergency Manager
2024-06-26 16:32:00,2024-06-26 16:32:00,WILSON,THUNDERSTORM WIND,5000.0,0.0,0,0,191582,1179638,Social Media
2024-06-26 18:00:00,2024-06-26 18:00:00,PUTNAM,THUNDERSTORM WIND,2000.0,0.0,0,0,191582,1179659,Emergency Manager
2024-06-26 18:07:00,2024-06-26 18:07:00,PUTNAM,THUNDERSTORM WIND,1000.0,0.0,0,0,191582,1179660,Emergency Manager
2024-06-26 19:15:00,2024-06-26 19:15:00,FENTRESS,THUNDERSTORM WIND,15000.0,0.0,0,0,191582,1179661,Social Media
2024-06-29 10:00:00,2024-06-29 19:00:00,BENTON,HEAT,0.0,0.0,0,0,193294,1194012,AWOS
2024-06-29 10:00:00,2024-06-29 19:00:00,CARROLL,HEAT,0.0,0.0,0,0,193294,1194015,AWOS
2024-06-29 10:00:00,2024-06-29 19:00:00,CHESTER,HEAT,0.0,0.0,0,0,193294,1194019,AWOS
2024-06-29 10:00:00,2024-06-29 19:00:00,CROCKETT,EXCESSIVE HEAT,0.0,0.0,0,0,193294,1194010,AWOS
2024-06-29 10:00:00,2024-06-29 19:00:00,DECATUR,HEAT,0.0,0.0,0,0,193294,1194016,AWOS
2024-06-29 10:00:00,2024-06-29 19:00:00,DYER,EXCESSIVE HEAT,0.0,0.0,0,0,193294,1194006,AWOS
2024-06-29 10:00:00,2024-06-29 19:00:00,FAYETTE,EXCESSIVE HEAT,0.0,0.0,0,0,193294,1194003,AWOS
2024-06-29 10:00:00,2024-06-29 19:00:00,GIBSON,EXCESSIVE HEAT,0.0,0.0,0,0,193294,1194009,AWOS
2024-06-29 10:00:00,2024-06-29 19:00:00,HARDEMAN,HEAT,0.0,0.0,0,0,193294,1194021,AWOS
2024-06-29 10:00:00,2024-06-29 19:00:00,HARDIN,HEAT,0.0,0.0,0,0,193294,1194018,AWOS
2024-06-29 10:00:00,2024-06-29 19:00:00,HAYWOOD,EXCESSIVE HEAT,0.0,0.0,0,0,193294,1194011,AWOS
2024-06-29 10:00:00,2024-06-29 19:00:00,HENDERSON,HEAT,0.0,0.0,0,0,193294,1194017,AWOS
2024-06-29 10:00:00,2024-06-29 19:00:00,HENRY,HEAT,0.0,0.0,0,0,193294,1194014,AWOS
2024-06-29 10:00:00,2024-06-29 19:00:00,LAKE,EXCESSIVE HEAT,0.0,0.0,0,0,193294,1194007,AWOS
2024-06-29 10:00:00,2024-06-29 19:00:00,LAUDERDALE,EXCESSIVE HEAT,0.0,0.0,0,0,193294,1194005,AWOS
2024-06-29 10:00:00,2024-06-29 19:00:00,MADISON,HEAT,0.0,0.0,0,0,193294,1194022,ASOS
2024-06-29 10:00:00,2024-06-29 19:00:00,MCNAIRY,HEAT,0.0,0.0,0,0,193294,1194020,AWOS
2024-06-29 10:00:00,2024-06-29 19:00:00,OBION,EXCESSIVE HEAT,0.0,0.0,0,0,193294,1194008,AWOS
2024-06-29 10:00:00,2024-06-29 19:00:00,SHELBY,EXCESSIVE HEAT,0.0,0.0,0,0,193294,1194002,ASOS
2024-06-29 10:00:00,2024-06-29 19:00:00,TIPTON,EXCESSIVE HEAT,0.0,0.0,0,0,193294,1194004,AWOS
2024-06-29 10:00:00,2024-06-29 19:00:00,WEAKLEY,HEAT,0.0,0.0,0,0,193294,1194013,AWOS
2024-06-30 03:30:00,2024-06-30 05:15:00,SUMNER,FLASH FLOOD,100000.0,0.0,0,0,191596,1179673,Emergency Manager
2024-06-30 09:00:00,2024-06-30 18:00:00,CHESTER,HEAT,0.0,0.0,0,0,193294,1194079,AWOS
2024-06-30 09:00:00,2024-06-30 18:00:00,CROCKETT,HEAT,0.0,0.0,0,0,193294,1194084,AWOS
2024-06-30 09:00:00,2024-06-30 18:00:00,DECATUR,HEAT,0.0,0.0,0,0,193294,1194078,AWOS
2024-06-30 09:00:00,2024-06-30 18:00:00,FAYETTE,HEAT,0.0,0.0,0,0,193294,1194074,AWOS
2024-06-30 09:00:00,2024-06-30 18:00:00,HARDEMAN,HEAT,0.0,0.0,0,0,193294,1194075,AWOS
2024-06-30 09:00:00,2024-06-30 18:00:00,HARDIN,HEAT,0.0,0.0,0,0,193294,1194077,AWOS
2024-06-30 09:00:00,2024-06-30 18:00:00,HAYWOOD,HEAT,0.0,0.0,0,0,193294,1194083,AWOS
2024-06-30 09:00:00,2024-06-30 18:00:00,HENDERSON,HEAT,0.0,0.0,0,0,193294,1194080,AWOS
2024-06-30 09:00:00,2024-06-30 18:00:00,LAUDERDALE,HEAT,0.0,0.0,0,0,193294,1194082,AWOS
2024-06-30 09:00:00,2024-06-30 18:00:00,MADISON,HEAT,0.0,0.0,0,0,193294,1194085,ASOS
2024-06-30 09:00:00,2024-06-30 18:00:00,MCNAIRY,HEAT,0.0,0.0,0,0,193294,1194076,AWOS
2024-06-30 09:00:00,2024-06-30 18:00:00,SHELBY,EXCESSIVE HEAT,0.0,0.0,0,0,193294,1194073,ASOS
2024-06-30 09:00:00,2024-06-30 18:00:00,TIPTON,HEAT,0.0,0.0,0,0,193294,1194081,AWOS
2024-06-30 17:25:00,2024-06-30 17:25:00,JEFFERSON,THUNDERSTORM WIND,0.0,0.0,0,0,192068,1183583,911 Call Center
2024-06-30 17:55:00,2024-06-30 17:55:00,COCKE,THUNDERSTORM WIND,0.0,0.0,0,0,192068,1183584,911 Call Center
2024-07-03 10:00:00,2024-07-03 19:00:00,BENTON,EXCESSIVE HEAT,0.0,0.0,0,0,194550,1202580,AWOS
2024-07-03 10:00:00,2024-07-03 19:00:00,CARROLL,EXCESSIVE HEAT,0.0,0.0,0,0,194550,1202581,AWOS
2024-07-03 10:00:00,2024-07-03 19:00:00,CHESTER,EXCESSIVE HEAT,0.0,0.0,0,0,194550,1202582,AWOS
2024-07-03 10:00:00,2024-07-03 19:00:00,CROCKETT,EXCESSIVE HEAT,0.0,0.0,0,0,194550,1202583,AWOS
2024-07-03 10:00:00,2024-07-03 19:00:00,DECATUR,EXCESSIVE HEAT,0.0,0.0,0,0,194550,1202584,AWOS
2024-07-03 10:00:00,2024-07-03 19:00:00,DYER,EXCESSIVE HEAT,0.0,0.0,0,0,194550,1202585,AWOS
2024-07-03 10:00:00,2024-07-03 19:00:00,FAYETTE,EXCESSIVE HEAT,0.0,0.0,0,0,194550,1202586,AWOS
2024-07-03 10:00:00,2024-07-03 19:00:00,GIBSON,EXCESSIVE HEAT,0.0,0.0,0,0,194550,1202587,AWOS
2024-07-03 10:00:00,2024-07-03 19:00:00,HARDEMAN,EXCESSIVE HEAT,0.0,0.0,0,0,194550,1202588,AWOS
2024-07-03 10:00:00,2024-07-03 19:00:00,HARDIN,EXCESSIVE HEAT,0.0,0.0,0,0,194550,1202589,AWOS
2024-07-03 10:00:00,2024-07-03 19:00:00,HAYWOOD,EXCESSIVE HEAT,0.0,0.0,0,0,194550,1202590,AWOS
2024-07-03 10:00:00,2024-07-03 19:00:00,HENDERSON,EXCESSIVE HEAT,0.0,0.0,0,0,194550,1202591,AWOS
2024-07-03 10:00:00,2024-07-03 19:00:00,HENRY,EXCESSIVE HEAT,0.0,0.0,0,0,194550,1202592,AWOS
2024-07-03 10:00:00,2024-07-03 19:00:00,LAKE,EXCESSIVE HEAT,0.0,0.0,0,0,194550,1202593,AWOS
2024-07-03 10:00:00,2024-07-03 19:00:00,LAUDERDALE,EXCESSIVE HEAT,0.0,0.0,0,0,194550,1202594,AWOS
2024-07-03 10:00:00,2024-07-03 19:00:00,MADISON,EXCESSIVE HEAT,0.0,0.0,0,0,194550,1202595,ASOS
2024-07-03 10:00:00,2024-07-03 19:00:00,MCNAIRY,EXCESSIVE HEAT,0.0,0.0,0,0,194550,1202596,AWOS
2024-07-03 10:00:00,2024-07-03 19:00:00,OBION,EXCESSIVE HEAT,0.0,0.0,0,0,194550,1202597,AWOS
2024-07-03 10:00:00,2024-07-03 19:00:00,SHELBY,EXCESSIVE HEAT,0.0,0.0,0,0,194550,1202598,ASOS
2024-07-03 10:00:00,2024-07-03 19:00:00,TIPTON,EXCESSIVE HEAT,0.0,0.0,0,0,194550,1202599,AWOS
2024-07-03 10:00:00,2024-07-03 19:00:00,WEAKLEY,EXCESSIVE HEAT,0.0,0.0,0,0,194550,1202602,AWOS
2024-07-04 10:00:00,2024-07-04 19:00:00,BENTON,EXCESSIVE HEAT,0.0,0.0,0,0,194550,1202603,AWOS
2024-07-04 10:00:00,2024-07-04 19:00:00,CARROLL,EXCESSIVE HEAT,0.0,0.0,0,0,194550,1202604,AWOS
2024-07-04 10:00:00,2024-07-04 19:00:00,CHESTER,EXCESSIVE HEAT,0.0,0.0,0,0,194550,1202605,AWOS
2024-07-04 10:00:00,2024-07-04 19:00:00,CROCKETT,EXCESSIVE HEAT,0.0,0.0,0,0,194550,1202606,AWOS
2024-07-04 10:00:00,2024-07-04 19:00:00,DECATUR,EXCESSIVE HEAT,0.0,0.0,0,0,194550,1202607,AWOS
2024-07-04 10:00:00,2024-07-04 19:00:00,DYER,EXCESSIVE HEAT,0.0,0.0,0,0,194550,1202608,AWOS
2024-07-04 10:00:00,2024-07-04 19:00:00,FAYETTE,EXCESSIVE HEAT,0.0,0.0,0,0,194550,1202609,AWOS
2024-07-04 10:00:00,2024-07-04 19:00:00,GIBSON,EXCESSIVE HEAT,0.0,0.0,0,0,194550,1202610,AWOS
2024-07-04 10:00:00,2024-07-04 19:00:00,HARDEMAN,EXCESSIVE HEAT,0.0,0.0,0,0,194550,1202611,AWOS
2024-07-04 10:00:00,2024-07-04 19:00:00,HARDIN,EXCESSIVE HEAT,0.0,0.0,0,0,194550,1202612,AWOS
2024-07-04 10:00:00,2024-07-04 19:00:00,HAYWOOD,EXCESSIVE HEAT,0.0,0.0,0,0,194550,1202613,AWOS
2024-07-04 10:00:00,2024-07-04 19:00:00,HENDERSON,EXCESSIVE HEAT,0.0,0.0,0,0,194550,1202614,AWOS
2024-07-04 10:00:00,2024-07-04 19:00:00,HENRY,EXCESSIVE HEAT,0.0,0.0,0,0,194550,1202615,AWOS
2024-07-04 10:00:00,2024-07-04 19:00:00,LAKE,EXCESSIVE HEAT,0.0,0.0,0,0,194550,1202616,AWOS
2024-07-04 10:00:00,2024-07-04 19:00:00,LAUDERDALE,EXCESSIVE HEAT,0.0,0.0,0,0,194550,1202617,AWOS
2024-07-04 10:00:00,2024-07-04 19:00:00,MADISON,EXCESSIVE HEAT,0.0,0.0,0,0,194550,1202618,ASOS
2024-07-04 10:00:00,2024-07-04 19:00:00,MCNAIRY,EXCESSIVE HEAT,0.0,0.0,0,0,194550,1202619,AWOS
2024-07-04 10:00:00,2024-07-04 19:00:00,OBION,EXCESSIVE HEAT,0.0,0.0,0,0,194550,1202620,AWOS
2024-07-04 10:00:00,2024-07-04 19:00:00,SHELBY,EXCESSIVE HEAT,0.0,0.0,0,0,194550,1202621,ASOS
2024-07-04 10:00:00,2024-07-04 19:00:00,TIPTON,EXCESSIVE HEAT,0.0,0.0,0,0,194550,1202622,AWOS
2024-07-04 10:00:00,2024-07-04 19:00:00,WEAKLEY,EXCESSIVE HEAT,0.0,0.0,0,0,194550,1202623,AWOS
2024-07-04 12:00:00,2024-07-04 17:00:00,LINCOLN,HEAT,0.0,0.0,0,0,195151,1206294,AWOS
2024-07-04 17:07:00,2024-07-04 17:07:00,ROBERTSON,THUNDERSTORM WIND,0.0,0.0,0,0,191598,1179679,Trained Spotter
2024-07-08 12:25:00,2024-07-08 12:30:00,SHELBY,HAIL,0.0,0.0,0,0,194286,1200674,Trained Spotter
2024-07-09 00:00:00,2024-07-30 23:59:00,BEDFORD,DROUGHT,0.0,0.0,0,0,192775,1189575,Drought Monitor
2024-07-09 00:00:00,2024-07-30 23:59:00,CUMBERLAND,DROUGHT,0.0,0.0,0,0,192775,1189576,Drought Monitor
2024-07-09 00:00:00,2024-07-30 00:00:00,FRANKLIN,DROUGHT,0.0,0.0,0,0,195622,1209109,Drought Monitor
2024-07-09 00:00:00,2024-07-31 23:59:00,GILES,DROUGHT,0.0,0.0,0,0,192775,1189572,Drought Monitor
2024-07-09 00:00:00,2024-07-31 23:59:00,LAWRENCE,DROUGHT,0.0,0.0,0,0,192775,1189571,Drought Monitor
2024-07-09 00:00:00,2024-07-31 00:00:00,LINCOLN,DROUGHT,0.0,0.0,0,0,195622,1209108,Drought Monitor
2024-07-09 00:00:00,2024-07-30 23:59:00,MARSHALL,DROUGHT,0.0,0.0,0,0,192775,1189574,Drought Monitor
2024-07-09 00:00:00,2024-07-30 23:59:00,MAURY,DROUGHT,0.0,0.0,0,0,192775,1189573,Drought Monitor
2024-07-09 00:00:00,2024-07-30 00:00:00,MOORE,DROUGHT,0.0,0.0,0,0,195622,1209110,Drought Monitor
2024-07-15 09:00:00,2024-07-15 19:00:00,BENTON,HEAT,0.0,0.0,0,0,194540,1202387,AWOS
2024-07-15 09:00:00,2024-07-15 19:00:00,CARROLL,HEAT,0.0,0.0,0,0,194540,1202388,AWOS
2024-07-15 09:00:00,2024-07-15 19:00:00,CHESTER,HEAT,0.0,0.0,0,0,194540,1202389,AWOS
2024-07-15 09:00:00,2024-07-15 19:00:00,CROCKETT,HEAT,0.0,0.0,0,0,194540,1202477,AWOS
2024-07-15 09:00:00,2024-07-15 19:00:00,DECATUR,HEAT,0.0,0.0,0,0,194540,1202390,AWOS
2024-07-15 09:00:00,2024-07-15 19:00:00,DYER,HEAT,0.0,0.0,0,0,194540,1202391,AWOS
2024-07-15 09:00:00,2024-07-15 19:00:00,FAYETTE,HEAT,0.0,0.0,0,0,194540,1202392,AWOS
2024-07-15 09:00:00,2024-07-15 19:00:00,GIBSON,HEAT,0.0,0.0,0,0,194540,1202393,AWOS
2024-07-15 09:00:00,2024-07-15 19:00:00,HARDEMAN,HEAT,0.0,0.0,0,0,194540,1202394,AWOS
2024-07-15 09:00:00,2024-07-15 19:00:00,HARDIN,HEAT,0.0,0.0,0,0,194540,1202395,AWOS
2024-07-15 09:00:00,2024-07-15 19:00:00,HAYWOOD,HEAT,0.0,0.0,0,0,194540,1202396,AWOS
2024-07-15 09:00:00,2024-07-15 19:00:00,HENDERSON,HEAT,0.0,0.0,0,0,194540,1202397,AWOS
2024-07-15 09:00:00,2024-07-15 19:00:00,HENRY,HEAT,0.0,0.0,0,0,194540,1202398,AWOS
2024-07-15 09:00:00,2024-07-15 19:00:00,LAKE,HEAT,0.0,0.0,0,0,194540,1202399,AWOS
2024-07-15 09:00:00,2024-07-15 19:00:00,LAUDERDALE,HEAT,0.0,0.0,0,0,194540,1202400,AWOS
2024-07-15 09:00:00,2024-07-15 19:00:00,MADISON,HEAT,0.0,0.0,0,0,194540,1202386,ASOS
2024-07-15 09:00:00,2024-07-15 19:00:00,MCNAIRY,HEAT,0.0,0.0,0,0,194540,1202401,AWOS
2024-07-15 09:00:00,2024-07-15 19:00:00,OBION,HEAT,0.0,0.0,0,0,194540,1202402,AWOS
2024-07-15 09:00:00,2024-07-15 19:00:00,SHELBY,HEAT,0.0,0.0,0,0,194540,1202385,ASOS
2024-07-15 09:00:00,2024-07-15 19:00:00,TIPTON,HEAT,0.0,0.0,0,0,194540,1202403,AWOS
2024-07-15 09:00:00,2024-07-15 19:00:00,WEAKLEY,HEAT,0.0,0.0,0,0,194540,1202404,AWOS
2024-07-16 00:00:00,2024-07-30 23:59:00,CANNON,DROUGHT,0.0,0.0,0,0,192777,1189579,Drought Monitor
2024-07-16 00:00:00,2024-07-30 23:59:00,COFFEE,DROUGHT,0.0,0.0,0,0,192777,1189577,Drought Monitor
2024-07-16 00:00:00,2024-07-30 23:59:00,DEKALB,DROUGHT,0.0,0.0,0,0,192777,1189583,Drought Monitor
2024-07-16 00:00:00,2024-07-30 23:59:00,FENTRESS,DROUGHT,0.0,0.0,0,0,192777,1189586,Drought Monitor
2024-07-16 00:00:00,2024-07-30 23:59:00,GRUNDY,DROUGHT,0.0,0.0,0,0,192777,1189578,Drought Monitor
2024-07-16 00:00:00,2024-07-31 00:00:00,LINCOLN,DROUGHT,0.0,0.0,0,0,195623,1209113,Drought Monitor
2024-07-16 00:00:00,2024-07-30 00:00:00,LINCOLN,DROUGHT,0.0,0.0,0,0,195624,1209121,Drought Monitor
2024-07-16 00:00:00,2024-07-30 23:59:00,OVERTON,DROUGHT,0.0,0.0,0,0,192777,1189585,Drought Monitor
2024-07-16 00:00:00,2024-07-30 23:59:00,PUTNAM,DROUGHT,0.0,0.0,0,0,192777,1189584,Drought Monitor
2024-07-16 00:00:00,2024-07-30 23:59:00,VAN BUREN,DROUGHT,0.0,0.0,0,0,192777,1189581,Drought Monitor
2024-07-16 00:00:00,2024-07-30 23:59:00,WARREN,DROUGHT,0.0,0.0,0,0,192777,1189580,Drought Monitor
2024-07-16 00:00:00,2024-07-30 23:59:00,WHITE,DROUGHT,0.0,0.0,0,0,192777,1189582,Drought Monitor
2024-07-16 09:00:00,2024-07-16 20:00:00,BENTON,HEAT,0.0,0.0,0,0,194540,1202439,AWOS
2024-07-16 09:00:00,2024-07-16 20:00:00,CARROLL,HEAT,0.0,0.0,0,0,194540,1202440,AWOS
2024-07-16 09:00:00,2024-07-16 20:00:00,CHESTER,HEAT,0.0,0.0,0,0,194540,1202441,AWOS
2024-07-16 09:00:00,2024-07-16 20:00:00,CROCKETT,HEAT,0.0,0.0,0,0,194540,1202442,AWOS
2024-07-16 09:00:00,2024-07-16 20:00:00,DECATUR,HEAT,0.0,0.0,0,0,194540,1202443,AWOS
2024-07-16 09:00:00,2024-07-16 20:00:00,DYER,HEAT,0.0,0.0,0,0,194540,1202444,AWOS
2024-07-16 09:00:00,2024-07-16 20:00:00,FAYETTE,HEAT,0.0,0.0,0,0,194540,1202445,AWOS
2024-07-16 09:00:00,2024-07-16 20:00:00,GIBSON,HEAT,0.0,0.0,0,0,194540,1202446,AWOS
2024-07-16 09:00:00,2024-07-16 20:00:00,HARDEMAN,HEAT,0.0,0.0,0,0,194540,1202447,AWOS
2024-07-16 09:00:00,2024-07-16 20:00:00,HARDIN,HEAT,0.0,0.0,0,0,194540,1202448,AWOS
2024-07-16 09:00:00,2024-07-16 20:00:00,HAYWOOD,HEAT,0.0,0.0,0,0,194540,1202449,AWOS
2024-07-16 09:00:00,2024-07-16 20:00:00,HENDERSON,HEAT,0.0,0.0,0,0,194540,1202450,AWOS
2024-07-16 09:00:00,2024-07-16 20:00:00,HENRY,HEAT,0.0,0.0,0,0,194540,1202451,AWOS
2024-07-16 09:00:00,2024-07-16 20:00:00,LAKE,HEAT,0.0,0.0,0,0,194540,1202452,AWOS
2024-07-16 09:00:00,2024-07-16 20:00:00,LAUDERDALE,HEAT,0.0,0.0,0,0,194540,1202453,AWOS
2024-07-16 09:00:00,2024-07-16 20:00:00,MADISON,HEAT,0.0,0.0,0,0,194540,1202437,ASOS
2024-07-16 09:00:00,2024-07-16 20:00:00,MCNAIRY,HEAT,0.0,0.0,0,0,194540,1202454,AWOS
2024-07-16 09:00:00,2024-07-16 20:00:00,OBION,HEAT,0.0,0.0,0,0,194540,1202455,AWOS
2024-07-16 09:00:00,2024-07-16 20:00:00,SHELBY,HEAT,0.0,0.0,0,0,194540,1202438,ASOS
2024-07-16 09:00:00,2024-07-16 20:00:00,TIPTON,HEAT,0.0,0.0,0,0,194540,1202456,AWOS
2024-07-16 09:00:00,2024-07-16 20:00:00,WEAKLEY,HEAT,0.0,0.0,0,0,194540,1202457,AWOS
2024-07-17 03:48:00,2024-07-17 03:48:00,CLAY,THUNDERSTORM WIND,15000.0,0.0,0,0,192211,1185241,Emergency Manager
2024-07-17 13:00:00,2024-07-17 13:00:00,LAWRENCE,THUNDERSTORM WIND,5000.0,0.0,0,0,192211,1185252,Emergency Manager
2024-07-17 13:05:00,2024-07-17 13:05:00,LAWRENCE,THUNDERSTORM WIND,5000.0,0.0,0,0,192211,1185255,Emergency Manager
2024-07-17 16:15:00,2024-07-17 16:15:00,RHEA,THUNDERSTORM WIND,0.0,0.0,0,0,192766,1189520,Fire Department/Rescue
2024-07-17 16:30:00,2024-07-17 16:30:00,RHEA,THUNDERSTORM WIND,0.0,0.0,0,0,192766,1189532,Public
2024-07-17 16:35:00,2024-07-17 16:35:00,BLOUNT,THUNDERSTORM WIND,0.0,0.0,0,0,192766,1189534,Amateur Radio
2024-07-21 14:52:00,2024-07-21 14:52:00,WILLIAMSON,THUNDERSTORM WIND,2000.0,0.0,0,0,192214,1185264,Social Media
2024-07-21 18:15:00,2024-07-21 18:15:00,HAMILTON,THUNDERSTORM WIND,0.0,0.0,0,0,192776,1189570,Trained Spotter
2024-07-21 18:25:00,2024-07-21 19:30:00,HAMILTON,FLASH FLOOD,0.0,0.0,0,0,192776,1205436,Amateur Radio
2024-07-21 19:00:00,2024-07-21 20:00:00,HAMILTON,FLASH FLOOD,0.0,0.0,0,0,192776,1205442,Law Enforcement
2024-07-21 19:10:00,2024-07-21 20:00:00,HAMILTON,FLASH FLOOD,0.0,0.0,0,0,192776,1205443,911 Call Center
2024-07-21 19:35:00,2024-07-21 20:20:00,HAMILTON,FLASH FLOOD,0.0,0.0,0,0,192776,1205446,Public
2024-07-22 20:29:00,2024-07-22 22:00:00,KNOX,FLASH FLOOD,0.0,0.0,0,0,195017,1205490,911 Call Center
2024-07-22 21:08:00,2024-07-22 22:15:00,KNOX,FLASH FLOOD,0.0,0.0,0,0,195017,1205493,911 Call Center
2024-07-24 15:15:00,2024-07-24 16:15:00,KNOX,FLASH FLOOD,0.0,0.0,0,0,195022,1205503,Amateur Radio
2024-07-25 09:50:00,2024-07-25 10:50:00,SHELBY,FLASH FLOOD,0.0,0.0,0,0,194291,1200758,Broadcast Media
2024-07-28 10:00:00,2024-07-28 12:00:00,MACON,FLASH FLOOD,0.0,0.0,0,0,192704,1189323,Law Enforcement
2024-07-28 16:20:00,2024-07-28 18:15:00,VAN BUREN,FLASH FLOOD,0.0,0.0,0,0,192704,1199632,Emergency Manager
2024-07-28 16:50:00,2024-07-28 18:30:00,SEVIER,FLASH FLOOD,0.0,0.0,0,0,195015,1205479,Law Enforcement
2024-07-28 18:40:00,2024-07-28 19:40:00,ROANE,FLASH FLOOD,0.0,0.0,0,0,195015,1205480,Emergency Manager
2024-07-29 13:15:00,2024-07-29 13:15:00,RUTHERFORD,THUNDERSTORM WIND,2000.0,0.0,0,0,192706,1189327,Social Media
2024-07-29 13:17:00,2024-07-29 13:17:00,RUTHERFORD,THUNDERSTORM WIND,15000.0,0.0,0,0,192706,1189328,Social Media
2024-07-29 13:24:00,2024-07-29 13:29:00,RUTHERFORD,TORNADO,750000.0,0.0,0,0,192706,1189324,NWS Storm Survey
2024-07-29 13:25:00,2024-07-29 13:31:00,RUTHERFORD,THUNDERSTORM WIND,750000.0,0.0,0,0,192706,1189325,NWS Storm Survey
2024-07-29 14:14:00,2024-07-29 14:14:00,MOORE,THUNDERSTORM WIND,1000.0,0.0,0,0,192155,1202342,State Official
2024-07-29 14:15:00,2024-07-29 14:15:00,COFFEE,THUNDERSTORM WIND,1000.0,0.0,0,0,192706,1189329,Social Media
2024-07-29 14:18:00,2024-07-29 14:18:00,MOORE,THUNDERSTORM WIND,100.0,0.0,0,0,192155,1202345,State Official
2024-07-29 14:20:00,2024-07-29 15:07:00,FRANKLIN,THUNDERSTORM WIND,10000.0,0.0,0,0,192155,1202361,Emergency Manager
2024-07-29 14:30:00,2024-07-29 14:40:00,FRANKLIN,THUNDERSTORM WIND,15000.0,0.0,0,0,192155,1208362,Emergency Manager
2024-07-29 14:38:00,2024-07-29 14:48:00,FRANKLIN,THUNDERSTORM WIND,15000.0,0.0,0,0,192155,1208363,Emergency Manager
2024-07-29 14:45:00,2024-07-29 14:45:00,LINCOLN,THUNDERSTORM WIND,1000.0,0.0,0,0,192155,1202359,Public
2024-07-29 14:52:00,2024-07-29 14:52:00,FRANKLIN,THUNDERSTORM WIND,1000.0,0.0,0,0,192155,1202360,Emergency Manager
2024-07-29 16:05:00,2024-07-29 16:05:00,HAMILTON,THUNDERSTORM WIND,0.0,0.0,0,0,192779,1189590,911 Call Center
2024-07-29 16:30:00,2024-07-29 16:30:00,HAMILTON,THUNDERSTORM WIND,0.0,0.0,0,0,192779,1189589,911 Call Center
2024-07-30 06:15:00,2024-07-30 06:15:00,HANCOCK,THUNDERSTORM WIND,0.0,0.0,0,0,192788,1191408,911 Call Center
2024-07-30 06:30:00,2024-07-30 06:30:00,HAWKINS,THUNDERSTORM WIND,0.0,0.0,0,0,192788,1191409,911 Call Center
2024-07-30 10:00:00,2024-07-30 19:00:00,BENTON,EXCESSIVE HEAT,0.0,0.0,0,0,194510,1202698,AWOS
2024-07-30 10:00:00,2024-07-30 19:00:00,CARROLL,EXCESSIVE HEAT,0.0,0.0,0,0,194510,1202699,AWOS
2024-07-30 10:00:00,2024-07-30 19:00:00,CHESTER,EXCESSIVE HEAT,0.0,0.0,0,0,194510,1202700,AWOS
2024-07-30 10:00:00,2024-07-30 19:00:00,CROCKETT,EXCESSIVE HEAT,0.0,0.0,0,0,194510,1202701,AWOS
2024-07-30 10:00:00,2024-07-30 19:00:00,DECATUR,EXCESSIVE HEAT,0.0,0.0,0,0,194510,1202702,AWOS
2024-07-30 10:00:00,2024-07-30 19:00:00,DYER,EXCESSIVE HEAT,0.0,0.0,0,0,194510,1202703,AWOS
2024-07-30 10:00:00,2024-07-30 19:00:00,FAYETTE,EXCESSIVE HEAT,0.0,0.0,0,0,194510,1202704,AWOS
2024-07-30 10:00:00,2024-07-30 19:00:00,GIBSON,EXCESSIVE HEAT,0.0,0.0,0,0,194510,1202705,AWOS
2024-07-30 10:00:00,2024-07-30 19:00:00,HARDEMAN,EXCESSIVE HEAT,0.0,0.0,0,0,194510,1202706,AWOS
2024-07-30 10:00:00,2024-07-30 19:00:00,HARDIN,EXCESSIVE HEAT,0.0,0.0,0,0,194510,1202707,AWOS
2024-07-30 10:00:00,2024-07-30 19:00:00,HAYWOOD,EXCESSIVE HEAT,0.0,0.0,0,0,194510,1202708,AWOS
2024-07-30 10:00:00,2024-07-30 19:00:00,HENDERSON,EXCESSIVE HEAT,0.0,0.0,0,0,194510,1202709,AWOS
2024-07-30 10:00:00,2024-07-30 19:00:00,HENRY,EXCESSIVE HEAT,0.0,0.0,0,0,194510,1202710,AWOS
2024-07-30 10:00:00,2024-07-30 19:00:00,LAKE,EXCESSIVE HEAT,0.0,0.0,0,0,194510,1202711,AWOS
2024-07-30 10:00:00,2024-07-30 19:00:00,LAUDERDALE,EXCESSIVE HEAT,0.0,0.0,0,0,194510,1202712,AWOS
2024-07-30 10:00:00,2024-07-30 19:00:00,MADISON,EXCESSIVE HEAT,0.0,0.0,0,0,194510,1202713,ASOS
2024-07-30 10:00:00,2024-07-30 19:00:00,MCNAIRY,EXCESSIVE HEAT,0.0,0.0,0,0,194510,1202714,AWOS
2024-07-30 10:00:00,2024-07-30 19:00:00,OBION,EXCESSIVE HEAT,0.0,0.0,0,0,194510,1202715,AWOS
2024-07-30 10:00:00,2024-07-30 19:00:00,SHELBY,EXCESSIVE HEAT,0.0,0.0,0,0,194510,1202716,ASOS
2024-07-30 10:00:00,2024-07-30 19:00:00,TIPTON,EXCESSIVE HEAT,0.0,0.0,0,0,194510,1202717,AWOS
2024-07-30 10:00:00,2024-07-30 19:00:00,WEAKLEY,EXCESSIVE HEAT,0.0,0.0,0,0,194510,1202718,AWOS
2024-07-30 12:58:00,2024-07-30 12:58:00,WHITE,THUNDERSTORM WIND,1000.0,0.0,0,0,192758,1189347,Trained Spotter
2024-07-30 13:11:00,2024-07-30 13:11:00,WHITE,THUNDERSTORM WIND,1000.0,0.0,0,0,192758,1189348,Public
2024-07-30 13:15:00,2024-07-30 13:15:00,OVERTON,THUNDERSTORM WIND,1000.0,0.0,0,0,192758,1189349,Emergency Manager
2024-07-30 14:00:00,2024-07-30 14:00:00,FENTRESS,THUNDERSTORM WIND,1000.0,0.0,0,0,192758,1189421,Public
2024-07-30 14:00:00,2024-07-30 14:00:00,KNOX,THUNDERSTORM WIND,0.0,0.0,0,0,192788,1191419,Broadcast Media
2024-07-30 14:00:00,2024-07-30 17:00:00,LINCOLN,HEAT,0.0,0.0,0,0,192754,1206250,AWOS
2024-07-30 14:00:00,2024-07-30 14:00:00,ROANE,THUNDERSTORM WIND,0.0,0.0,0,0,192788,1191413,911 Call Center
2024-07-30 14:10:00,2024-07-30 14:10:00,SMITH,THUNDERSTORM WIND,5000.0,0.0,0,0,192758,1189356,Public
2024-07-30 14:11:00,2024-07-30 14:11:00,PUTNAM,THUNDERSTORM WIND,5000.0,0.0,0,0,192758,1189462,Emergency Manager
2024-07-30 14:11:00,2024-07-30 14:11:00,PUTNAM,THUNDERSTORM WIND,5000.0,0.0,0,0,192758,1189463,Emergency Manager
2024-07-30 14:11:00,2024-07-30 14:11:00,PUTNAM,THUNDERSTORM WIND,5000.0,0.0,0,0,192758,1189466,Emergency Manager
2024-07-30 14:11:00,2024-07-30 14:11:00,SUMNER,THUNDERSTORM WIND,2000.0,0.0,0,0,192758,1189350,Public
2024-07-30 14:15:00,2024-07-30 14:15:00,OVERTON,THUNDERSTORM WIND,10000.0,0.0,0,0,192758,1189358,Social Media
2024-07-30 14:16:00,2024-07-30 14:16:00,PUTNAM,THUNDERSTORM WIND,5000.0,0.0,0,0,192758,1189460,Emergency Manager
2024-07-30 14:16:00,2024-07-30 14:16:00,SMITH,THUNDERSTORM WIND,1000.0,0.0,0,0,192758,1189352,Public
2024-07-30 14:20:00,2024-07-30 14:20:00,KNOX,THUNDERSTORM WIND,0.0,0.0,0,0,192788,1191410,911 Call Center
2024-07-30 14:22:00,2024-07-30 14:22:00,KNOX,THUNDERSTORM WIND,0.0,0.0,0,0,192788,1191414,Broadcast Media
2024-07-30 14:25:00,2024-07-30 14:25:00,KNOX,THUNDERSTORM WIND,0.0,0.0,0,0,192788,1191424,Public
2024-07-30 14:27:00,2024-07-30 14:27:00,PUTNAM,THUNDERSTORM WIND,5000.0,0.0,0,0,192758,1189464,Emergency Manager
2024-07-30 14:27:00,2024-07-30 14:27:00,PUTNAM,THUNDERSTORM WIND,5000.0,0.0,0,0,192758,1189465,Emergency Manager
2024-07-30 14:28:00,2024-07-30 14:28:00,WILSON,THUNDERSTORM WIND,5000.0,0.0,0,0,192758,1189353,Law Enforcement
2024-07-30 14:29:00,2024-07-30 14:29:00,PUTNAM,THUNDERSTORM WIND,5000.0,0.0,0,0,192758,1189357,Public
2024-07-30 14:29:00,2024-07-30 14:29:00,PUTNAM,THUNDERSTORM WIND,5000.0,0.0,0,0,192758,1189459,Emergency Manager
2024-07-30 14:33:00,2024-07-30 14:33:00,DEKALB,THUNDERSTORM WIND,5000.0,0.0,0,0,192758,1189354,Public
2024-07-30 14:38:00,2024-07-30 14:38:00,WILSON,THUNDERSTORM WIND,15000.0,0.0,0,0,192758,1189355,Public
2024-07-30 14:47:00,2024-07-30 14:47:00,CUMBERLAND,THUNDERSTORM WIND,5000.0,0.0,0,0,192758,1189467,Emergency Manager
2024-07-30 14:47:00,2024-07-30 14:47:00,CUMBERLAND,THUNDERSTORM WIND,5000.0,0.0,0,0,192758,1189468,Emergency Manager
2024-07-30 14:47:00,2024-07-30 14:47:00,CUMBERLAND,THUNDERSTORM WIND,5000.0,0.0,0,0,192758,1189469,Emergency Manager
2024-07-30 14:54:00,2024-07-30 14:54:00,WHITE,THUNDERSTORM WIND,1000.0,0.0,0,0,192758,1189364,Trained Spotter
2024-07-30 14:55:00,2024-07-30 14:55:00,WHITE,THUNDERSTORM WIND,35000.0,0.0,0,0,192758,1189470,Emergency Manager
2024-07-30 15:00:00,2024-07-30 18:00:00,PUTNAM,FLASH FLOOD,250000.0,0.0,0,0,192758,1189509,Emergency Manager
2024-07-30 15:00:00,2024-07-30 18:00:00,PUTNAM,FLASH FLOOD,0.0,0.0,0,0,192758,1189515,Emergency Manager
2024-07-30 15:01:00,2024-07-30 15:01:00,JEFFERSON,THUNDERSTORM WIND,0.0,0.0,0,0,192788,1191412,911 Call Center
2024-07-30 15:09:00,2024-07-30 16:30:00,KNOX,FLASH FLOOD,0.0,0.0,0,0,192788,1206839,Trained Spotter
2024-07-30 15:14:00,2024-07-30 16:00:00,KNOX,FLASH FLOOD,0.0,0.0,0,0,192788,1206840,Trained Spotter
2024-07-30 15:15:00,2024-07-30 15:15:00,LOUDON,THUNDERSTORM WIND,0.0,0.0,0,0,192788,1191416,911 Call Center
2024-07-30 15:20:00,2024-07-30 15:20:00,JEFFERSON,THUNDERSTORM WIND,0.0,0.0,0,0,192788,1191421,Public
2024-07-30 15:20:00,2024-07-30 16:30:00,KNOX,FLASH FLOOD,0.0,0.0,0,0,192788,1206841,Broadcast Media
2024-07-30 15:25:00,2024-07-30 15:25:00,BLOUNT,THUNDERSTORM WIND,0.0,0.0,0,0,192788,1191420,Law Enforcement
2024-07-30 15:25:00,2024-07-30 15:25:00,JEFFERSON,THUNDERSTORM WIND,0.0,0.0,0,0,192788,1191422,Law Enforcement
2024-07-30 15:30:00,2024-07-30 15:30:00,BLEDSOE,THUNDERSTORM WIND,0.0,0.0,0,0,192788,1191429,911 Call Center
2024-07-30 15:30:00,2024-07-30 15:30:00,JEFFERSON,THUNDERSTORM WIND,0.0,0.0,0,0,192788,1191423,Law Enforcement
2024-07-30 15:30:00,2024-07-30 15:30:00,LOUDON,THUNDERSTORM WIND,0.0,0.0,0,0,192788,1191417,911 Call Center
2024-07-30 15:33:00,2024-07-30 15:33:00,RUTHERFORD,THUNDERSTORM WIND,10000.0,0.0,0,0,192758,1189396,Social Media
2024-07-30 15:34:00,2024-07-30 15:34:00,SEQUATCHIE,THUNDERSTORM WIND,0.0,0.0,0,0,192788,1191434,Trained Spotter
2024-07-30 15:38:00,2024-07-30 15:38:00,CAMPBELL,HAIL,0.0,0.0,0,0,192788,1191406,Public
2024-07-30 15:40:00,2024-07-30 15:40:00,CAMPBELL,THUNDERSTORM WIND,0.0,0.0,0,0,192788,1191418,Public
2024-07-30 15:40:00,2024-07-30 15:40:00,GRUNDY,THUNDERSTORM WIND,25000.0,0.0,0,0,192758,1189397,Social Media
2024-07-30 15:50:00,2024-07-30 15:50:00,ANDERSON,THUNDERSTORM WIND,0.0,0.0,0,0,192788,1191427,911 Call Center
2024-07-30 16:00:00,2024-07-30 16:00:00,CLAIBORNE,THUNDERSTORM WIND,0.0,0.0,0,0,192788,1191448,Law Enforcement
2024-07-30 16:00:00,2024-07-30 16:00:00,MONROE,HAIL,0.0,0.0,0,0,192788,1191407,Public
2024-07-30 16:00:00,2024-07-30 16:00:00,UNION,THUNDERSTORM WIND,0.0,0.0,0,0,192788,1191428,911 Call Center
2024-07-30 16:00:00,2024-07-30 18:00:00,WHITE,FLASH FLOOD,0.0,0.0,0,0,192758,1189517,Emergency Manager
2024-07-30 16:05:00,2024-07-30 16:05:00,KNOX,THUNDERSTORM WIND,0.0,0.0,0,0,192788,1191432,Public
2024-07-30 16:11:00,2024-07-30 16:11:00,RHEA,THUNDERSTORM WIND,0.0,0.0,0,0,192788,1191438,Public
2024-07-30 16:15:00,2024-07-30 16:15:00,MONROE,THUNDERSTORM WIND,0.0,0.0,0,0,192788,1191433,911 Call Center
2024-07-30 16:16:00,2024-07-30 17:15:00,KNOX,FLASH FLOOD,0.0,0.0,0,0,192788,1206842,Trained Spotter
2024-07-30 16:23:00,2024-07-30 17:30:00,KNOX,FLASH FLOOD,0.0,0.0,0,0,192788,1206843,Amateur Radio
2024-07-30 16:25:00,2024-07-30 16:25:00,UNION,THUNDERSTORM WIND,0.0,0.0,0,0,192788,1191444,Public
2024-07-30 16:30:00,2024-07-30 17:15:00,KNOX,FLASH FLOOD,0.0,0.0,0,0,192788,1206844,Fire Department/Rescue
2024-07-30 16:30:00,2024-07-30 16:30:00,RHEA,THUNDERSTORM WIND,0.0,0.0,0,0,192788,1191431,911 Call Center
2024-07-30 16:40:00,2024-07-30 16:40:00,GRAINGER,THUNDERSTORM WIND,0.0,0.0,0,0,192788,1191447,Law Enforcement
2024-07-30 16:40:00,2024-07-30 16:40:00,JEFFERSON,THUNDERSTORM WIND,0.0,0.0,0,0,192788,1191440,Law Enforcement
2024-07-30 16:50:00,2024-07-30 16:50:00,MCMINN,THUNDERSTORM WIND,0.0,0.0,0,0,192788,1191437,911 Call Center
2024-07-30 16:55:00,2024-07-30 18:00:00,MONROE,FLASH FLOOD,0.0,0.0,0,0,192788,1206845,911 Call Center
2024-07-30 17:02:00,2024-07-30 17:02:00,BRADLEY,THUNDERSTORM WIND,0.0,0.0,0,0,192788,1191441,Trained Spotter
2024-07-30 17:05:00,2024-07-30 17:05:00,HAMILTON,THUNDERSTORM WIND,0.0,0.0,0,0,192788,1191445,Public
2024-07-30 17:05:00,2024-07-30 17:05:00,HAMILTON,THUNDERSTORM WIND,0.0,0.0,0,0,192788,1191449,Social Media
2024-07-30 17:15:00,2024-07-30 17:15:00,BRADLEY,THUNDERSTORM WIND,0.0,0.0,0,0,192788,1191446,Amateur Radio
2024-07-30 17:16:00,2024-07-30 17:16:00,HAMILTON,THUNDERSTORM WIND,0.0,0.0,0,0,192788,1191442,ASOS
2024-07-30 17:23:00,2024-07-30 17:23:00,POLK,THUNDERSTORM WIND,0.0,0.0,0,0,192788,1191443,Trained Spotter
2024-07-30 17:52:00,2024-07-30 17:52:00,DAVIDSON,THUNDERSTORM WIND,5000.0,0.0,0,0,192758,1189435,Social Media
2024-07-30 18:00:00,2024-07-30 18:00:00,DAVIDSON,THUNDERSTORM WIND,5000.0,0.0,0,0,192758,1189398,Social Media
2024-07-30 18:25:00,2024-07-30 18:25:00,SUMNER,FUNNEL CLOUD,0.0,0.0,0,0,192758,1189522,Law Enforcement
2024-07-30 19:28:00,2024-07-30 19:28:00,CANNON,THUNDERSTORM WIND,5000.0,0.0,0,0,192758,1189399,Trained Spotter
2024-07-30 19:35:00,2024-07-30 19:35:00,DAVIDSON,THUNDERSTORM WIND,75000.0,0.0,0,0,192758,1189438,Social Media
2024-07-30 19:35:00,2024-07-30 19:35:00,ROBERTSON,THUNDERSTORM WIND,25000.0,0.0,0,0,192758,1189442,Social Media
2024-07-30 20:15:00,2024-07-30 20:15:00,MONTGOMERY,THUNDERSTORM WIND,50000.0,0.0,0,0,192758,1189449,Social Media
2024-07-30 21:00:00,2024-07-30 21:00:00,CHEATHAM,THUNDERSTORM WIND,10000.0,0.0,0,0,192758,1189400,Social Media
2024-07-30 21:05:00,2024-07-30 21:05:00,CHEATHAM,THUNDERSTORM WIND,15000.0,0.0,0,0,192758,1189401,Social Media
2024-07-30 21:07:00,2024-07-30 21:07:00,DICKSON,THUNDERSTORM WIND,5000.0,0.0,0,0,192758,1189405,Social Media
2024-07-30 21:30:00,2024-07-30 21:30:00,DAVIDSON,THUNDERSTORM WIND,25000.0,0.0,0,0,192758,1189406,Social Media
2024-07-30 21:52:00,2024-07-30 21:52:00,DAVIDSON,THUNDERSTORM WIND,10000.0,0.0,0,0,192758,1189407,Social Media
2024-07-30 22:30:00,2024-07-30 22:30:00,WILLIAMSON,LIGHTNING,250000.0,0.0,0,0,192758,1189525,Broadcast Media
2024-07-31 10:00:00,2024-07-31 19:00:00,BENTON,EXCESSIVE HEAT,0.0,0.0,0,0,194510,1202719,AWOS
2024-07-31 10:00:00,2024-07-31 19:00:00,CARROLL,EXCESSIVE HEAT,0.0,0.0,0,0,194510,1202720,AWOS
2024-07-31 10:00:00,2024-07-31 19:00:00,CHESTER,EXCESSIVE HEAT,0.0,0.0,0,0,194510,1202721,AWOS
2024-07-31 10:00:00,2024-07-31 19:00:00,CROCKETT,EXCESSIVE HEAT,0.0,0.0,0,0,194510,1202722,AWOS
2024-07-31 10:00:00,2024-07-31 19:00:00,DECATUR,EXCESSIVE HEAT,0.0,0.0,0,0,194510,1202723,AWOS
2024-07-31 10:00:00,2024-07-31 19:00:00,DYER,EXCESSIVE HEAT,0.0,0.0,0,0,194510,1202724,AWOS
2024-07-31 10:00:00,2024-07-31 19:00:00,FAYETTE,EXCESSIVE HEAT,0.0,0.0,0,0,194510,1202725,AWOS
2024-07-31 10:00:00,2024-07-31 19:00:00,GIBSON,EXCESSIVE HEAT,0.0,0.0,0,0,194510,1202726,AWOS
2024-07-31 10:00:00,2024-07-31 19:00:00,HARDEMAN,EXCESSIVE HEAT,0.0,0.0,0,0,194510,1202727,AWOS
2024-07-31 10:00:00,2024-07-31 19:00:00,HARDIN,EXCESSIVE HEAT,0.0,0.0,0,0,194510,1202728,AWOS
2024-07-31 10:00:00,2024-07-31 19:00:00,HAYWOOD,EXCESSIVE HEAT,0.0,0.0,0,0,194510,1202729,AWOS
2024-07-31 10:00:00,2024-07-31 19:00:00,HENDERSON,EXCESSIVE HEAT,0.0,0.0,0,0,194510,1202730,AWOS
2024-07-31 10:00:00,2024-07-31 19:00:00,HENRY,EXCESSIVE HEAT,0.0,0.0,0,0,194510,1202731,AWOS
2024-07-31 10:00:00,2024-07-31 19:00:00,LAKE,EXCESSIVE HEAT,0.0,0.0,0,0,194510,1202732,AWOS
2024-07-31 10:00:00,2024-07-31 19:00:00,LAUDERDALE,EXCESSIVE HEAT,0.0,0.0,0,0,194510,1202733,AWOS
2024-07-31 10:00:00,2024-07-31 19:00:00,MADISON,EXCESSIVE HEAT,0.0,0.0,0,0,194510,1202734,ASOS
2024-07-31 10:00:00,2024-07-31 19:00:00,MCNAIRY,EXCESSIVE HEAT,0.0,0.0,0,0,194510,1202735,AWOS
2024-07-31 10:00:00,2024-07-31 19:00:00,OBION,EXCESSIVE HEAT,0.0,0.0,0,0,194510,1202736,AWOS
2024-07-31 10:00:00,2024-07-31 19:00:00,SHELBY,EXCESSIVE HEAT,0.0,0.0,0,0,194510,1202737,ASOS
2024-07-31 10:00:00,2024-07-31 19:00:00,TIPTON,EXCESSIVE HEAT,0.0,0.0,0,0,194510,1202738,AWOS
2024-07-31 10:00:00,2024-07-31 19:00:00,WEAKLEY,EXCESSIVE HEAT,0.0,0.0,0,0,194510,1202739,AWOS
2024-07-31 10:30:00,2024-07-31 11:30:00,SCOTT,FLASH FLOOD,0.0,0.0,0,0,192792,1205469,911 Call Center
2024-07-31 10:40:00,2024-07-31 11:40:00,SCOTT,FLASH FLOOD,0.0,0.0,0,0,192792,1205471,911 Call Center
2024-07-31 10:45:00,2024-07-31 11:40:00,SCOTT,FLASH FLOOD,0.0,0.0,0,0,192792,1205474,911 Call Center
2024-07-31 18:16:00,2024-07-31 18:16:00,SCOTT,THUNDERSTORM WIND,0.0,0.0,0,0,192792,1189626,Public
2024-07-31 19:05:00,2024-07-31 19:05:00,CLAIBORNE,THUNDERSTORM WIND,0.0,0.0,0,0,192792,1189627,911 Call Center
2024-07-31 19:05:00,2024-07-31 19:05:00,CLAIBORNE,THUNDERSTORM WIND,0.0,0.0,0,0,192792,1189628,911 Call Center
2024-07-31 19:17:00,2024-07-31 19:17:00,CLAIBORNE,THUNDERSTORM WIND,0.0,0.0,0,0,192792,1189629,911 Call Center
2024-07-31 19:20:00,2024-07-31 19:20:00,UNION,THUNDERSTORM WIND,0.0,0.0,0,0,192792,1189630,911 Call Center
2024-07-31 19:21:00,2024-07-31 19:21:00,CLAIBORNE,THUNDERSTORM WIND,0.0,0.0,0,0,192792,1189631,911 Call Center
2024-08-01 00:00:00,2024-08-31 23:59:00,GILES,DROUGHT,0.0,0.0,0,0,194048,1199252,Drought Monitor
2024-08-01 00:00:00,2024-08-31 23:59:00,LAWRENCE,DROUGHT,0.0,0.0,0,0,194048,1199251,Drought Monitor
2024-08-01 09:00:00,2024-08-01 19:00:00,BENTON,EXCESSIVE HEAT,0.0,0.0,0,0,195571,1208581,AWOS
2024-08-01 09:00:00,2024-08-01 19:00:00,CARROLL,EXCESSIVE HEAT,0.0,0.0,0,0,195571,1208582,AWOS
2024-08-01 09:00:00,2024-08-01 19:00:00,CHESTER,EXCESSIVE HEAT,0.0,0.0,0,0,195571,1208583,AWOS
2024-08-01 09:00:00,2024-08-01 19:00:00,CROCKETT,EXCESSIVE HEAT,0.0,0.0,0,0,195571,1208584,AWOS
2024-08-01 09:00:00,2024-08-01 19:00:00,DECATUR,EXCESSIVE HEAT,0.0,0.0,0,0,195571,1208585,AWOS
2024-08-01 09:00:00,2024-08-01 19:00:00,DYER,EXCESSIVE HEAT,0.0,0.0,0,0,195571,1208586,AWOS
2024-08-01 09:00:00,2024-08-01 19:00:00,FAYETTE,EXCESSIVE HEAT,0.0,0.0,0,0,195571,1208587,AWOS
2024-08-01 09:00:00,2024-08-01 19:00:00,GIBSON,EXCESSIVE HEAT,0.0,0.0,0,0,195571,1208588,AWOS
2024-08-01 09:00:00,2024-08-01 19:00:00,HARDEMAN,EXCESSIVE HEAT,0.0,0.0,0,0,195571,1208589,AWOS
2024-08-01 09:00:00,2024-08-01 19:00:00,HARDIN,EXCESSIVE HEAT,0.0,0.0,0,0,195571,1208590,AWOS
2024-08-01 09:00:00,2024-08-01 19:00:00,HAYWOOD,EXCESSIVE HEAT,0.0,0.0,0,0,195571,1208591,AWOS
2024-08-01 09:00:00,2024-08-01 19:00:00,HENDERSON,EXCESSIVE HEAT,0.0,0.0,0,0,195571,1208592,AWOS
2024-08-01 09:00:00,2024-08-01 19:00:00,HENRY,EXCESSIVE HEAT,0.0,0.0,0,0,195571,1208593,AWOS
2024-08-01 09:00:00,2024-08-01 19:00:00,LAKE,EXCESSIVE HEAT,0.0,0.0,0,0,195571,1208594,AWOS
2024-08-01 09:00:00,2024-08-01 19:00:00,LAUDERDALE,EXCESSIVE HEAT,0.0,0.0,0,0,195571,1208595,AWOS
2024-08-01 09:00:00,2024-08-01 19:00:00,MADISON,EXCESSIVE HEAT,0.0,0.0,0,0,195571,1208596,ASOS
2024-08-01 09:00:00,2024-08-01 19:00:00,MCNAIRY,EXCESSIVE HEAT,0.0,0.0,0,0,195571,1208598,AWOS
2024-08-01 09:00:00,2024-08-01 19:00:00,OBION,EXCESSIVE HEAT,0.0,0.0,0,0,195571,1208599,AWOS
2024-08-01 09:00:00,2024-08-01 19:00:00,SHELBY,EXCESSIVE HEAT,0.0,0.0,0,0,195571,1208597,ASOS
2024-08-01 09:00:00,2024-08-01 19:00:00,TIPTON,EXCESSIVE HEAT,0.0,0.0,0,0,195571,1208600,AWOS
2024-08-01 09:00:00,2024-08-01 19:00:00,WEAKLEY,EXCESSIVE HEAT,0.0,0.0,0,0,195571,1208601,AWOS
2024-08-01 19:50:00,2024-08-01 19:50:00,SUMNER,THUNDERSTORM WIND,1000.0,0.0,0,0,192768,1189564,Social Media
2024-08-01 19:52:00,2024-08-01 19:52:00,SUMNER,THUNDERSTORM WIND,100000.0,0.0,0,0,192768,1189565,Social Media
2024-08-01 19:55:00,2024-08-01 19:55:00,ANDERSON,THUNDERSTORM WIND,0.0,0.0,0,0,195843,1211295,911 Call Center
2024-08-01 20:15:00,2024-08-01 20:15:00,UNION,THUNDERSTORM WIND,0.0,0.0,0,0,195843,1211296,911 Call Center
2024-08-01 20:25:00,2024-08-01 20:25:00,KNOX,THUNDERSTORM WIND,0.0,0.0,0,0,195843,1211297,911 Call Center
2024-08-01 20:30:00,2024-08-01 20:30:00,KNOX,THUNDERSTORM WIND,0.0,0.0,0,0,195843,1211298,911 Call Center
2024-08-01 20:46:00,2024-08-01 20:46:00,GRAINGER,THUNDERSTORM WIND,0.0,0.0,0,0,195843,1211299,911 Call Center
2024-08-01 20:50:00,2024-08-01 20:50:00,KNOX,THUNDERSTORM WIND,0.0,0.0,0,0,195843,1211300,Broadcast Media
2024-08-01 20:56:00,2024-08-01 20:56:00,DAVIDSON,THUNDERSTORM WIND,1000.0,0.0,0,0,192768,1189566,Social Media
2024-08-01 20:59:00,2024-08-01 20:59:00,DAVIDSON,THUNDERSTORM WIND,1000.0,0.0,0,0,192768,1189567,Social Media
2024-08-01 21:00:00,2024-08-01 21:00:00,JEFFERSON,THUNDERSTORM WIND,0.0,0.0,0,0,195843,1211301,911 Call Center
2024-08-01 21:10:00,2024-08-01 21:10:00,HAMBLEN,THUNDERSTORM WIND,0.0,0.0,0,0,195843,1211302,911 Call Center
2024-08-01 21:30:00,2024-08-01 21:30:00,BLOUNT,THUNDERSTORM WIND,0.0,0.0,0,0,195843,1211303,911 Call Center
2024-08-02 08:45:00,2024-08-02 08:45:00,BEDFORD,THUNDERSTORM WIND,1000.0,0.0,0,0,192773,1189568,Social Media
2024-08-02 13:20:00,2024-08-02 14:20:00,WASHINGTON,FLASH FLOOD,0.0,0.0,0,0,195935,1211728,911 Call Center
2024-08-02 14:55:00,2024-08-02 16:00:00,GREENE,FLASH FLOOD,0.0,0.0,0,0,195935,1211734,Public
2024-08-02 16:10:00,2024-08-02 17:30:00,CLAIBORNE,FLASH FLOOD,0.0,0.0,0,0,195935,1211737,Emergency Manager
2024-08-15 10:00:00,2024-08-15 20:00:00,BENTON,HEAT,0.0,0.0,0,0,196016,1212471,AWOS
2024-08-15 10:00:00,2024-08-15 20:00:00,CARROLL,HEAT,0.0,0.0,0,0,196016,1212461,AWOS
2024-08-15 10:00:00,2024-08-15 20:00:00,CHESTER,HEAT,0.0,0.0,0,0,196016,1212470,AWOS
2024-08-15 10:00:00,2024-08-15 20:00:00,CROCKETT,HEAT,0.0,0.0,0,0,196016,1212463,AWOS
2024-08-15 10:00:00,2024-08-15 20:00:00,DECATUR,HEAT,0.0,0.0,0,0,196016,1212460,AWOS
2024-08-15 10:00:00,2024-08-15 20:00:00,DYER,EXCESSIVE HEAT,0.0,0.0,0,0,196016,1212455,AWOS
2024-08-15 10:00:00,2024-08-15 20:00:00,FAYETTE,HEAT,0.0,0.0,0,0,196016,1212465,AWOS
2024-08-15 10:00:00,2024-08-15 20:00:00,GIBSON,HEAT,0.0,0.0,0,0,196016,1212462,AWOS
2024-08-15 10:00:00,2024-08-15 20:00:00,HARDEMAN,HEAT,0.0,0.0,0,0,196016,1212466,AWOS
2024-08-15 10:00:00,2024-08-15 20:00:00,HARDIN,HEAT,0.0,0.0,0,0,196016,1212468,AWOS
2024-08-15 10:00:00,2024-08-15 20:00:00,HAYWOOD,HEAT,0.0,0.0,0,0,196016,1212464,AWOS
2024-08-15 10:00:00,2024-08-15 20:00:00,HENDERSON,HEAT,0.0,0.0,0,0,196016,1212472,AWOS
2024-08-15 10:00:00,2024-08-15 20:00:00,HENRY,HEAT,0.0,0.0,0,0,196016,1212459,AWOS
2024-08-15 10:00:00,2024-08-15 20:00:00,LAKE,EXCESSIVE HEAT,0.0,0.0,0,0,196016,1212456,AWOS
2024-08-15 10:00:00,2024-08-15 20:00:00,LAUDERDALE,EXCESSIVE HEAT,0.0,0.0,0,0,196016,1212454,AWOS
2024-08-15 10:00:00,2024-08-15 20:00:00,MADISON,HEAT,0.0,0.0,0,0,196016,1212473,ASOS
2024-08-15 10:00:00,2024-08-15 20:00:00,MCNAIRY,HEAT,0.0,0.0,0,0,196016,1212467,AWOS
2024-08-15 10:00:00,2024-08-15 20:00:00,OBION,EXCESSIVE HEAT,0.0,0.0,0,0,196016,1212457,AWOS
2024-08-15 10:00:00,2024-08-15 20:00:00,SHELBY,EXCESSIVE HEAT,0.0,0.0,0,0,196016,1212452,ASOS
2024-08-15 10:00:00,2024-08-15 20:00:00,TIPTON,EXCESSIVE HEAT,0.0,0.0,0,0,196016,1212453,AWOS
2024-08-15 10:00:00,2024-08-15 20:00:00,WEAKLEY,HEAT,0.0,0.0,0,0,196016,1212458,AWOS
2024-08-16 10:00:00,2024-08-16 19:00:00,BENTON,HEAT,0.0,0.0,0,0,196016,1212574,AWOS
2024-08-16 10:00:00,2024-08-16 19:00:00,CARROLL,HEAT,0.0,0.0,0,0,196016,1212575,AWOS
2024-08-16 10:00:00,2024-08-16 19:00:00,CHESTER,HEAT,0.0,0.0,0,0,196016,1212576,AWOS
2024-08-16 10:00:00,2024-08-16 19:00:00,CROCKETT,HEAT,0.0,0.0,0,0,196016,1212577,AWOS
2024-08-16 10:00:00,2024-08-16 19:00:00,DECATUR,HEAT,0.0,0.0,0,0,196016,1212578,AWOS
2024-08-16 10:00:00,2024-08-16 19:00:00,DYER,HEAT,0.0,0.0,0,0,196016,1212579,AWOS
2024-08-16 10:00:00,2024-08-16 19:00:00,FAYETTE,HEAT,0.0,0.0,0,0,196016,1212580,AWOS
2024-08-16 10:00:00,2024-08-16 19:00:00,GIBSON,HEAT,0.0,0.0,0,0,196016,1212581,AWOS
2024-08-16 10:00:00,2024-08-16 19:00:00,HARDEMAN,HEAT,0.0,0.0,0,0,196016,1212582,AWOS
2024-08-16 10:00:00,2024-08-16 19:00:00,HARDIN,HEAT,0.0,0.0,0,0,196016,1212583,AWOS
2024-08-16 10:00:00,2024-08-16 19:00:00,HAYWOOD,HEAT,0.0,0.0,0,0,196016,1212584,AWOS
2024-08-16 10:00:00,2024-08-16 19:00:00,HENDERSON,HEAT,0.0,0.0,0,0,196016,1212585,AWOS
2024-08-16 10:00:00,2024-08-16 19:00:00,HENRY,HEAT,0.0,0.0,0,0,196016,1212586,AWOS
2024-08-16 10:00:00,2024-08-16 19:00:00,LAKE,HEAT,0.0,0.0,0,0,196016,1212587,AWOS
2024-08-16 10:00:00,2024-08-16 19:00:00,LAUDERDALE,HEAT,0.0,0.0,0,0,196016,1212588,AWOS
2024-08-16 10:00:00,2024-08-16 19:00:00,MADISON,HEAT,0.0,0.0,0,0,196016,1212589,ASOS
2024-08-16 10:00:00,2024-08-16 19:00:00,MCNAIRY,HEAT,0.0,0.0,0,0,196016,1212590,AWOS
2024-08-16 10:00:00,2024-08-16 19:00:00,OBION,HEAT,0.0,0.0,0,0,196016,1212591,AWOS
2024-08-16 10:00:00,2024-08-16 19:00:00,SHELBY,EXCESSIVE HEAT,0.0,0.0,0,0,196016,1212573,ASOS
2024-08-16 10:00:00,2024-08-16 19:00:00,TIPTON,HEAT,0.0,0.0,0,0,196016,1212592,AWOS
2024-08-16 10:00:00,2024-08-16 19:00:00,WEAKLEY,HEAT,0.0,0.0,0,0,196016,1212593,AWOS
2024-08-16 13:00:00,2024-08-16 14:00:00,LINCOLN,HEAT,0.0,0.0,0,0,193239,1206629,AWOS
2024-08-16 15:55:00,2024-08-16 15:55:00,HANCOCK,THUNDERSTORM WIND,0.0,0.0,0,0,195848,1211318,Utility Company
2024-08-16 16:00:00,2024-08-16 16:00:00,ROANE,THUNDERSTORM WIND,0.0,0.0,0,0,195848,1211319,Utility Company
2024-08-16 16:10:00,2024-08-16 16:10:00,ROANE,THUNDERSTORM WIND,0.0,0.0,0,0,195848,1211350,Social Media
2024-08-16 16:15:00,2024-08-16 16:15:00,KNOX,THUNDERSTORM WIND,0.0,0.0,0,0,195848,1211327,Social Media
2024-08-16 16:20:00,2024-08-16 16:20:00,KNOX,THUNDERSTORM WIND,0.0,0.0,0,0,195848,1211320,911 Call Center
2024-08-16 16:25:00,2024-08-16 16:25:00,KNOX,THUNDERSTORM WIND,0.0,0.0,0,0,195848,1211325,Social Media
2024-08-16 16:40:00,2024-08-16 16:40:00,BLOUNT,THUNDERSTORM WIND,0.0,0.0,0,0,195848,1211324,Social Media
2024-08-16 16:45:00,2024-08-16 16:45:00,SEVIER,THUNDERSTORM WIND,0.0,0.0,0,0,195848,1211326,Social Media
2024-08-16 16:50:00,2024-08-16 16:50:00,SEVIER,THUNDERSTORM WIND,0.0,0.0,0,0,195848,1211321,Utility Company
2024-08-16 17:09:00,2024-08-16 17:09:00,SULLIVAN,THUNDERSTORM WIND,0.0,0.0,0,0,195848,1211322,ASOS
2024-08-16 17:33:00,2024-08-16 17:33:00,SULLIVAN,THUNDERSTORM WIND,0.0,0.0,0,0,195848,1211323,Trained Spotter
2024-08-17 02:15:00,2024-08-17 02:18:00,DYER,THUNDERSTORM WIND,10000.0,0.0,0,0,195773,1210876,Public
2024-08-17 02:22:00,2024-08-17 02:27:00,TIPTON,THUNDERSTORM WIND,1000.0,0.0,0,0,195773,1210877,Public
2024-08-17 02:48:00,2024-08-17 02:53:00,CROCKETT,THUNDERSTORM WIND,15000.0,0.0,0,0,195773,1210879,Public
2024-08-17 11:00:00,2024-08-17 13:00:00,LINCOLN,HEAT,0.0,0.0,0,0,195209,1206644,AWOS
2024-08-17 13:08:00,2024-08-17 13:08:00,MOORE,THUNDERSTORM WIND,1000.0,0.0,0,0,193316,1212330,Emergency Manager
2024-08-17 13:10:00,2024-08-17 13:10:00,MARION,THUNDERSTORM WIND,0.0,0.0,0,0,195851,1211332,Emergency Manager
2024-08-17 13:17:00,2024-08-17 13:17:00,FRANKLIN,THUNDERSTORM WIND,3000.0,0.0,0,0,193316,1212331,Law Enforcement
2024-08-17 13:20:00,2024-08-17 13:20:00,FRANKLIN,THUNDERSTORM WIND,3000.0,0.0,0,0,193316,1212332,Law Enforcement
2024-08-17 13:20:00,2024-08-17 13:20:00,MARION,THUNDERSTORM WIND,0.0,0.0,0,0,195851,1211335,911 Call Center
2024-08-17 13:26:00,2024-08-17 13:26:00,FRANKLIN,THUNDERSTORM WIND,3000.0,0.0,0,0,193316,1212335,Law Enforcement
2024-08-17 13:30:00,2024-08-17 13:30:00,MARION,THUNDERSTORM WIND,0.0,0.0,0,0,195851,1211337,911 Call Center
2024-08-17 13:34:00,2024-08-17 13:34:00,FRANKLIN,THUNDERSTORM WIND,3000.0,0.0,0,0,193316,1212571,Law Enforcement
2024-08-17 13:36:00,2024-08-17 13:36:00,SEQUATCHIE,THUNDERSTORM WIND,0.0,0.0,0,0,195851,1211338,911 Call Center
2024-08-17 13:40:00,2024-08-17 13:40:00,FRANKLIN,THUNDERSTORM WIND,3000.0,0.0,0,0,193316,1212572,Law Enforcement
2024-08-17 14:05:00,2024-08-17 14:05:00,HAMILTON,THUNDERSTORM WIND,0.0,0.0,0,0,195851,1211331,911 Call Center
2024-08-17 14:30:00,2024-08-17 14:30:00,HAMILTON,HAIL,0.0,0.0,0,0,195851,1211330,Social Media
2024-08-17 14:40:00,2024-08-17 14:40:00,HAMILTON,THUNDERSTORM WIND,0.0,0.0,0,0,195851,1211340,911 Call Center
2024-08-17 14:50:00,2024-08-17 14:50:00,BRADLEY,THUNDERSTORM WIND,0.0,0.0,0,0,195851,1211344,911 Call Center
2024-08-17 14:50:00,2024-08-17 14:50:00,HAMILTON,THUNDERSTORM WIND,0.0,0.0,0,0,195851,1211345,911 Call Center
2024-08-17 15:10:00,2024-08-17 15:10:00,POLK,THUNDERSTORM WIND,0.0,0.0,0,0,195851,1211346,911 Call Center
2024-08-17 15:10:00,2024-08-17 15:10:00,POLK,THUNDERSTORM WIND,0.0,0.0,0,0,195851,1211347,911 Call Center
2024-08-17 18:45:00,2024-08-17 18:45:00,FENTRESS,THUNDERSTORM WIND,5000.0,0.0,0,0,193319,1194212,Law Enforcement
2024-08-17 20:15:00,2024-08-17 20:15:00,HANCOCK,THUNDERSTORM WIND,0.0,0.0,0,0,195851,1211348,Social Media
2024-08-17 20:25:00,2024-08-17 20:25:00,SCOTT,THUNDERSTORM WIND,0.0,0.0,0,0,195851,1211349,911 Call Center
2024-08-17 20:30:00,2024-08-17 20:30:00,MONTGOMERY,THUNDERSTORM WIND,15000.0,0.0,0,0,193319,1194213,Social Media
2024-08-17 20:31:00,2024-08-17 20:31:00,MONTGOMERY,THUNDERSTORM WIND,10000.0,0.0,0,0,193319,1194214,Social Media
2024-08-17 20:51:00,2024-08-17 20:51:00,ROBERTSON,THUNDERSTORM WIND,10000.0,0.0,0,0,193319,1194215,Emergency Manager
2024-08-17 21:05:00,2024-08-17 21:05:00,DAVIDSON,THUNDERSTORM WIND,1000.0,0.0,0,0,193319,1194216,Social Media
2024-08-17 21:15:00,2024-08-17 21:15:00,DAVIDSON,THUNDERSTORM WIND,2000.0,0.0,0,0,193319,1194217,Social Media
2024-08-17 22:13:00,2024-08-17 22:13:00,WILLIAMSON,THUNDERSTORM WIND,1000.0,0.0,0,0,193319,1194218,Social Media
2024-08-18 00:09:00,2024-08-18 00:09:00,BLOUNT,THUNDERSTORM WIND,0.0,0.0,0,0,195851,1211351,ASOS
2024-08-20 00:00:00,2024-08-31 23:59:00,HICKMAN,DROUGHT,0.0,0.0,0,0,194049,1199261,Drought Monitor
2024-08-20 00:00:00,2024-08-31 23:59:00,LEWIS,DROUGHT,0.0,0.0,0,0,194049,1199258,Drought Monitor
2024-08-20 00:00:00,2024-08-31 23:59:00,MAURY,DROUGHT,0.0,0.0,0,0,194049,1199259,Drought Monitor
2024-08-20 00:00:00,2024-08-31 23:59:00,PERRY,DROUGHT,0.0,0.0,0,0,194049,1199255,Drought Monitor
2024-08-20 00:00:00,2024-08-31 23:59:00,WAYNE,DROUGHT,0.0,0.0,0,0,194049,1199254,Drought Monitor
2024-08-27 00:00:00,2024-08-31 23:59:00,DICKSON,DROUGHT,0.0,0.0,0,0,194050,1199263,Drought Monitor
2024-08-27 00:00:00,2024-08-31 23:59:00,HUMPHREYS,DROUGHT,0.0,0.0,0,0,194050,1199262,Drought Monitor
2024-08-27 00:00:00,2024-08-31 23:59:00,LINCOLN,DROUGHT,0.0,0.0,0,0,196315,1214956,Drought Monitor
2024-08-27 06:00:00,2024-08-31 23:59:00,CHESTER,DROUGHT,0.0,0.0,0,0,195565,1208538,Drought Monitor
2024-08-27 06:00:00,2024-08-31 23:59:00,DECATUR,DROUGHT,0.0,0.0,0,0,195565,1208540,Drought Monitor
2024-08-27 06:00:00,2024-08-31 23:59:00,HARDIN,DROUGHT,0.0,0.0,0,0,195565,1208541,Drought Monitor
2024-08-27 06:00:00,2024-08-31 23:59:00,HENDERSON,DROUGHT,0.0,0.0,0,0,195565,1208539,Drought Monitor
2024-08-27 06:00:00,2024-08-31 23:59:00,MCNAIRY,DROUGHT,0.0,0.0,0,0,195565,1208537,Drought Monitor
2024-08-29 18:20:00,2024-08-29 18:20:00,LINCOLN,THUNDERSTORM WIND,8000.0,0.0,0,0,193948,1208150,Broadcast Media
2024-08-29 18:25:00,2024-08-29 18:25:00,WILLIAMSON,THUNDERSTORM WIND,5000.0,0.0,0,0,194039,1199213,Social Media
2024-08-30 13:45:00,2024-08-30 13:45:00,CUMBERLAND,LIGHTNING,0.0,0.0,0,1,194043,1199214,Broadcast Media
2024-08-30 14:02:00,2024-08-30 14:02:00,COFFEE,THUNDERSTORM WIND,5000.0,0.0,0,0,194043,1199216,Social Media
2024-08-30 14:14:00,2024-08-30 14:19:00,DECATUR,THUNDERSTORM WIND,20000.0,0.0,0,0,195787,1210993,Emergency Manager
2024-08-30 17:39:00,2024-08-30 17:44:00,SHELBY,THUNDERSTORM WIND,5000.0,0.0,0,0,195787,1210994,911 Call Center
2024-08-30 17:40:00,2024-08-30 17:40:00,LINCOLN,THUNDERSTORM WIND,1000.0,0.0,0,0,194017,1212657,Emergency Manager
2024-08-30 17:57:00,2024-08-30 17:57:00,LINCOLN,THUNDERSTORM WIND,1000.0,0.0,0,0,194017,1212656,Emergency Manager
2024-08-31 15:14:00,2024-08-31 15:14:00,LINCOLN,THUNDERSTORM WIND,6000.0,0.0,0,0,194015,1212648,Emergency Manager
2024-08-31 15:14:00,2024-08-31 15:14:00,LINCOLN,THUNDERSTORM WIND,1000.0,0.0,0,0,194015,1212649,Emergency Manager
2024-08-31 15:17:00,2024-08-31 15:17:00,LINCOLN,THUNDERSTORM WIND,1000.0,0.0,0,0,194015,1212642,Emergency Manager
2024-08-31 15:19:00,2024-08-31 15:19:00,LINCOLN,THUNDERSTORM WIND,1000.0,0.0,0,0,194015,1212641,Emergency Manager
2024-09-01 00:00:00,2024-09-30 23:59:00,BEDFORD,DROUGHT,0.0,0.0,0,0,195301,1207181,Drought Monitor
2024-09-01 00:00:00,2024-09-24 06:00:00,BENTON,DROUGHT,0.0,0.0,0,0,196497,1215845,Drought Monitor
2024-09-01 00:00:00,2024-09-30 23:59:00,CANNON,DROUGHT,0.0,0.0,0,0,195301,1207195,Drought Monitor
2024-09-01 00:00:00,2024-09-30 23:59:00,CHEATHAM,DROUGHT,0.0,0.0,0,0,195301,1207177,Drought Monitor
2024-09-01 00:00:00,2024-09-30 23:59:00,COFFEE,DROUGHT,0.0,0.0,0,0,195301,1207182,Drought Monitor
2024-09-01 00:00:00,2024-09-30 23:59:00,CUMBERLAND,DROUGHT,0.0,0.0,0,0,195301,1207192,Drought Monitor
2024-09-01 00:00:00,2024-09-30 23:59:00,DAVIDSON,DROUGHT,0.0,0.0,0,0,195301,1207178,Drought Monitor
2024-09-01 00:00:00,2024-09-24 06:00:00,DECATUR,DROUGHT,0.0,0.0,0,0,196497,1215844,Drought Monitor
2024-09-01 00:00:00,2024-09-30 23:59:00,DEKALB,DROUGHT,0.0,0.0,0,0,195301,1207193,Drought Monitor
2024-09-01 00:00:00,2024-09-30 23:59:00,DICKSON,DROUGHT,0.0,0.0,0,0,195301,1207171,Drought Monitor
2024-09-01 00:00:00,2024-09-30 23:59:00,GILES,DROUGHT,0.0,0.0,0,0,195301,1207164,Drought Monitor
2024-09-01 00:00:00,2024-09-30 23:59:00,GRUNDY,DROUGHT,0.0,0.0,0,0,195301,1207198,Drought Monitor
2024-09-01 00:00:00,2024-09-24 06:00:00,HARDIN,DROUGHT,0.0,0.0,0,0,196497,1215843,Drought Monitor
2024-09-01 00:00:00,2024-09-24 06:00:00,HENRY,DROUGHT,0.0,0.0,0,0,196497,1215846,Drought Monitor
2024-09-01 00:00:00,2024-09-30 23:59:00,HICKMAN,DROUGHT,0.0,0.0,0,0,195301,1207166,Drought Monitor
2024-09-01 00:00:00,2024-09-30 23:59:00,HOUSTON,DROUGHT,0.0,0.0,0,0,195301,1207174,Drought Monitor
2024-09-01 00:00:00,2024-09-30 23:59:00,HUMPHREYS,DROUGHT,0.0,0.0,0,0,195301,1207172,Drought Monitor
2024-09-01 00:00:00,2024-09-30 23:59:00,JACKSON,DROUGHT,0.0,0.0,0,0,195301,1207189,Drought Monitor
2024-09-01 00:00:00,2024-09-30 23:59:00,LAWRENCE,DROUGHT,0.0,0.0,0,0,195301,1207165,Drought Monitor
2024-09-01 00:00:00,2024-09-30 23:59:00,LEWIS,DROUGHT,0.0,0.0,0,0,195301,1207168,Drought Monitor
2024-09-01 00:00:00,2024-09-17 23:59:00,LINCOLN,DROUGHT,0.0,0.0,0,0,196323,1215000,Drought Monitor
2024-09-01 00:00:00,2024-09-30 23:59:00,MACON,DROUGHT,0.0,0.0,0,0,195301,1207186,Drought Monitor
2024-09-01 00:00:00,2024-09-30 23:59:00,MARSHALL,DROUGHT,0.0,0.0,0,0,195301,1207180,Drought Monitor
2024-09-01 00:00:00,2024-09-30 23:59:00,MAURY,DROUGHT,0.0,0.0,0,0,195301,1207167,Drought Monitor
2024-09-01 00:00:00,2024-09-30 23:59:00,MONTGOMERY,DROUGHT,0.0,0.0,0,0,195301,1207175,Drought Monitor
2024-09-01 00:00:00,2024-09-30 23:59:00,OVERTON,DROUGHT,0.0,0.0,0,0,195301,1207190,Drought Monitor
2024-09-01 00:00:00,2024-09-30 23:59:00,PERRY,DROUGHT,0.0,0.0,0,0,195301,1207169,Drought Monitor
2024-09-01 00:00:00,2024-09-30 23:59:00,PUTNAM,DROUGHT,0.0,0.0,0,0,195301,1207191,Drought Monitor
2024-09-01 00:00:00,2024-09-30 23:59:00,ROBERTSON,DROUGHT,0.0,0.0,0,0,195301,1207176,Drought Monitor
2024-09-01 00:00:00,2024-09-30 23:59:00,RUTHERFORD,DROUGHT,0.0,0.0,0,0,195301,1207183,Drought Monitor
2024-09-01 00:00:00,2024-09-30 23:59:00,SMITH,DROUGHT,0.0,0.0,0,0,195301,1207188,Drought Monitor
2024-09-01 00:00:00,2024-09-30 23:59:00,STEWART,DROUGHT,0.0,0.0,0,0,195301,1207173,Drought Monitor
2024-09-01 00:00:00,2024-09-30 23:59:00,SUMNER,DROUGHT,0.0,0.0,0,0,195301,1207185,Drought Monitor
2024-09-01 00:00:00,2024-09-30 23:59:00,TROUSDALE,DROUGHT,0.0,0.0,0,0,195301,1207187,Drought Monitor
2024-09-01 00:00:00,2024-09-30 23:59:00,VAN BUREN,DROUGHT,0.0,0.0,0,0,195301,1207197,Drought Monitor
2024-09-01 00:00:00,2024-09-30 23:59:00,WARREN,DROUGHT,0.0,0.0,0,0,195301,1207196,Drought Monitor
2024-09-01 00:00:00,2024-09-30 23:59:00,WAYNE,DROUGHT,0.0,0.0,0,0,195301,1207170,Drought Monitor
2024-09-01 00:00:00,2024-09-30 23:59:00,WHITE,DROUGHT,0.0,0.0,0,0,195301,1207194,Drought Monitor
2024-09-01 00:00:00,2024-09-30 23:59:00,WILLIAMSON,DROUGHT,0.0,0.0,0,0,195301,1207179,Drought Monitor
2024-09-01 00:00:00,2024-09-30 23:59:00,WILSON,DROUGHT,0.0,0.0,0,0,195301,1207184,Drought Monitor
2024-09-01 13:32:00,2024-09-01 13:32:00,DAVIDSON,LIGHTNING,0.0,0.0,0,1,194051,1199266,Emergency Manager
2024-09-01 18:10:00,2024-09-01 19:15:00,SEVIER,FLASH FLOOD,0.0,0.0,0,0,196998,1218818,Law Enforcement
2024-09-01 18:20:00,2024-09-01 18:25:00,SHELBY,HIGH WIND,0.0,0.0,0,0,196559,1216173,ASOS
2024-09-10 00:00:00,2024-09-17 23:59:00,FRANKLIN,DROUGHT,0.0,0.0,0,0,196325,1215004,Drought Monitor
2024-09-12 00:00:00,2024-09-15 23:59:00,LAWRENCE,FLOOD,0.0,0.0,0,0,194542,1203335,CoCoRaHS
2024-09-12 12:05:00,2024-09-12 12:05:00,COFFEE,STRONG WIND,1000.0,0.0,0,0,194542,1203333,Social Media
2024-09-12 15:00:00,2024-09-12 19:00:00,LINCOLN,STRONG WIND,10000.0,0.0,0,0,194459,1216306,911 Call Center
2024-09-12 20:10:00,2024-09-12 20:10:00,LAWRENCE,STRONG WIND,10000.0,0.0,0,0,194542,1203334,Social Media
2024-09-24 04:16:00,2024-09-24 04:16:00,ROBERTSON,LIGHTNING,25000.0,0.0,0,0,195293,1207147,Emergency Manager
2024-09-24 12:47:00,2024-09-24 12:47:00,ROBERTSON,THUNDERSTORM WIND,10000.0,0.0,0,0,195293,1207099,Emergency Manager
2024-09-24 12:53:00,2024-09-24 12:53:00,DICKSON,THUNDERSTORM WIND,10000.0,0.0,0,0,195293,1207112,Social Media
2024-09-24 13:40:00,2024-09-24 13:40:00,DAVIDSON,LIGHTNING,50000.0,0.0,0,0,195293,1207145,State Official
2024-09-24 13:40:00,2024-09-24 13:40:00,SUMNER,HAIL,0.0,0.0,0,0,195293,1207114,Emergency Manager
2024-09-24 13:41:00,2024-09-24 13:41:00,DAVIDSON,LIGHTNING,50000.0,0.0,0,0,195293,1207144,State Official
2024-09-24 13:44:00,2024-09-24 13:44:00,DAVIDSON,LIGHTNING,50000.0,0.0,0,0,195293,1207146,State Official
2024-09-24 13:46:00,2024-09-24 13:46:00,DAVIDSON,THUNDERSTORM WIND,10000.0,0.0,0,0,195293,1207133,Social Media
2024-09-24 13:53:00,2024-09-24 13:53:00,DAVIDSON,THUNDERSTORM WIND,1000.0,0.0,0,0,195293,1207110,Social Media
2024-09-24 13:55:00,2024-09-24 13:55:00,CLAY,HAIL,0.0,0.0,0,0,195293,1207138,Public
2024-09-24 13:55:00,2024-09-24 13:55:00,DAVIDSON,THUNDERSTORM WIND,10000.0,0.0,0,0,195293,1207118,Social Media
2024-09-24 13:56:00,2024-09-24 13:56:00,DAVIDSON,THUNDERSTORM WIND,1000.0,0.0,0,0,195293,1207119,Emergency Manager
2024-09-24 13:57:00,2024-09-24 13:57:00,DAVIDSON,THUNDERSTORM WIND,5000.0,0.0,0,0,195293,1207121,Social Media
2024-09-24 14:00:00,2024-09-24 14:00:00,MACON,THUNDERSTORM WIND,10000.0,0.0,0,0,195293,1207116,State Official
2024-09-24 14:03:00,2024-09-24 14:03:00,DAVIDSON,THUNDERSTORM WIND,0.0,0.0,0,0,195293,1207122,ASOS
2024-09-24 14:06:00,2024-09-24 14:06:00,DAVIDSON,HAIL,0.0,0.0,0,0,195293,1207140,Public
2024-09-24 14:10:00,2024-09-24 14:10:00,LAWRENCE,THUNDERSTORM WIND,1000.0,0.0,0,0,195293,1207135,Emergency Manager
2024-09-24 14:10:00,2024-09-24 14:10:00,MAURY,THUNDERSTORM WIND,5000.0,0.0,0,0,195293,1207136,Social Media
2024-09-24 14:13:00,2024-09-24 14:13:00,WILSON,THUNDERSTORM WIND,1000.0,0.0,0,0,195293,1207124,Social Media
2024-09-24 14:15:00,2024-09-24 14:15:00,MACON,THUNDERSTORM WIND,5000.0,0.0,0,0,195293,1207128,State Official
2024-09-24 14:36:00,2024-09-24 14:36:00,WILLIAMSON,HAIL,0.0,0.0,0,0,195293,1207137,Social Media
2024-09-24 15:10:00,2024-09-24 15:10:00,JACKSON,THUNDERSTORM WIND,5000.0,0.0,0,0,195293,1207129,Emergency Manager
2024-09-24 15:24:00,2024-09-24 15:24:00,LAWRENCE,THUNDERSTORM WIND,25000.0,0.0,0,3,195293,1207141,Emergency Manager
2024-09-24 15:50:00,2024-09-24 15:50:00,OVERTON,THUNDERSTORM WIND,1000.0,0.0,0,0,195293,1207130,Emergency Manager
2024-09-24 15:55:00,2024-09-24 15:55:00,OVERTON,THUNDERSTORM WIND,5000.0,0.0,0,0,195293,1207132,Emergency Manager
2024-09-24 17:20:00,2024-09-24 17:25:00,HANCOCK,TORNADO,0.0,0.0,0,0,195883,1211458,NWS Storm Survey
2024-09-24 18:42:00,2024-09-24 18:42:00,SULLIVAN,HAIL,0.0,0.0,0,0,195883,1211457,Public
2024-09-24 19:05:00,2024-09-24 19:05:00,SULLIVAN,THUNDERSTORM WIND,0.0,0.0,0,0,195883,1211459,911 Call Center
2024-09-24 19:12:00,2024-09-24 19:12:00,SULLIVAN,THUNDERSTORM WIND,0.0,0.0,0,0,195883,1211460,911 Call Center
2024-09-25 13:15:00,2024-09-25 14:30:00,BLOUNT,FLASH FLOOD,0.0,0.0,0,0,195887,1218439,Public
2024-09-25 14:14:00,2024-09-25 15:30:00,SEVIER,FLASH FLOOD,0.0,0.0,0,0,195887,1218443,Emergency Manager
2024-09-25 14:25:00,2024-09-25 16:00:00,GREENE,FLASH FLOOD,0.0,0.0,0,0,195887,1218440,Law Enforcement
2024-09-25 16:03:00,2024-09-25 18:00:00,SEVIER,FLASH FLOOD,0.0,0.0,0,0,195887,1218441,Law Enforcement
2024-09-25 19:11:00,2024-09-25 20:30:00,GREENE,FLASH FLOOD,0.0,0.0,0,0,195887,1218446,Law Enforcement
2024-09-25 19:12:00,2024-09-25 22:00:00,SEVIER,FLASH FLOOD,0.0,0.0,0,0,195887,1218452,Law Enforcement
2024-09-25 20:16:00,2024-09-26 01:00:00,JOHNSON,FLASH FLOOD,0.0,0.0,0,0,195887,1218454,Law Enforcement
2024-09-26 07:47:00,2024-09-26 07:50:00,SEVIER,DEBRIS FLOW,0.0,0.0,0,0,195887,1218459,Emergency Manager
2024-09-26 09:00:00,2024-09-26 13:00:00,SEVIER,FLASH FLOOD,0.0,0.0,0,0,195887,1218455,Emergency Manager
2024-09-26 12:00:00,2024-09-26 14:00:00,HAWKINS,FLOOD,0.0,0.0,0,0,195887,1218460,911 Call Center
2024-09-26 12:04:00,2024-09-26 14:30:00,SULLIVAN,FLOOD,0.0,0.0,0,0,195887,1218512,Trained Spotter
2024-09-26 13:59:00,2024-09-26 15:00:00,GREENE,FLOOD,0.0,0.0,0,0,195887,1218513,Trained Spotter
2024-09-27 03:00:00,2024-09-27 11:00:00,UNICOI,HIGH WIND,0.0,5250000.0,0,0,195887,1218011,Public
2024-09-27 04:00:00,2024-09-27 11:00:00,CLAIBORNE,HIGH WIND,0.0,0.0,0,0,195887,1218020,Utility Company
2024-09-27 04:00:00,2024-09-27 11:00:00,JOHNSON,HIGH WIND,0.0,0.0,0,0,195887,1218018,Social Media
2024-09-27 04:00:00,2024-09-27 11:00:00,NORTHWEST COCKE,HIGH WIND,0.0,0.0,0,0,195887,1218022,Utility Company
2024-09-27 04:00:00,2024-09-27 11:00:00,NORTHWEST GREENE,HIGH WIND,0.0,0.0,0,0,195887,1218016,Public
2024-09-27 04:00:00,2024-09-27 12:00:00,SOUTHEAST CARTER,HIGH WIND,0.0,0.0,0,0,195887,1218014,Storm Chaser
2024-09-27 04:00:00,2024-09-27 11:00:00,WASHINGTON,HIGH WIND,0.0,0.0,0,0,195887,1218013,Mesonet
2024-09-27 04:20:00,2024-09-27 04:20:00,COCKE/SMOKY MOUNTAINS,HIGH WIND,0.0,0.0,0,0,195887,1218021,Mesonet
2024-09-27 05:30:00,2024-09-28 04:30:00,COCKE,FLOOD,24300.0,0.0,0,0,195887,1218838,Emergency Manager
2024-09-27 06:35:00,2024-09-27 10:45:00,SULLIVAN,HIGH WIND,0.0,0.0,0,1,195887,1217983,911 Call Center
2024-09-27 07:00:00,2024-09-27 11:00:00,CAMPBELL,HIGH WIND,0.0,0.0,0,0,195887,1218023,Utility Company
2024-09-27 07:15:00,2024-09-27 07:15:00,HANCOCK,HIGH WIND,0.0,0.0,0,0,195887,1218008,Utility Company
2024-09-27 07:15:00,2024-09-27 10:10:00,HAWKINS,HIGH WIND,0.0,0.0,0,0,195887,1217989,Trained Spotter
2024-09-27 07:40:00,2024-09-27 12:40:00,JEFFERSON,HIGH WIND,0.0,0.0,0,0,195887,1218009,NWS Employee
2024-09-27 08:00:00,2024-09-28 06:00:00,UNICOI,FLASH FLOOD,9800000.0,0.0,9,0,195887,1218675,Law Enforcement
2024-09-27 08:06:00,2024-09-27 10:00:00,SEQUATCHIE,FLASH FLOOD,0.0,0.0,0,0,195887,1218519,911 Call Center
2024-09-27 08:10:00,2024-09-27 08:10:00,GRAINGER,HIGH WIND,0.0,0.0,0,0,195887,1218019,Newspaper
2024-09-27 08:10:00,2024-09-27 08:10:00,HAMBLEN,HIGH WIND,0.0,0.0,0,0,195887,1217984,NWS Employee
2024-09-27 08:10:00,2024-09-27 15:30:00,KNOX,HIGH WIND,0.0,0.0,0,0,195887,1218012,911 Call Center
2024-09-27 08:15:00,2024-09-28 06:00:00,CARTER,FLASH FLOOD,0.0,0.0,0,0,195887,1218673,911 Call Center
2024-09-27 08:30:00,2024-09-28 06:00:00,JOHNSON,FLASH FLOOD,6500000.0,0.0,1,0,195887,1218745,County Official
2024-09-27 09:00:00,2024-09-27 09:50:00,COCKE,FLASH FLOOD,0.0,0.0,0,0,195887,1218527,911 Call Center
2024-09-27 09:00:00,2024-09-27 10:30:00,HAMILTON,FLASH FLOOD,0.0,0.0,0,0,195887,1218521,911 Call Center
2024-09-27 09:00:00,2024-09-27 10:00:00,SEVIER,FLASH FLOOD,0.0,0.0,0,0,195887,1218522,911 Call Center
2024-09-27 10:00:00,2024-09-27 11:00:00,SEVIER,FLASH FLOOD,0.0,0.0,0,0,195887,1218748,River/Stream Gage
2024-09-27 10:05:00,2024-09-27 13:00:00,WASHINGTON,FLASH FLOOD,0.0,0.0,0,0,195887,1218730,Trained Spotter
2024-09-27 10:08:00,2024-09-28 07:00:00,WASHINGTON,FLASH FLOOD,39000000.0,0.0,2,0,195887,1218741,County Official
2024-09-27 10:15:00,2024-09-27 11:00:00,GREENE,FLASH FLOOD,0.0,0.0,0,0,195887,1218686,Trained Spotter
2024-09-27 10:15:00,2024-09-27 10:15:00,NORTHWEST CARTER,HIGH WIND,0.0,0.0,0,0,195887,1218017,Social Media
2024-09-27 10:30:00,2024-09-28 07:00:00,CARTER,FLASH FLOOD,62500000.0,0.0,0,0,195887,1218684,911 Call Center
2024-09-27 10:30:00,2024-09-29 02:00:00,COCKE,FLOOD,0.0,0.0,0,0,195887,1218839,Emergency Manager
2024-09-27 12:45:00,2024-09-27 12:45:00,WILSON,STRONG WIND,10000.0,0.0,0,0,195299,1207155,Law Enforcement
2024-09-27 13:00:00,2024-09-27 14:00:00,SEVIER,FLASH FLOOD,0.0,0.0,0,0,195887,1218750,River/Stream Gage
2024-09-27 14:41:00,2024-09-27 14:41:00,SUMNER,STRONG WIND,10000.0,0.0,0,0,195299,1207156,Utility Company
2024-09-27 15:00:00,2024-09-27 16:00:00,HAWKINS,FLASH FLOOD,0.0,0.0,0,0,195887,1218827,911 Call Center
2024-09-27 17:10:00,2024-09-27 17:10:00,DAVIDSON,STRONG WIND,10000.0,0.0,0,0,195299,1207157,Social Media
2024-09-27 17:16:00,2024-09-27 17:16:00,STEWART,STRONG WIND,10000.0,0.0,0,0,195299,1207158,Utility Company
2024-09-27 20:30:00,2024-09-29 00:00:00,GREENE,FLOOD,22700000.0,0.0,1,0,195887,1218836,Emergency Manager
2024-09-27 23:00:00,2024-09-29 00:00:00,COCKE,FLOOD,0.0,0.0,2,0,195887,1218840,Emergency Manager
2024-09-27 23:00:00,2024-09-27 23:00:00,DAVIDSON,STRONG WIND,1000.0,0.0,0,0,195299,1207159,Social Media
2024-09-28 00:00:00,2024-09-29 00:00:00,HAMBLEN,FLOOD,11000000.0,0.0,0,0,195887,1218837,Emergency Manager
2024-09-28 01:00:00,2024-09-28 01:00:00,SEVIER/SMOKY MOUNTAINS,HIGH WIND,0.0,0.0,0,0,195887,1218015,Mesonet
2024-09-28 08:30:00,2024-09-29 12:00:00,KNOX,FLOOD,0.0,0.0,0,0,195887,1218881,911 Call Center
2024-09-28 11:15:00,2024-09-29 12:00:00,SEVIER,FLOOD,20000.0,0.0,0,0,195887,1218880,Emergency Manager
2024-10-01 00:00:00,2024-10-31 23:59:00,BEDFORD,DROUGHT,0.0,0.0,0,0,196424,1215441,Drought Monitor
2024-10-01 00:00:00,2024-10-31 23:59:00,CANNON,DROUGHT,0.0,0.0,0,0,196424,1215462,Drought Monitor
2024-10-01 00:00:00,2024-10-31 23:59:00,CHEATHAM,DROUGHT,0.0,0.0,0,0,196424,1215437,Drought Monitor
2024-10-01 00:00:00,2024-10-31 23:59:00,COFFEE,DROUGHT,0.0,0.0,0,0,196424,1215442,Drought Monitor
2024-10-01 00:00:00,2024-10-31 23:59:00,CUMBERLAND,DROUGHT,0.0,0.0,0,0,196424,1215452,Drought Monitor
2024-10-01 00:00:00,2024-10-31 23:59:00,DAVIDSON,DROUGHT,0.0,0.0,0,0,196424,1215438,Drought Monitor
2024-10-01 00:00:00,2024-10-31 23:59:00,DEKALB,DROUGHT,0.0,0.0,0,0,196424,1215453,Drought Monitor
2024-10-01 00:00:00,2024-10-31 23:59:00,DICKSON,DROUGHT,0.0,0.0,0,0,196424,1215431,Drought Monitor
2024-10-01 00:00:00,2024-10-31 23:59:00,GILES,DROUGHT,0.0,0.0,0,0,196424,1215426,Drought Monitor
2024-10-01 00:00:00,2024-10-31 23:59:00,GRUNDY,DROUGHT,0.0,0.0,0,0,196424,1215466,Drought Monitor
2024-10-01 00:00:00,2024-10-31 23:59:00,HICKMAN,DROUGHT,0.0,0.0,0,0,196424,1215428,Drought Monitor
2024-10-01 00:00:00,2024-10-31 23:59:00,HOUSTON,DROUGHT,0.0,0.0,0,0,196424,1215434,Drought Monitor
2024-10-01 00:00:00,2024-10-31 23:59:00,HUMPHREYS,DROUGHT,0.0,0.0,0,0,196424,1215432,Drought Monitor
2024-10-01 00:00:00,2024-10-31 23:59:00,JACKSON,DROUGHT,0.0,0.0,0,0,196424,1215449,Drought Monitor
2024-10-01 00:00:00,2024-10-31 23:59:00,LAWRENCE,DROUGHT,0.0,0.0,0,0,196424,1215427,Drought Monitor
2024-10-01 00:00:00,2024-10-31 23:59:00,LEWIS,DROUGHT,0.0,0.0,0,0,196424,1215430,Drought Monitor
2024-10-01 00:00:00,2024-10-31 23:59:00,LINCOLN,DROUGHT,0.0,0.0,0,0,197201,1220068,Drought Monitor
2024-10-01 00:00:00,2024-10-31 23:59:00,MACON,DROUGHT,0.0,0.0,0,0,196424,1215446,Drought Monitor
2024-10-01 00:00:00,2024-10-31 23:59:00,MARSHALL,DROUGHT,0.0,0.0,0,0,196424,1215440,Drought Monitor
2024-10-01 00:00:00,2024-10-31 23:59:00,MAURY,DROUGHT,0.0,0.0,0,0,196424,1215429,Drought Monitor
2024-10-01 00:00:00,2024-10-31 23:59:00,MONTGOMERY,DROUGHT,0.0,0.0,0,0,196424,1215435,Drought Monitor
2024-10-01 00:00:00,2024-10-31 23:59:00,MOORE,DROUGHT,0.0,0.0,0,0,197201,1220069,Drought Monitor
2024-10-01 00:00:00,2024-10-31 23:59:00,OVERTON,DROUGHT,0.0,0.0,0,0,196424,1215450,Drought Monitor
2024-10-01 00:00:00,2024-10-31 23:59:00,PUTNAM,DROUGHT,0.0,0.0,0,0,196424,1215451,Drought Monitor
2024-10-01 00:00:00,2024-10-31 23:59:00,ROBERTSON,DROUGHT,0.0,0.0,0,0,196424,1215436,Drought Monitor
2024-10-01 00:00:00,2024-10-31 23:59:00,RUTHERFORD,DROUGHT,0.0,0.0,0,0,196424,1215443,Drought Monitor
2024-10-01 00:00:00,2024-10-31 23:59:00,SMITH,DROUGHT,0.0,0.0,0,0,196424,1215448,Drought Monitor
2024-10-01 00:00:00,2024-10-31 23:59:00,STEWART,DROUGHT,0.0,0.0,0,0,196424,1215433,Drought Monitor
2024-10-01 00:00:00,2024-10-31 23:59:00,SUMNER,DROUGHT,0.0,0.0,0,0,196424,1215445,Drought Monitor
2024-10-01 00:00:00,2024-10-31 23:59:00,TROUSDALE,DROUGHT,0.0,0.0,0,0,196424,1215447,Drought Monitor
2024-10-01 00:00:00,2024-10-31 23:59:00,VAN BUREN,DROUGHT,0.0,0.0,0,0,196424,1215465,Drought Monitor
2024-10-01 00:00:00,2024-10-31 23:59:00,WARREN,DROUGHT,0.0,0.0,0,0,196424,1215463,Drought Monitor
2024-10-01 00:00:00,2024-10-31 23:59:00,WHITE,DROUGHT,0.0,0.0,0,0,196424,1215458,Drought Monitor
2024-10-01 00:00:00,2024-10-31 23:59:00,WILLIAMSON,DROUGHT,0.0,0.0,0,0,196424,1215439,Drought Monitor
2024-10-01 00:00:00,2024-10-31 23:59:00,WILSON,DROUGHT,0.0,0.0,0,0,196424,1215444,Drought Monitor
2024-10-08 00:00:00,2024-10-31 23:59:00,LINCOLN,DROUGHT,0.0,0.0,0,0,197202,1220070,Drought Monitor
2024-10-15 18:00:00,2024-10-16 00:00:00,SEVIER/SMOKY MOUNTAINS,WINTER WEATHER,0.0,0.0,0,0,197248,1220270,COOP Observer
2024-10-15 18:00:00,2024-10-16 00:00:00,SEVIER/SMOKY MOUNTAINS,WINTER WEATHER,0.0,0.0,0,0,197248,1220271,COOP Observer
2024-11-01 00:00:00,2024-11-30 23:59:00,BEDFORD,DROUGHT,0.0,0.0,0,0,197266,1220363,Drought Monitor
2024-11-01 00:00:00,2024-11-30 23:59:00,CANNON,DROUGHT,0.0,0.0,0,0,197266,1220373,Drought Monitor
2024-11-01 00:00:00,2024-11-30 23:59:00,COFFEE,DROUGHT,0.0,0.0,0,0,197266,1220364,Drought Monitor
2024-11-01 00:00:00,2024-11-30 23:59:00,CUMBERLAND,DROUGHT,0.0,0.0,0,0,197266,1220370,Drought Monitor
2024-11-01 00:00:00,2024-11-30 23:59:00,DEKALB,DROUGHT,0.0,0.0,0,0,197266,1220371,Drought Monitor
2024-11-01 00:00:00,2024-11-30 23:59:00,FENTRESS,DROUGHT,0.0,0.0,0,0,197266,1220377,Drought Monitor
2024-11-01 00:00:00,2024-11-30 23:59:00,GILES,DROUGHT,0.0,0.0,0,0,197266,1220357,Drought Monitor
2024-11-01 00:00:00,2024-11-30 23:59:00,GRUNDY,DROUGHT,0.0,0.0,0,0,197266,1220376,Drought Monitor
2024-11-01 00:00:00,2024-11-30 23:59:00,HICKMAN,DROUGHT,0.0,0.0,0,0,197266,1220359,Drought Monitor
2024-11-01 00:00:00,2024-11-30 23:59:00,JACKSON,DROUGHT,0.0,0.0,0,0,197266,1220367,Drought Monitor
2024-11-01 00:00:00,2024-11-30 23:59:00,LAWRENCE,DROUGHT,0.0,0.0,0,0,197266,1220358,Drought Monitor
2024-11-01 00:00:00,2024-11-30 23:59:00,LINCOLN,DROUGHT,0.0,0.0,0,0,197210,1220116,Drought Monitor
2024-11-01 00:00:00,2024-11-30 23:59:00,MARSHALL,DROUGHT,0.0,0.0,0,0,197266,1220362,Drought Monitor
2024-11-01 00:00:00,2024-11-30 23:59:00,MAURY,DROUGHT,0.0,0.0,0,0,197266,1220360,Drought Monitor
2024-11-01 00:00:00,2024-11-30 23:59:00,MOORE,DROUGHT,0.0,0.0,0,0,197210,1220117,Drought Monitor
2024-11-01 00:00:00,2024-11-30 23:59:00,OVERTON,DROUGHT,0.0,0.0,0,0,197266,1220368,Drought Monitor
2024-11-01 00:00:00,2024-11-30 23:59:00,PICKETT,DROUGHT,0.0,0.0,0,0,197266,1220378,Drought Monitor
2024-11-01 00:00:00,2024-11-30 23:59:00,PUTNAM,DROUGHT,0.0,0.0,0,0,197266,1220369,Drought Monitor
2024-11-01 00:00:00,2024-11-30 23:59:00,RUTHERFORD,DROUGHT,0.0,0.0,0,0,197266,1220365,Drought Monitor
2024-11-01 00:00:00,2024-11-30 23:59:00,VAN BUREN,DROUGHT,0.0,0.0,0,0,197266,1220375,Drought Monitor
2024-11-01 00:00:00,2024-11-30 23:59:00,WARREN,DROUGHT,0.0,0.0,0,0,197266,1220374,Drought Monitor
2024-11-01 00:00:00,2024-11-30 23:59:00,WHITE,DROUGHT,0.0,0.0,0,0,197266,1220372,Drought Monitor
2024-11-01 00:00:00,2024-11-30 23:59:00,WILLIAMSON,DROUGHT,0.0,0.0,0,0,197266,1220361,Drought Monitor
2024-11-01 00:00:00,2024-11-30 23:59:00,WILSON,DROUGHT,0.0,0.0,0,0,197266,1220366,Drought Monitor
2024-11-05 00:00:00,2024-11-30 23:59:00,FRANKLIN,DROUGHT,0.0,0.0,0,0,197210,1220115,Drought Monitor
2024-11-05 00:00:00,2024-11-30 23:59:00,LINCOLN,DROUGHT,0.0,0.0,0,0,197206,1220077,Drought Monitor
2024-11-05 00:00:00,2024-11-30 23:59:00,MOORE,ASTRONOMICAL LOW TIDE,0.0,0.0,0,0,197206,1220078,Drought Monitor
2024-11-14 03:00:00,2024-11-14 07:00:00,SEVIER/SMOKY MOUNTAINS,HIGH WIND,0.0,0.0,0,0,197263,1220355,Park/Forest Service
2024-11-14 04:45:00,2024-11-14 07:45:00,NORTHWEST GREENE,HIGH WIND,0.0,0.0,0,0,197263,1220356,Mesonet
2024-11-14 05:00:00,2024-11-14 06:00:00,NORTHWEST GREENE,HIGH WIND,0.0,0.0,0,0,197263,1220354,Public
2024-11-19 00:00:00,2024-11-30 23:59:00,LINCOLN,DROUGHT,0.0,0.0,0,0,197211,1220118,Drought Monitor
2024-11-21 13:00:00,2024-11-22 07:30:00,JOHNSON,HEAVY SNOW,0.0,0.0,0,0,197264,1223572,Trained Spotter
2024-11-21 13:00:00,2024-11-22 07:00:00,SULLIVAN,WINTER WEATHER,0.0,0.0,0,0,197264,1223575,Social Media
2024-11-21 13:00:00,2024-11-22 07:45:00,WASHINGTON,WINTER WEATHER,0.0,0.0,0,0,197264,1223573,CoCoRaHS
2024-11-21 14:00:00,2024-11-22 13:30:00,SOUTHEAST CARTER,HEAVY SNOW,0.0,0.0,0,0,197264,1223574,Trained Spotter
2024-11-21 18:45:00,2024-11-22 08:15:00,HANCOCK,WINTER WEATHER,0.0,0.0,0,0,197264,1223577,CoCoRaHS
2024-11-21 20:15:00,2024-11-22 10:00:00,SEVIER/SMOKY MOUNTAINS,HEAVY SNOW,0.0,0.0,0,0,197264,1223576,COOP Observer
2024-11-25 20:27:00,2024-11-25 20:27:00,SUMNER,STRONG WIND,15000.0,0.0,0,0,196994,1218765,Trained Spotter
2024-11-25 20:40:00,2024-11-25 20:40:00,DAVIDSON,STRONG WIND,5000.0,0.0,0,0,196994,1218766,Broadcast Media
2024-12-01 00:00:00,2024-12-31 23:59:00,BEDFORD,DROUGHT,0.0,0.0,0,0,197556,1222005,Drought Monitor
2024-12-01 00:00:00,2024-12-31 23:59:00,CANNON,DROUGHT,0.0,0.0,0,0,197556,1222015,Drought Monitor
2024-12-01 00:00:00,2024-12-31 23:59:00,COFFEE,DROUGHT,0.0,0.0,0,0,197556,1222006,Drought Monitor
2024-12-01 00:00:00,2024-12-31 23:59:00,CUMBERLAND,DROUGHT,0.0,0.0,0,0,197556,1222012,Drought Monitor
2024-12-01 00:00:00,2024-12-31 23:59:00,DEKALB,DROUGHT,0.0,0.0,0,0,197556,1222013,Drought Monitor
2024-12-01 00:00:00,2024-12-31 23:59:00,FENTRESS,DROUGHT,0.0,0.0,0,0,197556,1222020,Drought Monitor
2024-12-01 00:00:00,2024-12-31 23:59:00,GILES,DROUGHT,0.0,0.0,0,0,197556,1221999,Drought Monitor
2024-12-01 00:00:00,2024-12-31 23:59:00,GRUNDY,DROUGHT,0.0,0.0,0,0,197556,1222019,Drought Monitor
2024-12-01 00:00:00,2024-12-31 23:59:00,JACKSON,DROUGHT,0.0,0.0,0,0,197556,1222009,Drought Monitor
2024-12-01 00:00:00,2024-12-31 23:59:00,LAWRENCE,DROUGHT,0.0,0.0,0,0,197556,1222000,Drought Monitor
2024-12-01 00:00:00,2024-12-31 23:59:00,MARSHALL,DROUGHT,0.0,0.0,0,0,197556,1222004,Drought Monitor
2024-12-01 00:00:00,2024-12-31 23:59:00,MAURY,DROUGHT,0.0,0.0,0,0,197556,1222001,Drought Monitor
2024-12-01 00:00:00,2024-12-31 23:59:00,OVERTON,DROUGHT,0.0,0.0,0,0,197556,1222010,Drought Monitor
2024-12-01 00:00:00,2024-12-31 23:59:00,PICKETT,DROUGHT,0.0,0.0,0,0,197556,1222022,Drought Monitor
2024-12-01 00:00:00,2024-12-31 23:59:00,PUTNAM,DROUGHT,0.0,0.0,0,0,197556,1222011,Drought Monitor
2024-12-01 00:00:00,2024-12-31 23:59:00,RUTHERFORD,DROUGHT,0.0,0.0,0,0,197556,1222007,Drought Monitor
2024-12-01 00:00:00,2024-12-31 23:59:00,VAN BUREN,DROUGHT,0.0,0.0,0,0,197556,1222018,Drought Monitor
2024-12-01 00:00:00,2024-12-31 23:59:00,WARREN,DROUGHT,0.0,0.0,0,0,197556,1222017,Drought Monitor
2024-12-01 00:00:00,2024-12-31 23:59:00,WHITE,DROUGHT,0.0,0.0,0,0,197556,1222014,Drought Monitor
2024-12-01 00:00:00,2024-12-31 23:59:00,WILLIAMSON,DROUGHT,0.0,0.0,0,0,197556,1222003,Drought Monitor
2024-12-01 00:00:00,2024-12-31 23:59:00,WILSON,DROUGHT,0.0,0.0,0,0,197556,1222008,Drought Monitor
2024-12-02 17:00:00,2024-12-02 23:00:00,CLAIBORNE,WINTER WEATHER,0.0,0.0,0,0,198038,1224540,COOP Observer
2024-12-02 17:00:00,2024-12-02 23:00:00,HAWKINS,WINTER WEATHER,0.0,0.0,0,0,198038,1226480,CoCoRaHS
2024-12-02 18:30:00,2024-12-03 22:30:00,HANCOCK,WINTER WEATHER,0.0,0.0,0,0,198038,1226488,CoCoRaHS
2024-12-02 18:30:00,2024-12-03 02:00:00,SOUTHEAST CARTER,HEAVY SNOW,0.0,0.0,0,0,198038,1226490,Trained Spotter
2024-12-02 18:30:00,2024-12-03 07:30:00,UNICOI,HEAVY SNOW,0.0,0.0,0,0,198038,1226491,Broadcast Media
2024-12-02 19:00:00,2024-12-02 23:30:00,NORTHWEST GREENE,WINTER WEATHER,0.0,0.0,0,0,198038,1226472,Trained Spotter
2024-12-02 19:00:00,2024-12-03 01:00:00,SOUTHEAST GREENE,WINTER WEATHER,0.0,0.0,0,0,198038,1226473,CoCoRaHS
2024-12-02 19:00:00,2024-12-03 00:00:00,SULLIVAN,WINTER WEATHER,0.0,0.0,0,0,198038,1226471,ASOS
2024-12-02 19:30:00,2024-12-03 01:00:00,NORTHWEST CARTER,WINTER WEATHER,0.0,0.0,0,0,198038,1226489,Public
2024-12-02 19:30:00,2024-12-03 02:00:00,SEVIER/SMOKY MOUNTAINS,HEAVY SNOW,0.0,0.0,0,0,198038,1226493,COOP Observer
2024-12-02 19:30:00,2024-12-03 04:00:00,WASHINGTON,WINTER WEATHER,0.0,0.0,0,0,198038,1226486,Broadcast Media
2024-12-02 20:15:00,2024-12-02 22:30:00,HAMBLEN,WINTER WEATHER,0.0,0.0,0,0,198038,1226468,NWS Employee
2024-12-11 05:00:00,2024-12-11 08:30:00,BLEDSOE,WINTER WEATHER,0.0,0.0,0,0,198357,1226519,Public
2024-12-11 05:00:00,2024-12-11 09:30:00,MORGAN,WINTER WEATHER,0.0,0.0,0,0,198357,1226515,Trained Spotter
2024-12-11 05:30:00,2024-12-11 09:30:00,MCMINN,WINTER WEATHER,0.0,0.0,0,0,198357,1226518,CoCoRaHS
2024-12-11 05:30:00,2024-12-11 11:00:00,NORTHWEST BLOUNT,WINTER WEATHER,0.0,0.0,0,0,198357,1226517,ASOS
2024-12-11 06:00:00,2024-12-11 11:00:00,KNOX,WINTER WEATHER,0.0,0.0,0,0,198357,1226514,NWS Employee
2024-12-11 06:30:00,2024-12-11 11:00:00,CLAIBORNE,WINTER WEATHER,0.0,0.0,0,0,198357,1226513,Trained Spotter
2024-12-11 06:30:00,2024-12-11 12:30:00,SEVIER/SMOKY MOUNTAINS,HEAVY SNOW,0.0,0.0,0,0,198357,1226522,COOP Observer
2024-12-11 10:00:00,2024-12-11 14:00:00,SULLIVAN,WINTER WEATHER,0.0,0.0,0,0,198357,1226516,Trained Spotter
2024-12-15 02:00:00,2024-12-15 07:00:00,SEVIER/SMOKY MOUNTAINS,HIGH WIND,0.0,0.0,0,0,198359,1226523,Mesonet
2024-12-15 06:00:00,2024-12-15 08:00:00,NORTHWEST GREENE,HIGH WIND,0.0,0.0,0,0,198359,1226525,Mesonet
2024-12-20 21:00:00,2024-12-21 07:00:00,SEVIER/SMOKY MOUNTAINS,WINTER WEATHER,0.0,0.0,0,0,198362,1226532,COOP Observer
2024-12-27 12:00:00,2024-12-27 20:00:00,NORTHWEST GREENE,HIGH WIND,0.0,0.0,0,0,198365,1226535,Other Federal Agency
2024-12-27 12:00:00,2024-12-27 20:00:00,SEVIER/SMOKY MOUNTAINS,HIGH WIND,0.0,0.0,0,0,198365,1226536,Mesonet
2024-12-28 16:15:00,2024-12-28 18:15:00,SHELBY,FLASH FLOOD,0.0,0.0,0,0,198352,1226482,Public
2024-12-28 18:27:00,2024-12-28 20:27:00,SHELBY,FLASH FLOOD,0.0,0.0,0,0,198352,1226483,Public
2024-12-28 19:02:00,2024-12-28 21:02:00,SHELBY,FLASH FLOOD,0.0,0.0,0,0,198352,1226484,Public
2024-12-28 19:20:00,2024-12-28 21:10:00,SHELBY,FLASH FLOOD,0.0,0.0,0,0,198352,1226485,Emergency Manager
2024-12-28 19:24:00,2024-12-28 21:10:00,SHELBY,FLASH FLOOD,0.0,0.0,0,0,198352,1226487,Trained Spotter
2024-12-28 23:30:00,2024-12-28 23:34:00,LINCOLN,THUNDERSTORM WIND,30000.0,0.0,0,0,198185,1225491,NWS Storm Survey
2024-12-29 03:00:00,2024-12-29 09:00:00,SEVIER/SMOKY MOUNTAINS,HIGH WIND,0.0,0.0,0,0,198584,1227812,Park/Forest Service
2024-12-29 04:15:00,2024-12-29 04:15:00,NORTHWEST GREENE,HIGH WIND,0.0,0.0,0,0,198584,1227813,Mesonet
2024-12-29 11:53:00,2024-12-29 14:53:00,KNOX,STRONG WIND,0.0,0.0,0,0,198584,1227815,ASOS
2024-12-31 03:00:00,2024-12-31 08:00:00,SEVIER/SMOKY MOUNTAINS,HIGH WIND,0.0,0.0,0,0,198587,1227830,Park/Forest Service
2024-12-31 13:26:00,2024-12-31 13:26:00,SULLIVAN,HIGH WIND,0.0,0.0,0,0,198587,1227831,ASOS
2025-01-01 00:00:00,2025-01-31 23:59:00,BEDFORD,DROUGHT,0.0,0.0,0,0,198326,1226322,Drought Monitor
2025-01-01 00:00:00,2025-01-31 23:59:00,CANNON,DROUGHT,0.0,0.0,0,0,198326,1226330,Drought Monitor
2025-01-01 00:00:00,2025-01-31 23:59:00,COFFEE,DROUGHT,0.0,0.0,0,0,198326,1226323,Drought Monitor
2025-01-01 00:00:00,2025-01-31 23:59:00,CUMBERLAND,DROUGHT,0.0,0.0,0,0,198326,1226327,Drought Monitor
2025-01-01 00:00:00,2025-01-31 23:59:00,DEKALB,DROUGHT,0.0,0.0,0,0,198326,1226328,Drought Monitor
2025-01-01 00:00:00,2025-01-31 23:59:00,FENTRESS,DROUGHT,0.0,0.0,0,0,198326,1226334,Drought Monitor
2025-01-01 00:00:00,2025-01-31 23:59:00,FRANKLIN,DROUGHT,0.0,0.0,0,0,199506,1233672,Drought Monitor
2025-01-01 00:00:00,2025-01-01 23:59:00,FRANKLIN,DROUGHT,0.0,0.0,0,0,199510,1233677,Drought Monitor
2025-01-01 00:00:00,2025-01-31 23:59:00,GILES,DROUGHT,0.0,0.0,0,0,198326,1226318,Drought Monitor
2025-01-01 00:00:00,2025-01-31 23:59:00,GRUNDY,DROUGHT,0.0,0.0,0,0,198326,1226333,Drought Monitor
2025-01-01 00:00:00,2025-01-31 23:59:00,LAWRENCE,DROUGHT,0.0,0.0,0,0,198326,1226319,Drought Monitor
2025-01-01 00:00:00,2025-01-31 23:59:00,LINCOLN,DROUGHT,0.0,0.0,0,0,199506,1233673,Drought Monitor
2025-01-01 00:00:00,2025-01-31 00:00:00,LINCOLN,DROUGHT,0.0,0.0,0,0,199510,1233678,Drought Monitor
2025-01-01 00:00:00,2025-01-31 23:59:00,MARSHALL,DROUGHT,0.0,0.0,0,0,198326,1226321,Drought Monitor
2025-01-01 00:00:00,2025-01-31 23:59:00,MAURY,DROUGHT,0.0,0.0,0,0,198326,1226320,Drought Monitor
2025-01-01 00:00:00,2025-01-31 23:59:00,MOORE,DROUGHT,0.0,0.0,0,0,199506,1233674,Drought Monitor
2025-01-01 00:00:00,2025-01-31 23:59:00,MOORE,DROUGHT,0.0,0.0,0,0,199510,1233679,Drought Monitor
2025-01-01 00:00:00,2025-01-31 23:59:00,OVERTON,DROUGHT,0.0,0.0,0,0,198326,1226325,Drought Monitor
2025-01-01 00:00:00,2025-01-31 23:59:00,PUTNAM,DROUGHT,0.0,0.0,0,0,198326,1226326,Drought Monitor
2025-01-01 00:00:00,2025-01-31 23:59:00,RUTHERFORD,DROUGHT,0.0,0.0,0,0,198326,1226324,Drought Monitor
2025-01-01 00:00:00,2025-01-31 23:59:00,VAN BUREN,DROUGHT,0.0,0.0,0,0,198326,1226332,Drought Monitor
2025-01-01 00:00:00,2025-01-31 23:59:00,WARREN,DROUGHT,0.0,0.0,0,0,198326,1226331,Drought Monitor
2025-01-01 00:00:00,2025-01-31 23:59:00,WHITE,DROUGHT,0.0,0.0,0,0,198326,1226329,Drought Monitor
2025-01-05 08:00:00,2025-01-05 13:00:00,CAMPBELL,WINTER WEATHER,0.0,0.0,0,0,198897,1230578,Public
2025-01-05 08:30:00,2025-01-05 13:00:00,CLAIBORNE,WINTER WEATHER,0.0,0.0,0,0,198897,1230579,Trained Spotter
2025-01-05 09:30:00,2025-01-05 14:30:00,HAWKINS,WINTER WEATHER,0.0,0.0,0,0,198897,1230580,Trained Spotter
2025-01-05 09:45:00,2025-01-05 20:30:00,SULLIVAN,WINTER WEATHER,0.0,0.0,0,0,198897,1230581,Trained Spotter
2025-01-05 20:00:00,2025-01-06 03:00:00,SEVIER/SMOKY MOUNTAINS,HIGH WIND,0.0,0.0,0,0,198897,1230582,Park/Forest Service
2025-01-05 21:54:00,2025-01-05 21:54:00,COCKE/SMOKY MOUNTAINS,HIGH WIND,0.0,0.0,0,0,198897,1232442,Public
2025-01-09 21:00:00,2025-01-10 19:00:00,HICKMAN,WINTER STORM,0.0,0.0,0,0,197721,1222998,CoCoRaHS
2025-01-09 21:00:00,2025-01-10 18:30:00,HUMPHREYS,WINTER STORM,0.0,0.0,0,0,197721,1222999,CoCoRaHS
2025-01-09 21:00:00,2025-01-10 16:15:00,LEWIS,WINTER STORM,0.0,0.0,0,0,197721,1223002,CoCoRaHS
2025-01-09 21:00:00,2025-01-10 16:15:00,PERRY,WINTER STORM,0.0,0.0,0,0,197721,1223008,Trained Spotter
2025-01-09 21:45:00,2025-01-10 21:00:00,DAVIDSON,WINTER STORM,0.0,0.0,0,0,197721,1222992,Public
2025-01-09 22:00:00,2025-01-10 17:00:00,LAWRENCE,WINTER STORM,0.0,0.0,0,0,197721,1223001,Public
2025-01-09 22:00:00,2025-01-10 17:15:00,MAURY,WINTER STORM,0.0,0.0,0,0,197721,1223006,CoCoRaHS
2025-01-09 22:00:00,2025-01-10 17:00:00,WAYNE,WINTER STORM,0.0,0.0,0,0,197721,1223040,CoCoRaHS
2025-01-09 22:15:00,2025-01-10 18:30:00,CHEATHAM,WINTER STORM,0.0,0.0,0,0,197721,1222988,Public
2025-01-09 22:15:00,2025-01-10 18:30:00,DICKSON,WINTER STORM,0.0,0.0,0,0,197721,1222994,Public
2025-01-09 22:15:00,2025-01-10 17:30:00,GILES,WINTER STORM,0.0,0.0,0,0,197721,1222996,Amateur Radio
2025-01-09 22:15:00,2025-01-10 21:00:00,WILLIAMSON,WINTER STORM,0.0,0.0,0,0,197721,1223020,CoCoRaHS
2025-01-09 22:30:00,2025-01-10 18:30:00,BEDFORD,WINTER STORM,0.0,0.0,0,0,197721,1223055,Public
2025-01-09 22:30:00,2025-01-10 18:00:00,MARSHALL,WINTER STORM,0.0,0.0,0,0,197721,1223004,CoCoRaHS
2025-01-09 23:00:00,2025-01-10 19:00:00,COFFEE,WINTER STORM,0.0,0.0,0,0,197721,1222990,Public
2025-01-09 23:00:00,2025-01-10 18:30:00,HOUSTON,WINTER STORM,0.0,0.0,0,0,197721,1223039,Public
2025-01-09 23:00:00,2025-01-10 20:00:00,RUTHERFORD,WINTER STORM,0.0,0.0,0,0,197721,1223012,CoCoRaHS
2025-01-09 23:00:00,2025-01-10 18:30:00,STEWART,WINTER STORM,0.0,0.0,0,0,197721,1223014,CoCoRaHS
2025-01-09 23:15:00,2025-01-10 18:15:00,CANNON,WINTER STORM,0.0,0.0,0,0,197721,1222987,CoCoRaHS
2025-01-09 23:30:00,2025-01-10 18:30:00,DEKALB,WINTER STORM,0.0,0.0,0,0,197721,1222993,CoCoRaHS
2025-01-09 23:30:00,2025-01-10 20:00:00,GRUNDY,WINTER STORM,0.0,0.0,0,0,197721,1222997,CoCoRaHS
2025-01-09 23:30:00,2025-01-10 19:00:00,MONTGOMERY,WINTER STORM,0.0,0.0,0,0,197721,1223007,Public
2025-01-09 23:30:00,2025-01-10 19:30:00,ROBERTSON,WINTER STORM,0.0,0.0,0,0,197721,1223011,CoCoRaHS
2025-01-09 23:45:00,2025-01-10 21:00:00,WILSON,WINTER STORM,0.0,0.0,0,0,197721,1223022,CoCoRaHS
2025-01-10 00:00:00,2025-01-10 21:00:00,TROUSDALE,WINTER STORM,0.0,0.0,0,0,197721,1223056,Public
2025-01-10 00:15:00,2025-01-10 21:00:00,SMITH,WINTER STORM,0.0,0.0,0,0,197721,1223013,CoCoRaHS
2025-01-10 00:15:00,2025-01-10 21:00:00,SUMNER,WINTER STORM,0.0,0.0,0,0,197721,1223015,Public
2025-01-10 00:30:00,2025-01-10 19:00:00,PUTNAM,WINTER STORM,0.0,0.0,0,0,197721,1223010,Public
2025-01-10 01:00:00,2025-01-10 20:00:00,JACKSON,WINTER STORM,0.0,0.0,0,0,197721,1223000,CoCoRaHS
2025-01-10 01:00:00,2025-01-10 21:00:00,MACON,WINTER STORM,0.0,0.0,0,0,197721,1223003,Public
2025-01-10 01:00:00,2025-01-10 19:00:00,WARREN,WINTER STORM,0.0,0.0,0,0,197721,1223016,CoCoRaHS
2025-01-10 01:30:00,2025-01-10 20:00:00,CUMBERLAND,WINTER STORM,0.0,0.0,0,0,197721,1222991,CoCoRaHS
2025-01-10 01:45:00,2025-01-10 19:30:00,CLAY,WINTER STORM,0.0,0.0,0,0,197721,1222989,Public
2025-01-10 02:00:00,2025-01-10 20:00:00,FENTRESS,WINTER STORM,0.0,0.0,0,0,197721,1222995,CoCoRaHS
2025-01-10 02:00:00,2025-01-10 17:30:00,LAKE,WINTER STORM,0.0,0.0,0,0,199151,1232837,CoCoRaHS
2025-01-10 02:00:00,2025-01-10 15:00:00,SHELBY,WINTER STORM,0.0,0.0,0,0,199151,1232842,Airplane Pilot
2025-01-10 03:00:00,2025-01-10 17:00:00,DYER,WINTER STORM,0.0,0.0,0,0,199151,1232829,CoCoRaHS
2025-01-10 03:00:00,2025-01-10 15:30:00,FAYETTE,WINTER STORM,0.0,0.0,0,0,199151,1232830,COOP Observer
2025-01-10 03:00:00,2025-01-10 16:30:00,GIBSON,WINTER STORM,0.0,0.0,0,0,199151,1232831,Public
2025-01-10 03:00:00,2025-01-10 16:00:00,HARDEMAN,WINTER STORM,0.0,0.0,0,0,199151,1232832,CoCoRaHS
2025-01-10 03:00:00,2025-01-10 17:00:00,LAUDERDALE,WINTER STORM,0.0,0.0,0,0,199151,1232838,CoCoRaHS
2025-01-10 03:00:00,2025-01-10 16:30:00,MCNAIRY,WINTER STORM,0.0,0.0,0,0,199151,1232840,Public
2025-01-10 03:00:00,2025-01-10 18:00:00,OBION,WINTER STORM,0.0,0.0,0,0,199151,1232841,CoCoRaHS
2025-01-10 03:00:00,2025-01-10 16:00:00,TIPTON,WINTER STORM,0.0,0.0,0,0,199151,1232843,Amateur Radio
2025-01-10 03:30:00,2025-01-10 17:00:00,HARDIN,WINTER STORM,0.0,0.0,0,0,199151,1232833,CoCoRaHS
2025-01-10 03:30:00,2025-01-10 15:00:00,HAYWOOD,WINTER STORM,0.0,0.0,0,0,199151,1232834,COOP Observer
2025-01-10 04:00:00,2025-01-10 16:00:00,CHESTER,WINTER STORM,0.0,0.0,0,0,199151,1232826,Public
2025-01-10 04:00:00,2025-01-10 16:00:00,CROCKETT,WINTER STORM,0.0,0.0,0,0,199151,1232827,COOP Observer
2025-01-10 04:00:00,2025-01-10 17:00:00,DECATUR,WINTER STORM,0.0,0.0,0,0,199151,1232828,Emergency Manager
2025-01-10 04:00:00,2025-01-10 17:00:00,HENDERSON,WINTER STORM,0.0,0.0,0,0,199151,1232835,Public
2025-01-10 04:00:00,2025-01-10 16:00:00,MADISON,WINTER STORM,0.0,0.0,0,0,199151,1232839,Public
2025-01-10 05:00:00,2025-01-10 18:00:00,BENTON,WINTER STORM,0.0,0.0,0,0,199151,1232824,Emergency Manager
2025-01-10 05:00:00,2025-01-10 17:00:00,CARROLL,WINTER STORM,0.0,0.0,0,0,199151,1232825,COOP Observer
2025-01-10 05:00:00,2025-01-10 13:00:00,FRANKLIN,HEAVY SNOW,0.0,0.0,0,0,197627,1233109,COOP Observer
2025-01-10 05:00:00,2025-01-10 19:00:00,HENRY,WINTER STORM,0.0,0.0,0,0,199151,1232836,CoCoRaHS
2025-01-10 05:00:00,2025-01-10 12:00:00,LINCOLN,HEAVY SNOW,0.0,0.0,0,0,197627,1233110,CoCoRaHS
2025-01-10 05:00:00,2025-01-10 12:00:00,MOORE,WINTER WEATHER,0.0,0.0,0,0,197627,1233111,COOP Observer
2025-01-10 05:00:00,2025-01-10 18:00:00,WEAKLEY,WINTER STORM,0.0,0.0,0,0,199151,1232844,Fire Department/Rescue
2025-01-10 05:50:00,2025-01-10 14:50:00,MARION,HEAVY SNOW,0.0,0.0,0,0,199296,1235236,Emergency Manager
2025-01-10 06:00:00,2025-01-10 15:00:00,SEQUATCHIE,WINTER STORM,0.0,0.0,0,0,199296,1235237,COOP Observer
2025-01-10 06:15:00,2025-01-10 15:00:00,BLEDSOE,HEAVY SNOW,0.0,0.0,0,0,199296,1235240,Trained Spotter
2025-01-10 07:00:00,2025-01-10 16:00:00,BRADLEY,HEAVY SNOW,0.0,0.0,0,0,199296,1235271,Trained Spotter
2025-01-10 07:00:00,2025-01-10 16:00:00,HAMILTON,HEAVY SNOW,0.0,0.0,0,0,199296,1235270,Trained Spotter
2025-01-10 07:00:00,2025-01-10 20:00:00,MEIGS,HEAVY SNOW,0.0,0.0,0,0,199296,1235286,Public
2025-01-10 07:00:00,2025-01-10 20:00:00,RHEA,HEAVY SNOW,0.0,0.0,0,0,199296,1235283,Trained Spotter
2025-01-10 07:00:00,2025-01-10 16:00:00,WEST POLK,WINTER WEATHER,0.0,0.0,0,0,199296,1235982,Social Media
2025-01-10 08:00:00,2025-01-10 18:00:00,MCMINN,HEAVY SNOW,0.0,0.0,0,0,199296,1235289,Public
2025-01-10 08:30:00,2025-01-10 19:00:00,NORTHWEST MONROE,HEAVY SNOW,0.0,0.0,0,0,199296,1235479,Public
2025-01-10 09:00:00,2025-01-10 22:00:00,ROANE,HEAVY SNOW,0.0,0.0,0,0,199296,1235480,CoCoRaHS
2025-01-10 10:00:00,2025-01-10 21:30:00,MORGAN,HEAVY SNOW,0.0,0.0,0,0,199296,1235268,Public
2025-01-10 10:15:00,2025-01-10 21:30:00,SCOTT,WINTER WEATHER,0.0,0.0,0,0,199296,1235269,Trained Spotter
2025-01-10 10:20:00,2025-01-11 00:00:00,KNOX,HEAVY SNOW,0.0,0.0,0,0,199296,1235946,Trained Spotter
2025-01-10 10:30:00,2025-01-10 21:30:00,CAMPBELL,WINTER WEATHER,0.0,0.0,0,0,199296,1235545,Social Media
2025-01-10 10:30:00,2025-01-10 22:00:00,CLAIBORNE,WINTER WEATHER,0.0,0.0,0,0,199296,1235547,Trained Spotter
2025-01-10 10:30:00,2025-01-10 23:00:00,GRAINGER,WINTER WEATHER,0.0,0.0,0,0,199296,1235549,CoCoRaHS
2025-01-10 10:30:00,2025-01-11 00:00:00,LOUDON,HEAVY SNOW,0.0,0.0,0,0,199296,1235533,COOP Observer
2025-01-10 10:30:00,2025-01-11 00:00:00,NORTHWEST BLOUNT,HEAVY SNOW,0.0,0.0,0,0,199296,1235544,Public
2025-01-10 10:30:00,2025-01-10 22:00:00,UNION,WINTER WEATHER,0.0,0.0,0,0,199296,1235548,COOP Observer
2025-01-10 10:45:00,2025-01-10 22:50:00,ANDERSON,HEAVY SNOW,0.0,0.0,0,0,199296,1235540,CoCoRaHS
2025-01-10 11:00:00,2025-01-11 00:00:00,NORTH SEVIER,HEAVY SNOW,0.0,0.0,0,0,199296,1235933,Public
2025-01-10 11:00:00,2025-01-11 01:00:00,SEVIER/SMOKY MOUNTAINS,HEAVY SNOW,0.0,0.0,0,0,199296,1235944,Park/Forest Service
2025-01-10 11:00:00,2025-01-11 00:00:00,SULLIVAN,WINTER WEATHER,0.0,0.0,0,0,199296,1235939,Trained Spotter
2025-01-10 11:00:00,2025-01-11 00:00:00,WASHINGTON,WINTER WEATHER,0.0,0.0,0,0,199296,1235940,Trained Spotter
2025-01-10 12:00:00,2025-01-11 01:00:00,NORTHWEST CARTER,HEAVY SNOW,0.0,0.0,0,0,199296,1235941,Social Media
2025-01-10 12:00:00,2025-01-11 01:00:00,SOUTHEAST CARTER,HEAVY SNOW,0.0,0.0,0,0,199296,1235942,Trained Spotter
2025-01-10 12:00:00,2025-01-11 01:00:00,SOUTHEAST GREENE,WINTER WEATHER,0.0,0.0,0,0,199296,1235945,CoCoRaHS
2025-01-10 12:30:00,2025-01-10 23:00:00,JEFFERSON,HEAVY SNOW,0.0,0.0,0,0,199296,1235552,Trained Spotter
2025-01-10 13:00:00,2025-01-11 01:00:00,COCKE/SMOKY MOUNTAINS,WINTER WEATHER,0.0,0.0,0,0,199296,1235935,Social Media
2025-01-10 13:00:00,2025-01-10 23:00:00,HAMBLEN,WINTER WEATHER,0.0,0.0,0,0,199296,1235551,Official NWS Observations
2025-01-10 13:00:00,2025-01-10 23:00:00,HANCOCK,WINTER WEATHER,0.0,0.0,0,0,199296,1235553,CoCoRaHS
2025-01-10 13:00:00,2025-01-11 00:00:00,NORTHWEST COCKE,HEAVY SNOW,0.0,0.0,0,0,199296,1235936,Social Media
2025-01-10 13:00:00,2025-01-11 01:00:00,NORTHWEST GREENE,WINTER WEATHER,0.0,0.0,0,0,199296,1235943,COOP Observer
2025-01-10 13:30:00,2025-01-11 00:45:00,HAWKINS,HEAVY SNOW,0.0,0.0,0,0,199296,1235932,CoCoRaHS
2025-01-10 13:30:00,2025-01-11 01:00:00,JOHNSON,HEAVY SNOW,0.0,0.0,0,0,199296,1235938,Amateur Radio
2025-01-10 13:30:00,2025-01-11 01:00:00,UNICOI,HEAVY SNOW,0.0,0.0,0,0,199296,1235937,Public
2025-01-19 09:00:00,2025-01-19 20:00:00,MORGAN,WINTER WEATHER,0.0,0.0,0,0,199751,1235958,Social Media
2025-01-19 10:15:00,2025-01-20 01:00:00,NORTH SEVIER,HEAVY SNOW,0.0,0.0,0,0,199751,1235954,Social Media
2025-01-19 10:15:00,2025-01-20 01:00:00,SEVIER/SMOKY MOUNTAINS,HEAVY SNOW,0.0,0.0,0,0,199751,1235957,COOP Observer
2025-01-19 10:15:00,2025-01-20 02:00:00,SULLIVAN,WINTER WEATHER,0.0,0.0,0,0,199751,1235959,Social Media
2025-01-19 10:30:00,2025-01-20 02:00:00,NORTHWEST COCKE,HEAVY SNOW,0.0,0.0,0,0,199751,1235975,Social Media
2025-01-19 11:00:00,2025-01-20 03:00:00,COCKE/SMOKY MOUNTAINS,WINTER WEATHER,0.0,0.0,0,0,199751,1235976,Trained Spotter
2025-01-19 11:00:00,2025-01-20 00:00:00,WASHINGTON,WINTER WEATHER,0.0,0.0,0,0,199751,1235980,CoCoRaHS
2025-01-19 12:00:00,2025-01-20 02:00:00,JOHNSON,HEAVY SNOW,0.0,0.0,0,0,199751,1235981,Social Media
2025-01-19 12:00:00,2025-01-20 00:00:00,NORTHWEST CARTER,WINTER WEATHER,0.0,0.0,0,0,199751,1235971,Social Media
2025-01-19 12:00:00,2025-01-20 00:00:00,SOUTHEAST CARTER,HEAVY SNOW,0.0,0.0,0,0,199751,1235970,Trained Spotter
2025-01-19 21:00:00,2025-01-20 12:00:00,MOORE,COLD/WIND CHILL,0.0,0.0,0,0,199416,1233123,AWOS
2025-01-19 22:00:00,2025-01-20 12:00:00,FRANKLIN,COLD/WIND CHILL,0.0,0.0,0,0,199416,1233127,AWOS
2025-01-19 22:00:00,2025-01-20 12:00:00,LINCOLN,COLD/WIND CHILL,0.0,0.0,0,0,199416,1233131,AWOS
2025-01-20 02:00:00,2025-01-20 09:00:00,MOORE,EXTREME COLD/WIND CHILL,0.0,0.0,0,0,199416,1233124,AWOS
2025-01-20 05:00:00,2025-01-20 09:00:00,FRANKLIN,EXTREME COLD/WIND CHILL,0.0,0.0,0,0,199416,1233128,AWOS
2025-01-20 05:00:00,2025-01-20 09:00:00,LINCOLN,EXTREME COLD/WIND CHILL,0.0,0.0,0,0,199416,1233132,AWOS
2025-01-20 18:00:00,2025-01-21 09:00:00,LINCOLN,COLD/WIND CHILL,0.0,0.0,0,0,199416,1233133,AWOS
2025-01-20 22:00:00,2025-01-21 08:00:00,FRANKLIN,COLD/WIND CHILL,0.0,0.0,0,0,199416,1233130,AWOS
2025-01-20 22:00:00,2025-01-21 07:00:00,MOORE,COLD/WIND CHILL,0.0,0.0,0,0,199416,1233126,AWOS
2025-01-21 19:00:00,2025-01-22 09:00:00,MOORE,COLD/WIND CHILL,0.0,0.0,0,0,199416,1233125,AWOS
2025-01-21 21:00:00,2025-01-22 09:00:00,LINCOLN,COLD/WIND CHILL,0.0,0.0,0,0,199416,1233134,AWOS
2025-01-21 23:00:00,2025-01-22 09:00:00,FRANKLIN,COLD/WIND CHILL,0.0,0.0,0,0,199416,1233129,AWOS
2025-01-22 06:00:00,2025-01-22 07:00:00,LINCOLN,EXTREME COLD/WIND CHILL,0.0,0.0,0,0,199416,1233135,AWOS
2025-02-01 00:00:00,2025-02-28 23:59:00,BEDFORD,DROUGHT,0.0,0.0,0,0,198975,1230171,Drought Monitor
2025-02-01 00:00:00,2025-02-28 23:59:00,CANNON,DROUGHT,0.0,0.0,0,0,198975,1230179,Drought Monitor
2025-02-01 00:00:00,2025-02-28 23:59:00,COFFEE,DROUGHT,0.0,0.0,0,0,198975,1230172,Drought Monitor
2025-02-01 00:00:00,2025-02-28 23:59:00,CUMBERLAND,DROUGHT,0.0,0.0,0,0,198975,1230176,Drought Monitor
2025-02-01 00:00:00,2025-02-28 23:59:00,DEKALB,DROUGHT,0.0,0.0,0,0,198975,1230177,Drought Monitor
2025-02-01 00:00:00,2025-02-28 23:59:00,FENTRESS,DROUGHT,0.0,0.0,0,0,198975,1230183,Drought Monitor
2025-02-01 00:00:00,2025-02-28 23:59:00,FRANKLIN,DROUGHT,0.0,0.0,0,0,199516,1233716,Drought Monitor
2025-02-01 00:00:00,2025-02-28 23:59:00,FRANKLIN,DROUGHT,0.0,0.0,0,0,199517,1233722,Drought Monitor
2025-02-01 00:00:00,2025-02-28 23:59:00,GILES,DROUGHT,0.0,0.0,0,0,198975,1230167,Drought Monitor
2025-02-01 00:00:00,2025-02-28 23:59:00,GRUNDY,DROUGHT,0.0,0.0,0,0,198975,1230182,Drought Monitor
2025-02-01 00:00:00,2025-02-28 23:59:00,LAWRENCE,DROUGHT,0.0,0.0,0,0,198975,1230168,Drought Monitor
2025-02-01 00:00:00,2025-02-28 23:59:00,LINCOLN,DROUGHT,0.0,0.0,0,0,199516,1233718,Drought Monitor
2025-02-01 00:00:00,2025-02-28 23:59:00,LINCOLN,DROUGHT,0.0,0.0,0,0,199517,1233723,Drought Monitor
2025-02-01 00:00:00,2025-02-28 23:59:00,MARSHALL,DROUGHT,0.0,0.0,0,0,198975,1230170,Drought Monitor
2025-02-01 00:00:00,2025-02-28 23:59:00,MAURY,DROUGHT,0.0,0.0,0,0,198975,1230169,Drought Monitor
2025-02-01 00:00:00,2025-02-28 23:59:00,MOORE,DROUGHT,0.0,0.0,0,0,199516,1233720,Drought Monitor
2025-02-01 00:00:00,2025-02-28 23:59:00,MOORE,DROUGHT,0.0,0.0,0,0,199517,1233724,Drought Monitor
2025-02-01 00:00:00,2025-02-28 23:59:00,OVERTON,DROUGHT,0.0,0.0,0,0,198975,1230174,Drought Monitor
2025-02-01 00:00:00,2025-02-28 23:59:00,PUTNAM,DROUGHT,0.0,0.0,0,0,198975,1230175,Drought Monitor
2025-02-01 00:00:00,2025-02-28 23:59:00,RUTHERFORD,DROUGHT,0.0,0.0,0,0,198975,1230173,Drought Monitor
2025-02-01 00:00:00,2025-02-28 23:59:00,VAN BUREN,DROUGHT,0.0,0.0,0,0,198975,1230181,Drought Monitor
2025-02-01 00:00:00,2025-02-28 23:59:00,WARREN,DROUGHT,0.0,0.0,0,0,198975,1230180,Drought Monitor
2025-02-01 00:00:00,2025-02-28 23:59:00,WHITE,DROUGHT,0.0,0.0,0,0,198975,1230178,Drought Monitor
2025-02-06 18:10:00,2025-02-06 18:18:00,JACKSON,TORNADO,1000000.0,0.0,0,0,198332,1227994,NWS Storm Survey
2025-02-06 18:20:00,2025-02-06 18:25:00,PUTNAM,TORNADO,500000.0,0.0,0,0,198332,1227998,NWS Storm Survey
2025-02-06 18:25:00,2025-02-06 18:25:00,OVERTON,THUNDERSTORM WIND,25000.0,0.0,0,0,198332,1228006,NWS Storm Survey
2025-02-06 18:25:00,2025-02-06 18:25:00,OVERTON,THUNDERSTORM WIND,10000.0,0.0,0,0,198332,1228004,NWS Storm Survey
2025-02-06 18:25:00,2025-02-06 18:34:00,OVERTON,TORNADO,500000.0,0.0,0,1,198332,1227999,NWS Storm Survey
2025-02-06 18:41:00,2025-02-06 18:51:00,OVERTON,TORNADO,1000000.0,0.0,0,1,198332,1228001,NWS Storm Survey
2025-02-06 18:48:00,2025-02-06 18:48:00,OVERTON,THUNDERSTORM WIND,25000.0,0.0,0,0,198332,1228020,NWS Storm Survey
2025-02-06 18:53:00,2025-02-06 19:04:00,FENTRESS,TORNADO,1000000.0,0.0,0,0,198332,1228002,NWS Storm Survey
2025-02-06 18:55:00,2025-02-06 18:58:00,FENTRESS,HAIL,25000.0,0.0,0,0,198332,1231265,Emergency Manager
2025-02-06 20:04:00,2025-02-06 20:22:00,MORGAN,TORNADO,500000.0,200000.0,2,3,199916,1237395,NWS Storm Survey
2025-02-06 20:47:00,2025-02-06 20:47:00,CLAIBORNE,THUNDERSTORM WIND,0.0,0.0,0,0,199916,1237383,Public
2025-02-06 21:25:00,2025-02-06 21:25:00,GRAINGER,HAIL,0.0,0.0,0,0,199916,1237376,Public
2025-02-06 21:26:00,2025-02-06 21:32:00,GRAINGER,TORNADO,100000.0,0.0,0,0,199916,1237396,NWS Storm Survey
2025-02-06 21:35:00,2025-02-06 21:35:00,HAWKINS,THUNDERSTORM WIND,0.0,0.0,0,0,199916,1237385,Law Enforcement
2025-02-06 21:40:00,2025-02-06 21:40:00,SEVIER,HAIL,0.0,0.0,0,0,199916,1237379,Public
2025-02-06 21:50:00,2025-02-06 21:50:00,JEFFERSON,HAIL,0.0,0.0,0,0,199916,1237380,Public
2025-02-06 21:50:00,2025-02-06 21:50:00,SULLIVAN,THUNDERSTORM WIND,40000.0,0.0,0,0,199916,1237389,Public
2025-02-06 21:55:00,2025-02-06 21:55:00,GREENE,THUNDERSTORM WIND,0.0,0.0,0,0,199916,1237390,Law Enforcement
2025-02-06 22:00:00,2025-02-06 22:00:00,COCKE,HAIL,0.0,0.0,0,0,199916,1237381,Public
2025-02-06 22:29:00,2025-02-06 22:29:00,SULLIVAN,THUNDERSTORM WIND,0.0,0.0,0,0,199916,1237391,Public
2025-02-06 22:50:00,2025-02-06 23:50:00,SEVIER,FLASH FLOOD,0.0,0.0,0,0,199916,1240022,Emergency Manager
2025-02-06 23:02:00,2025-02-06 23:02:00,COCKE,HAIL,0.0,0.0,0,0,199916,1237382,Public
2025-02-06 23:50:00,2025-02-07 04:00:00,COCKE,FLASH FLOOD,0.0,0.0,0,0,199916,1240031,911 Call Center
2025-02-11 00:00:00,2025-02-11 09:30:00,SOUTHEAST CARTER,WINTER WEATHER,0.0,0.0,0,0,199968,1237871,Trained Spotter
2025-02-11 04:00:00,2025-02-11 04:00:00,NORTHWEST GREENE,HIGH WIND,0.0,0.0,0,0,199968,1237872,Other Federal Agency
2025-02-12 20:30:00,2025-02-14 09:00:00,COCKE,FLOOD,0.0,0.0,0,0,200503,1242415,River/Stream Gage
2025-02-13 13:15:00,2025-02-14 09:15:00,HAMILTON,FLOOD,0.0,0.0,0,0,200503,1242427,River/Stream Gage
2025-02-13 14:15:00,2025-02-14 03:00:00,MARION,FLOOD,0.0,0.0,0,0,200503,1242434,River/Stream Gage
2025-02-13 21:00:00,2025-02-14 06:15:00,CLAIBORNE,FLOOD,0.0,0.0,0,0,200503,1242437,River/Stream Gage
2025-02-15 06:00:00,2025-02-15 12:00:00,MONTGOMERY,FLASH FLOOD,1000000.0,0.0,0,0,198701,1228864,Emergency Manager
2025-02-15 06:00:00,2025-02-15 18:00:00,MONTGOMERY,FLASH FLOOD,1000000.0,0.0,0,0,198701,1228865,Emergency Manager
2025-02-15 07:00:00,2025-02-16 00:00:00,STEWART,FLASH FLOOD,0.0,0.0,0,0,198701,1228869,Emergency Manager
2025-02-15 07:15:00,2025-02-15 10:00:00,HENRY,FLASH FLOOD,0.0,0.0,0,0,199657,1236539,Law Enforcement
2025-02-15 08:30:00,2025-02-15 12:00:00,MONTGOMERY,FLASH FLOOD,0.0,0.0,0,0,198701,1228866,Emergency Manager
2025-02-15 08:30:00,2025-02-15 12:00:00,MONTGOMERY,FLASH FLOOD,0.0,0.0,0,0,198701,1228867,Emergency Manager
2025-02-15 08:30:00,2025-02-15 12:00:00,MONTGOMERY,FLASH FLOOD,0.0,0.0,0,0,198701,1228838,911 Call Center
2025-02-15 08:30:00,2025-02-15 12:00:00,MONTGOMERY,FLASH FLOOD,0.0,0.0,0,0,198701,1228839,911 Call Center
2025-02-15 08:30:00,2025-02-15 12:00:00,MONTGOMERY,FLASH FLOOD,0.0,0.0,0,0,198701,1228844,911 Call Center
2025-02-15 08:30:00,2025-02-15 12:00:00,MONTGOMERY,FLASH FLOOD,0.0,0.0,0,0,198701,1228853,911 Call Center
2025-02-15 08:30:00,2025-02-15 12:00:00,MONTGOMERY,FLASH FLOOD,0.0,0.0,0,0,198701,1228862,911 Call Center
2025-02-15 08:30:00,2025-02-15 18:00:00,ROBERTSON,FLASH FLOOD,0.0,0.0,0,0,198701,1228868,Emergency Manager
2025-02-15 08:37:00,2025-02-15 09:37:00,WEAKLEY,FLASH FLOOD,0.0,0.0,0,0,199657,1237031,Fire Department/Rescue
2025-02-15 08:37:00,2025-02-15 09:37:00,WEAKLEY,FLASH FLOOD,0.0,0.0,0,0,199657,1237034,Emergency Manager
2025-02-15 09:00:00,2025-02-15 14:00:00,DAVIDSON,FLASH FLOOD,0.0,0.0,0,0,198701,1228398,Emergency Manager
2025-02-15 09:00:00,2025-02-15 14:00:00,DAVIDSON,FLASH FLOOD,0.0,0.0,0,0,198701,1228400,Emergency Manager
2025-02-15 09:00:00,2025-02-15 14:00:00,DAVIDSON,FLASH FLOOD,0.0,0.0,0,0,198701,1228401,Emergency Manager
2025-02-15 09:00:00,2025-02-15 14:00:00,DAVIDSON,FLASH FLOOD,0.0,0.0,0,0,198701,1228814,Emergency Manager
2025-02-15 09:00:00,2025-02-15 14:00:00,DAVIDSON,FLASH FLOOD,0.0,0.0,0,0,198701,1228815,Emergency Manager
2025-02-15 09:00:00,2025-02-16 00:00:00,STEWART,FLASH FLOOD,0.0,0.0,0,0,198701,1228870,Emergency Manager
2025-02-15 09:00:00,2025-02-15 14:00:00,SUMNER,FLASH FLOOD,0.0,0.0,0,0,198701,1228876,Emergency Manager
2025-02-15 09:00:00,2025-02-16 03:00:00,SUMNER,FLASH FLOOD,0.0,0.0,0,0,198701,1228879,Emergency Manager
2025-02-15 09:15:00,2025-02-15 14:00:00,OVERTON,FLASH FLOOD,0.0,0.0,0,0,198701,1228885,Emergency Manager
2025-02-15 09:20:00,2025-02-15 10:30:00,HENRY,FLASH FLOOD,0.0,0.0,0,0,199657,1236540,Trained Spotter
2025-02-15 09:22:00,2025-02-15 10:22:00,CROCKETT,FLASH FLOOD,0.0,0.0,0,0,199657,1237045,Emergency Manager
2025-02-15 09:22:00,2025-02-15 10:22:00,CROCKETT,FLASH FLOOD,0.0,0.0,0,0,199657,1237046,Emergency Manager
2025-02-15 09:22:00,2025-02-15 10:22:00,CROCKETT,FLASH FLOOD,0.0,0.0,0,0,199657,1237047,Emergency Manager
2025-02-15 09:30:00,2025-02-15 12:00:00,CLAY,FLASH FLOOD,0.0,0.0,0,0,198701,1228381,Emergency Manager
2025-02-15 09:37:00,2025-02-15 10:37:00,CROCKETT,FLASH FLOOD,0.0,0.0,0,0,199657,1237043,Emergency Manager
2025-02-15 09:49:00,2025-02-15 12:00:00,JACKSON,FLASH FLOOD,0.0,0.0,0,0,198701,1228821,Department of Highways
2025-02-15 10:15:00,2025-02-15 11:15:00,BENTON,FLASH FLOOD,0.0,0.0,0,0,199657,1237023,Public
2025-02-15 10:30:00,2025-02-15 12:00:00,MONTGOMERY,FLASH FLOOD,0.0,0.0,0,0,198701,1228863,Social Media
2025-02-15 10:45:00,2025-02-15 11:45:00,WEAKLEY,FLASH FLOOD,10000.0,0.0,0,0,199657,1237027,Emergency Manager
2025-02-15 11:00:00,2025-02-16 05:00:00,CHEATHAM,FLASH FLOOD,0.0,0.0,0,0,198701,1228375,Public
2025-02-15 11:00:00,2025-02-16 05:00:00,CHEATHAM,FLASH FLOOD,0.0,0.0,0,0,198701,1228376,Emergency Manager
2025-02-15 11:00:00,2025-02-16 05:00:00,CHEATHAM,FLASH FLOOD,0.0,0.0,0,0,198701,1228377,Emergency Manager
2025-02-15 11:00:00,2025-02-16 05:00:00,CHEATHAM,FLASH FLOOD,0.0,0.0,0,0,198701,1228378,Emergency Manager
2025-02-15 11:00:00,2025-02-16 05:00:00,CHEATHAM,FLASH FLOOD,0.0,0.0,0,0,198701,1228379,Emergency Manager
2025-02-15 11:00:00,2025-02-16 05:00:00,CHEATHAM,FLASH FLOOD,0.0,0.0,0,0,198701,1228380,Emergency Manager
2025-02-15 11:00:00,2025-02-15 18:00:00,HUMPHREYS,FLASH FLOOD,0.0,0.0,0,0,198701,1228820,Emergency Manager
2025-02-15 11:30:00,2025-02-15 12:30:00,GIBSON,FLASH FLOOD,0.0,0.0,0,0,199657,1236908,Emergency Manager
2025-02-15 11:30:00,2025-02-15 12:30:00,WEAKLEY,FLASH FLOOD,0.0,0.0,0,0,199657,1237020,Emergency Manager
2025-02-15 11:33:00,2025-02-15 12:33:00,DYER,FLASH FLOOD,0.0,0.0,0,0,199657,1237021,State Official
2025-02-15 11:45:00,2025-02-16 03:00:00,SUMNER,FLASH FLOOD,0.0,0.0,0,0,198701,1228872,Emergency Manager
2025-02-15 12:00:00,2025-02-15 13:33:00,HENRY,FLASH FLOOD,10000.0,0.0,0,0,199657,1236904,State Official
2025-02-15 12:00:00,2025-02-15 13:30:00,WEAKLEY,FLASH FLOOD,0.0,0.0,0,0,199657,1236905,Emergency Manager
2025-02-15 12:17:00,2025-02-15 13:17:00,BENTON,FLASH FLOOD,0.0,0.0,0,0,199657,1237019,Emergency Manager
2025-02-15 13:08:00,2025-02-15 18:00:00,SCOTT,FLASH FLOOD,0.0,0.0,0,0,199989,1240204,Broadcast Media
2025-02-15 13:50:00,2025-02-15 14:50:00,WEAKLEY,FLOOD,0.0,0.0,0,0,199657,1236903,Public
2025-02-15 14:06:00,2025-02-18 02:13:00,MONTGOMERY,FLOOD,0.0,0.0,0,0,198701,1229083,River/Stream Gage
2025-02-15 14:06:00,2025-02-18 02:13:00,ROBERTSON,FLOOD,0.0,0.0,0,0,198701,1229084,River/Stream Gage
2025-02-15 14:52:00,2025-02-15 18:00:00,SCOTT,FLASH FLOOD,0.0,0.0,0,0,199989,1240205,Public
2025-02-15 15:05:00,2025-02-15 18:00:00,HUMPHREYS,FLASH FLOOD,0.0,0.0,0,0,198701,1228819,Amateur Radio
2025-02-15 16:05:00,2025-02-15 18:00:00,MACON,FLASH FLOOD,0.0,0.0,0,0,198701,1228822,Emergency Manager
2025-02-15 16:06:00,2025-02-15 16:06:00,HAWKINS,FLASH FLOOD,0.0,0.0,0,0,199989,1242468,Trained Spotter
2025-02-15 18:00:00,2025-02-15 18:05:00,DYER,HAIL,0.0,0.0,0,0,199657,1237318,Broadcast Media
2025-02-15 18:18:00,2025-02-15 18:23:00,TIPTON,HAIL,0.0,0.0,0,0,199657,1236902,Amateur Radio
2025-02-15 18:44:00,2025-02-15 18:49:00,DYER,THUNDERSTORM WIND,5000.0,0.0,0,0,199657,1236842,NWS Storm Survey
2025-02-15 18:48:00,2025-02-15 18:53:00,SHELBY,THUNDERSTORM WIND,500.0,0.0,0,0,199657,1236900,Public
2025-02-15 18:52:00,2025-02-15 19:52:00,OBION,FLOOD,0.0,0.0,0,0,199657,1236899,Public
2025-02-15 18:52:00,2025-02-15 18:57:00,SHELBY,THUNDERSTORM WIND,0.0,0.0,0,0,199657,1236898,NWS Employee
2025-02-15 18:59:00,2025-02-15 19:04:00,GIBSON,HAIL,0.0,0.0,0,0,199657,1236897,Law Enforcement
2025-02-15 19:01:00,2025-02-15 19:11:00,GIBSON,TORNADO,500000.0,0.0,0,0,199657,1236840,NWS Storm Survey
2025-02-15 19:10:00,2025-02-15 20:10:00,WEAKLEY,FLOOD,0.0,0.0,0,0,199657,1236895,Public
2025-02-15 19:10:00,2025-02-15 19:15:00,WEAKLEY,THUNDERSTORM WIND,2500.0,0.0,0,0,199657,1236890,Public
2025-02-15 19:13:00,2025-02-15 19:18:00,WEAKLEY,HAIL,0.0,0.0,0,0,199657,1236696,Public
2025-02-15 19:15:00,2025-02-15 19:20:00,GIBSON,HAIL,0.0,0.0,0,0,199657,1236659,Public
2025-02-15 19:20:00,2025-02-15 19:25:00,GIBSON,HAIL,0.0,0.0,0,0,199657,1236896,Law Enforcement
2025-02-15 19:20:00,2025-02-15 19:25:00,GIBSON,THUNDERSTORM WIND,10000.0,0.0,0,0,199657,1237314,Fire Department/Rescue
2025-02-15 19:21:00,2025-02-15 20:21:00,LAKE,FLASH FLOOD,0.0,0.0,0,0,199657,1236894,Public
2025-02-15 19:25:00,2025-02-15 19:30:00,GIBSON,HAIL,0.0,0.0,0,0,199657,1237313,Law Enforcement
2025-02-15 19:33:00,2025-02-15 20:33:00,SHELBY,FLASH FLOOD,0.0,0.0,0,0,199657,1236892,Public
2025-02-15 19:37:00,2025-02-15 19:42:00,HENRY,THUNDERSTORM WIND,500.0,0.0,0,0,199657,1236891,Public
2025-02-15 19:38:00,2025-02-15 20:38:00,OBION,FLASH FLOOD,0.0,0.0,0,0,199657,1236889,Emergency Manager
2025-02-15 19:40:00,2025-02-15 19:45:00,HENRY,HAIL,0.0,0.0,0,0,199657,1236888,Emergency Manager
2025-02-15 19:40:00,2025-02-15 19:45:00,HENRY,HAIL,0.0,0.0,0,0,199657,1236652,Emergency Manager
2025-02-15 19:45:00,2025-02-15 19:50:00,HENRY,HAIL,0.0,0.0,0,0,199657,1236697,Emergency Manager
2025-02-15 20:27:00,2025-02-15 21:27:00,CARROLL,FLASH FLOOD,0.0,0.0,0,0,199657,1236901,Amateur Radio
2025-02-15 20:28:00,2025-02-15 20:28:00,STEWART,HAIL,0.0,0.0,0,0,198701,1228890,Social Media
2025-02-15 20:40:00,2025-02-15 20:45:00,BENTON,HAIL,0.0,0.0,0,0,199657,1236549,Public
2025-02-15 20:45:00,2025-02-18 06:00:00,CLAIBORNE,FLOOD,0.0,0.0,0,0,199989,1242548,River/Stream Gage
2025-02-15 20:51:00,2025-02-15 21:51:00,BENTON,FLASH FLOOD,0.0,0.0,0,0,199657,1236882,Public
2025-02-15 21:32:00,2025-02-15 21:32:00,DICKSON,HAIL,0.0,0.0,0,0,198701,1228891,Social Media
2025-02-15 22:15:00,2025-02-15 22:15:00,DAVIDSON,HAIL,0.0,0.0,0,0,198701,1228893,Social Media
2025-02-15 22:30:00,2025-02-15 23:30:00,BENTON,FLASH FLOOD,0.0,0.0,0,0,199657,1236628,Emergency Manager
2025-02-15 22:30:00,2025-02-16 03:00:00,DAVIDSON,FLASH FLOOD,0.0,0.0,0,0,198701,1228816,Emergency Manager
2025-02-15 22:30:00,2025-02-16 03:00:00,DAVIDSON,FLASH FLOOD,0.0,0.0,0,0,198701,1228817,Emergency Manager
2025-02-15 22:30:00,2025-02-16 03:00:00,DAVIDSON,FLASH FLOOD,0.0,0.0,0,0,198701,1228818,Emergency Manager
2025-02-15 23:00:00,2025-02-16 01:00:00,WILLIAMSON,FLASH FLOOD,0.0,0.0,0,0,198701,1228883,Emergency Manager
2025-02-15 23:40:00,2025-02-15 23:40:00,LAWRENCE,THUNDERSTORM WIND,25000.0,0.0,0,0,198701,1228894,Emergency Manager
2025-02-16 00:00:00,2025-02-16 03:00:00,MACON,FLASH FLOOD,0.0,0.0,0,0,198701,1228823,Emergency Manager
2025-02-16 00:00:00,2025-02-16 03:00:00,TROUSDALE,FLASH FLOOD,0.0,0.0,0,0,198701,1228881,Emergency Manager
2025-02-16 00:01:00,2025-02-18 22:55:00,MONTGOMERY,FLOOD,0.0,0.0,0,0,198701,1229085,River/Stream Gage
2025-02-16 00:37:00,2025-02-16 00:37:00,MOORE,THUNDERSTORM WIND,500.0,0.0,0,0,198526,1236043,911 Call Center
2025-02-16 00:41:00,2025-02-16 00:41:00,MOORE,THUNDERSTORM WIND,2000.0,0.0,0,0,198526,1236044,911 Call Center
2025-02-16 00:54:00,2025-02-16 00:54:00,COFFEE,THUNDERSTORM WIND,15000.0,0.0,0,0,198701,1228892,Social Media
2025-02-16 01:25:00,2025-02-16 01:25:00,MARION,THUNDERSTORM WIND,0.0,0.0,0,0,199989,1238158,911 Call Center
2025-02-16 01:50:00,2025-02-16 01:50:00,MARION,THUNDERSTORM WIND,0.0,0.0,0,0,199989,1238161,911 Call Center
2025-02-16 02:00:00,2025-02-16 02:00:00,BLEDSOE,THUNDERSTORM WIND,0.0,0.0,0,0,199989,1238162,911 Call Center
2025-02-16 02:15:00,2025-02-18 13:30:00,CLAIBORNE,FLOOD,0.0,0.0,0,0,199989,1242560,River/Stream Gage
2025-02-16 03:15:00,2025-02-16 03:15:00,BRADLEY,THUNDERSTORM WIND,0.0,0.0,0,0,199989,1238160,911 Call Center
2025-02-16 03:20:00,2025-02-16 03:20:00,BRADLEY,THUNDERSTORM WIND,0.0,0.0,0,0,199989,1238163,911 Call Center
2025-02-16 04:00:00,2025-02-16 11:00:00,SCOTT,FLASH FLOOD,0.0,0.0,0,0,199989,1242459,State Official
2025-02-16 04:15:00,2025-02-16 04:30:00,SCOTT,FLASH FLOOD,0.0,0.0,0,0,199989,1242457,State Official
2025-02-16 04:30:00,2025-02-16 04:30:00,NORTHWEST GREENE,HIGH WIND,0.0,0.0,0,0,199989,1238152,Other Federal Agency
2025-02-16 04:34:00,2025-02-16 11:05:00,HICKMAN,FLOOD,0.0,0.0,0,0,198701,1229086,River/Stream Gage
2025-02-16 05:00:00,2025-02-16 12:00:00,CLAIBORNE,FLASH FLOOD,0.0,0.0,0,0,199989,1242462,State Official
2025-02-16 05:15:00,2025-02-16 11:15:00,CAMPBELL,FLASH FLOOD,0.0,0.0,0,0,199989,1242470,State Official
2025-02-16 06:15:00,2025-02-16 06:24:00,CUMBERLAND,HIGH WIND,25000.0,0.0,0,0,198701,1229081,ASOS
2025-02-16 06:58:00,2025-02-16 16:37:00,CHEATHAM,FLOOD,0.0,0.0,0,0,198701,1229087,River/Stream Gage
2025-02-16 07:45:00,2025-02-16 07:45:00,BRADLEY,STRONG WIND,0.0,0.0,0,0,199989,1238157,Public
2025-02-16 08:30:00,2025-02-16 08:30:00,RHEA,STRONG WIND,1000.0,0.0,0,0,199989,1238156,Public
2025-02-16 09:00:00,2025-02-16 09:00:00,MORGAN,STRONG WIND,0.0,0.0,0,0,199989,1238154,Trained Spotter
2025-02-16 09:00:00,2025-02-16 09:00:00,NORTH SEVIER,STRONG WIND,0.0,0.0,0,0,199989,1238153,Social Media
2025-02-16 09:00:00,2025-02-16 09:00:00,NORTHWEST BLOUNT,STRONG WIND,0.0,0.0,0,0,199989,1238155,Trained Spotter
2025-02-16 10:27:00,2025-02-17 07:00:00,OBION,FLASH FLOOD,5000000.0,0.0,0,0,199657,1237338,Emergency Manager
2025-02-16 10:34:00,2025-02-16 12:34:00,HAWKINS,FLASH FLOOD,0.0,0.0,0,0,199989,1242481,Public
2025-02-16 14:04:00,2025-02-18 00:06:00,STEWART,FLOOD,0.0,0.0,0,0,198701,1229082,River/Stream Gage
2025-02-18 14:30:00,2025-02-19 05:00:00,STEWART,WINTER STORM,0.0,0.0,0,0,198844,1229238,CoCoRaHS
2025-02-18 15:15:00,2025-02-19 05:30:00,MONTGOMERY,WINTER STORM,0.0,0.0,0,0,198844,1229242,CoCoRaHS
2025-02-18 15:45:00,2025-02-19 06:00:00,ROBERTSON,WINTER STORM,0.0,0.0,0,0,198844,1229245,CoCoRaHS
2025-02-18 16:30:00,2025-02-19 07:00:00,SUMNER,WINTER STORM,0.0,0.0,0,0,198844,1229249,CoCoRaHS
2025-02-18 17:45:00,2025-02-19 05:00:00,HOUSTON,WINTER STORM,0.0,0.0,0,0,198844,1229240,Public
2025-02-18 18:00:00,2025-02-19 08:00:00,CROCKETT,WINTER WEATHER,0.0,0.0,0,0,199822,1236521,COOP Observer
2025-02-18 18:00:00,2025-02-19 07:00:00,DYER,WINTER STORM,0.0,0.0,0,0,199822,1236531,CoCoRaHS
2025-02-18 18:00:00,2025-02-19 07:00:00,GIBSON,WINTER STORM,0.0,0.0,0,0,199822,1236532,CoCoRaHS
2025-02-18 18:00:00,2025-02-19 05:45:00,HUMPHREYS,WINTER STORM,0.0,0.0,0,0,198844,1229241,Social Media
2025-02-18 18:00:00,2025-02-19 07:00:00,LAUDERDALE,WINTER WEATHER,0.0,0.0,0,0,199822,1236527,CoCoRaHS
2025-02-18 18:00:00,2025-02-19 07:00:00,OBION,WINTER STORM,0.0,0.0,0,0,199822,1236535,Public
2025-02-18 18:00:00,2025-02-19 07:00:00,WEAKLEY,WINTER STORM,0.0,0.0,0,0,199822,1236538,Public
2025-02-18 18:30:00,2025-02-19 06:30:00,CHEATHAM,WINTER STORM,0.0,0.0,0,0,198844,1229246,CoCoRaHS
2025-02-18 18:30:00,2025-02-19 06:30:00,DICKSON,WINTER STORM,0.0,0.0,0,0,198844,1229243,CoCoRaHS
2025-02-18 18:30:00,2025-02-19 07:30:00,MACON,WINTER STORM,0.0,0.0,0,0,198844,1229250,CoCoRaHS
2025-02-18 19:00:00,2025-02-19 07:00:00,CARROLL,WINTER STORM,0.0,0.0,0,0,199822,1236520,CoCoRaHS
2025-02-18 19:00:00,2025-02-19 07:45:00,CLAY,WINTER STORM,0.0,0.0,0,0,198844,1229252,Public
2025-02-18 19:00:00,2025-02-19 07:00:00,DAVIDSON,WINTER STORM,0.0,0.0,0,0,198844,1229248,Social Media
2025-02-18 19:00:00,2025-02-19 06:00:00,HAYWOOD,WINTER WEATHER,0.0,0.0,0,0,199822,1236525,COOP Observer
2025-02-18 19:00:00,2025-02-19 07:00:00,HENDERSON,WINTER WEATHER,0.0,0.0,0,0,199822,1236526,CoCoRaHS
2025-02-18 19:00:00,2025-02-19 08:00:00,HENRY,WINTER STORM,0.0,0.0,0,0,199822,1236533,Public
2025-02-18 19:00:00,2025-02-19 07:00:00,MADISON,WINTER STORM,0.0,0.0,0,0,199822,1236534,COOP Observer
2025-02-18 19:00:00,2025-02-19 07:00:00,MCNAIRY,WINTER WEATHER,0.0,0.0,0,0,199822,1236528,COOP Observer
2025-02-18 19:00:00,2025-02-19 07:00:00,TIPTON,WINTER STORM,0.0,0.0,0,0,199822,1236536,Public
2025-02-18 20:00:00,2025-02-19 08:00:00,BENTON,WINTER STORM,0.0,0.0,0,0,199822,1236519,Trained Spotter
2025-02-18 20:00:00,2025-02-19 09:00:00,DECATUR,WINTER STORM,0.0,0.0,0,0,199822,1236530,Public
2025-02-18 20:00:00,2025-02-19 08:00:00,FAYETTE,WINTER WEATHER,0.0,0.0,0,0,199822,1236522,Public
2025-02-18 20:00:00,2025-02-19 08:00:00,HARDEMAN,WINTER WEATHER,0.0,0.0,0,0,199822,1236523,COOP Observer
2025-02-18 20:00:00,2025-02-19 06:00:00,SHELBY,WINTER WEATHER,0.0,0.0,0,0,199822,1236529,Official NWS Observations
2025-02-18 20:30:00,2025-02-19 08:00:00,FENTRESS,WINTER STORM,0.0,0.0,0,0,198844,1229253,CoCoRaHS
2025-02-18 21:00:00,2025-02-19 08:00:00,HARDIN,WINTER WEATHER,0.0,0.0,0,0,199822,1236524,Amateur Radio
2025-02-18 22:35:00,2025-02-19 05:30:00,LINCOLN,WINTER WEATHER,0.0,0.0,0,0,198978,1234616,COOP Observer
2025-02-18 23:10:00,2025-02-19 06:00:00,FRANKLIN,WINTER WEATHER,0.0,0.0,0,0,198978,1234614,Emergency Manager
2025-02-18 23:45:00,2025-02-19 05:35:00,MOORE,WINTER WEATHER,0.0,0.0,0,0,198978,1234617,Emergency Manager
2025-02-19 02:30:00,2025-02-20 12:00:00,CAMPBELL,WINTER WEATHER,0.0,0.0,0,0,200029,1240927,COOP Observer
2025-02-19 02:30:00,2025-02-20 08:30:00,MORGAN,WINTER WEATHER,0.0,0.0,0,0,200029,1240929,Trained Spotter
2025-02-19 02:30:00,2025-02-20 06:00:00,ROANE,WINTER WEATHER,0.0,0.0,0,0,200029,1240939,COOP Observer
2025-02-19 02:30:00,2025-02-20 11:30:00,SCOTT,WINTER WEATHER,0.0,0.0,0,0,200029,1240928,COOP Observer
2025-02-19 03:30:00,2025-02-20 12:00:00,ANDERSON,WINTER WEATHER,0.0,0.0,0,0,200029,1240933,CoCoRaHS
2025-02-19 03:30:00,2025-02-20 12:20:00,HAMBLEN,WINTER WEATHER,0.0,0.0,0,0,200029,1240916,Official NWS Observations
2025-02-19 03:30:00,2025-02-20 12:00:00,JEFFERSON,HEAVY SNOW,0.0,0.0,0,0,200029,1240926,Public
2025-02-19 03:30:00,2025-02-20 10:00:00,LOUDON,WINTER WEATHER,0.0,0.0,0,0,200029,1240940,CoCoRaHS
2025-02-19 04:00:00,2025-02-19 08:00:00,BLEDSOE,WINTER WEATHER,0.0,0.0,0,0,200029,1240944,CoCoRaHS
2025-02-19 04:00:00,2025-02-19 08:00:00,MARION,WINTER WEATHER,0.0,0.0,0,0,200029,1241119,CoCoRaHS
2025-02-19 04:00:00,2025-02-19 08:00:00,SEQUATCHIE,WINTER WEATHER,0.0,0.0,0,0,200029,1241118,CoCoRaHS
2025-02-19 05:00:00,2025-02-19 09:00:00,HAMILTON,WINTER WEATHER,0.0,0.0,0,0,200029,1241120,COOP Observer
2025-02-19 05:00:00,2025-02-20 10:00:00,KNOX,WINTER WEATHER,0.0,0.0,0,0,200029,1240938,CoCoRaHS
2025-02-19 05:00:00,2025-02-20 10:00:00,MCMINN,HEAVY SNOW,0.0,0.0,0,0,200029,1240943,CoCoRaHS
2025-02-19 05:00:00,2025-02-20 10:00:00,MEIGS,WINTER WEATHER,0.0,0.0,0,0,200029,1240942,CoCoRaHS
2025-02-19 05:00:00,2025-02-20 10:00:00,NORTH SEVIER,HEAVY SNOW,0.0,0.0,0,0,200029,1241126,Broadcast Media
2025-02-19 05:00:00,2025-02-20 08:00:00,NORTHWEST BLOUNT,WINTER WEATHER,0.0,0.0,0,0,200029,1241124,ASOS
2025-02-19 05:00:00,2025-02-20 10:00:00,RHEA,WINTER WEATHER,0.0,0.0,0,0,200029,1240941,Public
2025-02-19 05:00:00,2025-02-20 15:00:00,SEVIER/SMOKY MOUNTAINS,HEAVY SNOW,0.0,0.0,0,0,200029,1241125,COOP Observer
2025-02-19 05:30:00,2025-02-19 09:30:00,BRADLEY,WINTER WEATHER,0.0,0.0,0,0,200029,1241121,CoCoRaHS
2025-02-19 05:30:00,2025-02-19 09:30:00,NORTHWEST MONROE,WINTER WEATHER,0.0,0.0,0,0,200029,1241123,CoCoRaHS
2025-02-19 05:30:00,2025-02-19 09:30:00,WEST POLK,WINTER WEATHER,0.0,0.0,0,0,200029,1241122,CoCoRaHS
2025-02-19 05:45:00,2025-02-20 12:00:00,CLAIBORNE,WINTER WEATHER,0.0,0.0,0,0,200029,1240914,COOP Observer
2025-02-19 05:45:00,2025-02-20 12:00:00,UNION,WINTER WEATHER,0.0,0.0,0,0,200029,1240932,COOP Observer
2025-02-19 06:00:00,2025-02-20 16:00:00,COCKE/SMOKY MOUNTAINS,HEAVY SNOW,0.0,0.0,0,0,200029,1241127,Trained Spotter
2025-02-19 06:00:00,2025-02-20 12:00:00,GRAINGER,WINTER WEATHER,0.0,0.0,0,0,200029,1240915,CoCoRaHS
2025-02-19 06:00:00,2025-02-20 13:30:00,HANCOCK,WINTER WEATHER,0.0,0.0,0,0,200029,1240913,CoCoRaHS
2025-02-19 06:00:00,2025-02-20 14:00:00,NORTHWEST CARTER,HEAVY SNOW,0.0,0.0,0,0,200029,1241132,Social Media
2025-02-19 06:00:00,2025-02-20 13:00:00,NORTHWEST COCKE,HEAVY SNOW,0.0,0.0,0,0,200029,1241128,Broadcast Media
2025-02-19 06:00:00,2025-02-20 13:00:00,NORTHWEST GREENE,WINTER WEATHER,0.0,0.0,0,0,200029,1241129,CoCoRaHS
2025-02-19 06:00:00,2025-02-20 14:00:00,SOUTHEAST CARTER,WINTER WEATHER,0.0,0.0,0,0,200029,1241131,Trained Spotter
2025-02-19 06:00:00,2025-02-20 14:00:00,SOUTHEAST GREENE,WINTER WEATHER,0.0,0.0,0,0,200029,1241130,CoCoRaHS
2025-02-19 06:15:00,2025-02-20 13:30:00,HAWKINS,WINTER WEATHER,0.0,0.0,0,0,200029,1240912,CoCoRaHS
2025-02-19 06:15:00,2025-02-20 13:30:00,SULLIVAN,WINTER WEATHER,0.0,0.0,0,0,200029,1240906,CoCoRaHS
2025-02-19 06:15:00,2025-02-20 13:30:00,WASHINGTON,HEAVY SNOW,0.0,0.0,0,0,200029,1240908,Trained Spotter
2025-02-19 06:30:00,2025-02-20 13:30:00,JOHNSON,WINTER WEATHER,0.0,0.0,0,0,200029,1240907,Trained Spotter
2025-02-19 06:30:00,2025-02-20 13:30:00,UNICOI,HEAVY SNOW,0.0,0.0,0,0,200029,1240909,Public
2025-03-01 00:00:00,2025-03-18 00:00:00,BEDFORD,DROUGHT,0.0,0.0,0,0,199523,1233770,Drought Monitor
2025-03-01 00:00:00,2025-03-18 00:00:00,COFFEE,DROUGHT,0.0,0.0,0,0,199523,1233771,Drought Monitor
2025-03-01 00:00:00,2025-03-18 00:00:00,CUMBERLAND,DROUGHT,0.0,0.0,0,0,199523,1233772,Drought Monitor
2025-03-01 00:00:00,2025-03-18 00:00:00,MARSHALL,DROUGHT,0.0,0.0,0,0,199523,1233769,Drought Monitor
2025-03-04 12:00:00,2025-03-04 16:00:00,HARDIN,STRONG WIND,0.0,0.0,0,0,200988,1246865,Amateur Radio
2025-03-04 14:30:00,2025-03-04 14:30:00,DAVIDSON,STRONG WIND,10000.0,0.0,0,0,199057,1230430,Social Media
2025-03-04 17:20:00,2025-03-04 21:49:00,COFFEE,HIGH WIND,50000.0,0.0,0,0,199057,1230427,Social Media
2025-03-04 18:30:00,2025-03-04 20:30:00,CHEATHAM,STRONG WIND,25000.0,0.0,0,0,199057,1230426,Public
2025-03-04 18:30:00,2025-03-04 20:30:00,DICKSON,STRONG WIND,50000.0,0.0,0,0,199057,1230432,Emergency Manager
2025-03-04 18:30:00,2025-03-04 20:30:00,HICKMAN,STRONG WIND,75000.0,0.0,0,0,199057,1230434,Emergency Manager
2025-03-04 18:30:00,2025-03-04 20:30:00,LAWRENCE,STRONG WIND,25000.0,0.0,0,0,199057,1230440,Emergency Manager
2025-03-04 18:30:00,2025-03-04 20:30:00,MAURY,STRONG WIND,15000.0,0.0,0,0,199057,1230441,Emergency Manager
2025-03-04 18:30:00,2025-03-04 20:30:00,PERRY,STRONG WIND,10000.0,0.0,0,0,199057,1230433,Social Media
2025-03-04 18:30:00,2025-03-04 20:30:00,ROBERTSON,STRONG WIND,50000.0,0.0,0,0,199057,1230431,Emergency Manager
2025-03-04 18:30:00,2025-03-04 20:30:00,RUTHERFORD,STRONG WIND,15000.0,0.0,0,0,199057,1230442,Public
2025-03-04 18:30:00,2025-03-04 20:30:00,WILLIAMSON,STRONG WIND,5000.0,0.0,0,0,199057,1230435,Social Media
2025-03-04 18:30:00,2025-03-04 20:30:00,WILSON,STRONG WIND,15000.0,0.0,0,0,199057,1230445,Law Enforcement
2025-03-04 18:40:00,2025-03-04 18:55:00,DAVIDSON,HIGH WIND,0.0,0.0,0,0,199057,1230429,ASOS
2025-03-04 19:00:00,2025-03-05 02:00:00,NORTHWEST BLOUNT,HIGH WIND,0.0,0.0,0,0,200762,1244718,Mesonet
2025-03-04 19:00:00,2025-03-05 02:00:00,SEVIER/SMOKY MOUNTAINS,HIGH WIND,0.0,0.0,0,0,200762,1244716,Park/Forest Service
2025-03-04 19:46:00,2025-03-04 23:00:00,PUTNAM,HIGH WIND,250000.0,0.0,0,0,199057,1230436,Emergency Manager
2025-03-04 20:00:00,2025-03-05 03:00:00,NORTHWEST GREENE,HIGH WIND,0.0,0.0,0,0,200762,1244724,Other Federal Agency
2025-03-04 20:15:00,2025-03-04 20:15:00,SUMNER,STRONG WIND,250000.0,0.0,0,0,199057,1230443,Public
2025-03-04 20:30:00,2025-03-05 00:00:00,GRUNDY,HIGH WIND,15000.0,0.0,0,0,199057,1230448,Social Media
2025-03-04 20:30:00,2025-03-05 00:00:00,PICKETT,HIGH WIND,0.0,0.0,0,0,199057,1230453,Public
2025-03-04 20:30:00,2025-03-05 00:00:00,VAN BUREN,HIGH WIND,25000.0,0.0,0,0,199057,1230451,Public
2025-03-04 20:30:00,2025-03-05 00:00:00,WARREN,HIGH WIND,25000.0,0.0,0,0,199057,1230450,Public
2025-03-04 20:30:00,2025-03-05 00:00:00,WHITE,HIGH WIND,25000.0,0.0,0,0,199057,1230449,Social Media
2025-03-04 20:45:00,2025-03-05 01:45:00,COCKE/SMOKY MOUNTAINS,HIGH WIND,0.0,0.0,0,0,200762,1244717,Mesonet
2025-03-04 20:50:00,2025-03-05 00:00:00,CUMBERLAND,HIGH WIND,50000.0,0.0,0,0,199057,1230428,ASOS
2025-03-04 21:30:00,2025-03-05 00:00:00,FENTRESS,HIGH WIND,250000.0,0.0,0,0,199057,1230437,Emergency Manager
2025-03-04 21:30:00,2025-03-04 23:30:00,OVERTON,HIGH WIND,0.0,0.0,0,0,199057,1230438,Emergency Manager
2025-03-05 00:00:00,2025-03-05 00:00:00,MORGAN,HIGH WIND,10000.0,0.0,0,0,200762,1244722,Public
2025-03-05 00:10:00,2025-03-05 00:10:00,BRADLEY,STRONG WIND,15000.0,0.0,0,0,200762,1244720,Public
2025-03-05 00:30:00,2025-03-05 00:30:00,SCOTT,STRONG WIND,0.0,0.0,0,0,200762,1244721,Trained Spotter
2025-03-05 01:05:00,2025-03-05 01:05:00,NORTHWEST MONROE,STRONG WIND,50000.0,0.0,0,0,200762,1244719,Broadcast Media
2025-03-05 01:50:00,2025-03-05 01:50:00,SOUTHEAST CARTER,HIGH WIND,0.0,0.0,0,0,200762,1244725,Trained Spotter
2025-03-05 02:00:00,2025-03-05 02:00:00,JEFFERSON,STRONG WIND,0.0,0.0,0,0,200762,1244723,911 Call Center
2025-03-05 23:00:00,2025-03-06 08:00:00,SOUTHEAST CARTER,WINTER WEATHER,0.0,0.0,0,0,200762,1244726,Trained Spotter
2025-03-14 23:30:00,2025-03-15 00:30:00,HENRY,STRONG WIND,15000.0,0.0,0,0,201006,1249938,Public
2025-03-15 03:24:00,2025-03-15 03:29:00,HARDIN,HAIL,0.0,0.0,0,0,201006,1249933,Fire Department/Rescue
2025-03-15 06:27:00,2025-03-15 07:27:00,MCNAIRY,STRONG WIND,5000.0,0.0,0,0,201006,1249937,Public
2025-03-15 06:54:00,2025-03-15 06:58:00,HARDEMAN,THUNDERSTORM WIND,10000.0,0.0,0,0,201006,1249678,NWS Storm Survey
2025-03-15 06:56:00,2025-03-15 07:02:00,HARDEMAN,TORNADO,10000.0,0.0,0,0,201006,1249677,NWS Storm Survey
2025-03-15 07:30:00,2025-03-15 07:35:00,HAYWOOD,HAIL,0.0,0.0,0,0,201006,1249934,Public
2025-03-15 09:42:00,2025-03-15 09:42:00,MEIGS,LIGHTNING,2000.0,0.0,0,0,200763,1246171,Trained Spotter
2025-03-15 10:10:00,2025-03-15 10:10:00,MCMINN,HAIL,0.0,0.0,0,0,200763,1244738,Public
2025-03-15 11:30:00,2025-03-15 13:30:00,HENDERSON,FLASH FLOOD,50000.0,0.0,0,0,201006,1249928,Public
2025-03-15 11:30:00,2025-03-15 16:00:00,HUMPHREYS,FLASH FLOOD,0.0,0.0,0,0,199504,1233670,Social Media
2025-03-15 11:40:00,2025-03-15 21:00:00,DAVIDSON,FLASH FLOOD,0.0,0.0,0,0,199504,1233695,Social Media
2025-03-15 11:55:00,2025-03-15 13:55:00,BENTON,FLASH FLOOD,0.0,0.0,0,0,201006,1249929,Public
2025-03-15 12:57:00,2025-03-15 16:00:00,DICKSON,FLASH FLOOD,0.0,0.0,0,0,199504,1233675,Social Media
2025-03-15 13:46:00,2025-03-15 23:00:00,LAWRENCE,FLASH FLOOD,0.0,0.0,0,0,199504,1233690,Emergency Manager
2025-03-15 13:46:00,2025-03-15 23:00:00,LAWRENCE,FLASH FLOOD,0.0,0.0,0,0,199504,1233689,Emergency Manager
2025-03-15 13:59:00,2025-03-15 21:00:00,SUMNER,FLASH FLOOD,0.0,0.0,0,0,199504,1233676,Social Media
2025-03-15 14:08:00,2025-03-15 14:08:00,MARSHALL,THUNDERSTORM WIND,10000.0,0.0,0,0,199504,1233618,Social Media
2025-03-15 14:19:00,2025-03-15 14:19:00,BEDFORD,THUNDERSTORM WIND,10000.0,0.0,0,0,199504,1233623,Social Media
2025-03-15 14:20:00,2025-03-15 14:22:00,BEDFORD,TORNADO,500000.0,0.0,0,0,199504,1233613,NWS Storm Survey
2025-03-15 14:22:00,2025-03-15 14:26:00,RUTHERFORD,TORNADO,500000.0,0.0,0,0,199504,1233615,NWS Storm Survey
2025-03-15 14:27:00,2025-03-15 21:00:00,ROBERTSON,FLASH FLOOD,0.0,0.0,0,0,199504,1233680,Social Media
2025-03-15 14:30:00,2025-03-15 14:30:00,BEDFORD,THUNDERSTORM WIND,0.0,0.0,0,0,199504,1233630,AWOS
2025-03-15 14:30:00,2025-03-15 14:30:00,RUTHERFORD,THUNDERSTORM WIND,5000.0,0.0,0,0,199504,1233625,Social Media
2025-03-15 14:30:00,2025-03-15 14:30:00,RUTHERFORD,THUNDERSTORM WIND,10000.0,0.0,0,0,199504,1233626,Social Media
2025-03-15 14:45:00,2025-03-15 14:45:00,RUTHERFORD,THUNDERSTORM WIND,10000.0,0.0,0,0,199504,1233632,Social Media
2025-03-15 14:55:00,2025-03-15 21:00:00,SUMNER,FLASH FLOOD,0.0,0.0,0,0,199504,1233681,Social Media
2025-03-15 15:00:00,2025-03-15 20:45:00,NORTHWEST GREENE,HIGH WIND,0.0,0.0,0,0,200763,1246170,Other Federal Agency
2025-03-15 15:03:00,2025-03-15 15:03:00,RUTHERFORD,THUNDERSTORM WIND,10000.0,0.0,0,0,199504,1233633,Social Media
2025-03-15 15:15:00,2025-03-15 15:15:00,WARREN,THUNDERSTORM WIND,10000.0,0.0,0,0,199504,1233634,Social Media
2025-03-15 15:22:00,2025-03-15 15:22:00,WHITE,THUNDERSTORM WIND,100000.0,0.0,0,0,199504,1233635,Emergency Manager
2025-03-15 16:09:00,2025-03-15 16:09:00,GRUNDY,THUNDERSTORM WIND,500000.0,0.0,0,0,199504,1233637,NWS Storm Survey
2025-03-15 16:09:00,2025-03-15 16:09:00,MARION,THUNDERSTORM WIND,0.0,0.0,0,0,200763,1244747,Public
2025-03-15 16:30:00,2025-03-15 16:30:00,FENTRESS,THUNDERSTORM WIND,25000.0,0.0,0,0,199504,1233636,Social Media
2025-03-15 16:30:00,2025-03-15 16:30:00,SEQUATCHIE,THUNDERSTORM WIND,0.0,0.0,0,0,200763,1244749,Public
2025-03-15 16:37:00,2025-03-15 18:30:00,DICKSON,FLASH FLOOD,0.0,0.0,0,0,199504,1233696,Social Media
2025-03-15 16:49:00,2025-03-15 23:00:00,MAURY,FLASH FLOOD,0.0,0.0,0,0,199504,1233694,Social Media
2025-03-15 16:51:00,2025-03-15 21:00:00,DAVIDSON,FLASH FLOOD,0.0,0.0,0,0,199504,1233684,Social Media
2025-03-15 17:11:00,2025-03-15 17:11:00,MARION,THUNDERSTORM WIND,0.0,0.0,0,0,200763,1244752,Public
2025-03-15 17:13:00,2025-03-15 18:30:00,CUMBERLAND,FLASH FLOOD,0.0,0.0,0,0,199504,1233692,Social Media
2025-03-15 17:35:00,2025-03-15 17:35:00,BLEDSOE,THUNDERSTORM WIND,0.0,0.0,0,0,200763,1244754,Public
2025-03-15 17:45:00,2025-03-15 17:45:00,SCOTT,THUNDERSTORM WIND,0.0,0.0,0,0,200763,1244750,Public
2025-03-15 17:50:00,2025-03-15 17:50:00,HAMILTON,HAIL,0.0,0.0,0,0,200763,1244739,Public
2025-03-15 17:53:00,2025-03-15 17:53:00,HAMILTON,HAIL,0.0,0.0,0,0,200763,1244740,Public
2025-03-15 18:12:00,2025-03-15 18:12:00,HAMILTON,THUNDERSTORM WIND,0.0,0.0,0,0,200763,1244753,Public
2025-03-15 18:45:00,2025-03-15 18:45:00,MCMINN,THUNDERSTORM WIND,0.0,0.0,0,0,200763,1244755,Public
2025-03-15 18:53:00,2025-03-15 18:53:00,MORGAN,THUNDERSTORM WIND,0.0,0.0,0,0,200763,1244757,Law Enforcement
2025-03-15 19:00:00,2025-03-15 19:00:00,BLEDSOE,HAIL,0.0,0.0,0,0,200763,1244745,Public
2025-03-15 19:00:00,2025-03-15 19:00:00,LOUDON,THUNDERSTORM WIND,0.0,0.0,0,0,200763,1244759,911 Call Center
2025-03-15 19:00:00,2025-03-15 19:00:00,MEIGS,THUNDERSTORM WIND,0.0,0.0,0,0,200763,1244760,911 Call Center
2025-03-15 19:02:00,2025-03-15 23:00:00,LAWRENCE,FLASH FLOOD,10000.0,0.0,0,0,199504,1233691,Emergency Manager
2025-03-15 19:20:00,2025-03-15 19:20:00,ANDERSON,HAIL,0.0,0.0,0,0,200763,1244741,Public
2025-03-15 19:20:00,2025-03-15 19:20:00,ANDERSON,HAIL,0.0,0.0,0,0,200763,1244742,Public
2025-03-15 19:23:00,2025-03-15 19:23:00,ANDERSON,HAIL,0.0,0.0,0,0,200763,1244743,Public
2025-03-15 19:30:00,2025-03-15 23:40:00,DAVIDSON,FLOOD,0.0,0.0,0,0,199504,1233653,River/Stream Gage
2025-03-15 19:30:00,2025-03-15 19:30:00,KNOX,THUNDERSTORM WIND,0.0,0.0,0,0,200763,1244761,911 Call Center
2025-03-15 19:45:00,2025-03-15 19:45:00,ANDERSON,HAIL,0.0,0.0,0,0,200763,1244744,Public
2025-03-15 19:56:00,2025-03-15 19:56:00,HAMILTON,THUNDERSTORM WIND,0.0,0.0,0,0,200763,1244763,Public
2025-03-15 20:00:00,2025-03-16 02:00:00,SEVIER/SMOKY MOUNTAINS,HIGH WIND,0.0,0.0,0,0,200763,1246169,Park/Forest Service
2025-03-15 20:45:00,2025-03-16 13:45:00,LAWRENCE,FLOOD,0.0,0.0,0,0,199504,1233650,River/Stream Gage
2025-03-15 21:04:00,2025-03-15 23:01:00,HAMILTON,FLASH FLOOD,0.0,0.0,0,0,200763,1245512,State Official
2025-03-15 21:12:00,2025-03-15 21:12:00,MORGAN,THUNDERSTORM WIND,0.0,0.0,0,0,200763,1244764,Emergency Manager
2025-03-15 22:00:00,2025-03-16 10:00:00,CANNON,FLASH FLOOD,0.0,0.0,0,0,199504,1248973,Emergency Manager
2025-03-15 22:00:00,2025-03-15 23:25:00,ROANE,FLASH FLOOD,0.0,0.0,0,0,200763,1245514,911 Call Center
2025-03-15 22:29:00,2025-03-15 22:29:00,OVERTON,THUNDERSTORM WIND,50000.0,0.0,0,0,199504,1233644,Emergency Manager
2025-03-16 01:15:00,2025-03-16 19:30:00,GILES,FLOOD,0.0,0.0,0,0,199504,1233649,River/Stream Gage
2025-03-16 01:18:00,2025-03-16 01:23:00,GIBSON,HAIL,0.0,0.0,0,0,201096,1248082,Public
2025-03-16 02:00:00,2025-03-16 09:00:00,CHEATHAM,FLOOD,0.0,0.0,0,0,199504,1233655,River/Stream Gage
2025-03-16 02:08:00,2025-03-16 02:08:00,SCOTT,THUNDERSTORM WIND,0.0,0.0,0,0,200763,1244765,Public
2025-03-16 03:00:00,2025-03-16 15:30:00,BEDFORD,FLOOD,0.0,0.0,0,0,199504,1233660,River/Stream Gage
2025-03-16 06:00:00,2025-03-16 11:45:00,MORGAN,FLOOD,0.0,0.0,0,0,200763,1245516,River/Stream Gage
2025-03-16 07:00:00,2025-03-17 02:00:00,MONTGOMERY,FLOOD,0.0,0.0,0,0,199504,1233656,River/Stream Gage
2025-03-16 07:00:00,2025-03-17 02:00:00,ROBERTSON,FLOOD,0.0,0.0,0,0,199504,1233657,River/Stream Gage
2025-03-16 13:00:00,2025-03-18 03:30:00,GILES,FLOOD,0.0,0.0,0,0,199504,1233648,River/Stream Gage
2025-03-16 17:45:00,2025-03-17 16:30:00,MARION,FLOOD,0.0,0.0,0,0,200763,1245515,River/Stream Gage
2025-03-16 20:00:00,2025-03-19 16:15:00,HICKMAN,FLOOD,0.0,0.0,0,0,199504,1233664,River/Stream Gage
2025-03-16 23:30:00,2025-03-18 13:30:00,MAURY,FLOOD,0.0,0.0,0,0,199504,1233658,River/Stream Gage
2025-03-17 03:45:00,2025-03-18 00:15:00,HUMPHREYS,FLOOD,0.0,0.0,0,0,199504,1233667,River/Stream Gage
2025-03-17 03:45:00,2025-03-18 00:15:00,PERRY,FLOOD,0.0,0.0,0,0,199504,1233666,River/Stream Gage
2025-03-19 14:00:00,2025-03-19 17:00:00,SHELBY,STRONG WIND,5000.0,0.0,0,0,201112,1248219,Utility Company
2025-03-19 18:30:00,2025-03-19 20:30:00,LAUDERDALE,STRONG WIND,1000.0,0.0,0,0,201112,1248225,Trained Spotter
2025-03-19 19:10:00,2025-03-19 19:10:00,HUMPHREYS,THUNDERSTORM WIND,2000.0,0.0,0,0,199513,1233714,Social Media
2025-03-19 19:15:00,2025-03-19 19:15:00,HUMPHREYS,THUNDERSTORM WIND,10000.0,0.0,0,0,199513,1233715,Public
2025-03-19 19:40:00,2025-03-19 19:40:00,MONTGOMERY,THUNDERSTORM WIND,1000.0,0.0,0,0,199513,1233719,Social Media
2025-03-19 21:06:00,2025-03-19 21:06:00,DAVIDSON,THUNDERSTORM WIND,1000.0,0.0,0,0,199513,1233697,Broadcast Media
2025-03-19 21:26:00,2025-03-19 21:26:00,WILLIAMSON,THUNDERSTORM WIND,1000.0,0.0,0,0,199513,1233703,Social Media
2025-03-19 21:30:00,2025-03-19 21:30:00,SUMNER,THUNDERSTORM WIND,10000.0,0.0,0,0,199513,1233699,Public
2025-03-19 21:30:00,2025-03-19 21:30:00,WILLIAMSON,THUNDERSTORM WIND,1000.0,0.0,0,0,199513,1233710,Public
2025-03-19 21:30:00,2025-03-19 21:30:00,WILLIAMSON,THUNDERSTORM WIND,1000.0,0.0,0,0,199513,1233706,Public
2025-03-19 21:35:00,2025-03-19 21:35:00,SUMNER,THUNDERSTORM WIND,5000.0,0.0,0,0,199513,1233700,Social Media
2025-03-19 21:35:00,2025-03-19 21:35:00,SUMNER,THUNDERSTORM WIND,1000.0,0.0,0,0,199513,1233721,Social Media
2025-03-23 17:17:00,2025-03-23 17:17:00,WILLIAMSON,HAIL,0.0,0.0,0,0,199518,1233725,Social Media
2025-03-23 17:30:00,2025-03-23 17:30:00,RUTHERFORD,HAIL,0.0,0.0,0,0,199518,1233726,Social Media
2025-03-23 17:40:00,2025-03-23 17:40:00,WILSON,HAIL,0.0,0.0,0,0,199518,1233727,NWS Employee
2025-03-23 18:01:00,2025-03-23 18:01:00,SMITH,HAIL,0.0,0.0,0,0,199518,1233728,Social Media
2025-03-23 18:15:00,2025-03-23 18:15:00,JACKSON,HAIL,0.0,0.0,0,0,199518,1233729,Social Media
2025-03-30 19:46:00,2025-03-30 19:51:00,LAUDERDALE,HAIL,0.0,0.0,0,0,201095,1248085,Public
2025-03-30 20:00:00,2025-03-30 20:05:00,LAUDERDALE,HAIL,0.0,0.0,0,0,201095,1248087,Public
2025-03-30 20:04:00,2025-03-30 20:09:00,TIPTON,HAIL,0.0,0.0,0,0,201095,1248088,Public
2025-03-30 20:12:00,2025-03-30 20:12:00,STEWART,THUNDERSTORM WIND,5000.0,0.0,0,0,199520,1233736,Emergency Manager
2025-03-30 20:22:00,2025-03-30 20:27:00,CROCKETT,THUNDERSTORM WIND,3000.0,0.0,0,0,201095,1248111,Emergency Manager
2025-03-30 20:33:00,2025-03-30 20:38:00,CROCKETT,HAIL,0.0,0.0,0,0,201095,1248090,Emergency Manager
2025-03-30 20:50:00,2025-03-30 20:55:00,CARROLL,THUNDERSTORM WIND,5000.0,0.0,0,0,201095,1250344,Law Enforcement
2025-03-30 20:50:00,2025-03-30 20:55:00,SHELBY,HAIL,0.0,0.0,0,0,201095,1248091,Amateur Radio
2025-03-30 20:54:00,2025-03-30 20:59:00,MADISON,HAIL,0.0,0.0,0,0,201095,1248093,Trained Spotter
2025-03-30 20:55:00,2025-03-30 21:00:00,TIPTON,HAIL,0.0,0.0,0,0,201095,1248094,Public
2025-03-30 21:00:00,2025-03-30 21:05:00,MADISON,HAIL,0.0,0.0,0,0,201095,1248095,Public
2025-03-30 21:03:00,2025-03-30 21:03:00,MONTGOMERY,HAIL,0.0,0.0,0,0,199520,1233740,Public
2025-03-30 21:05:00,2025-03-30 21:10:00,SHELBY,HAIL,0.0,0.0,0,0,201095,1248096,Public
2025-03-30 21:07:00,2025-03-30 21:10:00,HUMPHREYS,TORNADO,100000.0,0.0,0,0,199520,1233738,NWS Storm Survey
2025-03-30 21:15:00,2025-03-30 21:20:00,HENDERSON,HAIL,0.0,0.0,0,0,201095,1248098,Public
2025-03-30 21:19:00,2025-03-30 21:24:00,SHELBY,HAIL,0.0,0.0,0,0,201095,1248101,Public
2025-03-30 21:25:00,2025-03-30 21:28:00,HUMPHREYS,TORNADO,100000.0,0.0,0,0,199520,1233742,NWS Storm Survey
2025-03-30 21:28:00,2025-03-30 21:28:00,ROBERTSON,THUNDERSTORM WIND,10000.0,0.0,0,0,199520,1233744,Social Media
2025-03-30 21:37:00,2025-03-30 21:42:00,HENDERSON,THUNDERSTORM WIND,2000.0,0.0,0,0,201095,1248113,Fire Department/Rescue
2025-03-30 21:54:00,2025-03-30 21:59:00,FAYETTE,HAIL,0.0,0.0,0,0,201095,1248103,Public
2025-03-30 22:00:00,2025-03-30 22:05:00,FAYETTE,HAIL,0.0,0.0,0,0,201095,1248104,Public
2025-03-30 22:07:00,2025-03-30 22:08:00,HICKMAN,TORNADO,25000.0,0.0,0,0,199520,1233745,NWS Storm Survey
2025-03-30 22:08:00,2025-03-30 22:11:00,WILLIAMSON,TORNADO,25000.0,0.0,0,0,199520,1233746,NWS Storm Survey
2025-03-30 22:12:00,2025-03-30 22:13:00,PERRY,TORNADO,50000.0,0.0,0,0,199520,1233747,NWS Storm Survey
2025-03-30 22:30:00,2025-03-30 22:30:00,WILLIAMSON,HAIL,0.0,0.0,0,0,199520,1233751,Public
2025-03-30 22:30:00,2025-03-30 22:30:00,WILLIAMSON,THUNDERSTORM WIND,10000.0,0.0,0,0,199520,1233749,Social Media
2025-03-30 22:40:00,2025-03-30 22:40:00,WILSON,HAIL,0.0,0.0,0,0,199520,1233753,Public
2025-03-30 22:41:00,2025-03-30 22:41:00,WILLIAMSON,HAIL,0.0,0.0,0,0,199520,1233755,Social Media
2025-03-30 22:41:00,2025-03-30 22:41:00,WILLIAMSON,HAIL,0.0,0.0,0,0,199520,1233757,Social Media
2025-03-30 22:43:00,2025-03-30 22:43:00,WILLIAMSON,HAIL,0.0,0.0,0,0,199520,1233758,Social Media
2025-03-30 23:00:00,2025-03-30 23:07:00,MAURY,TORNADO,500000.0,0.0,0,0,199520,1233763,NWS Storm Survey
2025-03-30 23:00:00,2025-03-30 23:00:00,WILLIAMSON,HAIL,0.0,0.0,0,0,199520,1233761,Social Media
2025-03-30 23:05:00,2025-03-30 23:05:00,RUTHERFORD,HAIL,0.0,0.0,0,0,199520,1233762,Social Media
2025-03-30 23:12:00,2025-03-30 23:12:00,WAYNE,THUNDERSTORM WIND,20000.0,0.0,0,0,199520,1233765,Emergency Manager
2025-03-30 23:14:00,2025-03-30 23:21:00,MAURY,TORNADO,50000.0,0.0,0,0,199520,1233764,NWS Storm Survey
2025-03-31 00:05:00,2025-03-31 00:05:00,CANNON,THUNDERSTORM WIND,20000.0,0.0,0,0,199520,1233766,Social Media
2025-03-31 00:08:00,2025-03-31 00:13:00,HARDIN,HAIL,0.0,0.0,0,0,201095,1248106,Emergency Manager
2025-03-31 00:10:00,2025-03-31 00:10:00,BEDFORD,HAIL,0.0,0.0,0,0,199520,1233767,Social Media
2025-03-31 01:05:00,2025-03-31 01:05:00,BLEDSOE,THUNDERSTORM WIND,0.0,0.0,0,0,200923,1246172,Public
2025-03-31 02:30:00,2025-03-31 02:30:00,RHEA,THUNDERSTORM WIND,0.0,0.0,0,0,200923,1246173,Public
2025-03-31 05:45:00,2025-03-31 05:45:00,JOHNSON,THUNDERSTORM WIND,0.0,0.0,0,0,200923,1246174,Public
2025-04-02 09:15:00,2025-04-02 13:15:00,NORTHWEST GREENE,HIGH WIND,0.0,0.0,0,0,201393,1250525,Other Federal Agency
2025-04-02 09:41:00,2025-04-02 09:42:00,SHELBY,HIGH WIND,0.0,0.0,0,0,201973,1254971,ASOS
2025-04-02 10:00:00,2025-04-02 14:00:00,SEVIER/SMOKY MOUNTAINS,HIGH WIND,0.0,0.0,0,0,201393,1250526,Park/Forest Service
2025-04-02 13:55:00,2025-04-02 14:00:00,SHELBY,HAIL,0.0,0.0,0,0,201973,1254923,Public
2025-04-02 14:00:00,2025-04-02 14:00:00,WASHINGTON,HIGH WIND,1000.0,0.0,0,0,201393,1250524,Public
2025-04-02 14:18:00,2025-04-02 14:23:00,FAYETTE,HAIL,0.0,0.0,0,0,201973,1254915,Public
2025-04-02 14:18:00,2025-04-02 14:23:00,FAYETTE,HAIL,0.0,0.0,0,0,201973,1254918,Public
2025-04-02 14:20:00,2025-04-02 14:25:00,FAYETTE,HAIL,0.0,0.0,0,0,201973,1254943,Broadcast Media
2025-04-02 14:25:00,2025-04-02 14:30:00,FAYETTE,HAIL,0.0,0.0,0,0,201973,1254917,Storm Chaser
2025-04-02 15:15:00,2025-04-02 15:20:00,LAUDERDALE,HAIL,0.0,0.0,0,0,201973,1254919,Emergency Manager
2025-04-02 15:21:00,2025-04-02 15:26:00,MADISON,TORNADO,50000.0,0.0,0,0,201973,1256958,NWS Storm Survey
2025-04-02 15:30:00,2025-04-02 15:35:00,MADISON,HAIL,0.0,0.0,0,0,201973,1254920,Emergency Manager
2025-04-02 15:50:00,2025-04-02 15:55:00,MADISON,HAIL,0.0,0.0,0,0,201973,1254921,Amateur Radio
2025-04-02 15:52:00,2025-04-02 15:57:00,MADISON,HAIL,0.0,0.0,0,0,201973,1254922,Amateur Radio
2025-04-02 15:55:00,2025-04-02 16:00:00,MADISON,HAIL,0.0,0.0,0,0,201973,1254924,Public
2025-04-02 15:55:00,2025-04-02 16:00:00,MADISON,THUNDERSTORM WIND,3000.0,0.0,0,0,201973,1254953,Public
2025-04-02 16:23:00,2025-04-02 16:23:00,PERRY,THUNDERSTORM WIND,10000.0,0.0,0,0,199614,1235075,Public
2025-04-02 16:25:00,2025-04-02 16:30:00,CARROLL,HAIL,0.0,0.0,0,0,201973,1254929,Emergency Manager
2025-04-02 16:25:00,2025-04-02 16:30:00,CARROLL,HAIL,0.0,0.0,0,0,201973,1254930,Public
2025-04-02 16:28:00,2025-04-02 16:33:00,SHELBY,HAIL,0.0,0.0,0,0,201973,1254926,Public
2025-04-02 16:30:00,2025-04-02 16:35:00,CARROLL,HAIL,0.0,0.0,0,0,201973,1254931,Public
2025-04-02 16:30:00,2025-04-02 16:35:00,SHELBY,HAIL,0.0,0.0,0,0,201973,1254925,NWS Employee
2025-04-02 16:33:00,2025-04-02 16:38:00,SHELBY,HAIL,0.0,0.0,0,0,201973,1254941,Public
2025-04-02 16:35:00,2025-04-02 16:40:00,SHELBY,HAIL,0.0,0.0,0,0,201973,1254928,Public
2025-04-02 16:37:00,2025-04-02 16:42:00,SHELBY,HAIL,0.0,0.0,0,0,201973,1254927,Public
2025-04-02 16:40:00,2025-04-02 16:45:00,SHELBY,HAIL,0.0,0.0,0,0,201973,1254935,Public
2025-04-02 16:43:00,2025-04-02 16:48:00,CARROLL,HAIL,0.0,0.0,0,0,201973,1254933,Public
2025-04-02 16:45:00,2025-04-02 16:50:00,FAYETTE,HAIL,0.0,0.0,0,0,201973,1254945,Public
2025-04-02 16:45:00,2025-04-02 16:50:00,FAYETTE,HAIL,0.0,0.0,0,0,201973,1254969,Public
2025-04-02 16:45:00,2025-04-02 16:50:00,SHELBY,HAIL,0.0,0.0,0,0,201973,1254942,Public
2025-04-02 16:46:00,2025-04-02 16:51:00,FAYETTE,HAIL,0.0,0.0,0,0,201973,1254932,Public
2025-04-02 16:55:00,2025-04-02 17:00:00,BENTON,HAIL,0.0,0.0,0,0,201973,1254936,Emergency Manager
2025-04-02 16:55:00,2025-04-02 17:00:00,BENTON,HAIL,0.0,0.0,0,0,201973,1254939,Emergency Manager
2025-04-02 16:55:00,2025-04-02 17:00:00,BENTON,HAIL,0.0,0.0,0,0,201973,1254944,Trained Spotter
2025-04-02 16:55:00,2025-04-02 17:00:00,HARDEMAN,HAIL,0.0,0.0,0,0,201973,1254937,Broadcast Media
2025-04-02 17:06:00,2025-04-02 17:06:00,CHEATHAM,HAIL,0.0,0.0,0,0,199614,1235076,Public
2025-04-02 17:08:00,2025-04-02 17:08:00,CHEATHAM,HAIL,50000.0,0.0,0,0,199614,1235077,Trained Spotter
2025-04-02 17:14:00,2025-04-02 17:19:00,MADISON,HAIL,0.0,0.0,0,0,201973,1254938,Amateur Radio
2025-04-02 17:16:00,2025-04-02 17:16:00,ROBERTSON,HAIL,0.0,0.0,0,0,199614,1235078,Social Media
2025-04-02 17:21:00,2025-04-02 17:21:00,ROBERTSON,HAIL,0.0,0.0,0,0,199614,1235080,Public
2025-04-02 17:27:00,2025-04-02 17:27:00,ROBERTSON,HAIL,0.0,0.0,0,0,199614,1235082,Social Media
2025-04-02 17:46:00,2025-04-02 17:46:00,ROBERTSON,HAIL,0.0,0.0,0,0,199614,1235083,Social Media
2025-04-02 17:46:00,2025-04-02 17:51:00,SHELBY,HAIL,0.0,0.0,0,0,201973,1254940,Amateur Radio
2025-04-02 17:58:00,2025-04-02 18:03:00,TIPTON,HAIL,0.0,0.0,0,0,201973,1254966,Public
2025-04-02 18:35:00,2025-04-02 18:40:00,GIBSON,HAIL,0.0,0.0,0,0,201973,1254948,Public
2025-04-02 18:38:00,2025-04-02 18:42:00,OBION,HAIL,0.0,0.0,0,0,201973,1254947,Public
2025-04-02 18:42:00,2025-04-02 18:47:00,WEAKLEY,HAIL,0.0,0.0,0,0,201973,1254946,Broadcast Media
2025-04-02 19:15:00,2025-04-02 19:20:00,DYER,THUNDERSTORM WIND,0.0,0.0,0,0,201973,1254968,Trained Spotter
2025-04-02 19:15:00,2025-04-02 19:21:00,DYER,TORNADO,1900000.0,0.0,0,0,201973,1283644,Emergency Manager
2025-04-02 19:30:00,2025-04-02 19:35:00,OBION,THUNDERSTORM WIND,0.0,0.0,1,0,201973,1254956,Emergency Manager
2025-04-02 19:32:00,2025-04-02 19:37:00,DYER,THUNDERSTORM WIND,4000.0,0.0,0,0,201973,1254950,Storm Chaser
2025-04-02 19:34:00,2025-04-02 19:36:00,GIBSON,THUNDERSTORM WIND,5000.0,0.0,0,0,201973,1258224,NWS Storm Survey
2025-04-02 19:34:00,2025-04-02 19:36:00,OBION,THUNDERSTORM WIND,25000.0,0.0,0,0,201973,1258235,NWS Storm Survey
2025-04-02 19:35:00,2025-04-02 19:40:00,GIBSON,TORNADO,75000.0,0.0,0,0,201973,1254961,NWS Storm Survey
2025-04-02 19:36:00,2025-04-02 19:41:00,GIBSON,THUNDERSTORM WIND,3000.0,0.0,0,0,201973,1254949,Emergency Manager
2025-04-02 19:40:00,2025-04-02 19:42:00,OBION,THUNDERSTORM WIND,20000.0,0.0,0,0,201973,1258228,NWS Storm Survey
2025-04-02 19:40:00,2025-04-02 19:46:00,OBION,TORNADO,250000.0,0.0,0,0,201973,1256959,NWS Storm Survey
2025-04-02 19:52:00,2025-04-02 19:57:00,WEAKLEY,THUNDERSTORM WIND,5000.0,0.0,0,0,201973,1254951,Emergency Manager
2025-04-02 19:56:00,2025-04-02 20:01:00,SHELBY,THUNDERSTORM WIND,3000.0,0.0,0,0,201973,1254970,Public
2025-04-02 20:00:00,2025-04-02 20:12:00,WEAKLEY,TORNADO,250000.0,0.0,0,0,201973,1254960,NWS Storm Survey
2025-04-02 20:10:00,2025-04-02 20:12:00,WEAKLEY,THUNDERSTORM WIND,15000.0,0.0,0,0,201973,1258238,NWS Storm Survey
2025-04-02 20:12:00,2025-04-02 20:17:00,WEAKLEY,HAIL,0.0,0.0,0,0,201973,1254955,Public
2025-04-02 20:17:00,2025-04-02 20:20:00,WEAKLEY,TORNADO,25000.0,0.0,0,0,201973,1256960,NWS Storm Survey
2025-04-02 20:26:00,2025-04-02 20:31:00,TIPTON,HAIL,0.0,0.0,0,0,201973,1254954,Public
2025-04-02 20:27:00,2025-04-02 21:27:00,SHELBY,FLASH FLOOD,0.0,0.0,0,0,201973,1254913,Broadcast Media
2025-04-02 20:30:00,2025-04-02 21:30:00,TIPTON,FLASH FLOOD,5000.0,0.0,1,0,201973,1289528,Emergency Manager
2025-04-02 20:39:00,2025-04-02 20:44:00,CROCKETT,THUNDERSTORM WIND,5000.0,0.0,0,0,201973,1254957,Emergency Manager
2025-04-02 20:57:00,2025-04-02 21:02:00,SHELBY,HAIL,0.0,0.0,0,0,201973,1254952,Broadcast Media
2025-04-02 21:23:00,2025-04-02 21:28:00,HENRY,THUNDERSTORM WIND,0.0,0.0,0,0,201973,1254962,State Official
2025-04-02 21:24:00,2025-04-02 21:29:00,HENRY,THUNDERSTORM WIND,0.0,0.0,0,0,201973,1254963,State Official
2025-04-02 21:26:00,2025-04-02 21:31:00,HENRY,THUNDERSTORM WIND,0.0,0.0,0,0,201973,1254964,State Official
2025-04-02 21:53:00,2025-04-02 21:58:00,FAYETTE,HAIL,0.0,0.0,0,0,201973,1254959,Emergency Manager
2025-04-02 22:08:00,2025-04-02 23:08:00,SHELBY,FLASH FLOOD,0.0,0.0,0,0,201973,1254914,NWS Employee
2025-04-02 22:15:00,2025-04-02 22:20:00,HARDEMAN,THUNDERSTORM WIND,0.0,0.0,0,0,201973,1254958,Trained Spotter
2025-04-02 22:24:00,2025-04-02 22:29:00,BENTON,THUNDERSTORM WIND,0.0,0.0,0,0,201973,1254967,Trained Spotter
2025-04-02 22:40:00,2025-04-02 22:40:00,HUMPHREYS,THUNDERSTORM WIND,25000.0,0.0,0,0,199614,1235137,Emergency Manager
2025-04-02 22:43:00,2025-04-02 22:43:00,HOUSTON,THUNDERSTORM WIND,10000.0,0.0,0,0,199614,1235085,Public
2025-04-02 22:50:00,2025-04-02 22:50:00,HUMPHREYS,THUNDERSTORM WIND,25000.0,0.0,0,0,199614,1235140,Emergency Manager
2025-04-02 22:50:00,2025-04-02 22:50:00,HUMPHREYS,THUNDERSTORM WIND,25000.0,0.0,0,0,199614,1235141,Emergency Manager
2025-04-02 22:57:00,2025-04-02 22:57:00,MONTGOMERY,THUNDERSTORM WIND,10000.0,0.0,0,0,199614,1235086,Social Media
2025-04-02 23:09:00,2025-04-02 23:09:00,MONTGOMERY,THUNDERSTORM WIND,20000.0,0.0,0,0,199614,1235087,Amateur Radio
2025-04-02 23:14:00,2025-04-02 23:23:00,HARDEMAN,TORNADO,125000.0,0.0,0,0,201973,1256961,NWS Storm Survey
2025-04-02 23:24:00,2025-04-02 23:34:00,HARDEMAN,HAIL,5000.0,0.0,0,0,201973,1254965,Public
2025-04-02 23:34:00,2025-04-02 23:40:00,MCNAIRY,THUNDERSTORM WIND,10000.0,0.0,0,0,201973,1258243,NWS Storm Survey
2025-04-02 23:34:00,2025-04-03 00:01:00,MCNAIRY,TORNADO,11000000.0,0.0,5,14,201973,1256962,NWS Storm Survey
2025-04-03 00:00:00,2025-04-03 05:00:00,HOUSTON,FLASH FLOOD,0.0,0.0,0,0,199614,1235381,Emergency Manager
2025-04-03 00:00:00,2025-04-03 05:00:00,HUMPHREYS,FLASH FLOOD,0.0,0.0,0,0,199614,1235392,Emergency Manager
2025-04-03 00:00:00,2025-04-03 05:00:00,MONTGOMERY,FLASH FLOOD,0.0,0.0,0,0,199614,1235403,Emergency Manager
2025-04-03 00:00:00,2025-04-03 05:00:00,STEWART,FLASH FLOOD,0.0,0.0,0,0,199614,1235375,Emergency Manager
2025-04-03 00:01:00,2025-04-03 00:07:00,HARDIN,TORNADO,75000.0,0.0,0,0,201973,1256963,NWS Storm Survey
2025-04-03 00:19:00,2025-04-03 00:19:00,DICKSON,HAIL,0.0,0.0,0,0,199614,1235089,Fire Department/Rescue
2025-04-03 00:32:00,2025-04-03 00:38:00,FAYETTE,TORNADO,100000.0,0.0,2,3,201973,1256964,NWS Storm Survey
2025-04-03 00:35:00,2025-04-03 00:37:00,FAYETTE,THUNDERSTORM WIND,3000.0,0.0,0,0,201973,1258246,NWS Storm Survey
2025-04-03 00:38:00,2025-04-03 01:02:00,HARDEMAN,TORNADO,2000000.0,0.0,0,0,201973,1256965,NWS Storm Survey
2025-04-03 01:00:00,2025-04-03 02:00:00,HENRY,FLASH FLOOD,3000.0,0.0,0,0,201973,1255355,Public
2025-04-03 01:00:00,2025-04-03 06:00:00,HOUSTON,FLASH FLOOD,0.0,0.0,0,0,199614,1235385,Emergency Manager
2025-04-03 01:00:00,2025-04-03 06:00:00,HUMPHREYS,FLASH FLOOD,0.0,0.0,0,0,199614,1235393,Emergency Manager
2025-04-03 01:00:00,2025-04-03 06:00:00,MONTGOMERY,FLASH FLOOD,0.0,0.0,0,0,199614,1235404,Emergency Manager
2025-04-03 01:03:00,2025-04-03 01:08:00,HARDEMAN,HAIL,0.0,0.0,0,0,201973,1255369,Public
2025-04-03 01:33:00,2025-04-03 01:33:00,WILLIAMSON,HAIL,0.0,0.0,0,0,199614,1235119,Social Media
2025-04-03 01:48:00,2025-04-03 01:48:00,DAVIDSON,LIGHTNING,0.0,0.0,0,1,199614,1252345,Broadcast Media
2025-04-03 02:00:00,2025-04-03 10:00:00,HICKMAN,FLASH FLOOD,0.0,0.0,0,0,199614,1235416,Emergency Manager
2025-04-03 02:00:00,2025-04-03 08:00:00,HUMPHREYS,FLASH FLOOD,0.0,0.0,0,0,199614,1235395,Emergency Manager
2025-04-03 02:00:00,2025-04-03 10:00:00,PERRY,FLASH FLOOD,0.0,0.0,0,0,199614,1235398,Emergency Manager
2025-04-03 02:02:00,2025-04-03 02:02:00,DAVIDSON,THUNDERSTORM WIND,25000.0,0.0,0,0,199614,1235120,Social Media
2025-04-03 02:19:00,2025-04-03 02:19:00,WILSON,HAIL,0.0,0.0,0,0,199614,1235121,Social Media
2025-04-03 02:24:00,2025-04-03 02:24:00,WILSON,HAIL,0.0,0.0,0,0,199614,1235122,Social Media
2025-04-03 02:30:00,2025-04-04 00:00:00,DICKSON,FLASH FLOOD,0.0,0.0,0,0,199614,1235409,Emergency Manager
2025-04-03 02:31:00,2025-04-03 02:36:00,HARDIN,THUNDERSTORM WIND,0.0,0.0,0,0,201973,1255370,Emergency Manager
2025-04-03 02:37:00,2025-04-03 02:37:00,WILLIAMSON,THUNDERSTORM WIND,0.0,0.0,0,0,199614,1235090,Amateur Radio
2025-04-03 02:44:00,2025-04-03 02:44:00,WILLIAMSON,HAIL,0.0,0.0,0,0,199614,1235092,Social Media
2025-04-03 02:46:00,2025-04-03 02:46:00,DAVIDSON,HAIL,0.0,0.0,0,0,199614,1235095,Social Media
2025-04-03 03:00:00,2025-04-03 11:00:00,DAVIDSON,FLASH FLOOD,0.0,0.0,0,0,199614,1235470,Emergency Manager
2025-04-03 03:00:00,2025-04-04 00:00:00,SUMNER,FLASH FLOOD,0.0,0.0,0,0,199614,1235468,Emergency Manager
2025-04-03 03:00:00,2025-04-03 11:00:00,WILLIAMSON,FLASH FLOOD,0.0,0.0,0,0,199614,1235474,Emergency Manager
2025-04-03 03:18:00,2025-04-03 03:18:00,WILSON,HAIL,0.0,0.0,0,0,199614,1235097,Public
2025-04-03 03:24:00,2025-04-03 03:24:00,LEWIS,THUNDERSTORM WIND,30000.0,0.0,0,0,199614,1235096,Emergency Manager
2025-04-03 03:28:00,2025-04-03 03:28:00,WILLIAMSON,HAIL,0.0,0.0,0,0,199614,1235124,Social Media
2025-04-03 03:28:00,2025-04-03 03:28:00,WILLIAMSON,THUNDERSTORM WIND,25000.0,0.0,0,0,199614,1235123,Social Media
2025-04-03 03:34:00,2025-04-03 03:34:00,WILLIAMSON,HAIL,0.0,0.0,0,0,199614,1235126,Public
2025-04-03 03:36:00,2025-04-03 03:36:00,WILLIAMSON,HAIL,0.0,0.0,0,0,199614,1235125,Social Media
2025-04-03 03:40:00,2025-04-03 03:40:00,WILLIAMSON,HAIL,0.0,0.0,0,0,199614,1235127,Public
2025-04-03 03:46:00,2025-04-03 04:46:00,DECATUR,FLASH FLOOD,0.0,0.0,0,0,201973,1255356,Emergency Manager
2025-04-03 03:53:00,2025-04-03 03:53:00,MAURY,THUNDERSTORM WIND,10000.0,0.0,0,0,199614,1235099,Emergency Manager
2025-04-03 04:00:00,2025-04-03 11:00:00,DAVIDSON,FLASH FLOOD,0.0,0.0,0,0,199614,1235471,Emergency Manager
2025-04-03 04:00:00,2025-04-03 11:00:00,WILSON,FLASH FLOOD,0.0,0.0,0,0,199614,1235477,Emergency Manager
2025-04-03 04:08:00,2025-04-03 05:08:00,HENRY,FLASH FLOOD,10000.0,0.0,0,0,201973,1267038,911 Call Center
2025-04-03 04:51:00,2025-04-03 04:51:00,WILLIAMSON,THUNDERSTORM WIND,25000.0,0.0,0,0,199614,1235101,Social Media
2025-04-03 05:00:00,2025-04-03 10:30:00,MAURY,FLASH FLOOD,0.0,0.0,0,0,199614,1235783,Emergency Manager
2025-04-03 05:00:00,2025-04-03 10:00:00,PERRY,FLASH FLOOD,0.0,0.0,0,0,199614,1235399,Emergency Manager
2025-04-03 05:00:00,2025-04-03 21:30:00,TROUSDALE,FLASH FLOOD,0.0,0.0,0,0,199614,1235796,Emergency Manager
2025-04-03 05:00:00,2025-04-03 10:30:00,WILLIAMSON,FLASH FLOOD,0.0,0.0,0,0,199614,1235475,Emergency Manager
2025-04-03 05:00:00,2025-04-03 10:30:00,WILSON,FLASH FLOOD,0.0,0.0,0,0,199614,1235478,Emergency Manager
2025-04-03 05:10:00,2025-04-03 05:10:00,MAURY,HAIL,0.0,0.0,0,0,199614,1235102,Social Media
2025-04-03 07:12:00,2025-04-03 07:12:00,SCOTT,THUNDERSTORM WIND,0.0,0.0,0,0,201393,1250523,Public
2025-04-03 07:15:00,2025-04-04 00:30:00,HICKMAN,FLOOD,0.0,0.0,0,0,199614,1234503,River/Stream Gage
2025-04-03 07:45:00,2025-04-03 10:40:00,DAVIDSON,FLOOD,0.0,0.0,0,0,199614,1234505,River/Stream Gage
2025-04-03 07:45:00,2025-04-03 10:40:00,WILLIAMSON,FLOOD,0.0,0.0,0,0,199614,1234506,River/Stream Gage
2025-04-03 08:36:00,2025-04-03 08:52:00,WILSON,TORNADO,250000.0,0.0,0,0,199614,1235134,NWS Storm Survey
2025-04-03 09:15:00,2025-04-03 12:45:00,DAVIDSON,FLOOD,0.0,0.0,0,0,199614,1234554,River/Stream Gage
2025-04-03 09:15:00,2025-04-03 12:45:00,WILLIAMSON,FLOOD,0.0,0.0,0,0,199614,1234556,River/Stream Gage
2025-04-03 10:00:00,2025-04-04 07:30:00,CHEATHAM,FLOOD,0.0,0.0,0,0,199614,1234509,River/Stream Gage
2025-04-03 10:00:00,2025-04-04 07:30:00,HICKMAN,FLOOD,0.0,0.0,0,0,199614,1234512,River/Stream Gage
2025-04-03 11:00:00,2025-04-04 00:00:00,DAVIDSON,FLASH FLOOD,0.0,0.0,0,0,199614,1235472,Emergency Manager
2025-04-03 11:00:00,2025-04-04 00:00:00,WILLIAMSON,FLASH FLOOD,0.0,0.0,0,0,199614,1235476,Emergency Manager
2025-04-03 12:00:00,2025-04-04 09:00:00,CHEATHAM,FLASH FLOOD,0.0,0.0,0,0,199614,1235449,Emergency Manager
2025-04-03 12:00:00,2025-04-04 02:00:00,CHEATHAM,FLASH FLOOD,0.0,0.0,0,0,199614,1235456,Emergency Manager
2025-04-03 12:00:00,2025-04-04 02:30:00,DICKSON,FLASH FLOOD,0.0,0.0,0,0,199614,1235412,Emergency Manager
2025-04-03 12:00:00,2025-04-04 06:00:00,HOUSTON,FLASH FLOOD,0.0,0.0,0,0,199614,1235390,Emergency Manager
2025-04-03 12:00:00,2025-04-04 06:00:00,HUMPHREYS,FLASH FLOOD,0.0,0.0,0,0,199614,1235396,Emergency Manager
2025-04-03 12:00:00,2025-04-04 06:00:00,MONTGOMERY,FLASH FLOOD,0.0,0.0,0,0,199614,1235405,Emergency Manager
2025-04-03 12:00:00,2025-04-04 02:00:00,ROBERTSON,FLASH FLOOD,0.0,0.0,0,0,199614,1235426,Emergency Manager
2025-04-03 12:00:00,2025-04-04 06:00:00,STEWART,FLASH FLOOD,0.0,0.0,0,0,199614,1235376,Emergency Manager
2025-04-03 13:10:00,2025-04-03 13:15:00,SHELBY,THUNDERSTORM WIND,5000.0,0.0,0,0,201973,1255374,Public
2025-04-03 13:12:00,2025-04-03 13:12:00,PERRY,THUNDERSTORM WIND,10000.0,0.0,0,0,199614,1235104,Social Media
2025-04-03 13:19:00,2025-04-03 13:24:00,SHELBY,THUNDERSTORM WIND,0.0,0.0,0,0,201973,1255373,Public
2025-04-03 13:29:00,2025-04-03 14:29:00,SHELBY,FLASH FLOOD,0.0,0.0,0,0,201973,1255357,Public
2025-04-03 13:30:00,2025-04-03 14:30:00,SHELBY,FLASH FLOOD,0.0,0.0,0,0,201973,1255358,Public
2025-04-03 13:30:00,2025-04-03 13:35:00,SHELBY,HAIL,0.0,0.0,0,0,201973,1255368,Public
2025-04-03 13:48:00,2025-04-03 13:48:00,PERRY,HAIL,0.0,0.0,0,0,199614,1235106,Social Media
2025-04-03 13:54:00,2025-04-03 13:54:00,LEWIS,HAIL,0.0,0.0,0,0,199614,1235107,Social Media
2025-04-03 13:59:00,2025-04-03 14:59:00,SHELBY,FLASH FLOOD,0.0,0.0,0,0,201973,1255359,Amateur Radio
2025-04-03 14:00:00,2025-04-03 19:00:00,HICKMAN,FLASH FLOOD,0.0,0.0,0,0,199614,1235418,Emergency Manager
2025-04-03 14:00:00,2025-04-03 22:30:00,HUMPHREYS,FLASH FLOOD,0.0,0.0,0,0,199614,1235397,Emergency Manager
2025-04-03 14:00:00,2025-04-03 22:30:00,PERRY,FLASH FLOOD,0.0,0.0,0,0,199614,1235400,Emergency Manager
2025-04-03 14:10:00,2025-04-03 15:10:00,SHELBY,FLASH FLOOD,0.0,0.0,0,0,201973,1255360,NWS Employee
2025-04-03 14:16:00,2025-04-03 15:16:00,SHELBY,FLASH FLOOD,0.0,0.0,0,0,201973,1255361,Public
2025-04-03 14:24:00,2025-04-03 14:24:00,HICKMAN,HAIL,0.0,0.0,0,0,199614,1235109,Social Media
2025-04-03 14:30:00,2025-04-03 14:30:00,MAURY,HAIL,0.0,0.0,0,0,199614,1235110,Social Media
2025-04-03 14:30:00,2025-04-03 14:30:00,MAURY,HAIL,0.0,0.0,0,0,199614,1235111,Social Media
2025-04-03 14:30:00,2025-04-03 14:30:00,MAURY,HAIL,0.0,0.0,0,0,199614,1235112,Social Media
2025-04-03 14:35:00,2025-04-03 14:35:00,MAURY,HAIL,0.0,0.0,0,0,199614,1235113,Social Media
2025-04-03 14:36:00,2025-04-03 14:36:00,MAURY,HAIL,0.0,0.0,0,0,199614,1235114,Social Media
2025-04-03 14:51:00,2025-04-03 15:51:00,SHELBY,FLASH FLOOD,0.0,0.0,0,0,201973,1255362,Amateur Radio
2025-04-03 15:00:00,2025-04-03 15:00:00,WILLIAMSON,HAIL,0.0,0.0,0,0,199614,1235115,Social Media
2025-04-03 15:10:00,2025-04-03 16:10:00,MADISON,FLASH FLOOD,0.0,0.0,0,0,201973,1255363,Public
2025-04-03 15:17:00,2025-04-03 15:18:00,MADISON,THUNDERSTORM WIND,10000.0,0.0,0,0,201973,1258208,NWS Storm Survey
2025-04-03 15:18:00,2025-04-03 15:23:00,MCNAIRY,THUNDERSTORM WIND,5000.0,0.0,0,0,201973,1255376,Public
2025-04-03 15:42:00,2025-04-03 15:42:00,MAURY,HAIL,0.0,0.0,0,0,199614,1235116,Social Media
2025-04-03 16:01:00,2025-04-03 16:06:00,HARDIN,THUNDERSTORM WIND,5000.0,0.0,0,0,201973,1255371,Emergency Manager
2025-04-03 16:06:00,2025-04-03 16:08:00,HARDIN,TORNADO,20000.0,0.0,0,0,201973,1256974,NWS Storm Survey
2025-04-03 16:20:00,2025-04-03 16:20:00,PERRY,THUNDERSTORM WIND,50000.0,0.0,0,0,199614,1235118,Social Media
2025-04-03 16:22:00,2025-04-03 16:22:00,PERRY,THUNDERSTORM WIND,15000.0,0.0,0,0,199614,1235117,Social Media
2025-04-03 16:35:00,2025-04-03 16:35:00,WAYNE,THUNDERSTORM WIND,10000.0,0.0,0,0,199614,1235146,Emergency Manager
2025-04-03 16:45:00,2025-04-04 14:00:00,HUMPHREYS,FLOOD,0.0,0.0,0,0,199614,1234557,River/Stream Gage
2025-04-03 16:45:00,2025-04-04 14:00:00,PERRY,FLOOD,0.0,0.0,0,0,199614,1234558,River/Stream Gage
2025-04-03 16:57:00,2025-04-03 16:58:00,LAWRENCE,TORNADO,0.0,0.0,0,0,199614,1235135,Emergency Manager
2025-04-03 17:00:00,2025-04-07 22:00:00,MONTGOMERY,FLOOD,0.0,0.0,0,0,199614,1234547,River/Stream Gage
2025-04-03 17:00:00,2025-04-03 22:30:00,PERRY,FLASH FLOOD,0.0,0.0,0,0,199614,1235402,Emergency Manager
2025-04-03 17:00:00,2025-04-07 22:00:00,ROBERTSON,FLOOD,0.0,0.0,0,0,199614,1234549,River/Stream Gage
2025-04-03 17:06:00,2025-04-03 17:06:00,LAWRENCE,THUNDERSTORM WIND,10000.0,0.0,0,0,199614,1235128,Emergency Manager
2025-04-03 18:50:00,2025-04-03 18:55:00,LAUDERDALE,THUNDERSTORM WIND,0.0,0.0,0,0,201973,1255377,Law Enforcement
2025-04-03 19:39:00,2025-04-03 19:44:00,MADISON,HAIL,0.0,0.0,0,0,201973,1255364,Amateur Radio
2025-04-03 19:40:00,2025-04-03 19:45:00,MADISON,THUNDERSTORM WIND,0.0,0.0,0,0,201973,1255372,Public
2025-04-03 19:40:00,2025-04-03 19:45:00,MADISON,THUNDERSTORM WIND,5000.0,0.0,0,0,201973,1255378,Broadcast Media
2025-04-03 19:45:00,2025-04-04 19:00:00,HUMPHREYS,FLOOD,0.0,0.0,0,0,199614,1234561,River/Stream Gage
2025-04-03 19:49:00,2025-04-03 19:54:00,MADISON,HAIL,0.0,0.0,0,0,201973,1255365,Public
2025-04-03 19:50:00,2025-04-03 19:55:00,MADISON,THUNDERSTORM WIND,0.0,0.0,0,0,201973,1255375,Public
2025-04-03 20:04:00,2025-04-03 20:09:00,HENDERSON,THUNDERSTORM WIND,2000.0,0.0,0,0,201973,1255379,Public
2025-04-03 20:05:00,2025-04-03 20:10:00,HENDERSON,THUNDERSTORM WIND,0.0,0.0,0,0,201973,1255380,Public
2025-04-03 20:13:00,2025-04-03 20:18:00,LAKE,HAIL,0.0,0.0,0,0,201973,1255366,Fire Department/Rescue
2025-04-03 20:25:00,2025-04-03 20:30:00,BENTON,HAIL,0.0,0.0,0,0,201973,1255367,Trained Spotter
2025-04-03 23:00:00,2025-04-08 07:00:00,MONTGOMERY,FLOOD,0.0,0.0,0,0,199614,1234551,River/Stream Gage
2025-04-04 13:06:00,2025-04-04 13:09:00,DYER,THUNDERSTORM WIND,10000.0,0.0,0,0,205503,1282475,Social Media
2025-04-04 15:41:00,2025-04-04 15:41:00,SCOTT,HAIL,0.0,0.0,0,0,201394,1250527,Public
2025-04-05 02:06:00,2025-04-05 02:07:00,LAUDERDALE,TORNADO,5000.0,0.0,0,0,202201,1257441,NWS Storm Survey
2025-04-05 02:11:00,2025-04-05 02:21:00,LAUDERDALE,TORNADO,15000.0,0.0,0,0,202201,1257442,NWS Storm Survey
2025-04-05 02:13:00,2025-04-05 02:15:00,LAUDERDALE,THUNDERSTORM WIND,10000.0,0.0,0,0,202201,1257443,NWS Storm Survey
2025-04-05 02:18:00,2025-04-05 02:20:00,LAUDERDALE,THUNDERSTORM WIND,5000.0,0.0,0,0,202201,1257444,NWS Storm Survey
2025-04-05 02:22:00,2025-04-05 02:26:00,LAUDERDALE,TORNADO,10000.0,0.0,0,0,202201,1257447,NWS Storm Survey
2025-04-05 02:23:00,2025-04-05 02:25:00,LAUDERDALE,THUNDERSTORM WIND,2000.0,0.0,0,0,202201,1257446,NWS Storm Survey
2025-04-05 02:35:00,2025-04-05 02:43:00,LAUDERDALE,TORNADO,150000.0,0.0,0,0,202201,1257449,NWS Storm Survey
2025-04-05 02:35:00,2025-04-05 02:38:00,LAUDERDALE,TORNADO,10000.0,0.0,0,0,202201,1257457,NWS Storm Survey
2025-04-05 02:38:00,2025-04-05 02:40:00,LAUDERDALE,THUNDERSTORM WIND,8000.0,0.0,0,0,202201,1257452,NWS Storm Survey
2025-04-05 02:38:00,2025-04-05 02:40:00,LAUDERDALE,THUNDERSTORM WIND,20000.0,0.0,0,0,202201,1257450,NWS Storm Survey
2025-04-05 02:38:00,2025-04-05 02:40:00,LAUDERDALE,THUNDERSTORM WIND,8000.0,0.0,0,0,202201,1257451,NWS Storm Survey
2025-04-05 02:40:00,2025-04-05 02:42:00,LAUDERDALE,THUNDERSTORM WIND,5000.0,0.0,0,0,202201,1257453,NWS Storm Survey
2025-04-05 02:41:00,2025-04-05 02:43:00,LAUDERDALE,THUNDERSTORM WIND,5000.0,0.0,0,0,202201,1257455,NWS Storm Survey
2025-04-05 02:41:00,2025-04-05 02:43:00,LAUDERDALE,THUNDERSTORM WIND,10000.0,0.0,0,0,202201,1257456,NWS Storm Survey
2025-04-05 02:45:00,2025-04-05 02:50:00,CROCKETT,THUNDERSTORM WIND,15000.0,0.0,0,0,202201,1257458,NWS Storm Survey
2025-04-05 02:49:00,2025-04-05 02:56:00,CROCKETT,TORNADO,10000.0,0.0,0,0,202201,1257459,NWS Storm Survey
2025-04-05 04:10:00,2025-04-05 04:15:00,HENRY,THUNDERSTORM WIND,1000.0,0.0,0,0,202201,1257467,Emergency Manager
2025-04-05 04:15:00,2025-04-05 04:20:00,HENRY,THUNDERSTORM WIND,15000.0,0.0,0,0,202201,1257464,Trained Spotter
2025-04-05 04:15:00,2025-04-05 04:20:00,HENRY,THUNDERSTORM WIND,40000.0,0.0,0,0,202201,1257468,Emergency Manager
2025-04-05 04:15:00,2025-04-05 04:20:00,HENRY,THUNDERSTORM WIND,1000.0,0.0,0,0,202201,1257466,Emergency Manager
2025-04-05 04:16:00,2025-04-05 04:20:00,HENRY,TORNADO,15000.0,0.0,0,0,202201,1257461,NWS Storm Survey
2025-04-05 04:18:00,2025-04-05 04:23:00,BENTON,THUNDERSTORM WIND,10000.0,0.0,0,0,202201,1257463,Emergency Manager
2025-04-05 04:20:00,2025-04-05 04:25:00,HENRY,THUNDERSTORM WIND,0.0,0.0,0,0,202201,1257474,Public
2025-04-05 04:37:00,2025-04-05 04:43:00,BENTON,TORNADO,5000.0,0.0,0,0,202201,1257462,NWS Storm Survey
2025-04-05 06:45:00,2025-04-05 09:45:00,HAYWOOD,FLASH FLOOD,0.0,0.0,0,0,202201,1257424,Public
2025-04-05 09:00:00,2025-04-05 13:00:00,CHEATHAM,FLASH FLOOD,0.0,0.0,0,0,199614,1235459,Emergency Manager
2025-04-05 09:00:00,2025-04-06 10:00:00,DAVIDSON,FLASH FLOOD,0.0,0.0,0,0,199614,1235473,Emergency Manager
2025-04-05 09:00:00,2025-04-06 13:00:00,MONTGOMERY,FLASH FLOOD,0.0,0.0,0,0,199614,1235406,Emergency Manager
2025-04-05 09:00:00,2025-04-05 13:00:00,ROBERTSON,FLASH FLOOD,0.0,0.0,0,0,199614,1235429,Emergency Manager
2025-04-05 09:00:00,2025-04-06 10:00:00,SUMNER,FLASH FLOOD,0.0,0.0,0,0,199614,1235469,Emergency Manager
2025-04-05 09:28:00,2025-04-05 11:28:00,CARROLL,FLASH FLOOD,15000.0,0.0,0,0,202201,1257426,Emergency Manager
2025-04-05 09:28:00,2025-04-05 11:28:00,CARROLL,FLASH FLOOD,15000.0,0.0,0,0,202201,1257427,Emergency Manager
2025-04-05 09:28:00,2025-04-05 11:28:00,CARROLL,FLASH FLOOD,15000.0,0.0,0,0,202201,1257428,Emergency Manager
2025-04-05 09:28:00,2025-04-05 11:28:00,CARROLL,FLASH FLOOD,15000.0,0.0,0,0,202201,1257425,Emergency Manager
2025-04-05 09:30:00,2025-04-05 09:45:00,TIPTON,FLASH FLOOD,15000.0,0.0,0,0,202201,1257429,Public
2025-04-05 12:15:00,2025-04-05 12:20:00,CROCKETT,THUNDERSTORM WIND,8000.0,0.0,0,0,202201,1257472,Public
2025-04-05 12:56:00,2025-04-05 13:01:00,MADISON,THUNDERSTORM WIND,15000.0,0.0,0,0,202201,1257473,Public
2025-04-05 13:00:00,2025-04-05 17:00:00,CROCKETT,FLASH FLOOD,0.0,0.0,0,0,202201,1257430,Public
2025-04-05 13:10:00,2025-04-05 13:15:00,LAUDERDALE,THUNDERSTORM WIND,2500.0,0.0,0,0,202201,1257448,NWS Storm Survey
2025-04-05 13:25:00,2025-04-05 13:30:00,DYER,THUNDERSTORM WIND,3000.0,0.0,0,0,202201,1257471,Park/Forest Service
2025-04-05 13:30:00,2025-04-05 13:35:00,HAYWOOD,THUNDERSTORM WIND,40000.0,0.0,0,0,202201,1257475,Emergency Manager
2025-04-05 13:35:00,2025-04-05 17:35:00,DYER,FLASH FLOOD,0.0,0.0,0,0,202201,1257431,Public
2025-04-05 13:40:00,2025-04-05 13:45:00,CROCKETT,THUNDERSTORM WIND,20000.0,0.0,0,0,202201,1257476,Emergency Manager
2025-04-05 13:40:00,2025-04-05 17:40:00,HENRY,FLASH FLOOD,0.0,0.0,0,0,202201,1257432,Public
2025-04-05 13:40:00,2025-04-05 15:40:00,TIPTON,FLASH FLOOD,0.0,0.0,0,0,202201,1257433,Public
2025-04-05 13:41:00,2025-04-05 16:41:00,SHELBY,FLASH FLOOD,0.0,0.0,0,0,202201,1257434,Broadcast Media
2025-04-05 13:49:00,2025-04-05 17:49:00,WEAKLEY,FLASH FLOOD,0.0,0.0,0,0,202201,1257435,Public
2025-04-05 14:04:00,2025-04-05 14:09:00,GIBSON,HAIL,0.0,0.0,0,0,202201,1257440,Public
2025-04-05 14:08:00,2025-04-05 14:13:00,MADISON,THUNDERSTORM WIND,1000.0,0.0,0,0,202201,1257469,Broadcast Media
2025-04-05 14:35:00,2025-04-05 14:40:00,DECATUR,THUNDERSTORM WIND,10000.0,0.0,0,0,202201,1257470,Trained Spotter
2025-04-05 14:40:00,2025-04-05 14:45:00,HENRY,THUNDERSTORM WIND,15000.0,0.0,0,0,202201,1257477,Public
2025-04-05 14:40:00,2025-04-05 18:40:00,SHELBY,FLASH FLOOD,20000.0,0.0,0,0,202201,1257436,Public
2025-04-05 14:49:00,2025-04-05 14:51:00,HUMPHREYS,TORNADO,250000.0,0.0,0,0,199614,1235234,NWS Storm Survey
2025-04-05 14:50:00,2025-04-05 14:50:00,HUMPHREYS,THUNDERSTORM WIND,10000.0,0.0,0,0,199614,1235161,Public
2025-04-05 14:50:00,2025-04-05 14:50:00,HUMPHREYS,THUNDERSTORM WIND,25000.0,0.0,0,0,199614,1235162,Public
2025-04-05 14:56:00,2025-04-05 14:56:00,HUMPHREYS,THUNDERSTORM WIND,20000.0,0.0,0,0,199614,1235163,Public
2025-04-05 15:15:00,2025-04-05 15:15:00,DICKSON,THUNDERSTORM WIND,25000.0,0.0,0,0,199614,1235164,NWS Storm Survey
2025-04-05 15:15:00,2025-04-05 15:16:00,DICKSON,TORNADO,250000.0,0.0,0,0,199614,1235235,NWS Storm Survey
2025-04-05 15:16:00,2025-04-05 15:16:00,DICKSON,THUNDERSTORM WIND,10000.0,0.0,0,0,199614,1235165,Public
2025-04-05 15:30:00,2025-04-05 18:30:00,BENTON,FLASH FLOOD,0.0,0.0,0,0,202201,1257437,Trained Spotter
2025-04-05 15:30:00,2025-04-05 15:30:00,WILLIAMSON,THUNDERSTORM WIND,25000.0,0.0,0,0,199614,1235180,Social Media
2025-04-05 15:31:00,2025-04-05 15:31:00,CHEATHAM,THUNDERSTORM WIND,100000.0,0.0,0,0,199614,1235183,Social Media
2025-04-05 15:31:00,2025-04-05 15:31:00,CHEATHAM,THUNDERSTORM WIND,25000.0,0.0,0,0,199614,1235184,Social Media
2025-04-05 15:40:00,2025-04-05 15:40:00,CHEATHAM,THUNDERSTORM WIND,15000.0,0.0,0,0,199614,1235185,Social Media
2025-04-05 15:42:00,2025-04-05 15:42:00,ROBERTSON,THUNDERSTORM WIND,0.0,0.0,0,0,199614,1235204,Emergency Manager
2025-04-05 15:45:00,2025-04-05 15:45:00,WILLIAMSON,THUNDERSTORM WIND,10000.0,0.0,0,0,199614,1235186,Social Media
2025-04-05 15:46:00,2025-04-05 15:46:00,DAVIDSON,THUNDERSTORM WIND,5000.0,0.0,0,0,199614,1235187,Social Media
2025-04-05 15:48:00,2025-04-05 15:48:00,DAVIDSON,THUNDERSTORM WIND,2000.0,0.0,0,0,199614,1235188,Social Media
2025-04-05 15:50:00,2025-04-05 15:50:00,CHEATHAM,THUNDERSTORM WIND,2000.0,0.0,0,0,199614,1235189,Social Media
2025-04-05 15:50:00,2025-04-05 15:50:00,DAVIDSON,THUNDERSTORM WIND,20000.0,0.0,0,0,199614,1235190,Social Media
2025-04-05 15:50:00,2025-04-05 15:50:00,DAVIDSON,THUNDERSTORM WIND,10000.0,0.0,0,0,199614,1235191,Social Media
2025-04-05 15:56:00,2025-04-05 15:56:00,DAVIDSON,THUNDERSTORM WIND,2000.0,0.0,0,0,199614,1235192,Social Media
2025-04-05 15:58:00,2025-04-05 15:58:00,DAVIDSON,THUNDERSTORM WIND,2000.0,0.0,0,0,199614,1235193,Social Media
2025-04-05 16:00:00,2025-04-05 16:00:00,DAVIDSON,THUNDERSTORM WIND,25000.0,0.0,0,0,199614,1235195,Social Media
2025-04-05 16:00:00,2025-04-05 16:00:00,DAVIDSON,THUNDERSTORM WIND,5000.0,0.0,0,0,199614,1235197,Social Media
2025-04-05 16:00:00,2025-04-05 16:00:00,DAVIDSON,THUNDERSTORM WIND,25000.0,0.0,0,0,199614,1235198,Social Media
2025-04-05 16:00:00,2025-04-06 10:00:00,HICKMAN,FLASH FLOOD,0.0,0.0,0,0,199614,1235798,Emergency Manager
2025-04-05 16:00:00,2025-04-05 16:00:00,SUMNER,THUNDERSTORM WIND,50000.0,0.0,0,0,199614,1235200,Social Media
2025-04-05 16:00:00,2025-04-05 16:00:00,SUMNER,THUNDERSTORM WIND,10000.0,0.0,0,0,199614,1235205,Social Media
2025-04-05 16:04:00,2025-04-05 16:04:00,SUMNER,THUNDERSTORM WIND,10000.0,0.0,0,0,199614,1235206,Social Media
2025-04-05 16:05:00,2025-04-05 16:05:00,DAVIDSON,THUNDERSTORM WIND,0.0,0.0,0,0,199614,1235199,ASOS
2025-04-05 16:05:00,2025-04-05 16:05:00,SUMNER,THUNDERSTORM WIND,50000.0,0.0,0,0,199614,1235207,Social Media
2025-04-05 16:06:00,2025-04-05 16:06:00,SUMNER,THUNDERSTORM WIND,10000.0,0.0,0,0,199614,1235201,Social Media
2025-04-05 16:07:00,2025-04-05 16:07:00,SUMNER,THUNDERSTORM WIND,15000.0,0.0,0,0,199614,1235208,Social Media
2025-04-05 16:08:00,2025-04-05 16:08:00,SUMNER,THUNDERSTORM WIND,25000.0,0.0,0,0,199614,1235202,Social Media
2025-04-05 16:08:00,2025-04-05 16:08:00,SUMNER,THUNDERSTORM WIND,10000.0,0.0,0,0,199614,1235203,Social Media
2025-04-05 16:08:00,2025-04-05 16:08:00,SUMNER,THUNDERSTORM WIND,10000.0,0.0,0,0,199614,1235209,Social Media
2025-04-05 16:08:00,2025-04-05 16:08:00,SUMNER,THUNDERSTORM WIND,10000.0,0.0,0,0,199614,1235210,Social Media
2025-04-05 16:08:00,2025-04-05 16:08:00,SUMNER,THUNDERSTORM WIND,0.0,0.0,0,0,199614,1235211,Public
2025-04-05 16:10:00,2025-04-05 16:10:00,SUMNER,THUNDERSTORM WIND,10000.0,0.0,0,0,199614,1235212,Social Media
2025-04-05 16:12:00,2025-04-05 16:12:00,SUMNER,THUNDERSTORM WIND,30000.0,0.0,0,0,199614,1235213,Social Media
2025-04-05 16:12:00,2025-04-05 16:12:00,SUMNER,THUNDERSTORM WIND,10000.0,0.0,0,0,199614,1235214,Social Media
2025-04-05 16:15:00,2025-04-05 16:15:00,WILSON,THUNDERSTORM WIND,10000.0,0.0,0,0,199614,1235216,Social Media
2025-04-05 16:16:00,2025-04-05 16:16:00,SUMNER,THUNDERSTORM WIND,10000.0,0.0,0,0,199614,1235218,Social Media
2025-04-05 16:16:00,2025-04-05 16:16:00,SUMNER,THUNDERSTORM WIND,10000.0,0.0,0,0,199614,1235219,Social Media
2025-04-05 16:16:00,2025-04-05 16:16:00,WILSON,THUNDERSTORM WIND,10000.0,0.0,0,0,199614,1235217,Social Media
2025-04-05 16:18:00,2025-04-05 16:18:00,WILSON,THUNDERSTORM WIND,50000.0,0.0,0,0,199614,1235220,Social Media
2025-04-05 16:22:00,2025-04-05 16:22:00,SUMNER,THUNDERSTORM WIND,25000.0,0.0,0,0,199614,1235221,Social Media
2025-04-05 16:26:00,2025-04-05 16:26:00,SUMNER,THUNDERSTORM WIND,25000.0,0.0,0,0,199614,1235222,Social Media
2025-04-05 16:28:00,2025-04-05 16:28:00,WILSON,THUNDERSTORM WIND,2000.0,0.0,0,0,199614,1235223,Social Media
2025-04-05 16:30:00,2025-04-08 06:30:00,STEWART,FLOOD,0.0,0.0,0,0,199614,1234553,River/Stream Gage
2025-04-05 16:34:00,2025-04-05 16:34:00,TROUSDALE,THUNDERSTORM WIND,15000.0,0.0,0,0,199614,1235225,Public
2025-04-05 16:34:00,2025-04-05 16:34:00,TROUSDALE,THUNDERSTORM WIND,15000.0,0.0,0,0,199614,1235226,Public
2025-04-05 16:34:00,2025-04-05 16:34:00,TROUSDALE,THUNDERSTORM WIND,15000.0,0.0,0,0,199614,1235227,Public
2025-04-05 16:53:00,2025-04-05 16:53:00,MACON,THUNDERSTORM WIND,15000.0,0.0,0,0,199614,1235228,Broadcast Media
2025-04-05 17:00:00,2025-04-06 10:00:00,WILLIAMSON,FLASH FLOOD,0.0,0.0,0,0,199614,1235800,Emergency Manager
2025-04-05 18:50:00,2025-04-05 20:50:00,HAYWOOD,FLASH FLOOD,20000.0,0.0,0,0,202201,1257438,Emergency Manager
2025-04-05 19:00:00,2025-04-06 05:00:00,TROUSDALE,FLASH FLOOD,0.0,0.0,0,0,199614,1235797,Emergency Manager
2025-04-05 20:00:00,2025-04-05 21:00:00,HARDIN,FLASH FLOOD,0.0,0.0,0,0,202201,1257439,Emergency Manager
2025-04-05 21:15:00,2025-04-06 10:15:00,HICKMAN,FLOOD,0.0,0.0,0,0,199614,1234504,River/Stream Gage
2025-04-05 21:46:00,2025-04-05 21:46:00,LINCOLN,THUNDERSTORM WIND,200.0,0.0,0,0,201232,1258146,Emergency Manager
2025-04-05 22:02:00,2025-04-05 22:02:00,LAWRENCE,THUNDERSTORM WIND,2000.0,0.0,0,0,199614,1235230,Emergency Manager
2025-04-05 22:07:00,2025-04-05 22:07:00,LAWRENCE,THUNDERSTORM WIND,2000.0,0.0,0,0,199614,1235231,Emergency Manager
2025-04-05 22:41:00,2025-04-05 22:41:00,LINCOLN,THUNDERSTORM WIND,1000.0,0.0,0,0,201232,1258147,Emergency Manager
2025-04-05 22:50:00,2025-04-05 22:50:00,LINCOLN,THUNDERSTORM WIND,1000.0,0.0,0,0,201232,1258148,911 Call Center
2025-04-05 22:58:00,2025-04-05 22:58:00,LINCOLN,THUNDERSTORM WIND,1000.0,0.0,0,0,201232,1258149,Emergency Manager
2025-04-05 23:00:00,2025-04-05 23:00:00,LINCOLN,THUNDERSTORM WIND,1000.0,0.0,0,0,201232,1258150,Emergency Manager
2025-04-05 23:04:00,2025-04-05 23:04:00,LINCOLN,THUNDERSTORM WIND,1000.0,0.0,0,0,201232,1258152,Public
2025-04-05 23:06:00,2025-04-05 23:06:00,LINCOLN,THUNDERSTORM WIND,1000.0,0.0,0,0,201232,1258153,Emergency Manager
2025-04-05 23:15:00,2025-04-05 23:15:00,LINCOLN,THUNDERSTORM WIND,0.0,0.0,0,0,201232,1258154,AWOS
2025-04-05 23:37:00,2025-04-05 23:37:00,FRANKLIN,THUNDERSTORM WIND,1000.0,0.0,0,0,201232,1258155,911 Call Center
2025-04-05 23:51:00,2025-04-06 00:06:00,GRUNDY,THUNDERSTORM WIND,50000.0,0.0,0,0,199614,1235229,NWS Storm Survey
2025-04-05 23:51:00,2025-04-06 00:02:00,GRUNDY,TORNADO,500000.0,0.0,0,0,199614,1235233,NWS Storm Survey
2025-04-06 00:21:00,2025-04-06 00:21:00,FRANKLIN,THUNDERSTORM WIND,1000.0,0.0,0,0,201232,1258174,911 Call Center
2025-04-06 00:29:00,2025-04-06 00:29:00,FRANKLIN,THUNDERSTORM WIND,1000.0,0.0,0,0,201232,1258175,911 Call Center
2025-04-06 00:30:00,2025-04-06 00:30:00,FRANKLIN,THUNDERSTORM WIND,1000.0,0.0,0,0,201232,1258177,911 Call Center
2025-04-06 00:37:00,2025-04-06 00:37:00,FRANKLIN,THUNDERSTORM WIND,1000.0,0.0,0,0,201232,1258176,911 Call Center
2025-04-06 00:38:00,2025-04-06 00:52:00,FRANKLIN,TORNADO,0.0,0.0,0,0,201232,1258172,NWS Storm Survey
2025-04-06 00:41:00,2025-04-06 00:41:00,FRANKLIN,THUNDERSTORM WIND,1000.0,0.0,0,0,201232,1258173,911 Call Center
2025-04-06 02:30:00,2025-04-06 15:00:00,CHEATHAM,FLOOD,0.0,0.0,0,0,199614,1234544,River/Stream Gage
2025-04-06 02:30:00,2025-04-06 15:00:00,HICKMAN,FLOOD,0.0,0.0,0,0,199614,1234545,River/Stream Gage
2025-04-06 05:15:00,2025-04-08 07:30:00,HUMPHREYS,FLOOD,0.0,0.0,0,0,199614,1234559,River/Stream Gage
2025-04-06 05:15:00,2025-04-08 07:30:00,PERRY,FLOOD,0.0,0.0,0,0,199614,1234560,River/Stream Gage
2025-04-06 06:30:00,2025-04-08 14:15:00,HUMPHREYS,FLOOD,0.0,0.0,0,0,199614,1234562,River/Stream Gage
2025-04-06 08:15:00,2025-04-09 01:00:00,HICKMAN,FLOOD,0.0,0.0,0,0,199614,1234563,River/Stream Gage
2025-04-06 09:00:00,2025-04-06 16:45:00,LAWRENCE,FLOOD,0.0,0.0,0,0,199614,1234564,River/Stream Gage
2025-04-06 13:00:00,2025-04-06 19:00:00,DYER,FLOOD,1250000.0,0.0,0,0,201948,1266772,Emergency Manager
2025-04-06 13:00:00,2025-04-06 19:00:00,DYER,FLOOD,25000.0,0.0,0,0,201948,1266769,Emergency Manager
2025-04-06 13:00:00,2025-04-06 19:00:00,OBION,FLOOD,100000.0,0.0,0,0,201948,1266767,Emergency Manager
2025-04-06 13:00:00,2025-04-06 19:00:00,OBION,FLOOD,125000.0,0.0,0,0,201948,1266761,Emergency Manager
2025-04-06 13:00:00,2025-04-06 19:00:00,OBION,FLOOD,300000.0,0.0,0,0,201948,1266764,Emergency Manager
2025-04-06 13:37:00,2025-04-06 19:37:00,OBION,FLOOD,300000.0,0.0,0,0,201948,1254687,Broadcast Media
2025-04-06 14:03:00,2025-04-06 20:03:00,OBION,FLOOD,1500000.0,0.0,0,0,201948,1254688,Emergency Manager
2025-04-07 11:12:00,2025-04-07 17:12:00,DYER,FLOOD,750000.0,0.0,0,0,201948,1254689,Emergency Manager
2025-04-07 12:46:00,2025-04-07 13:46:00,DYER,FLOOD,0.0,0.0,0,0,201948,1254690,Public
2025-04-07 20:30:00,2025-04-08 14:15:00,COCKE,FLOOD,0.0,0.0,0,0,201527,1251063,River/Stream Gage
2025-04-10 14:19:00,2025-04-10 14:19:00,FRANKLIN,HAIL,0.0,0.0,0,0,202860,1262657,Emergency Manager
2025-04-10 14:25:00,2025-04-10 14:30:00,DYER,HAIL,0.0,0.0,0,0,201946,1254681,Public
2025-04-10 14:25:00,2025-04-10 14:30:00,DYER,HAIL,0.0,0.0,0,0,201946,1254685,Public
2025-04-10 14:25:00,2025-04-10 14:25:00,FRANKLIN,HAIL,0.0,0.0,0,0,202860,1264088,Public
2025-04-10 14:25:00,2025-04-10 14:30:00,LAUDERDALE,THUNDERSTORM WIND,2000.0,0.0,0,0,201946,1254683,Emergency Manager
2025-04-10 14:30:00,2025-04-10 14:35:00,CROCKETT,HAIL,0.0,0.0,0,0,201946,1254673,Trained Spotter
2025-04-10 14:30:00,2025-04-10 14:35:00,LAUDERDALE,HAIL,0.0,0.0,0,0,201946,1254680,Public
2025-04-10 14:32:00,2025-04-10 14:32:00,FRANKLIN,HAIL,0.0,0.0,0,0,202860,1264089,Emergency Manager
2025-04-10 14:33:00,2025-04-10 14:38:00,CROCKETT,HAIL,0.0,0.0,0,0,201946,1254679,Emergency Manager
2025-04-10 14:35:00,2025-04-10 14:40:00,LAUDERDALE,HAIL,0.0,0.0,0,0,201946,1254678,Emergency Manager
2025-04-10 14:36:00,2025-04-10 14:36:00,FRANKLIN,HAIL,0.0,0.0,0,0,202860,1264090,Public
2025-04-10 14:38:00,2025-04-10 14:43:00,CROCKETT,HAIL,0.0,0.0,0,0,201946,1254672,Public
2025-04-10 14:58:00,2025-04-10 14:58:00,SUMNER,HAIL,0.0,0.0,0,0,199744,1235828,Social Media
2025-04-10 15:02:00,2025-04-10 15:02:00,FRANKLIN,HAIL,0.0,0.0,0,0,202860,1264091,Emergency Manager
2025-04-10 15:05:00,2025-04-10 15:05:00,BLEDSOE,HAIL,0.0,0.0,0,0,201395,1250530,Amateur Radio
2025-04-10 15:05:00,2025-04-10 15:05:00,MARION,HAIL,0.0,0.0,0,0,201395,1250531,Public
2025-04-10 15:05:00,2025-04-10 15:05:00,MARION,HAIL,0.0,0.0,0,0,201395,1250532,Public
2025-04-10 15:06:00,2025-04-10 15:06:00,MARION,HAIL,0.0,0.0,0,0,201395,1250534,Public
2025-04-10 15:07:00,2025-04-10 15:12:00,MADISON,THUNDERSTORM WIND,0.0,0.0,0,0,201946,1254682,ASOS
2025-04-10 15:10:00,2025-04-10 15:15:00,MADISON,HAIL,0.0,0.0,0,0,201946,1254675,Storm Chaser
2025-04-10 15:10:00,2025-04-10 15:15:00,MADISON,HAIL,0.0,0.0,0,0,201946,1254674,Storm Chaser
2025-04-10 15:13:00,2025-04-10 15:13:00,BLEDSOE,HAIL,0.0,0.0,0,0,201395,1250537,Trained Spotter
2025-04-10 15:15:00,2025-04-10 15:15:00,MARION,HAIL,0.0,0.0,0,0,201395,1250538,Public
2025-04-10 15:15:00,2025-04-10 15:15:00,STEWART,THUNDERSTORM WIND,15000.0,0.0,0,0,199744,1235872,Emergency Manager
2025-04-10 15:16:00,2025-04-10 15:16:00,STEWART,THUNDERSTORM WIND,10000.0,0.0,0,0,199744,1235832,Social Media
2025-04-10 15:18:00,2025-04-10 15:18:00,BLEDSOE,HAIL,0.0,0.0,0,0,201395,1250539,Amateur Radio
2025-04-10 15:30:00,2025-04-10 15:35:00,MCNAIRY,THUNDERSTORM WIND,1000.0,0.0,0,0,201946,1254684,Public
2025-04-10 15:31:00,2025-04-10 15:31:00,MORGAN,HAIL,0.0,0.0,0,0,201395,1250528,Public
2025-04-10 15:32:00,2025-04-10 15:32:00,MARION,HAIL,0.0,0.0,0,0,201395,1250542,Public
2025-04-10 15:32:00,2025-04-10 15:32:00,MORGAN,HAIL,0.0,0.0,0,0,201395,1250529,Public
2025-04-10 15:34:00,2025-04-10 15:39:00,CHESTER,HAIL,0.0,0.0,0,0,201946,1254676,Amateur Radio
2025-04-10 15:41:00,2025-04-10 15:41:00,PERRY,THUNDERSTORM WIND,10000.0,0.0,0,0,199744,1235836,Social Media
2025-04-10 15:45:00,2025-04-10 15:50:00,MCNAIRY,HAIL,0.0,0.0,0,0,201946,1254677,Amateur Radio
2025-04-10 15:54:00,2025-04-10 15:54:00,CHEATHAM,THUNDERSTORM WIND,25000.0,0.0,0,0,199744,1235838,Social Media
2025-04-10 15:55:00,2025-04-10 15:55:00,MORGAN,THUNDERSTORM WIND,0.0,0.0,0,0,201395,1250558,Public
2025-04-10 16:06:00,2025-04-10 16:06:00,ANDERSON,HAIL,0.0,0.0,0,0,201395,1250533,Public
2025-04-10 16:10:00,2025-04-10 16:10:00,DAVIDSON,THUNDERSTORM WIND,1000.0,0.0,0,0,199744,1235840,Social Media
2025-04-10 16:11:00,2025-04-10 16:11:00,ANDERSON,HAIL,0.0,0.0,0,0,201395,1250535,Trained Spotter
2025-04-10 16:13:00,2025-04-10 16:13:00,ANDERSON,HAIL,0.0,0.0,0,0,201395,1250536,Trained Spotter
2025-04-10 16:13:00,2025-04-10 16:13:00,DAVIDSON,THUNDERSTORM WIND,1000.0,0.0,0,0,199744,1235842,Social Media
2025-04-10 16:13:00,2025-04-10 16:13:00,DAVIDSON,THUNDERSTORM WIND,10000.0,0.0,0,0,199744,1235843,Social Media
2025-04-10 16:13:00,2025-04-10 16:13:00,LAWRENCE,THUNDERSTORM WIND,10000.0,0.0,0,0,199744,1235873,Emergency Manager
2025-04-10 16:14:00,2025-04-10 16:14:00,DAVIDSON,THUNDERSTORM WIND,0.0,0.0,0,0,199744,1235844,AWOS
2025-04-10 16:14:00,2025-04-10 16:14:00,DAVIDSON,THUNDERSTORM WIND,5000.0,0.0,0,0,199744,1235845,Social Media
2025-04-10 16:15:00,2025-04-10 16:15:00,DAVIDSON,THUNDERSTORM WIND,10000.0,0.0,0,0,199744,1235847,Social Media
2025-04-10 16:16:00,2025-04-10 16:16:00,DAVIDSON,THUNDERSTORM WIND,1000.0,0.0,0,0,199744,1235849,Social Media
2025-04-10 16:17:00,2025-04-10 16:17:00,LAWRENCE,THUNDERSTORM WIND,5000.0,0.0,0,0,199744,1235860,Emergency Manager
2025-04-10 16:20:00,2025-04-10 16:20:00,KNOX,HAIL,0.0,0.0,0,0,201395,1250540,Public
2025-04-10 16:20:00,2025-04-10 16:20:00,WILLIAMSON,THUNDERSTORM WIND,1000.0,0.0,0,0,199744,1235852,Social Media
2025-04-10 16:22:00,2025-04-10 16:22:00,LAWRENCE,THUNDERSTORM WIND,10000.0,0.0,0,0,199744,1235861,Emergency Manager
2025-04-10 16:24:00,2025-04-10 16:24:00,ROBERTSON,THUNDERSTORM WIND,10000.0,0.0,0,0,199744,1235854,Social Media
2025-04-10 16:30:00,2025-04-10 16:30:00,DAVIDSON,THUNDERSTORM WIND,0.0,0.0,0,0,199744,1235856,Mesonet
2025-04-10 16:30:00,2025-04-10 16:30:00,LAWRENCE,THUNDERSTORM WIND,25000.0,0.0,0,0,199744,1235862,Emergency Manager
2025-04-10 16:30:00,2025-04-10 16:30:00,LAWRENCE,THUNDERSTORM WIND,25000.0,0.0,0,0,199744,1235863,Emergency Manager
2025-04-10 16:30:00,2025-04-10 16:30:00,MEIGS,HAIL,0.0,0.0,0,0,201395,1250541,Trained Spotter
2025-04-10 16:35:00,2025-04-10 16:35:00,KNOX,HAIL,0.0,0.0,0,0,201395,1250543,Trained Spotter
2025-04-10 16:37:00,2025-04-10 16:37:00,HAMILTON,HAIL,0.0,0.0,0,0,201395,1250544,Public
2025-04-10 16:38:00,2025-04-10 16:38:00,KNOX,HAIL,0.0,0.0,0,0,201395,1250545,Public
2025-04-10 16:40:00,2025-04-10 16:40:00,HAMILTON,HAIL,0.0,0.0,0,0,201395,1250546,Law Enforcement
2025-04-10 16:40:00,2025-04-10 16:40:00,RHEA,HAIL,0.0,0.0,0,0,201395,1250547,Public
2025-04-10 16:40:00,2025-04-10 16:40:00,RHEA,HAIL,0.0,0.0,0,0,201395,1250548,Public
2025-04-10 16:40:00,2025-04-10 16:40:00,WILLIAMSON,THUNDERSTORM WIND,1000.0,0.0,0,0,199744,1235865,Social Media
2025-04-10 16:41:00,2025-04-10 16:41:00,DAVIDSON,THUNDERSTORM WIND,0.0,0.0,0,0,199744,1235857,ASOS
2025-04-10 16:42:00,2025-04-10 16:42:00,KNOX,HAIL,0.0,0.0,0,0,201395,1250549,Public
2025-04-10 16:45:00,2025-04-10 16:45:00,RUTHERFORD,THUNDERSTORM WIND,0.0,0.0,0,0,199744,1235859,AWOS
2025-04-10 16:48:00,2025-04-10 16:48:00,SUMNER,THUNDERSTORM WIND,1000.0,0.0,0,0,199744,1235867,Social Media
2025-04-10 16:55:00,2025-04-10 16:55:00,KNOX,HAIL,0.0,0.0,0,0,201395,1250550,Public
2025-04-10 17:05:00,2025-04-10 17:05:00,KNOX,HAIL,0.0,0.0,0,0,201395,1250551,Law Enforcement
2025-04-10 17:05:00,2025-04-10 17:05:00,LINCOLN,THUNDERSTORM WIND,1000.0,0.0,0,0,202860,1262633,911 Call Center
2025-04-10 17:05:00,2025-04-10 17:05:00,LINCOLN,THUNDERSTORM WIND,1000.0,0.0,0,0,202860,1262854,911 Call Center
2025-04-10 17:07:00,2025-04-10 17:07:00,LINCOLN,THUNDERSTORM WIND,1000.0,0.0,0,0,202860,1262853,911 Call Center
2025-04-10 17:07:00,2025-04-10 17:07:00,LINCOLN,THUNDERSTORM WIND,1000.0,0.0,0,0,202860,1262640,911 Call Center
2025-04-10 17:11:00,2025-04-10 17:11:00,LINCOLN,THUNDERSTORM WIND,2000.0,0.0,0,0,202860,1262852,911 Call Center
2025-04-10 17:11:00,2025-04-10 17:11:00,LINCOLN,THUNDERSTORM WIND,2000.0,0.0,0,0,202860,1262638,911 Call Center
2025-04-10 17:11:00,2025-04-10 17:11:00,LINCOLN,THUNDERSTORM WIND,5000.0,0.0,0,0,202860,1262849,911 Call Center
2025-04-10 17:13:00,2025-04-10 17:13:00,LINCOLN,THUNDERSTORM WIND,2000.0,0.0,0,0,202860,1262856,911 Call Center
2025-04-10 17:14:00,2025-04-10 17:14:00,LINCOLN,THUNDERSTORM WIND,1000.0,0.0,0,0,202860,1262848,911 Call Center
2025-04-10 17:14:00,2025-04-10 17:14:00,LINCOLN,THUNDERSTORM WIND,1000.0,0.0,0,0,202860,1262628,911 Call Center
2025-04-10 17:14:00,2025-04-10 17:14:00,LINCOLN,THUNDERSTORM WIND,1000.0,0.0,0,0,202860,1262637,911 Call Center
2025-04-10 17:14:00,2025-04-10 17:14:00,LINCOLN,THUNDERSTORM WIND,1000.0,0.0,0,0,202860,1262634,911 Call Center
2025-04-10 17:14:00,2025-04-10 17:14:00,LINCOLN,THUNDERSTORM WIND,2000.0,0.0,0,0,202860,1262635,911 Call Center
2025-04-10 17:14:00,2025-04-10 17:14:00,LINCOLN,THUNDERSTORM WIND,10000.0,0.0,0,0,202860,1264093,Emergency Manager
2025-04-10 17:15:00,2025-04-10 17:19:00,BLOUNT,HAIL,0.0,0.0,0,0,201395,1250552,Trained Spotter
2025-04-10 17:16:00,2025-04-10 17:16:00,LINCOLN,THUNDERSTORM WIND,2000.0,0.0,0,0,202860,1262631,911 Call Center
2025-04-10 17:16:00,2025-04-10 17:16:00,LINCOLN,THUNDERSTORM WIND,1000.0,0.0,0,0,202860,1262636,911 Call Center
2025-04-10 17:16:00,2025-04-10 17:16:00,LINCOLN,THUNDERSTORM WIND,1000.0,0.0,0,0,202860,1262847,911 Call Center
2025-04-10 17:16:00,2025-04-10 17:16:00,LINCOLN,THUNDERSTORM WIND,1000.0,0.0,0,0,202860,1262855,911 Call Center
2025-04-10 17:18:00,2025-04-10 17:18:00,LINCOLN,THUNDERSTORM WIND,10000.0,0.0,0,0,202860,1262627,Emergency Manager
2025-04-10 17:20:00,2025-04-10 17:20:00,BLOUNT,HAIL,0.0,0.0,0,0,201395,1250553,911 Call Center
2025-04-10 17:20:00,2025-04-10 17:20:00,LINCOLN,THUNDERSTORM WIND,1000.0,0.0,0,0,202860,1262630,911 Call Center
2025-04-10 17:22:00,2025-04-10 17:22:00,LINCOLN,THUNDERSTORM WIND,1000.0,0.0,0,0,202860,1262632,911 Call Center
2025-04-10 17:25:00,2025-04-10 17:25:00,LINCOLN,THUNDERSTORM WIND,2000.0,0.0,0,0,202860,1262629,911 Call Center
2025-04-10 17:28:00,2025-04-10 17:28:00,WARREN,HAIL,0.0,0.0,0,0,199744,1235869,Social Media
2025-04-10 17:29:00,2025-04-10 17:29:00,LINCOLN,THUNDERSTORM WIND,1000.0,0.0,0,0,202860,1262639,911 Call Center
2025-04-10 17:35:00,2025-04-10 17:35:00,DEKALB,THUNDERSTORM WIND,5000.0,0.0,0,0,199744,1235871,Social Media
2025-04-10 17:40:00,2025-04-10 17:40:00,SEVIER,HAIL,0.0,0.0,0,0,201395,1250554,Public
2025-04-10 17:40:00,2025-04-10 17:40:00,SEVIER,HAIL,0.0,0.0,0,0,201395,1250555,Public
2025-04-10 18:15:00,2025-04-10 18:15:00,BLEDSOE,HAIL,0.0,0.0,0,0,201395,1250556,Public
2025-04-10 19:15:00,2025-04-10 19:15:00,BLEDSOE,HAIL,0.0,0.0,0,0,201395,1250557,Public
2025-04-23 16:05:00,2025-04-23 16:05:00,CANNON,HAIL,0.0,0.0,0,0,199903,1237317,Social Media
2025-04-23 17:15:00,2025-04-23 17:15:00,MCMINN,THUNDERSTORM WIND,0.0,0.0,0,0,201425,1250738,Public
2025-04-23 17:55:00,2025-04-23 20:00:00,CANNON,FLASH FLOOD,0.0,0.0,0,0,199903,1237315,Social Media
2025-04-23 17:55:00,2025-04-23 20:30:00,DAVIDSON,FLASH FLOOD,0.0,0.0,0,0,199903,1237316,Emergency Manager
2025-04-25 12:00:00,2025-04-25 12:00:00,KNOX,THUNDERSTORM WIND,0.0,0.0,0,0,201426,1250739,911 Call Center
2025-04-25 12:10:00,2025-04-25 12:10:00,KNOX,THUNDERSTORM WIND,0.0,0.0,0,0,201426,1250740,911 Call Center
2025-04-25 12:10:00,2025-04-25 12:10:00,KNOX,THUNDERSTORM WIND,0.0,0.0,0,0,201426,1250741,911 Call Center
2025-04-25 12:20:00,2025-04-25 16:00:00,LAWRENCE,FLASH FLOOD,0.0,0.0,0,0,199955,1237696,Emergency Manager
2025-04-25 12:40:00,2025-04-25 12:40:00,KNOX,THUNDERSTORM WIND,0.0,0.0,0,0,201426,1250742,911 Call Center
2025-04-25 12:45:00,2025-04-25 12:45:00,GRAINGER,THUNDERSTORM WIND,0.0,0.0,0,0,201426,1250743,Public
2025-04-25 12:45:00,2025-04-25 16:00:00,LAWRENCE,FLASH FLOOD,0.0,0.0,0,0,199955,1237699,Emergency Manager
2025-04-25 13:00:00,2025-04-25 16:00:00,LAWRENCE,FLASH FLOOD,10000.0,0.0,0,0,199955,1237759,Emergency Manager
2025-04-30 13:05:00,2025-04-30 13:05:00,MORGAN,HAIL,0.0,0.0,0,0,201427,1250744,Public
2025-04-30 16:10:00,2025-04-30 16:10:00,UNICOI,HAIL,0.0,0.0,0,0,201427,1250745,Law Enforcement
2025-04-30 17:00:00,2025-04-30 17:00:00,CARTER,HAIL,0.0,0.0,0,0,201427,1250746,Public
2025-05-02 05:16:00,2025-05-02 05:21:00,SHELBY,HAIL,0.0,0.0,0,0,202547,1259873,Public
2025-05-02 05:39:00,2025-05-02 05:44:00,SHELBY,HAIL,0.0,0.0,0,0,202547,1259874,Public
2025-05-02 06:58:00,2025-05-02 07:03:00,FAYETTE,HAIL,0.0,0.0,0,0,202547,1259875,Amateur Radio
2025-05-02 07:40:00,2025-05-02 07:45:00,TIPTON,THUNDERSTORM WIND,9000.0,0.0,0,0,202547,1259892,Trained Spotter
2025-05-02 07:56:00,2025-05-02 08:01:00,TIPTON,HAIL,0.0,0.0,0,0,202547,1259876,Fire Department/Rescue
2025-05-02 08:00:00,2025-05-02 08:05:00,LAUDERDALE,STRONG WIND,500.0,0.0,0,0,202547,1259909,Public
2025-05-02 08:03:00,2025-05-02 08:08:00,LAUDERDALE,THUNDERSTORM WIND,8000.0,0.0,0,0,202547,1259893,Public
2025-05-02 08:28:00,2025-05-02 08:33:00,CROCKETT,THUNDERSTORM WIND,15000.0,0.0,0,0,202547,1259894,Public
2025-05-02 08:37:00,2025-05-02 08:42:00,FAYETTE,HAIL,0.0,0.0,0,0,202547,1259879,Public
2025-05-02 08:41:00,2025-05-02 08:46:00,FAYETTE,HAIL,0.0,0.0,0,0,202547,1259881,Public
2025-05-02 08:41:00,2025-05-02 08:46:00,HAYWOOD,HAIL,0.0,0.0,0,0,202547,1259877,Public
2025-05-02 08:41:00,2025-05-02 08:46:00,HAYWOOD,HAIL,0.0,0.0,0,0,202547,1259878,Public
2025-05-02 08:44:00,2025-05-02 08:49:00,FAYETTE,HAIL,0.0,0.0,0,0,202547,1259880,Emergency Manager
2025-05-02 08:54:00,2025-05-02 08:59:00,FAYETTE,HAIL,0.0,0.0,0,0,202547,1259882,Public
2025-05-02 08:56:00,2025-05-02 09:00:00,FAYETTE,HAIL,0.0,0.0,0,0,202547,1259883,NWS Employee
2025-05-02 09:12:00,2025-05-02 09:17:00,FAYETTE,HAIL,0.0,0.0,0,0,202547,1259884,Emergency Manager
2025-05-02 09:13:00,2025-05-02 09:18:00,WEAKLEY,THUNDERSTORM WIND,5000.0,0.0,0,0,202547,1259898,Trained Spotter
2025-05-02 09:15:00,2025-05-02 09:20:00,WEAKLEY,THUNDERSTORM WIND,5000.0,0.0,0,0,202547,1259896,Public
2025-05-02 09:28:00,2025-05-02 09:33:00,MCNAIRY,HAIL,0.0,0.0,0,0,202547,1259885,Public
2025-05-02 09:35:00,2025-05-02 09:40:00,CHESTER,HAIL,0.0,0.0,0,0,202547,1259886,Public
2025-05-02 09:37:00,2025-05-02 09:42:00,CHESTER,HAIL,0.0,0.0,0,0,202547,1259887,Public
2025-05-02 09:40:00,2025-05-02 09:45:00,HENRY,THUNDERSTORM WIND,5000.0,0.0,0,0,202547,1259902,Emergency Manager
2025-05-02 09:41:00,2025-05-02 09:46:00,HENRY,THUNDERSTORM WIND,20000.0,0.0,0,0,202547,1259904,Emergency Manager
2025-05-02 09:46:00,2025-05-02 09:51:00,CHESTER,HAIL,0.0,0.0,0,0,202547,1259888,Public
2025-05-02 09:48:00,2025-05-02 09:53:00,HENRY,THUNDERSTORM WIND,5000.0,0.0,0,0,202547,1259906,Emergency Manager
2025-05-02 09:50:00,2025-05-02 09:55:00,HENRY,THUNDERSTORM WIND,8000.0,0.0,0,0,202547,1259905,State Official
2025-05-02 10:07:00,2025-05-02 10:12:00,HENDERSON,HAIL,0.0,0.0,0,0,202547,1259889,Public
2025-05-02 10:24:00,2025-05-02 10:24:00,STEWART,THUNDERSTORM WIND,5000.0,0.0,0,0,200345,1241013,Public
2025-05-02 10:55:00,2025-05-02 11:00:00,HARDIN,HAIL,0.0,0.0,0,0,202547,1259890,Storm Chaser
2025-05-02 11:44:00,2025-05-02 11:44:00,WAYNE,HAIL,0.0,0.0,0,0,200345,1241014,Emergency Manager
2025-05-02 11:51:00,2025-05-02 11:51:00,GILES,HAIL,0.0,0.0,0,0,200345,1241016,Emergency Manager
2025-05-02 11:54:00,2025-05-02 11:54:00,LAWRENCE,THUNDERSTORM WIND,5000.0,0.0,0,0,200345,1241017,Emergency Manager
2025-05-02 12:05:00,2025-05-02 12:05:00,WAYNE,HAIL,0.0,0.0,0,0,200345,1241015,Emergency Manager
2025-05-02 12:18:00,2025-05-02 12:18:00,DAVIDSON,THUNDERSTORM WIND,5000.0,0.0,0,0,200345,1241019,Emergency Manager
2025-05-02 12:18:00,2025-05-02 12:18:00,MARSHALL,HAIL,0.0,0.0,0,0,200345,1241018,Public
2025-05-02 12:25:00,2025-05-02 12:25:00,BRADLEY,HAIL,0.0,0.0,0,0,201560,1253131,Public
2025-05-02 12:27:00,2025-05-02 12:27:00,DAVIDSON,HAIL,0.0,0.0,0,0,200345,1241020,Social Media
2025-05-02 12:30:00,2025-05-02 12:30:00,DAVIDSON,HAIL,0.0,0.0,0,0,200345,1241021,Social Media
2025-05-02 12:35:00,2025-05-02 12:40:00,WEAKLEY,STRONG WIND,10000.0,0.0,0,0,202547,1259907,Emergency Manager
2025-05-02 12:36:00,2025-05-02 15:00:00,GILES,FLASH FLOOD,0.0,0.0,0,0,200345,1241039,Emergency Manager
2025-05-02 12:38:00,2025-05-02 12:38:00,DAVIDSON,HAIL,0.0,0.0,0,0,200345,1241022,Social Media
2025-05-02 12:40:00,2025-05-02 12:40:00,DAVIDSON,HAIL,0.0,0.0,0,0,200345,1241023,Social Media
2025-05-02 12:41:00,2025-05-02 12:41:00,BEDFORD,HAIL,0.0,0.0,0,0,200345,1241025,Trained Spotter
2025-05-02 12:55:00,2025-05-02 12:55:00,MOORE,HAIL,0.0,0.0,0,0,200289,1271558,Social Media
2025-05-02 12:56:00,2025-05-02 15:00:00,LAWRENCE,FLASH FLOOD,0.0,0.0,0,0,200345,1241041,Emergency Manager
2025-05-02 12:59:00,2025-05-02 12:59:00,MOORE,HAIL,0.0,0.0,0,0,200289,1271559,Broadcast Media
2025-05-02 13:08:00,2025-05-02 13:08:00,MACON,HAIL,0.0,0.0,0,0,200345,1241024,Public
2025-05-02 13:30:00,2025-05-02 13:30:00,CANNON,THUNDERSTORM WIND,5000.0,0.0,0,0,200345,1248990,Public
2025-05-02 13:52:00,2025-05-02 13:52:00,HAMILTON,HAIL,0.0,0.0,0,0,201560,1253132,Public
2025-05-02 13:53:00,2025-05-02 13:53:00,MOORE,THUNDERSTORM WIND,1000.0,0.0,0,0,200289,1271562,Emergency Manager
2025-05-02 14:05:00,2025-05-02 14:05:00,FRANKLIN,THUNDERSTORM WIND,5000.0,0.0,0,0,200289,1271561,Emergency Manager
2025-05-02 14:06:00,2025-05-02 14:06:00,FRANKLIN,THUNDERSTORM WIND,5000.0,0.0,0,0,200289,1271560,Emergency Manager
2025-05-02 14:25:00,2025-05-02 14:25:00,OVERTON,HAIL,0.0,0.0,0,0,200345,1241026,Trained Spotter
2025-05-02 14:47:00,2025-05-02 14:47:00,POLK,THUNDERSTORM WIND,0.0,0.0,0,0,201560,1253144,911 Call Center
2025-05-02 14:50:00,2025-05-02 14:50:00,PUTNAM,THUNDERSTORM WIND,250000.0,0.0,0,0,200345,1241029,Emergency Manager
2025-05-02 14:55:00,2025-05-02 14:55:00,PUTNAM,LIGHTNING,100000.0,0.0,0,0,200345,1241043,Emergency Manager
2025-05-02 15:00:00,2025-05-02 15:00:00,SCOTT,THUNDERSTORM WIND,0.0,0.0,0,0,201560,1253145,911 Call Center
2025-05-02 15:05:00,2025-05-02 15:05:00,RHEA,THUNDERSTORM WIND,0.0,0.0,0,0,201560,1253146,Law Enforcement
2025-05-02 15:05:00,2025-05-02 15:05:00,SCOTT,THUNDERSTORM WIND,0.0,0.0,0,0,201560,1253147,Law Enforcement
2025-05-02 15:15:00,2025-05-02 15:15:00,MONROE,THUNDERSTORM WIND,0.0,0.0,0,0,201560,1253148,Law Enforcement
2025-05-02 15:15:00,2025-05-02 15:15:00,MONROE,THUNDERSTORM WIND,0.0,0.0,0,0,201560,1253149,Law Enforcement
2025-05-02 15:20:00,2025-05-02 15:20:00,MONROE,THUNDERSTORM WIND,0.0,0.0,0,0,201560,1253150,Public
2025-05-02 15:30:00,2025-05-02 15:30:00,HAMILTON,THUNDERSTORM WIND,0.0,0.0,0,0,201560,1253151,Public
2025-05-02 15:50:00,2025-05-02 15:50:00,BLOUNT,HAIL,0.0,0.0,0,0,201560,1253133,Public
2025-05-02 15:50:00,2025-05-02 15:50:00,HAMILTON,THUNDERSTORM WIND,0.0,0.0,0,0,201560,1253152,Public
2025-05-02 15:55:00,2025-05-02 15:55:00,LOUDON,THUNDERSTORM WIND,0.0,0.0,0,0,201560,1253153,911 Call Center
2025-05-02 15:58:00,2025-05-02 15:58:00,ROANE,THUNDERSTORM WIND,0.0,0.0,0,0,201560,1253154,Public
2025-05-02 16:20:00,2025-05-02 16:20:00,MORGAN,THUNDERSTORM WIND,0.0,0.0,0,0,201560,1253155,Public
2025-05-02 16:33:00,2025-05-02 16:33:00,HAMILTON,HAIL,0.0,0.0,0,0,201560,1253134,Public
2025-05-02 16:50:00,2025-05-02 16:50:00,MARION,THUNDERSTORM WIND,0.0,0.0,0,0,201560,1253158,911 Call Center
2025-05-02 17:00:00,2025-05-02 17:00:00,HAMILTON,THUNDERSTORM WIND,0.0,0.0,0,0,201560,1253156,Social Media
2025-05-02 17:10:00,2025-05-02 17:10:00,CAMPBELL,THUNDERSTORM WIND,0.0,0.0,0,0,201560,1253157,Public
2025-05-02 17:19:00,2025-05-02 17:19:00,HAMILTON,HAIL,0.0,0.0,0,0,201560,1253135,Public
2025-05-02 17:55:00,2025-05-02 17:55:00,GREENE,THUNDERSTORM WIND,0.0,0.0,0,0,201560,1253159,Broadcast Media
2025-05-02 18:00:00,2025-05-02 18:00:00,GREENE,HAIL,0.0,0.0,0,0,201560,1253139,Public
2025-05-02 18:02:00,2025-05-02 18:02:00,HAMILTON,HAIL,0.0,0.0,0,0,201560,1253142,Public
2025-05-02 18:10:00,2025-05-02 21:00:00,HAMILTON,FLASH FLOOD,0.0,0.0,0,0,201560,1251452,Broadcast Media
2025-05-02 18:25:00,2025-05-02 18:25:00,POLK,THUNDERSTORM WIND,0.0,0.0,0,0,201560,1253161,911 Call Center
2025-05-02 18:35:00,2025-05-02 18:35:00,WASHINGTON,THUNDERSTORM WIND,0.0,0.0,0,0,201560,1253162,Social Media
2025-05-02 18:50:00,2025-05-02 18:50:00,JOHNSON,THUNDERSTORM WIND,0.0,0.0,0,0,201560,1253163,Public
2025-05-02 19:20:00,2025-05-02 21:15:00,HAMILTON,FLASH FLOOD,0.0,0.0,0,0,201560,1251450,Broadcast Media
2025-05-02 20:00:00,2025-05-02 21:45:00,MONROE,FLASH FLOOD,0.0,0.0,0,0,201560,1251451,Public
2025-05-02 20:56:00,2025-05-02 20:56:00,BLOUNT,HAIL,0.0,0.0,0,0,201560,1253143,Public
2025-05-08 12:05:00,2025-05-08 12:10:00,HENRY,HAIL,0.0,0.0,0,0,202576,1260234,Public
2025-05-08 12:13:00,2025-05-08 12:18:00,BENTON,HAIL,0.0,0.0,0,0,202576,1260235,Trained Spotter
2025-05-08 12:13:00,2025-05-08 12:18:00,BENTON,THUNDERSTORM WIND,20000.0,0.0,0,0,202576,1260246,Trained Spotter
2025-05-08 12:13:00,2025-05-08 12:14:00,BENTON,THUNDERSTORM WIND,0.0,0.0,0,0,202576,1260248,Trained Spotter
2025-05-08 12:14:00,2025-05-08 12:15:00,BENTON,THUNDERSTORM WIND,10000.0,0.0,0,0,202576,1260247,Trained Spotter
2025-05-08 12:23:00,2025-05-08 12:28:00,BENTON,HAIL,0.0,0.0,0,0,202576,1260236,Trained Spotter
2025-05-08 12:35:00,2025-05-08 12:40:00,WEAKLEY,HAIL,0.0,0.0,0,0,202576,1260237,Public
2025-05-08 12:54:00,2025-05-08 12:59:00,MADISON,HAIL,0.0,0.0,0,0,202576,1260238,Public
2025-05-08 13:05:00,2025-05-08 13:10:00,CHESTER,HAIL,0.0,0.0,0,0,202576,1260239,Public
2025-05-08 13:13:00,2025-05-08 13:18:00,CHESTER,HAIL,0.0,0.0,0,0,202576,1260240,Public
2025-05-08 13:20:00,2025-05-08 13:25:00,HENRY,HAIL,0.0,0.0,0,0,202576,1260241,Public
2025-05-08 13:21:00,2025-05-08 13:26:00,HENRY,HAIL,0.0,0.0,0,0,202576,1260242,Public
2025-05-08 13:35:00,2025-05-08 13:40:00,HENDERSON,HAIL,0.0,0.0,0,0,202576,1260243,Public
2025-05-08 13:45:00,2025-05-08 13:45:00,DICKSON,HAIL,0.0,0.0,0,0,200922,1246147,Public
2025-05-08 14:17:00,2025-05-08 14:17:00,CHEATHAM,HAIL,0.0,0.0,0,0,200922,1246153,Social Media
2025-05-08 14:18:00,2025-05-08 14:18:00,WILLIAMSON,HAIL,0.0,0.0,0,0,200922,1246149,Amateur Radio
2025-05-08 14:28:00,2025-05-08 14:28:00,CHEATHAM,HAIL,0.0,0.0,0,0,200922,1246154,Public
2025-05-08 14:28:00,2025-05-08 14:28:00,WILLIAMSON,HAIL,0.0,0.0,0,0,200922,1246150,Social Media
2025-05-08 14:30:00,2025-05-08 14:30:00,PERRY,HAIL,0.0,0.0,0,0,200922,1246148,Trained Spotter
2025-05-08 14:30:00,2025-05-08 14:30:00,WILLIAMSON,HAIL,0.0,0.0,0,0,200922,1246151,Social Media
2025-05-08 14:40:00,2025-05-08 14:40:00,WILLIAMSON,HAIL,0.0,0.0,0,0,200922,1246152,Social Media
2025-05-08 14:52:00,2025-05-08 14:52:00,DAVIDSON,THUNDERSTORM WIND,2000.0,0.0,0,0,200922,1246156,Social Media
2025-05-08 14:54:00,2025-05-08 14:54:00,DAVIDSON,THUNDERSTORM WIND,2000.0,0.0,0,0,200922,1246157,Social Media
2025-05-08 14:55:00,2025-05-08 14:55:00,DAVIDSON,HAIL,0.0,0.0,0,0,200922,1246159,Social Media
2025-05-08 14:55:00,2025-05-08 14:55:00,DAVIDSON,THUNDERSTORM WIND,25000.0,0.0,0,0,200922,1246158,Emergency Manager
2025-05-08 14:55:00,2025-05-08 14:55:00,MAURY,THUNDERSTORM WIND,2000.0,0.0,0,0,200922,1246155,Amateur Radio
2025-05-08 14:56:00,2025-05-08 14:56:00,DAVIDSON,HAIL,0.0,0.0,0,0,200922,1246160,NWS Employee
2025-05-08 14:57:00,2025-05-08 14:57:00,DAVIDSON,HAIL,0.0,0.0,0,0,200922,1246161,Social Media
2025-05-08 14:58:00,2025-05-08 14:58:00,DAVIDSON,THUNDERSTORM WIND,2000.0,0.0,0,0,200922,1246162,Social Media
2025-05-08 15:00:00,2025-05-08 15:00:00,BLEDSOE,HAIL,0.0,0.0,0,0,202876,1262766,Emergency Manager
2025-05-08 15:03:00,2025-05-08 15:03:00,DAVIDSON,HAIL,0.0,0.0,0,0,200922,1246163,Social Media
2025-05-08 15:03:00,2025-05-08 15:03:00,DAVIDSON,THUNDERSTORM WIND,50000.0,0.0,0,0,200922,1247416,Public
2025-05-08 15:15:00,2025-05-08 15:15:00,DAVIDSON,THUNDERSTORM WIND,2000.0,0.0,0,0,200922,1246164,Social Media
2025-05-08 15:44:00,2025-05-08 15:44:00,WILSON,HAIL,0.0,0.0,0,0,200922,1246165,Public
2025-05-08 15:45:00,2025-05-08 15:45:00,SCOTT,HAIL,5000.0,0.0,0,0,202876,1262765,Public
2025-05-08 15:56:00,2025-05-08 15:56:00,DEKALB,HAIL,0.0,0.0,0,0,200922,1246166,Public
2025-05-08 15:59:00,2025-05-08 15:59:00,DEKALB,HAIL,0.0,0.0,0,0,200922,1246167,Public
2025-05-08 16:15:00,2025-05-08 16:15:00,CLAIBORNE,HAIL,0.0,0.0,0,0,202876,1262767,Public
2025-05-08 16:50:00,2025-05-08 16:50:00,RHEA,HAIL,0.0,0.0,0,0,202876,1262768,Public
2025-05-08 17:07:00,2025-05-08 17:07:00,BLEDSOE,HAIL,0.0,0.0,0,0,202876,1262772,Fire Department/Rescue
2025-05-08 17:18:00,2025-05-08 17:18:00,BLEDSOE,HAIL,0.0,0.0,0,0,202876,1262776,Public
2025-05-08 17:26:00,2025-05-08 17:26:00,MEIGS,HAIL,0.0,0.0,0,0,202876,1262769,Public
2025-05-08 17:36:00,2025-05-08 17:36:00,ROANE,HAIL,0.0,0.0,0,0,202876,1262770,Public
2025-05-08 17:49:00,2025-05-08 17:49:00,CUMBERLAND,HAIL,0.0,0.0,0,0,200922,1246168,Public
2025-05-08 17:58:00,2025-05-08 17:58:00,MONROE,HAIL,0.0,0.0,0,0,202876,1262771,Public
2025-05-08 18:13:00,2025-05-08 18:13:00,MONROE,HAIL,0.0,0.0,0,0,202876,1262773,Public
2025-05-08 18:15:00,2025-05-08 18:15:00,CAMPBELL,HAIL,0.0,0.0,0,0,202876,1262774,Public
2025-05-08 18:15:00,2025-05-08 18:15:00,MONROE,HAIL,0.0,0.0,0,0,202876,1262775,Trained Spotter
2025-05-08 18:19:00,2025-05-08 18:19:00,MONROE,HAIL,0.0,0.0,0,0,202876,1262777,Public
2025-05-08 18:25:00,2025-05-08 18:25:00,BLOUNT,HAIL,0.0,0.0,0,0,202876,1262779,Broadcast Media
2025-05-08 18:25:00,2025-05-08 18:25:00,BLOUNT,HAIL,0.0,0.0,0,0,202876,1262780,Public
2025-05-08 18:26:00,2025-05-08 18:26:00,MONROE,HAIL,0.0,0.0,0,0,202876,1262782,Broadcast Media
2025-05-08 18:30:00,2025-05-08 18:30:00,CLAIBORNE,HAIL,0.0,0.0,0,0,202876,1262783,Public
2025-05-08 18:37:00,2025-05-08 18:37:00,FRANKLIN,HAIL,0.0,0.0,0,0,200629,1271584,Public
2025-05-08 19:15:00,2025-05-08 19:15:00,MEIGS,HAIL,0.0,0.0,0,0,202876,1262784,Public
2025-05-08 19:25:00,2025-05-08 19:25:00,SEVIER,HAIL,0.0,0.0,0,0,202876,1262785,Public
2025-05-08 19:30:00,2025-05-08 19:30:00,COCKE,HAIL,0.0,0.0,0,0,202876,1262786,Trained Spotter
2025-05-08 19:30:00,2025-05-08 19:30:00,MARION,HAIL,0.0,0.0,0,0,202876,1262792,Public
2025-05-08 19:35:00,2025-05-08 19:35:00,MONROE,HAIL,0.0,0.0,0,0,202876,1262787,Broadcast Media
2025-05-08 19:40:00,2025-05-08 19:40:00,COCKE,HAIL,0.0,0.0,0,0,202876,1262788,Public
2025-05-08 19:40:00,2025-05-08 19:40:00,MONROE,HAIL,0.0,0.0,0,0,202876,1262789,Public
2025-05-08 19:45:00,2025-05-08 19:45:00,COCKE,HAIL,0.0,0.0,0,0,202876,1262790,Public
2025-05-08 19:48:00,2025-05-08 19:48:00,COCKE,HAIL,0.0,0.0,0,0,202876,1262791,Public
2025-05-08 21:11:00,2025-05-08 21:11:00,HAMILTON,HAIL,0.0,0.0,0,0,202876,1262793,Trained Spotter
2025-05-08 21:12:00,2025-05-08 21:12:00,HAMILTON,HAIL,0.0,0.0,0,0,202876,1262794,Public
2025-05-12 16:06:00,2025-05-12 16:06:00,HAMILTON,THUNDERSTORM WIND,20000.0,0.0,0,0,202886,1262832,911 Call Center
2025-05-12 16:15:00,2025-05-12 16:15:00,HAMILTON,THUNDERSTORM WIND,20000.0,0.0,0,0,202886,1262833,911 Call Center
2025-05-12 16:23:00,2025-05-12 16:23:00,HAMILTON,THUNDERSTORM WIND,20000.0,0.0,0,0,202886,1262834,911 Call Center
2025-05-12 16:34:00,2025-05-12 16:34:00,HAMILTON,HAIL,0.0,0.0,0,0,202886,1262826,Public
2025-05-12 16:40:00,2025-05-12 16:40:00,HAMILTON,LIGHTNING,5000.0,0.0,0,0,202886,1262830,911 Call Center
2025-05-12 17:05:00,2025-05-12 17:05:00,MEIGS,THUNDERSTORM WIND,0.0,0.0,0,0,202886,1262835,Public
2025-05-12 17:12:00,2025-05-12 17:12:00,MEIGS,THUNDERSTORM WIND,0.0,0.0,0,0,202886,1262836,911 Call Center
2025-05-16 06:35:00,2025-05-16 06:40:00,LAKE,HAIL,0.0,0.0,0,0,202579,1260280,Public
2025-05-16 07:40:00,2025-05-16 07:45:00,LAKE,HAIL,0.0,0.0,0,0,202579,1260281,Emergency Manager
2025-05-16 08:23:00,2025-05-16 08:28:00,HENRY,THUNDERSTORM WIND,5000.0,0.0,0,0,202579,1260284,State Official
2025-05-16 08:26:00,2025-05-16 08:31:00,HENRY,THUNDERSTORM WIND,500.0,0.0,0,0,202579,1260285,State Official
2025-05-16 20:40:00,2025-05-16 20:44:00,HENRY,THUNDERSTORM WIND,500.0,0.0,0,0,202579,1260286,Public
2025-05-16 20:45:00,2025-05-16 20:50:00,HENRY,THUNDERSTORM WIND,500.0,0.0,0,0,202579,1260287,Public
2025-05-16 20:48:00,2025-05-16 20:53:00,HENRY,THUNDERSTORM WIND,10000.0,0.0,0,0,202579,1260288,Emergency Manager
2025-05-16 20:50:00,2025-05-16 20:55:00,HENRY,THUNDERSTORM WIND,3000.0,0.0,0,0,202579,1260290,State Official
2025-05-16 20:52:00,2025-05-16 20:57:00,HENRY,THUNDERSTORM WIND,4000.0,0.0,0,0,202579,1260289,Emergency Manager
2025-05-16 20:58:00,2025-05-16 20:58:00,STEWART,THUNDERSTORM WIND,1000.0,0.0,0,0,201020,1247095,Emergency Manager
2025-05-16 21:10:00,2025-05-16 21:10:00,MONTGOMERY,THUNDERSTORM WIND,25000.0,0.0,0,0,201020,1247096,Emergency Manager
2025-05-16 21:11:00,2025-05-16 21:11:00,STEWART,THUNDERSTORM WIND,1000.0,0.0,0,0,201020,1247097,Emergency Manager
2025-05-16 21:27:00,2025-05-16 21:27:00,ROBERTSON,THUNDERSTORM WIND,25000.0,0.0,0,0,201020,1247098,Emergency Manager
2025-05-16 21:46:00,2025-05-16 21:46:00,ROBERTSON,HAIL,0.0,0.0,0,0,201020,1247099,Public
2025-05-16 21:48:00,2025-05-16 21:48:00,ROBERTSON,HAIL,0.0,0.0,0,0,201020,1247100,Public
2025-05-16 21:51:00,2025-05-16 21:56:00,WEAKLEY,THUNDERSTORM WIND,3000.0,0.0,0,0,202579,1260291,Public
2025-05-16 21:57:00,2025-05-16 21:57:00,SUMNER,THUNDERSTORM WIND,1000.0,0.0,0,0,201020,1247101,Social Media
2025-05-16 22:00:00,2025-05-16 22:00:00,SUMNER,THUNDERSTORM WIND,5000.0,0.0,0,0,201020,1247102,Social Media
2025-05-16 22:03:00,2025-05-16 22:08:00,CARROLL,HAIL,0.0,0.0,0,0,202579,1260282,Public
2025-05-16 22:12:00,2025-05-16 22:17:00,CARROLL,HAIL,0.0,0.0,0,0,202579,1260283,Public
2025-05-16 22:13:00,2025-05-16 22:13:00,SUMNER,HAIL,0.0,0.0,0,0,201020,1247103,Public
2025-05-16 23:04:00,2025-05-16 23:04:00,OVERTON,HAIL,0.0,0.0,0,0,201020,1247104,Emergency Manager
2025-05-17 00:28:00,2025-05-17 00:28:00,SCOTT,THUNDERSTORM WIND,0.0,0.0,0,0,202894,1262881,Public
2025-05-17 00:48:00,2025-05-17 00:48:00,CAMPBELL,THUNDERSTORM WIND,0.0,0.0,0,0,202894,1262882,Public
2025-05-17 01:12:00,2025-05-17 01:12:00,CAMPBELL,THUNDERSTORM WIND,0.0,0.0,0,0,202894,1262884,Public
2025-05-17 01:20:00,2025-05-17 01:20:00,MORGAN,THUNDERSTORM WIND,0.0,0.0,0,0,202894,1262885,Public
2025-05-17 01:33:00,2025-05-17 01:33:00,GRAINGER,THUNDERSTORM WIND,0.0,0.0,0,0,202894,1262889,Public
2025-05-17 01:40:00,2025-05-17 01:40:00,MCMINN,THUNDERSTORM WIND,0.0,0.0,0,0,202894,1262890,Public
2025-05-17 01:48:00,2025-05-17 01:48:00,ROANE,THUNDERSTORM WIND,0.0,0.0,0,0,202894,1262892,Law Enforcement
2025-05-17 01:52:00,2025-05-17 01:52:00,JEFFERSON,THUNDERSTORM WIND,0.0,0.0,0,0,202894,1262893,Law Enforcement
2025-05-17 01:59:00,2025-05-17 01:59:00,SEVIER,HAIL,0.0,0.0,0,0,202894,1262878,Amateur Radio
2025-05-17 02:00:00,2025-05-17 02:00:00,GREENE,THUNDERSTORM WIND,10000.0,0.0,0,0,202894,1262895,Emergency Manager
2025-05-17 02:06:00,2025-05-17 02:06:00,MCMINN,THUNDERSTORM WIND,0.0,0.0,0,0,202894,1262897,Law Enforcement
2025-05-17 02:09:00,2025-05-17 02:09:00,GREENE,THUNDERSTORM WIND,0.0,0.0,0,0,202894,1262898,Law Enforcement
2025-05-17 02:13:00,2025-05-17 02:13:00,MONROE,THUNDERSTORM WIND,0.0,0.0,0,0,202894,1262899,Law Enforcement
2025-05-17 02:15:00,2025-05-17 02:15:00,LOUDON,THUNDERSTORM WIND,0.0,0.0,0,0,202894,1262901,Public
2025-05-17 02:20:00,2025-05-17 02:20:00,JEFFERSON,HAIL,0.0,0.0,0,0,202894,1262879,Public
2025-05-17 02:25:00,2025-05-17 02:25:00,COCKE,THUNDERSTORM WIND,0.0,0.0,0,0,202894,1262903,Law Enforcement
2025-05-17 02:30:00,2025-05-17 02:30:00,MONROE,THUNDERSTORM WIND,0.0,0.0,0,0,202894,1262904,Public
2025-05-19 17:23:00,2025-05-19 17:23:00,WILLIAMSON,THUNDERSTORM WIND,1000.0,0.0,0,0,201021,1247105,Broadcast Media
2025-05-19 17:58:00,2025-05-19 17:58:00,DAVIDSON,THUNDERSTORM WIND,10000.0,0.0,0,0,201021,1247106,Public
2025-05-20 08:51:00,2025-05-20 08:56:00,HARDIN,THUNDERSTORM WIND,2000.0,0.0,0,0,202724,1261797,Emergency Manager
2025-05-20 08:58:00,2025-05-20 09:03:00,HARDIN,THUNDERSTORM WIND,2000.0,0.0,0,0,202724,1261798,Amateur Radio
2025-05-20 08:58:00,2025-05-20 09:03:00,HARDIN,THUNDERSTORM WIND,2000.0,0.0,0,0,202724,1261800,Amateur Radio
2025-05-20 09:30:00,2025-05-20 09:30:00,WAYNE,THUNDERSTORM WIND,25000.0,0.0,0,0,201022,1247111,Emergency Manager
2025-05-20 12:20:00,2025-05-20 12:25:00,MARSHALL,TORNADO,250000.0,0.0,0,0,201022,1247198,NWS Storm Survey
2025-05-20 13:28:00,2025-05-20 13:33:00,HENDERSON,THUNDERSTORM WIND,4000.0,0.0,0,0,202724,1261804,State Official
2025-05-20 13:58:00,2025-05-20 14:03:00,ROANE,THUNDERSTORM WIND,0.0,0.0,0,0,202899,1265419,Public
2025-05-20 13:58:00,2025-05-20 13:59:00,ROANE,TORNADO,50000.0,0.0,0,0,202899,1265418,NWS Storm Survey
2025-05-20 14:10:00,2025-05-20 14:10:00,ROANE,THUNDERSTORM WIND,0.0,0.0,0,0,202899,1263138,911 Call Center
2025-05-20 14:14:00,2025-05-20 14:19:00,MADISON,THUNDERSTORM WIND,6000.0,0.0,0,0,202724,1261819,NWS Storm Survey
2025-05-20 14:15:00,2025-05-20 14:17:00,MADISON,TORNADO,15000.0,0.0,0,0,202724,1261795,NWS Storm Survey
2025-05-20 14:25:00,2025-05-20 14:25:00,PERRY,THUNDERSTORM WIND,10000.0,0.0,0,0,201022,1247116,Public
2025-05-20 14:30:00,2025-05-20 14:32:00,OBION,THUNDERSTORM WIND,0.0,0.0,0,0,202724,1261812,AWOS
2025-05-20 14:40:00,2025-05-20 14:45:00,WEAKLEY,THUNDERSTORM WIND,15000.0,0.0,0,0,202724,1261807,Fire Department/Rescue
2025-05-20 14:47:00,2025-05-20 14:52:00,LAUDERDALE,THUNDERSTORM WIND,2000.0,0.0,0,0,202724,1261810,Trained Spotter
2025-05-20 14:49:00,2025-05-20 14:54:00,WEAKLEY,THUNDERSTORM WIND,20000.0,0.0,0,0,202724,1261815,Fire Department/Rescue
2025-05-20 14:50:00,2025-05-20 14:50:00,HICKMAN,HAIL,0.0,0.0,0,0,201022,1247119,Public
2025-05-20 14:50:00,2025-05-20 14:50:00,HICKMAN,THUNDERSTORM WIND,5000.0,0.0,0,0,201022,1247117,Public
2025-05-20 14:50:00,2025-05-20 14:55:00,SHELBY,THUNDERSTORM WIND,10000.0,0.0,0,0,202724,1267044,Park/Forest Service
2025-05-20 14:54:00,2025-05-20 14:54:00,HICKMAN,HAIL,0.0,0.0,0,0,201022,1247120,Public
2025-05-20 14:56:00,2025-05-20 14:56:00,HICKMAN,HAIL,0.0,0.0,0,0,201022,1247121,Public
2025-05-20 14:57:00,2025-05-20 15:02:00,TIPTON,THUNDERSTORM WIND,2000.0,0.0,0,0,202724,1261818,Public
2025-05-20 14:59:00,2025-05-20 15:06:00,LEWIS,TORNADO,0.0,0.0,0,0,201022,1250278,Local Official
2025-05-20 15:00:00,2025-05-20 15:00:00,HICKMAN,HAIL,0.0,0.0,0,0,201022,1247123,Public
2025-05-20 15:00:00,2025-05-20 15:00:00,HICKMAN,THUNDERSTORM WIND,50000.0,0.0,0,0,201022,1247122,NWS Storm Survey
2025-05-20 15:03:00,2025-05-20 15:08:00,GIBSON,THUNDERSTORM WIND,5000.0,0.0,0,0,202724,1261814,Emergency Manager
2025-05-20 15:09:00,2025-05-20 15:14:00,HENRY,THUNDERSTORM WIND,5000.0,0.0,0,0,202724,1261808,Emergency Manager
2025-05-20 15:14:00,2025-05-20 15:14:00,WILLIAMSON,HAIL,0.0,0.0,0,0,201022,1247124,Public
2025-05-20 15:15:00,2025-05-20 15:20:00,HENRY,THUNDERSTORM WIND,10000.0,0.0,0,0,202724,1261809,Emergency Manager
2025-05-20 15:15:00,2025-05-20 15:20:00,HENRY,THUNDERSTORM WIND,6000.0,0.0,0,0,202724,1261817,Emergency Manager
2025-05-20 15:16:00,2025-05-20 15:21:00,HAYWOOD,THUNDERSTORM WIND,2000.0,0.0,0,0,202724,1261813,Trained Spotter
2025-05-20 15:20:00,2025-05-20 15:20:00,WILLIAMSON,HAIL,0.0,0.0,0,0,201022,1247125,Public
2025-05-20 15:21:00,2025-05-20 15:21:00,WILLIAMSON,HAIL,0.0,0.0,0,0,201022,1247127,Social Media
2025-05-20 15:24:00,2025-05-20 15:29:00,CARROLL,HAIL,0.0,0.0,0,0,202724,1261791,Trained Spotter
2025-05-20 15:27:00,2025-05-20 15:27:00,HAMBLEN,THUNDERSTORM WIND,0.0,0.0,0,0,202899,1263139,911 Call Center
2025-05-20 15:30:00,2025-05-20 15:30:00,MARION,THUNDERSTORM WIND,0.0,0.0,0,0,202899,1263144,Public
2025-05-20 15:34:00,2025-05-20 15:34:00,WILLIAMSON,HAIL,0.0,0.0,0,0,201022,1247126,Social Media
2025-05-20 15:34:00,2025-05-20 15:34:00,WILLIAMSON,HAIL,0.0,0.0,0,0,201022,1247128,Fire Department/Rescue
2025-05-20 15:34:00,2025-05-20 15:34:00,WILLIAMSON,HAIL,0.0,0.0,0,0,201022,1247129,Social Media
2025-05-20 15:36:00,2025-05-20 15:36:00,WILLIAMSON,HAIL,0.0,0.0,0,0,201022,1247130,Public
2025-05-20 15:36:00,2025-05-20 15:36:00,WILLIAMSON,HAIL,0.0,0.0,0,0,201022,1247131,Social Media
2025-05-20 15:37:00,2025-05-20 15:42:00,BENTON,HAIL,0.0,0.0,0,0,202724,1261792,Public
2025-05-20 15:37:00,2025-05-20 15:37:00,WILLIAMSON,HAIL,0.0,0.0,0,0,201022,1247132,Public
2025-05-20 15:38:00,2025-05-20 15:38:00,WILLIAMSON,HAIL,0.0,0.0,0,0,201022,1247133,Social Media
2025-05-20 15:38:00,2025-05-20 15:38:00,WILLIAMSON,HAIL,0.0,0.0,0,0,201022,1247134,Emergency Manager
2025-05-20 15:40:00,2025-05-20 15:40:00,STEWART,THUNDERSTORM WIND,50000.0,0.0,0,0,201022,1247151,NWS Storm Survey
2025-05-20 15:40:00,2025-05-20 15:40:00,WILLIAMSON,HAIL,0.0,0.0,0,0,201022,1247135,Amateur Radio
2025-05-20 15:40:00,2025-05-20 15:40:00,WILLIAMSON,HAIL,0.0,0.0,0,0,201022,1247136,Public
2025-05-20 15:40:00,2025-05-20 15:40:00,WILLIAMSON,HAIL,0.0,0.0,0,0,201022,1247137,Public
2025-05-20 15:41:00,2025-05-20 15:41:00,MAURY,HAIL,0.0,0.0,0,0,201022,1247158,Emergency Manager
2025-05-20 15:41:00,2025-05-20 15:41:00,WILLIAMSON,HAIL,0.0,0.0,0,0,201022,1247138,Amateur Radio
2025-05-20 15:42:00,2025-05-20 15:42:00,WILLIAMSON,HAIL,0.0,0.0,0,0,201022,1247139,Social Media
2025-05-20 15:42:00,2025-05-20 15:42:00,WILLIAMSON,HAIL,0.0,0.0,0,0,201022,1247140,Social Media
2025-05-20 15:42:00,2025-05-20 15:42:00,WILLIAMSON,HAIL,0.0,0.0,0,0,201022,1247141,Social Media
2025-05-20 15:43:00,2025-05-20 15:43:00,WILLIAMSON,HAIL,0.0,0.0,0,0,201022,1247142,Social Media
2025-05-20 15:45:00,2025-05-20 15:45:00,WILLIAMSON,HAIL,0.0,0.0,0,0,201022,1247144,Public
2025-05-20 15:46:00,2025-05-20 15:46:00,STEWART,THUNDERSTORM WIND,10000.0,0.0,0,0,201022,1247152,Emergency Manager
2025-05-20 15:46:00,2025-05-20 15:46:00,WILLIAMSON,HAIL,0.0,0.0,0,0,201022,1247145,Public
2025-05-20 15:46:00,2025-05-20 15:46:00,WILLIAMSON,HAIL,0.0,0.0,0,0,201022,1247146,Public
2025-05-20 15:47:00,2025-05-20 15:49:00,MADISON,THUNDERSTORM WIND,0.0,0.0,0,0,202724,1261811,ASOS
2025-05-20 15:48:00,2025-05-20 15:48:00,WILLIAMSON,HAIL,0.0,0.0,0,0,201022,1247147,Public
2025-05-20 15:49:00,2025-05-20 15:49:00,WILLIAMSON,HAIL,0.0,0.0,0,0,201022,1247148,Public
2025-05-20 15:49:00,2025-05-20 15:49:00,WILLIAMSON,HAIL,0.0,0.0,0,0,201022,1247149,Public
2025-05-20 15:55:00,2025-05-20 15:55:00,MAURY,HAIL,0.0,0.0,0,0,201022,1247159,Amateur Radio
2025-05-20 15:55:00,2025-05-20 15:55:00,MAURY,HAIL,0.0,0.0,0,0,201022,1247160,Emergency Manager
2025-05-20 15:56:00,2025-05-20 15:56:00,MAURY,HAIL,0.0,0.0,0,0,201022,1247161,Public
2025-05-20 15:59:00,2025-05-20 15:59:00,MAURY,HAIL,0.0,0.0,0,0,201022,1247162,Public
2025-05-20 16:02:00,2025-05-20 16:02:00,MAURY,HAIL,0.0,0.0,0,0,201022,1247172,Amateur Radio
2025-05-20 16:03:00,2025-05-20 16:06:00,CARROLL,THUNDERSTORM WIND,15000.0,0.0,0,0,202724,1261822,NWS Storm Survey
2025-05-20 16:05:00,2025-05-20 16:05:00,GREENE,THUNDERSTORM WIND,0.0,0.0,0,0,202899,1263140,Public
2025-05-20 16:08:00,2025-05-20 16:08:00,GREENE,THUNDERSTORM WIND,0.0,0.0,0,0,202899,1263141,Public
2025-05-20 16:08:00,2025-05-20 16:19:00,MONTGOMERY,TORNADO,250000.0,0.0,0,0,201022,1247156,NWS Storm Survey
2025-05-20 16:10:00,2025-05-20 16:10:00,GREENE,THUNDERSTORM WIND,0.0,0.0,0,0,202899,1263142,Public
2025-05-20 16:13:00,2025-05-20 16:13:00,GREENE,THUNDERSTORM WIND,0.0,0.0,0,0,202899,1263143,Public
2025-05-20 16:15:00,2025-05-20 16:15:00,ROBERTSON,THUNDERSTORM WIND,0.0,0.0,0,0,201022,1247173,Utility Company
2025-05-20 16:17:00,2025-05-20 16:17:00,RUTHERFORD,THUNDERSTORM WIND,50000.0,0.0,0,0,201022,1247167,NWS Storm Survey
2025-05-20 16:19:00,2025-05-20 16:19:00,RUTHERFORD,THUNDERSTORM WIND,5000.0,0.0,0,0,201022,1247169,Social Media
2025-05-20 16:20:00,2025-05-20 16:20:00,SEQUATCHIE,THUNDERSTORM WIND,0.0,0.0,0,0,202899,1263145,Public
2025-05-20 16:25:00,2025-05-20 16:28:00,MONTGOMERY,TORNADO,250000.0,0.0,0,0,201022,1247200,NWS Storm Survey
2025-05-20 16:41:00,2025-05-20 16:41:00,ROBERTSON,HAIL,0.0,0.0,0,0,201022,1247181,Public
2025-05-20 16:45:00,2025-05-20 16:45:00,HICKMAN,THUNDERSTORM WIND,15000.0,0.0,0,0,201022,1247174,Public
2025-05-20 16:47:00,2025-05-20 16:50:00,BEDFORD,TORNADO,200000.0,0.0,0,0,201022,1247202,NWS Storm Survey
2025-05-20 16:49:00,2025-05-20 16:49:00,RUTHERFORD,HAIL,0.0,0.0,0,0,201022,1247177,Social Media
2025-05-20 16:50:00,2025-05-20 16:50:00,BEDFORD,THUNDERSTORM WIND,25000.0,0.0,0,0,201022,1247179,Emergency Manager
2025-05-20 16:50:00,2025-05-20 16:51:00,COFFEE,TORNADO,50000.0,0.0,0,0,201022,1247204,NWS Storm Survey
2025-05-20 16:50:00,2025-05-20 16:50:00,DAVIDSON,THUNDERSTORM WIND,15000.0,0.0,0,0,201022,1247182,Social Media
2025-05-20 16:51:00,2025-05-20 16:51:00,HICKMAN,THUNDERSTORM WIND,10000.0,0.0,0,1,201022,1247175,Broadcast Media
2025-05-20 16:55:00,2025-05-20 16:55:00,ROBERTSON,THUNDERSTORM WIND,2000.0,0.0,0,0,201022,1247183,Emergency Manager
2025-05-20 16:56:00,2025-05-20 16:56:00,SUMNER,THUNDERSTORM WIND,1000.0,0.0,0,0,201022,1247184,Social Media
2025-05-20 17:06:00,2025-05-20 17:06:00,RUTHERFORD,HAIL,0.0,0.0,0,0,201022,1247187,Public
2025-05-20 17:07:00,2025-05-20 17:07:00,DEKALB,HAIL,0.0,0.0,0,0,201022,1247185,Public
2025-05-20 17:15:00,2025-05-20 17:15:00,RUTHERFORD,HAIL,0.0,0.0,0,0,201022,1247188,Public
2025-05-20 17:15:00,2025-05-20 17:15:00,WILLIAMSON,THUNDERSTORM WIND,1000.0,0.0,0,0,201022,1247191,Broadcast Media
2025-05-20 17:19:00,2025-05-20 17:19:00,CANNON,HAIL,0.0,0.0,0,0,201022,1247186,Social Media
2025-05-20 17:30:00,2025-05-20 20:00:00,DAVIDSON,FLASH FLOOD,0.0,0.0,0,0,201022,1247414,Emergency Manager
2025-05-20 17:43:00,2025-05-20 20:00:00,WILLIAMSON,FLASH FLOOD,0.0,0.0,0,0,201022,1247411,Emergency Manager
2025-05-20 17:44:00,2025-05-20 20:00:00,WILLIAMSON,FLASH FLOOD,0.0,0.0,0,0,201022,1247412,Emergency Manager
2025-05-20 17:44:00,2025-05-20 20:00:00,WILLIAMSON,FLASH FLOOD,0.0,0.0,0,0,201022,1247413,Emergency Manager
2025-05-20 17:50:00,2025-05-20 17:50:00,HAMILTON,THUNDERSTORM WIND,0.0,0.0,0,0,202899,1263146,Public
2025-05-20 18:00:00,2025-05-20 18:00:00,VAN BUREN,HAIL,0.0,0.0,0,0,201022,1247205,Public
2025-05-20 18:01:00,2025-05-20 18:01:00,WHITE,HAIL,0.0,0.0,0,0,201022,1247192,Public
2025-05-20 18:29:00,2025-05-20 18:37:00,CUMBERLAND,TORNADO,250000.0,0.0,0,0,201022,1247195,NWS Storm Survey
2025-05-20 18:39:00,2025-05-20 18:39:00,SEQUATCHIE,HAIL,0.0,0.0,0,0,202899,1263159,Public
2025-05-20 18:39:00,2025-05-20 18:39:00,SEQUATCHIE,THUNDERSTORM WIND,0.0,0.0,0,0,202899,1263148,Public
2025-05-20 18:40:00,2025-05-20 18:40:00,PUTNAM,THUNDERSTORM WIND,25000.0,0.0,0,0,201022,1247197,Emergency Manager
2025-05-20 18:44:00,2025-05-20 18:44:00,MCMINN,THUNDERSTORM WIND,0.0,0.0,0,0,202899,1263147,Public
2025-05-20 19:00:00,2025-05-20 19:00:00,CUMBERLAND,HAIL,0.0,0.0,0,0,201022,1247193,Public
2025-05-20 19:00:00,2025-05-20 19:00:00,LINCOLN,THUNDERSTORM WIND,2000.0,0.0,0,0,204774,1276910,Emergency Manager
2025-05-20 19:05:00,2025-05-20 19:05:00,LINCOLN,THUNDERSTORM WIND,10000.0,0.0,0,0,204774,1276911,Emergency Manager
2025-05-20 19:31:00,2025-05-20 22:00:00,CUMBERLAND,FLASH FLOOD,0.0,0.0,0,0,201022,1247415,Public
2025-05-20 20:40:00,2025-05-20 20:40:00,SCOTT,THUNDERSTORM WIND,0.0,0.0,0,0,202899,1263149,911 Call Center
2025-05-20 20:45:00,2025-05-20 20:45:00,SCOTT,THUNDERSTORM WIND,0.0,0.0,0,0,202899,1263150,Public
2025-05-20 20:50:00,2025-05-20 20:50:00,MCMINN,THUNDERSTORM WIND,0.0,0.0,0,0,202899,1263151,Public
2025-05-20 20:51:00,2025-05-20 20:51:00,ROANE,THUNDERSTORM WIND,0.0,0.0,0,0,202899,1263152,Public
2025-05-20 21:10:00,2025-05-20 21:10:00,KNOX,THUNDERSTORM WIND,0.0,0.0,0,0,202899,1263158,Public
2025-05-20 21:15:00,2025-05-20 21:15:00,KNOX,THUNDERSTORM WIND,0.0,0.0,0,0,202899,1263153,Public
2025-05-20 21:27:00,2025-05-20 21:27:00,BLOUNT,THUNDERSTORM WIND,0.0,0.0,0,0,202899,1263154,Trained Spotter
2025-05-20 21:40:00,2025-05-20 21:40:00,CLAIBORNE,THUNDERSTORM WIND,0.0,0.0,0,0,202899,1263155,Public
2025-05-20 21:42:00,2025-05-20 21:42:00,SEVIER,THUNDERSTORM WIND,0.0,0.0,0,0,202899,1263156,Public
2025-05-20 21:50:00,2025-05-20 21:50:00,SEVIER,THUNDERSTORM WIND,0.0,0.0,0,0,202899,1263157,Public
2025-05-22 00:40:00,2025-05-22 00:45:00,SHELBY,THUNDERSTORM WIND,2000.0,0.0,0,0,202711,1261526,Broadcast Media
2025-05-22 00:42:00,2025-05-22 00:47:00,SHELBY,THUNDERSTORM WIND,10000.0,0.0,0,0,202711,1267045,Local Official
2025-05-22 00:43:00,2025-05-22 00:48:00,SHELBY,THUNDERSTORM WIND,2000.0,0.0,0,0,202711,1261525,Broadcast Media
2025-05-25 11:35:00,2025-05-25 11:40:00,SHELBY,THUNDERSTORM WIND,25000.0,0.0,0,0,202719,1261588,Broadcast Media
2025-05-25 11:37:00,2025-05-25 11:42:00,SHELBY,THUNDERSTORM WIND,12000.0,0.0,0,0,202719,1261591,Public
2025-05-25 12:00:00,2025-05-25 12:05:00,FAYETTE,THUNDERSTORM WIND,8000.0,0.0,0,0,202719,1261590,Emergency Manager
2025-05-25 12:00:00,2025-05-25 12:02:00,GIBSON,STRONG WIND,4000.0,0.0,0,0,202719,1261596,Broadcast Media
2025-05-25 12:30:00,2025-05-25 12:35:00,HENDERSON,THUNDERSTORM WIND,45000.0,0.0,0,0,202719,1261593,Public
2025-05-25 13:10:00,2025-05-25 13:10:00,PERRY,THUNDERSTORM WIND,1000.0,0.0,0,0,201059,1247712,Trained Spotter
2025-05-25 13:21:00,2025-05-25 13:21:00,WAYNE,THUNDERSTORM WIND,10000.0,0.0,0,0,201059,1247713,State Official
2025-05-25 13:53:00,2025-05-25 13:53:00,LAWRENCE,THUNDERSTORM WIND,10000.0,0.0,0,0,201059,1247714,Emergency Manager
2025-05-25 13:53:00,2025-05-25 13:53:00,LAWRENCE,THUNDERSTORM WIND,1000.0,0.0,0,0,201059,1247716,Emergency Manager
2025-05-25 13:54:00,2025-05-25 13:54:00,LAWRENCE,THUNDERSTORM WIND,25000.0,0.0,0,0,201059,1247717,Emergency Manager
2025-05-25 13:55:00,2025-05-25 13:55:00,LAWRENCE,THUNDERSTORM WIND,1000.0,0.0,0,0,201059,1247718,Emergency Manager
2025-05-25 14:12:00,2025-05-25 14:12:00,GILES,THUNDERSTORM WIND,10000.0,0.0,0,0,201059,1247719,Law Enforcement
2025-05-25 14:24:00,2025-05-25 14:24:00,MARSHALL,THUNDERSTORM WIND,10000.0,0.0,0,0,201059,1247720,Public
2025-05-25 14:28:00,2025-05-25 14:28:00,LINCOLN,THUNDERSTORM WIND,1000.0,0.0,0,0,201225,1276982,911 Call Center
2025-05-25 14:35:00,2025-05-25 14:35:00,LINCOLN,THUNDERSTORM WIND,5000.0,0.0,0,0,201225,1276888,911 Call Center
2025-05-25 14:35:00,2025-05-25 14:35:00,LINCOLN,THUNDERSTORM WIND,8000.0,0.0,0,0,201225,1276996,911 Call Center
2025-05-25 14:36:00,2025-05-25 14:36:00,LINCOLN,THUNDERSTORM WIND,1000.0,0.0,0,0,201225,1276984,911 Call Center
2025-05-25 14:38:00,2025-05-25 14:38:00,LINCOLN,THUNDERSTORM WIND,1000.0,0.0,0,0,201225,1276980,911 Call Center
2025-05-25 14:41:00,2025-05-25 14:41:00,LINCOLN,THUNDERSTORM WIND,1000.0,0.0,0,0,201225,1276987,911 Call Center
2025-05-25 14:41:00,2025-05-25 14:41:00,LINCOLN,THUNDERSTORM WIND,2000.0,0.0,0,0,201225,1276991,911 Call Center
2025-05-25 14:43:00,2025-05-25 14:43:00,LINCOLN,THUNDERSTORM WIND,2000.0,0.0,0,0,201225,1277005,911 Call Center
2025-05-25 14:45:00,2025-05-25 14:45:00,LINCOLN,THUNDERSTORM WIND,2000.0,0.0,0,0,201225,1276994,911 Call Center
2025-05-25 14:46:00,2025-05-25 14:46:00,LINCOLN,THUNDERSTORM WIND,8000.0,0.0,0,0,201225,1277001,911 Call Center
2025-05-25 14:49:00,2025-05-25 14:49:00,LINCOLN,THUNDERSTORM WIND,1000.0,0.0,0,0,201225,1276978,911 Call Center
2025-05-25 14:50:00,2025-05-25 14:50:00,BEDFORD,THUNDERSTORM WIND,5000.0,0.0,0,0,201059,1247722,Social Media
2025-05-25 14:50:00,2025-05-25 14:50:00,LINCOLN,THUNDERSTORM WIND,1000.0,0.0,0,0,201225,1276966,911 Call Center
2025-05-25 14:50:00,2025-05-25 14:50:00,MOORE,THUNDERSTORM WIND,2000.0,0.0,0,0,201225,1276890,Emergency Manager
2025-05-25 14:50:00,2025-05-25 14:50:00,MOORE,THUNDERSTORM WIND,2000.0,0.0,0,0,201225,1276892,Emergency Manager
2025-05-25 14:50:00,2025-05-25 14:50:00,MOORE,THUNDERSTORM WIND,2000.0,0.0,0,0,201225,1276893,Emergency Manager
2025-05-25 14:50:00,2025-05-25 14:50:00,MOORE,THUNDERSTORM WIND,2000.0,0.0,0,0,201225,1276889,Emergency Manager
2025-05-25 14:50:00,2025-05-25 14:50:00,MOORE,THUNDERSTORM WIND,2000.0,0.0,0,0,201225,1276891,Emergency Manager
2025-05-25 14:51:00,2025-05-25 14:51:00,LINCOLN,THUNDERSTORM WIND,1000.0,0.0,0,0,201225,1276977,911 Call Center
2025-05-25 14:51:00,2025-05-25 14:51:00,LINCOLN,THUNDERSTORM WIND,1000.0,0.0,0,0,201225,1276985,911 Call Center
2025-05-25 14:52:00,2025-05-25 14:52:00,LINCOLN,THUNDERSTORM WIND,2000.0,0.0,0,0,201225,1276989,911 Call Center
2025-05-25 14:54:00,2025-05-25 14:54:00,MOORE,THUNDERSTORM WIND,2000.0,0.0,0,0,201225,1276896,Emergency Manager
2025-05-25 14:55:00,2025-05-25 14:55:00,BEDFORD,THUNDERSTORM WIND,1000.0,0.0,0,0,201059,1247723,Broadcast Media
2025-05-25 14:55:00,2025-05-25 14:55:00,MOORE,THUNDERSTORM WIND,2000.0,0.0,0,0,201225,1276895,Emergency Manager
2025-05-25 14:55:00,2025-05-25 14:55:00,MOORE,THUNDERSTORM WIND,2000.0,0.0,0,0,201225,1276894,Emergency Manager
2025-05-25 15:01:00,2025-05-25 15:08:00,FRANKLIN,TORNADO,0.0,0.0,0,0,201225,1276635,NWS Storm Survey
2025-05-25 15:10:00,2025-05-25 15:10:00,COFFEE,THUNDERSTORM WIND,1000.0,0.0,0,0,201059,1247724,State Official
2025-05-25 15:13:00,2025-05-25 15:13:00,FRANKLIN,THUNDERSTORM WIND,5000.0,0.0,0,0,201225,1276897,Amateur Radio
2025-05-25 15:14:00,2025-05-25 15:14:00,FRANKLIN,THUNDERSTORM WIND,3000.0,0.0,0,0,201225,1276898,Emergency Manager
2025-05-25 15:55:00,2025-05-25 15:55:00,MARION,THUNDERSTORM WIND,0.0,0.0,0,0,202923,1263160,Emergency Manager
2025-05-25 17:30:00,2025-05-25 17:30:00,HAMILTON,THUNDERSTORM WIND,0.0,0.0,0,0,202923,1263161,911 Call Center
2025-05-27 15:43:00,2025-05-27 15:43:00,GRUNDY,THUNDERSTORM WIND,5000.0,0.0,0,0,201209,1248995,Emergency Manager
2025-05-27 18:59:00,2025-05-27 18:59:00,MOORE,THUNDERSTORM WIND,1000.0,0.0,0,0,201223,1277110,Emergency Manager
2025-05-27 18:59:00,2025-05-27 18:59:00,MOORE,THUNDERSTORM WIND,1000.0,0.0,0,0,201223,1276900,Emergency Manager
2025-05-27 19:31:00,2025-05-27 19:31:00,FRANKLIN,THUNDERSTORM WIND,3000.0,0.0,0,0,201223,1276901,Emergency Manager
2025-05-27 19:35:00,2025-05-27 19:35:00,FRANKLIN,THUNDERSTORM WIND,1000.0,0.0,0,0,201223,1276903,Emergency Manager
2025-05-27 19:35:00,2025-05-27 19:35:00,FRANKLIN,THUNDERSTORM WIND,1000.0,0.0,0,0,201223,1276902,Public
2025-05-27 19:45:00,2025-05-27 19:45:00,FRANKLIN,THUNDERSTORM WIND,2000.0,0.0,0,0,201223,1276904,Emergency Manager
2025-05-27 19:55:00,2025-05-27 19:55:00,FRANKLIN,THUNDERSTORM WIND,2000.0,0.0,0,0,201223,1276905,Emergency Manager
2025-05-27 20:06:00,2025-05-27 20:06:00,FRANKLIN,THUNDERSTORM WIND,3000.0,0.0,0,0,201223,1276906,Emergency Manager
2025-05-27 20:12:00,2025-05-27 20:12:00,FRANKLIN,THUNDERSTORM WIND,3000.0,0.0,0,0,201223,1276907,Emergency Manager
2025-05-27 20:48:00,2025-05-27 20:48:00,FRANKLIN,THUNDERSTORM WIND,2000.0,0.0,0,0,201223,1276908,Emergency Manager
2025-05-27 20:55:00,2025-05-27 20:55:00,FRANKLIN,THUNDERSTORM WIND,2000.0,0.0,0,0,201223,1276909,Emergency Manager
2025-05-30 07:36:00,2025-05-30 07:37:00,LOUDON,TORNADO,100000.0,0.0,0,3,202925,1265406,NWS Storm Survey
2025-05-30 07:37:00,2025-05-30 07:38:00,MONROE,TORNADO,50000.0,0.0,0,2,202925,1265415,NWS Storm Survey
2025-06-06 12:05:00,2025-06-06 12:10:00,MADISON,THUNDERSTORM WIND,5000.0,0.0,0,0,204350,1273643,Emergency Manager
2025-06-06 13:10:00,2025-06-06 13:15:00,CARROLL,THUNDERSTORM WIND,5000.0,0.0,0,0,204350,1273645,Public
2025-06-06 13:18:00,2025-06-06 13:23:00,HENRY,THUNDERSTORM WIND,2000.0,0.0,0,0,204350,1273646,911 Call Center
2025-06-06 13:25:00,2025-06-06 13:30:00,HENRY,THUNDERSTORM WIND,2000.0,0.0,0,0,204350,1273647,Public
2025-06-06 13:36:00,2025-06-06 13:36:00,ROBERTSON,THUNDERSTORM WIND,10000.0,0.0,0,0,201702,1252890,Emergency Manager
2025-06-06 14:40:00,2025-06-06 14:40:00,RUTHERFORD,THUNDERSTORM WIND,10000.0,0.0,0,0,201702,1252893,Social Media
2025-06-06 14:56:00,2025-06-06 14:56:00,GRUNDY,THUNDERSTORM WIND,1000.0,0.0,0,0,201702,1252895,Amateur Radio
2025-06-06 15:07:00,2025-06-06 15:12:00,HENRY,HAIL,0.0,0.0,0,0,204350,1273640,Public
2025-06-06 15:20:00,2025-06-06 15:20:00,MARION,THUNDERSTORM WIND,0.0,0.0,0,0,203044,1272029,911 Call Center
2025-06-06 15:25:00,2025-06-06 15:30:00,HENRY,HAIL,0.0,0.0,0,0,204350,1273641,Public
2025-06-06 16:05:00,2025-06-06 16:05:00,BLEDSOE,THUNDERSTORM WIND,0.0,0.0,0,0,203044,1272032,911 Call Center
2025-06-06 16:44:00,2025-06-06 16:44:00,CHEATHAM,THUNDERSTORM WIND,25000.0,0.0,0,0,201702,1252896,Public
2025-06-06 16:50:00,2025-06-06 16:50:00,BRADLEY,THUNDERSTORM WIND,0.0,0.0,0,0,203044,1272030,911 Call Center
2025-06-06 16:50:00,2025-06-06 18:30:00,HAMBLEN,FLASH FLOOD,0.0,0.0,0,0,203044,1264306,Social Media
2025-06-06 16:55:00,2025-06-06 16:55:00,HAWKINS,THUNDERSTORM WIND,0.0,0.0,0,0,203044,1272031,911 Call Center
2025-06-06 17:30:00,2025-06-06 17:30:00,HAMBLEN,THUNDERSTORM WIND,0.0,0.0,0,0,203044,1272033,Social Media
2025-06-06 17:40:00,2025-06-06 17:40:00,BRADLEY,THUNDERSTORM WIND,0.0,0.0,0,0,203044,1272034,Social Media
2025-06-06 17:44:00,2025-06-06 17:49:00,HARDIN,THUNDERSTORM WIND,2000.0,0.0,0,0,204350,1273648,Amateur Radio
2025-06-06 18:00:00,2025-06-06 18:00:00,WASHINGTON,THUNDERSTORM WIND,0.0,0.0,0,0,203044,1272035,Social Media
2025-06-06 18:10:00,2025-06-06 18:10:00,MONROE,THUNDERSTORM WIND,0.0,0.0,0,0,203044,1272036,Public
2025-06-06 19:01:00,2025-06-06 19:01:00,LAWRENCE,THUNDERSTORM WIND,1000.0,0.0,0,0,201702,1252897,Emergency Manager
2025-06-06 19:52:00,2025-06-06 19:57:00,MAURY,TORNADO,250000.0,0.0,0,0,201702,1252899,NWS Storm Survey
2025-06-06 20:51:00,2025-06-06 20:51:00,LINCOLN,THUNDERSTORM WIND,3000.0,0.0,0,0,201556,1279579,State Official
2025-06-07 09:07:00,2025-06-07 09:12:00,FAYETTE,THUNDERSTORM WIND,2000.0,0.0,0,0,204357,1273661,Emergency Manager
2025-06-07 09:55:00,2025-06-07 10:00:00,HARDEMAN,THUNDERSTORM WIND,25000.0,0.0,0,0,204357,1273662,Law Enforcement
2025-06-07 13:11:00,2025-06-07 13:11:00,LINCOLN,THUNDERSTORM WIND,2000.0,0.0,0,0,205147,1281112,911 Call Center
2025-06-07 13:14:00,2025-06-07 13:14:00,LINCOLN,THUNDERSTORM WIND,1000.0,0.0,0,0,205147,1281113,911 Call Center
2025-06-07 13:14:00,2025-06-07 13:14:00,LINCOLN,THUNDERSTORM WIND,2000.0,0.0,0,0,205147,1281111,911 Call Center
2025-06-07 13:14:00,2025-06-07 13:14:00,LINCOLN,THUNDERSTORM WIND,10000.0,0.0,0,0,205147,1281114,Emergency Manager
2025-06-07 13:23:00,2025-06-07 13:23:00,LINCOLN,THUNDERSTORM WIND,1000.0,0.0,0,0,205147,1281115,911 Call Center
2025-06-07 13:24:00,2025-06-07 13:24:00,LINCOLN,THUNDERSTORM WIND,1000.0,0.0,0,0,205147,1281116,911 Call Center
2025-06-07 13:25:00,2025-06-07 13:25:00,LINCOLN,THUNDERSTORM WIND,2000.0,0.0,0,0,205147,1281117,911 Call Center
2025-06-07 13:25:00,2025-06-07 13:25:00,LINCOLN,THUNDERSTORM WIND,1000.0,0.0,0,0,205147,1281118,911 Call Center
2025-06-07 13:27:00,2025-06-07 13:27:00,LINCOLN,THUNDERSTORM WIND,1000.0,0.0,0,0,205147,1281119,911 Call Center
2025-06-07 13:27:00,2025-06-07 13:27:00,LINCOLN,THUNDERSTORM WIND,1000.0,0.0,0,0,205147,1281121,911 Call Center
2025-06-07 13:37:00,2025-06-07 13:37:00,LINCOLN,THUNDERSTORM WIND,10000.0,0.0,0,0,205147,1281120,Emergency Manager
2025-06-07 13:37:00,2025-06-07 13:37:00,LINCOLN,THUNDERSTORM WIND,1000.0,0.0,0,0,205147,1281123,911 Call Center
2025-06-07 13:38:00,2025-06-07 13:38:00,LINCOLN,THUNDERSTORM WIND,1000.0,0.0,0,0,205147,1281122,911 Call Center
2025-06-07 13:45:00,2025-06-07 13:45:00,BEDFORD,THUNDERSTORM WIND,10000.0,0.0,0,0,201704,1252902,Social Media
2025-06-07 14:00:00,2025-06-07 14:00:00,COFFEE,THUNDERSTORM WIND,5000.0,0.0,0,0,201704,1252903,Social Media
2025-06-07 14:02:00,2025-06-07 14:02:00,COFFEE,THUNDERSTORM WIND,1000.0,0.0,0,0,201704,1252904,Social Media
2025-06-07 14:21:00,2025-06-07 14:21:00,GRUNDY,THUNDERSTORM WIND,1000.0,0.0,0,0,201704,1252905,Social Media
2025-06-07 14:26:00,2025-06-07 14:26:00,GRUNDY,THUNDERSTORM WIND,1000.0,0.0,0,0,201704,1252906,Social Media
2025-06-07 14:28:00,2025-06-07 14:28:00,GRUNDY,THUNDERSTORM WIND,1000.0,0.0,0,0,201704,1252908,Social Media
2025-06-07 14:35:00,2025-06-07 14:35:00,MARION,THUNDERSTORM WIND,0.0,0.0,0,0,204133,1272037,Social Media
2025-06-07 14:45:00,2025-06-07 14:45:00,SEQUATCHIE,THUNDERSTORM WIND,0.0,0.0,0,0,204133,1272038,Social Media
2025-06-07 15:48:00,2025-06-07 15:48:00,HAMILTON,THUNDERSTORM WIND,0.0,0.0,0,0,204133,1272039,Social Media
2025-06-07 15:50:00,2025-06-07 15:50:00,HAMILTON,THUNDERSTORM WIND,0.0,0.0,0,0,204133,1272040,Social Media
2025-06-07 15:55:00,2025-06-07 15:55:00,HAMILTON,THUNDERSTORM WIND,5000.0,0.0,0,0,204133,1272045,Broadcast Media
2025-06-07 16:00:00,2025-06-07 16:00:00,HAMILTON,THUNDERSTORM WIND,0.0,0.0,0,0,204133,1272041,Public
2025-06-07 16:05:00,2025-06-07 16:05:00,HAMILTON,THUNDERSTORM WIND,500000.0,0.0,0,0,204133,1272042,Public
2025-06-07 16:08:00,2025-06-07 16:08:00,HAMILTON,THUNDERSTORM WIND,0.0,0.0,0,0,204133,1272044,Trained Spotter
2025-06-07 16:18:00,2025-06-07 16:18:00,BRADLEY,THUNDERSTORM WIND,50000.0,0.0,0,0,204133,1272043,Fire Department/Rescue
2025-06-12 16:55:00,2025-06-12 17:00:00,CARROLL,THUNDERSTORM WIND,4000.0,0.0,0,0,204700,1276174,Emergency Manager
2025-06-12 16:55:00,2025-06-12 17:00:00,CARROLL,THUNDERSTORM WIND,10000.0,0.0,0,0,204700,1276172,Broadcast Media
2025-06-12 20:17:00,2025-06-12 20:17:00,FAYETTE,THUNDERSTORM WIND,2000.0,0.0,0,0,204700,1276175,Emergency Manager
2025-06-13 07:05:00,2025-06-13 08:05:00,CARROLL,FLASH FLOOD,20000.0,0.0,0,0,204698,1276157,Emergency Manager
2025-06-13 08:22:00,2025-06-13 09:22:00,CROCKETT,FLASH FLOOD,4000.0,0.0,0,0,204698,1276158,Emergency Manager
2025-06-13 13:55:00,2025-06-13 13:55:00,FRANKLIN,THUNDERSTORM WIND,10000.0,0.0,0,0,205403,1281678,Public
2025-06-13 17:15:00,2025-06-13 17:15:00,JEFFERSON,THUNDERSTORM WIND,0.0,0.0,0,0,204411,1274431,Public
2025-06-13 20:00:00,2025-06-13 20:00:00,JEFFERSON,THUNDERSTORM WIND,0.0,0.0,0,0,204411,1274432,Public
2025-06-15 18:15:00,2025-06-15 19:15:00,MAURY,FLASH FLOOD,100000.0,0.0,0,0,201814,1253678,Emergency Manager
2025-06-15 20:30:00,2025-06-15 21:30:00,ROBERTSON,FLASH FLOOD,100000.0,0.0,0,0,201814,1253679,Emergency Manager
2025-06-15 20:30:00,2025-06-15 21:30:00,SUMNER,FLASH FLOOD,50000.0,0.0,0,0,201814,1253680,Public
2025-06-17 20:08:00,2025-06-17 20:08:00,HAWKINS,HAIL,0.0,0.0,0,0,204413,1274433,Trained Spotter
2025-06-17 20:12:00,2025-06-17 20:12:00,HAWKINS,THUNDERSTORM WIND,0.0,0.0,0,0,204413,1274435,Public
2025-06-17 20:15:00,2025-06-17 20:15:00,HAWKINS,THUNDERSTORM WIND,0.0,0.0,0,0,204413,1274436,911 Call Center
2025-06-17 20:27:00,2025-06-17 20:27:00,SULLIVAN,THUNDERSTORM WIND,0.0,0.0,0,0,204413,1274434,Trained Spotter
2025-06-18 16:25:00,2025-06-18 18:25:00,COCKE,FLASH FLOOD,500000.0,0.0,0,0,203045,1264309,Emergency Manager
2025-06-18 16:40:00,2025-06-18 16:41:00,HENRY,LIGHTNING,0.0,0.0,0,1,204778,1277004,Emergency Manager
2025-06-18 18:20:00,2025-06-18 18:20:00,DICKSON,THUNDERSTORM WIND,1000.0,0.0,0,0,201941,1254648,Social Media
2025-06-18 18:26:00,2025-06-18 18:26:00,DICKSON,THUNDERSTORM WIND,1000.0,0.0,0,0,201941,1254651,Social Media
2025-06-18 18:30:00,2025-06-18 18:30:00,DICKSON,THUNDERSTORM WIND,1000.0,0.0,0,0,201941,1254655,Amateur Radio
2025-06-18 18:40:00,2025-06-18 18:40:00,PERRY,THUNDERSTORM WIND,5000.0,0.0,0,0,201941,1254653,Social Media
2025-06-18 18:42:00,2025-06-18 18:42:00,ROBERTSON,THUNDERSTORM WIND,10000.0,0.0,0,0,201941,1254657,Emergency Manager
2025-06-18 18:52:00,2025-06-18 18:52:00,ROBERTSON,THUNDERSTORM WIND,5000.0,0.0,0,0,201941,1254659,Social Media
2025-06-18 19:00:00,2025-06-18 19:00:00,SUMNER,THUNDERSTORM WIND,5000.0,0.0,0,0,201941,1254665,Emergency Manager
2025-06-18 19:05:00,2025-06-18 19:05:00,SUMNER,THUNDERSTORM WIND,10000.0,0.0,0,0,201941,1254660,Emergency Manager
2025-06-18 19:06:00,2025-06-18 19:06:00,SUMNER,THUNDERSTORM WIND,5000.0,0.0,0,0,201941,1254661,Social Media
2025-06-18 19:06:00,2025-06-18 19:06:00,SUMNER,THUNDERSTORM WIND,1000.0,0.0,0,0,201941,1254662,Social Media
2025-06-18 19:37:00,2025-06-18 19:59:00,HICKMAN,TORNADO,250000.0,0.0,0,0,201941,1254663,NWS Storm Survey
2025-06-18 19:37:00,2025-06-18 19:42:00,MACON,TORNADO,250000.0,0.0,0,0,201941,1254666,NWS Storm Survey
2025-06-18 23:25:00,2025-06-18 23:30:00,HAYWOOD,THUNDERSTORM WIND,10000.0,0.0,0,0,204778,1277013,Emergency Manager
2025-06-18 23:40:00,2025-06-18 23:45:00,LAUDERDALE,THUNDERSTORM WIND,5000.0,0.0,0,0,204778,1277007,Emergency Manager
2025-06-19 00:08:00,2025-06-19 00:09:00,MADISON,THUNDERSTORM WIND,0.0,0.0,0,0,204778,1277006,COOP Observer
2025-06-19 00:11:00,2025-06-19 00:16:00,HAYWOOD,THUNDERSTORM WIND,10000.0,0.0,0,0,204778,1277015,Emergency Manager
2025-06-19 00:35:00,2025-06-19 00:40:00,HENDERSON,THUNDERSTORM WIND,2000.0,0.0,0,0,204778,1277020,Law Enforcement
2025-06-19 00:55:00,2025-06-19 01:00:00,TIPTON,THUNDERSTORM WIND,2000.0,0.0,0,0,204778,1278895,Public
2025-06-19 01:23:00,2025-06-19 01:23:00,PERRY,THUNDERSTORM WIND,1000.0,0.0,0,0,201941,1254664,911 Call Center
2025-06-19 02:37:00,2025-06-19 02:42:00,LAUDERDALE,THUNDERSTORM WIND,2000.0,0.0,0,0,204778,1277018,Emergency Manager
2025-06-19 03:10:00,2025-06-19 06:45:00,TIPTON,FLASH FLOOD,5000000.0,0.0,0,0,204778,1276992,Public
2025-06-19 04:30:00,2025-06-19 06:45:00,HAYWOOD,FLASH FLOOD,250000.0,0.0,0,0,204778,1276997,Emergency Manager
2025-06-19 04:45:00,2025-06-19 04:50:00,HARDEMAN,THUNDERSTORM WIND,10000.0,0.0,0,0,204778,1277012,Public
2025-06-19 05:00:00,2025-06-19 06:00:00,HARDEMAN,FLASH FLOOD,25000.0,0.0,0,0,204778,1276998,Emergency Manager
2025-06-19 05:05:00,2025-06-19 05:10:00,SHELBY,THUNDERSTORM WIND,25000.0,0.0,0,1,204778,1277115,Broadcast Media
2025-06-19 05:15:00,2025-06-19 06:15:00,HARDEMAN,FLASH FLOOD,25000.0,0.0,0,0,204778,1276999,Emergency Manager
2025-06-19 05:36:00,2025-06-19 06:45:00,SHELBY,FLASH FLOOD,0.0,0.0,0,0,204778,1277000,Broadcast Media
2025-06-21 10:00:00,2025-06-21 19:00:00,BENTON,HEAT,0.0,0.0,0,0,204482,1274787,AWOS
2025-06-21 10:00:00,2025-06-21 19:00:00,CARROLL,HEAT,0.0,0.0,0,0,204482,1274788,AWOS
2025-06-21 10:00:00,2025-06-21 19:00:00,CHESTER,HEAT,0.0,0.0,0,0,204482,1274789,AWOS
2025-06-21 10:00:00,2025-06-21 19:00:00,CROCKETT,HEAT,0.0,0.0,0,0,204482,1274791,AWOS
2025-06-21 10:00:00,2025-06-21 19:00:00,DECATUR,HEAT,0.0,0.0,0,0,204482,1274792,AWOS
2025-06-21 10:00:00,2025-06-21 19:00:00,DYER,HEAT,0.0,0.0,0,0,204482,1274793,AWOS
2025-06-21 10:00:00,2025-06-21 19:00:00,FAYETTE,HEAT,0.0,0.0,0,0,204482,1274794,AWOS
2025-06-21 10:00:00,2025-06-21 19:00:00,GIBSON,HEAT,0.0,0.0,0,0,204482,1274795,AWOS
2025-06-21 10:00:00,2025-06-21 19:00:00,HARDEMAN,HEAT,0.0,0.0,0,0,204482,1274796,AWOS
2025-06-21 10:00:00,2025-06-21 19:00:00,HARDIN,HEAT,0.0,0.0,0,0,204482,1274797,AWOS
2025-06-21 10:00:00,2025-06-21 19:00:00,HAYWOOD,HEAT,0.0,0.0,0,0,204482,1274798,AWOS
2025-06-21 10:00:00,2025-06-21 19:00:00,HENDERSON,HEAT,0.0,0.0,0,0,204482,1274799,AWOS
2025-06-21 10:00:00,2025-06-21 19:00:00,HENRY,HEAT,0.0,0.0,0,0,204482,1274800,AWOS
2025-06-21 10:00:00,2025-06-21 19:00:00,LAKE,HEAT,0.0,0.0,0,0,204482,1274801,AWOS
2025-06-21 10:00:00,2025-06-21 19:00:00,LAUDERDALE,HEAT,0.0,0.0,0,0,204482,1274802,AWOS
2025-06-21 10:00:00,2025-06-21 19:00:00,MADISON,HEAT,0.0,0.0,0,0,204482,1274803,ASOS
2025-06-21 10:00:00,2025-06-21 19:00:00,MCNAIRY,HEAT,0.0,0.0,0,0,204482,1274805,AWOS
2025-06-21 10:00:00,2025-06-21 19:00:00,OBION,HEAT,0.0,0.0,0,0,204482,1274806,AWOS
2025-06-21 10:00:00,2025-06-21 19:00:00,TIPTON,HEAT,0.0,0.0,0,0,204482,1274808,AWOS
2025-06-21 10:00:00,2025-06-21 19:00:00,WEAKLEY,HEAT,0.0,0.0,0,0,204482,1274809,AWOS
2025-06-22 10:00:00,2025-06-22 19:00:00,BENTON,HEAT,0.0,0.0,0,0,204490,1275659,AWOS
2025-06-22 10:00:00,2025-06-22 19:00:00,CARROLL,HEAT,0.0,0.0,0,0,204490,1275660,AWOS
2025-06-22 10:00:00,2025-06-22 19:00:00,CHESTER,HEAT,0.0,0.0,0,0,204490,1275661,AWOS
2025-06-22 10:00:00,2025-06-22 19:00:00,CROCKETT,HEAT,0.0,0.0,0,0,204490,1275662,AWOS
2025-06-22 10:00:00,2025-06-22 19:00:00,DECATUR,HEAT,0.0,0.0,0,0,204490,1275663,AWOS
2025-06-22 10:00:00,2025-06-22 19:00:00,DYER,HEAT,0.0,0.0,0,0,204490,1275664,AWOS
2025-06-22 10:00:00,2025-06-22 19:00:00,FAYETTE,HEAT,0.0,0.0,0,0,204490,1275665,AWOS
2025-06-22 10:00:00,2025-06-22 19:00:00,GIBSON,HEAT,0.0,0.0,0,0,204490,1275666,AWOS
2025-06-22 10:00:00,2025-06-22 19:00:00,HARDEMAN,HEAT,0.0,0.0,0,0,204490,1275667,AWOS
2025-06-22 10:00:00,2025-06-22 19:00:00,HARDIN,HEAT,0.0,0.0,0,0,204490,1275668,AWOS
2025-06-22 10:00:00,2025-06-22 19:00:00,HAYWOOD,HEAT,0.0,0.0,0,0,204490,1275669,AWOS
2025-06-22 10:00:00,2025-06-22 19:00:00,HENDERSON,HEAT,0.0,0.0,0,0,204490,1275670,AWOS
2025-06-22 10:00:00,2025-06-22 19:00:00,HENRY,HEAT,0.0,0.0,0,0,204490,1275671,AWOS
2025-06-22 10:00:00,2025-06-22 19:00:00,LAKE,HEAT,0.0,0.0,0,0,204490,1275672,AWOS
2025-06-22 10:00:00,2025-06-22 19:00:00,LAUDERDALE,HEAT,0.0,0.0,0,0,204490,1275673,AWOS
2025-06-22 10:00:00,2025-06-22 19:00:00,MADISON,HEAT,0.0,0.0,0,0,204490,1275674,ASOS
2025-06-22 10:00:00,2025-06-22 19:00:00,MCNAIRY,HEAT,0.0,0.0,0,0,204490,1275675,AWOS
2025-06-22 10:00:00,2025-06-22 19:00:00,OBION,HEAT,0.0,0.0,0,0,204490,1275676,AWOS
2025-06-22 10:00:00,2025-06-22 19:00:00,SHELBY,HEAT,0.0,0.0,0,0,204490,1275677,ASOS
2025-06-22 10:00:00,2025-06-22 19:00:00,TIPTON,HEAT,0.0,0.0,0,0,204490,1275678,AWOS
2025-06-22 10:00:00,2025-06-22 19:00:00,WEAKLEY,HEAT,0.0,0.0,0,0,204490,1275679,AWOS
2025-06-23 10:00:00,2025-06-23 19:00:00,BENTON,HEAT,0.0,0.0,0,0,204490,1275715,AWOS
2025-06-23 10:00:00,2025-06-23 19:00:00,CARROLL,HEAT,0.0,0.0,0,0,204490,1275716,AWOS
2025-06-23 10:00:00,2025-06-23 19:00:00,CHESTER,HEAT,0.0,0.0,0,0,204490,1275717,AWOS
2025-06-23 10:00:00,2025-06-23 19:00:00,CROCKETT,HEAT,0.0,0.0,0,0,204490,1275718,AWOS
2025-06-23 10:00:00,2025-06-23 19:00:00,DECATUR,HEAT,0.0,0.0,0,0,204490,1275719,AWOS
2025-06-23 10:00:00,2025-06-23 19:00:00,DYER,HEAT,0.0,0.0,0,0,204490,1275720,AWOS
2025-06-23 10:00:00,2025-06-23 19:00:00,FAYETTE,HEAT,0.0,0.0,0,0,204490,1275721,AWOS
2025-06-23 10:00:00,2025-06-23 19:00:00,GIBSON,HEAT,0.0,0.0,0,0,204490,1275722,AWOS
2025-06-23 10:00:00,2025-06-23 19:00:00,HARDEMAN,HEAT,0.0,0.0,0,0,204490,1275723,AWOS
2025-06-23 10:00:00,2025-06-23 19:00:00,HARDIN,HEAT,0.0,0.0,0,0,204490,1275724,AWOS
2025-06-23 10:00:00,2025-06-23 19:00:00,HAYWOOD,HEAT,0.0,0.0,0,0,204490,1275725,AWOS
2025-06-23 10:00:00,2025-06-23 19:00:00,HENDERSON,HEAT,0.0,0.0,0,0,204490,1275726,AWOS
2025-06-23 10:00:00,2025-06-23 19:00:00,HENRY,HEAT,0.0,0.0,0,0,204490,1275727,AWOS
2025-06-23 10:00:00,2025-06-23 19:00:00,LAKE,HEAT,0.0,0.0,0,0,204490,1275728,AWOS
2025-06-23 10:00:00,2025-06-23 19:00:00,LAUDERDALE,HEAT,0.0,0.0,0,0,204490,1275729,AWOS
2025-06-23 10:00:00,2025-06-23 19:00:00,MADISON,HEAT,0.0,0.0,0,0,204490,1275730,ASOS
2025-06-23 10:00:00,2025-06-23 19:00:00,MCNAIRY,HEAT,0.0,0.0,0,0,204490,1275732,AWOS
2025-06-23 10:00:00,2025-06-23 19:00:00,OBION,HEAT,0.0,0.0,0,0,204490,1275733,AWOS
2025-06-23 10:00:00,2025-06-23 19:00:00,SHELBY,HEAT,0.0,0.0,0,0,204490,1275731,ASOS
2025-06-23 10:00:00,2025-06-23 19:00:00,TIPTON,HEAT,0.0,0.0,0,0,204490,1275735,AWOS
2025-06-23 10:00:00,2025-06-23 19:00:00,WEAKLEY,HEAT,0.0,0.0,0,0,204490,1275734,AWOS
2025-06-24 10:00:00,2025-06-24 19:00:00,BENTON,HEAT,0.0,0.0,0,0,204490,1275778,AWOS
2025-06-24 10:00:00,2025-06-24 19:00:00,CARROLL,HEAT,0.0,0.0,0,0,204490,1275779,AWOS
2025-06-24 10:00:00,2025-06-24 19:00:00,CHESTER,HEAT,0.0,0.0,0,0,204490,1275780,AWOS
2025-06-24 10:00:00,2025-06-24 19:00:00,CROCKETT,HEAT,0.0,0.0,0,0,204490,1275781,AWOS
2025-06-24 10:00:00,2025-06-24 19:00:00,DECATUR,HEAT,0.0,0.0,0,0,204490,1275782,AWOS
2025-06-24 10:00:00,2025-06-24 19:00:00,DYER,HEAT,0.0,0.0,0,0,204490,1275783,AWOS
2025-06-24 10:00:00,2025-06-24 19:00:00,FAYETTE,HEAT,0.0,0.0,0,0,204490,1275784,AWOS
2025-06-24 10:00:00,2025-06-24 19:00:00,GIBSON,HEAT,0.0,0.0,0,0,204490,1275785,AWOS
2025-06-24 10:00:00,2025-06-24 19:00:00,HARDEMAN,HEAT,0.0,0.0,0,0,204490,1275786,AWOS
2025-06-24 10:00:00,2025-06-24 19:00:00,HARDIN,HEAT,0.0,0.0,0,0,204490,1275787,AWOS
2025-06-24 10:00:00,2025-06-24 19:00:00,HAYWOOD,HEAT,0.0,0.0,0,0,204490,1275788,AWOS
2025-06-24 10:00:00,2025-06-24 19:00:00,HENDERSON,HEAT,0.0,0.0,0,0,204490,1275789,AWOS
2025-06-24 10:00:00,2025-06-24 19:00:00,HENRY,HEAT,0.0,0.0,0,0,204490,1275790,AWOS
2025-06-24 10:00:00,2025-06-24 19:00:00,LAKE,HEAT,0.0,0.0,0,0,204490,1275791,AWOS
2025-06-24 10:00:00,2025-06-24 19:00:00,LAUDERDALE,HEAT,0.0,0.0,0,0,204490,1275792,AWOS
2025-06-24 10:00:00,2025-06-24 19:00:00,MADISON,HEAT,0.0,0.0,0,0,204490,1275793,ASOS
2025-06-24 10:00:00,2025-06-24 19:00:00,MCNAIRY,HEAT,0.0,0.0,0,0,204490,1275795,AWOS
2025-06-24 10:00:00,2025-06-24 19:00:00,OBION,HEAT,0.0,0.0,0,0,204490,1275796,AWOS
2025-06-24 10:00:00,2025-06-24 19:00:00,SHELBY,HEAT,0.0,0.0,0,0,204490,1275794,ASOS
2025-06-24 10:00:00,2025-06-24 19:00:00,TIPTON,HEAT,0.0,0.0,0,0,204490,1275797,AWOS
2025-06-24 10:00:00,2025-06-24 19:00:00,WEAKLEY,HEAT,0.0,0.0,0,0,204490,1275798,AWOS
2025-06-24 13:00:00,2025-06-25 16:00:00,FRANKLIN,HEAT,0.0,0.0,0,0,205318,1280952,AWOS
2025-06-24 13:00:00,2025-06-25 16:00:00,LINCOLN,HEAT,0.0,0.0,0,0,205318,1280958,AWOS
2025-06-24 13:00:00,2025-06-25 16:00:00,MOORE,HEAT,0.0,0.0,0,0,205318,1280957,AWOS
2025-06-24 17:10:00,2025-06-24 17:10:00,SEVIER,HAIL,0.0,0.0,0,0,203046,1274437,Public
2025-06-24 17:10:00,2025-06-24 17:10:00,SEVIER,THUNDERSTORM WIND,0.0,0.0,0,0,203046,1274440,Public
2025-06-24 18:35:00,2025-06-24 18:35:00,COCKE,THUNDERSTORM WIND,0.0,0.0,0,0,203046,1274438,911 Call Center
2025-06-24 19:44:00,2025-06-24 21:30:00,COCKE,FLASH FLOOD,0.0,0.0,0,0,203046,1264313,State Official
2025-06-25 10:00:00,2025-06-25 19:00:00,BENTON,HEAT,0.0,0.0,0,0,204490,1275833,AWOS
2025-06-25 10:00:00,2025-06-25 19:00:00,CARROLL,HEAT,0.0,0.0,0,0,204490,1275834,AWOS
2025-06-25 10:00:00,2025-06-25 19:00:00,CHESTER,HEAT,0.0,0.0,0,0,204490,1275835,AWOS
2025-06-25 10:00:00,2025-06-25 19:00:00,CROCKETT,HEAT,0.0,0.0,0,0,204490,1275836,AWOS
2025-06-25 10:00:00,2025-06-25 19:00:00,DECATUR,HEAT,0.0,0.0,0,0,204490,1275837,AWOS
2025-06-25 10:00:00,2025-06-25 19:00:00,DYER,HEAT,0.0,0.0,0,0,204490,1275838,AWOS
2025-06-25 10:00:00,2025-06-25 19:00:00,FAYETTE,HEAT,0.0,0.0,0,0,204490,1275839,AWOS
2025-06-25 10:00:00,2025-06-25 19:00:00,GIBSON,HEAT,0.0,0.0,0,0,204490,1275840,AWOS
2025-06-25 10:00:00,2025-06-25 19:00:00,HARDEMAN,HEAT,0.0,0.0,0,0,204490,1275841,AWOS
2025-06-25 10:00:00,2025-06-25 19:00:00,HARDIN,HEAT,0.0,0.0,0,0,204490,1275842,AWOS
2025-06-25 10:00:00,2025-06-25 19:00:00,HAYWOOD,HEAT,0.0,0.0,0,0,204490,1275844,AWOS
2025-06-25 10:00:00,2025-06-25 19:00:00,HENDERSON,HEAT,0.0,0.0,0,0,204490,1275845,AWOS
2025-06-25 10:00:00,2025-06-25 19:00:00,HENRY,HEAT,0.0,0.0,0,0,204490,1275846,AWOS
2025-06-25 10:00:00,2025-06-25 19:00:00,LAKE,HEAT,0.0,0.0,0,0,204490,1275847,AWOS
2025-06-25 10:00:00,2025-06-25 19:00:00,LAUDERDALE,HEAT,0.0,0.0,0,0,204490,1275848,AWOS
2025-06-25 10:00:00,2025-06-25 19:00:00,MADISON,HEAT,0.0,0.0,0,0,204490,1275849,ASOS
2025-06-25 10:00:00,2025-06-25 19:00:00,MCNAIRY,HEAT,0.0,0.0,0,0,204490,1275851,AWOS
2025-06-25 10:00:00,2025-06-25 19:00:00,OBION,HEAT,0.0,0.0,0,0,204490,1275852,AWOS
2025-06-25 10:00:00,2025-06-25 19:00:00,SHELBY,HEAT,0.0,0.0,0,0,204490,1275850,ASOS
2025-06-25 10:00:00,2025-06-25 19:00:00,TIPTON,HEAT,0.0,0.0,0,0,204490,1275853,AWOS
2025-06-25 10:00:00,2025-06-25 19:00:00,WEAKLEY,HEAT,0.0,0.0,0,0,204490,1275854,AWOS
2025-06-26 10:00:00,2025-06-26 19:00:00,BENTON,HEAT,0.0,0.0,0,0,204490,1275889,AWOS
2025-06-26 10:00:00,2025-06-26 19:00:00,CARROLL,HEAT,0.0,0.0,0,0,204490,1275890,AWOS
2025-06-26 10:00:00,2025-06-26 19:00:00,CHESTER,HEAT,0.0,0.0,0,0,204490,1275891,AWOS
2025-06-26 10:00:00,2025-06-26 19:00:00,CROCKETT,HEAT,0.0,0.0,0,0,204490,1275892,AWOS
2025-06-26 10:00:00,2025-06-26 19:00:00,DECATUR,HEAT,0.0,0.0,0,0,204490,1275893,AWOS
2025-06-26 10:00:00,2025-06-26 19:00:00,DYER,HEAT,0.0,0.0,0,0,204490,1275894,AWOS
2025-06-26 10:00:00,2025-06-26 19:00:00,FAYETTE,HEAT,0.0,0.0,0,0,204490,1275895,AWOS
2025-06-26 10:00:00,2025-06-26 19:00:00,GIBSON,HEAT,0.0,0.0,0,0,204490,1275896,AWOS
2025-06-26 10:00:00,2025-06-26 19:00:00,HARDEMAN,HEAT,0.0,0.0,0,0,204490,1275897,AWOS
2025-06-26 10:00:00,2025-06-26 19:00:00,HARDIN,HEAT,0.0,0.0,0,0,204490,1275898,AWOS
2025-06-26 10:00:00,2025-06-26 19:00:00,HAYWOOD,HEAT,0.0,0.0,0,0,204490,1275899,AWOS
2025-06-26 10:00:00,2025-06-26 19:00:00,HENDERSON,HEAT,0.0,0.0,0,0,204490,1275900,AWOS
2025-06-26 10:00:00,2025-06-26 19:00:00,HENRY,HEAT,0.0,0.0,0,0,204490,1275901,AWOS
2025-06-26 10:00:00,2025-06-26 19:00:00,LAKE,HEAT,0.0,0.0,0,0,204490,1275902,AWOS
2025-06-26 10:00:00,2025-06-26 19:00:00,LAUDERDALE,HEAT,0.0,0.0,0,0,204490,1275903,AWOS
2025-06-26 10:00:00,2025-06-26 19:00:00,MADISON,HEAT,0.0,0.0,0,0,204490,1275904,ASOS
2025-06-26 10:00:00,2025-06-26 19:00:00,MCNAIRY,HEAT,0.0,0.0,0,0,204490,1275906,AWOS
2025-06-26 10:00:00,2025-06-26 19:00:00,OBION,HEAT,0.0,0.0,0,0,204490,1275907,AWOS
2025-06-26 10:00:00,2025-06-26 19:00:00,SHELBY,HEAT,0.0,0.0,0,0,204490,1275905,ASOS
2025-06-26 10:00:00,2025-06-26 19:00:00,TIPTON,HEAT,0.0,0.0,0,0,204490,1275908,AWOS
2025-06-26 10:00:00,2025-06-26 19:00:00,WEAKLEY,HEAT,0.0,0.0,0,0,204490,1275909,AWOS
2025-06-26 18:30:00,2025-06-26 18:30:00,ROANE,THUNDERSTORM WIND,0.0,0.0,0,0,204419,1274492,Public
2025-06-27 14:25:00,2025-06-27 14:25:00,SUMNER,THUNDERSTORM WIND,2000.0,0.0,0,0,202304,1257756,Social Media
2025-06-27 15:10:00,2025-06-27 15:10:00,MARION,THUNDERSTORM WIND,0.0,0.0,0,0,203047,1274457,Public
2025-06-27 15:50:00,2025-06-27 15:50:00,SEQUATCHIE,THUNDERSTORM WIND,50000.0,0.0,0,0,203047,1274464,Public
2025-06-27 16:18:00,2025-06-27 16:18:00,POLK,THUNDERSTORM WIND,0.0,0.0,0,0,203047,1274454,Trained Spotter
2025-06-27 16:24:00,2025-06-27 16:24:00,HAMILTON,THUNDERSTORM WIND,0.0,0.0,0,0,203047,1274456,Emergency Manager
2025-06-27 16:25:00,2025-06-27 16:25:00,HAMILTON,THUNDERSTORM WIND,0.0,0.0,0,0,203047,1274459,Public
2025-06-27 16:55:00,2025-06-27 18:00:00,HAMILTON,FLASH FLOOD,0.0,0.0,0,0,203047,1264320,Broadcast Media
2025-06-28 16:10:00,2025-06-28 16:15:00,HARDIN,THUNDERSTORM WIND,5000.0,0.0,0,0,204694,1276130,Emergency Manager
2025-06-28 17:01:00,2025-06-28 17:31:00,SHELBY,FLOOD,0.0,0.0,0,0,204694,1276125,Public
2025-06-30 22:52:00,2025-06-30 22:53:00,SHELBY,LIGHTNING,10000.0,0.0,0,0,204692,1276111,Fire Department/Rescue
2025-06-30 23:11:00,2025-06-30 23:14:00,HENRY,THUNDERSTORM WIND,3000.0,0.0,0,0,204692,1276116,Emergency Manager
2025-06-30 23:30:00,2025-06-30 23:59:00,SHELBY,FLASH FLOOD,1000.0,0.0,0,0,204692,1276123,Public
2025-07-04 15:35:00,2025-07-04 15:35:00,POLK,THUNDERSTORM WIND,0.0,0.0,0,0,204541,1275021,Public
2025-07-06 11:00:00,2025-07-06 19:00:00,SHELBY,HEAT,0.0,0.0,1,0,205732,1284028,Broadcast Media
2025-07-09 14:38:00,2025-07-09 17:30:00,LAWRENCE,FLASH FLOOD,50000.0,0.0,0,0,202753,1261760,Emergency Manager
2025-07-09 15:38:00,2025-07-09 17:30:00,WAYNE,FLASH FLOOD,0.0,0.0,0,0,202753,1261762,Emergency Manager
2025-07-09 17:30:00,2025-07-09 17:30:00,SULLIVAN,THUNDERSTORM WIND,0.0,0.0,0,0,204542,1275022,Broadcast Media
2025-07-09 18:15:00,2025-07-09 20:00:00,WASHINGTON,FLASH FLOOD,0.0,0.0,0,0,204542,1282594,Amateur Radio
2025-07-09 20:00:00,2025-07-09 22:00:00,SEVIER,FLASH FLOOD,0.0,0.0,0,0,204542,1282585,Trained Spotter
2025-07-09 20:05:00,2025-07-09 23:30:00,SEVIER,FLASH FLOOD,0.0,0.0,0,0,204542,1282593,State Official
2025-07-12 13:30:00,2025-07-12 13:30:00,CAMPBELL,THUNDERSTORM WIND,0.0,0.0,0,0,204543,1275023,911 Call Center
2025-07-12 16:42:00,2025-07-12 19:00:00,SEVIER,FLASH FLOOD,0.0,0.0,0,0,204543,1282626,Official NWS Observations
2025-07-12 17:05:00,2025-07-12 20:00:00,WASHINGTON,FLASH FLOOD,0.0,0.0,0,0,204543,1282628,Trained Spotter
2025-07-12 17:30:00,2025-07-12 21:00:00,GREENE,FLASH FLOOD,0.0,0.0,0,0,204543,1282631,Public
2025-07-14 16:54:00,2025-07-14 18:30:00,DAVIDSON,FLASH FLOOD,0.0,0.0,0,0,203101,1264757,Trained Spotter
2025-07-14 16:59:00,2025-07-14 18:30:00,WILSON,FLASH FLOOD,0.0,0.0,0,0,203101,1264758,Public
2025-07-16 08:05:00,2025-07-16 08:05:00,DAVIDSON,LIGHTNING,25000.0,0.0,0,0,203102,1264759,Emergency Manager
2025-07-16 10:00:00,2025-07-16 20:00:00,BENTON,HEAT,0.0,0.0,0,0,205414,1281545,AWOS
2025-07-16 10:00:00,2025-07-16 20:00:00,CARROLL,HEAT,0.0,0.0,0,0,205414,1281546,AWOS
2025-07-16 10:00:00,2025-07-16 20:00:00,CHESTER,HEAT,0.0,0.0,0,0,205414,1281547,AWOS
2025-07-16 10:00:00,2025-07-16 20:00:00,CROCKETT,HEAT,0.0,0.0,0,0,205414,1281548,AWOS
2025-07-16 10:00:00,2025-07-16 20:00:00,DECATUR,HEAT,0.0,0.0,0,0,205414,1281549,AWOS
2025-07-16 10:00:00,2025-07-16 20:00:00,DYER,HEAT,0.0,0.0,0,0,205414,1281550,AWOS
2025-07-16 10:00:00,2025-07-16 20:00:00,FAYETTE,HEAT,0.0,0.0,0,0,205414,1281551,AWOS
2025-07-16 10:00:00,2025-07-16 20:00:00,GIBSON,HEAT,0.0,0.0,0,0,205414,1281552,AWOS
2025-07-16 10:00:00,2025-07-16 20:00:00,HARDEMAN,HEAT,0.0,0.0,0,0,205414,1281553,AWOS
2025-07-16 10:00:00,2025-07-16 20:00:00,HARDIN,HEAT,0.0,0.0,0,0,205414,1281554,AWOS
2025-07-16 10:00:00,2025-07-16 20:00:00,HAYWOOD,HEAT,0.0,0.0,0,0,205414,1281555,AWOS
2025-07-16 10:00:00,2025-07-16 20:00:00,HENDERSON,HEAT,0.0,0.0,0,0,205414,1281556,AWOS
2025-07-16 10:00:00,2025-07-16 20:00:00,HENRY,HEAT,0.0,0.0,0,0,205414,1281557,AWOS
2025-07-16 10:00:00,2025-07-16 20:00:00,LAKE,HEAT,0.0,0.0,0,0,205414,1281558,AWOS
2025-07-16 10:00:00,2025-07-16 20:00:00,LAUDERDALE,HEAT,0.0,0.0,0,0,205414,1281559,AWOS
2025-07-16 10:00:00,2025-07-16 20:00:00,MADISON,HEAT,0.0,0.0,0,0,205414,1281560,ASOS
2025-07-16 10:00:00,2025-07-16 20:00:00,MCNAIRY,HEAT,0.0,0.0,0,0,205414,1281561,AWOS
2025-07-16 10:00:00,2025-07-16 20:00:00,OBION,HEAT,0.0,0.0,0,0,205414,1281562,AWOS
2025-07-16 10:00:00,2025-07-16 20:00:00,SHELBY,HEAT,0.0,0.0,0,0,205414,1281563,ASOS
2025-07-16 10:00:00,2025-07-16 20:00:00,TIPTON,HEAT,0.0,0.0,0,0,205414,1281564,AWOS
2025-07-16 10:00:00,2025-07-16 20:00:00,WEAKLEY,HEAT,0.0,0.0,0,0,205414,1281565,AWOS
2025-07-16 13:00:00,2025-07-16 14:00:00,LINCOLN,HEAT,0.0,0.0,0,0,205500,1282411,AWOS
2025-07-17 10:00:00,2025-07-17 20:00:00,BENTON,HEAT,0.0,0.0,0,0,205414,1281566,AWOS
2025-07-17 10:00:00,2025-07-17 20:00:00,CARROLL,HEAT,0.0,0.0,0,0,205414,1281567,AWOS
2025-07-17 10:00:00,2025-07-17 20:00:00,CHESTER,HEAT,0.0,0.0,0,0,205414,1281568,AWOS
2025-07-17 10:00:00,2025-07-17 20:00:00,CROCKETT,HEAT,0.0,0.0,0,0,205414,1281569,AWOS
2025-07-17 10:00:00,2025-07-17 20:00:00,DECATUR,HEAT,0.0,0.0,0,0,205414,1281570,AWOS
2025-07-17 10:00:00,2025-07-17 18:25:00,DYER,EXCESSIVE HEAT,0.0,0.0,0,0,205673,1283327,AWOS
2025-07-17 10:00:00,2025-07-17 20:00:00,DYER,HEAT,0.0,0.0,0,0,205414,1281571,AWOS
2025-07-17 10:00:00,2025-07-17 20:00:00,FAYETTE,HEAT,0.0,0.0,0,0,205414,1281572,AWOS
2025-07-17 10:00:00,2025-07-17 20:00:00,GIBSON,HEAT,0.0,0.0,0,0,205414,1281573,AWOS
2025-07-17 10:00:00,2025-07-17 20:00:00,HARDEMAN,HEAT,0.0,0.0,0,0,205414,1281574,AWOS
2025-07-17 10:00:00,2025-07-17 20:00:00,HARDIN,HEAT,0.0,0.0,0,0,205414,1281575,AWOS
2025-07-17 10:00:00,2025-07-17 20:00:00,HAYWOOD,HEAT,0.0,0.0,0,0,205414,1281576,AWOS
2025-07-17 10:00:00,2025-07-17 20:00:00,HENDERSON,HEAT,0.0,0.0,0,0,205414,1281577,AWOS
2025-07-17 10:00:00,2025-07-17 20:00:00,HENRY,HEAT,0.0,0.0,0,0,205414,1281578,AWOS
2025-07-17 10:00:00,2025-07-17 18:25:00,LAKE,EXCESSIVE HEAT,0.0,0.0,0,0,205673,1283325,AWOS
2025-07-17 10:00:00,2025-07-17 20:00:00,LAKE,HEAT,0.0,0.0,0,0,205414,1281579,AWOS
2025-07-17 10:00:00,2025-07-17 18:25:00,LAUDERDALE,EXCESSIVE HEAT,0.0,0.0,0,0,205673,1283328,AWOS
2025-07-17 10:00:00,2025-07-17 20:00:00,LAUDERDALE,HEAT,0.0,0.0,0,0,205414,1281580,AWOS
2025-07-17 10:00:00,2025-07-17 18:25:00,MADISON,EXCESSIVE HEAT,0.0,0.0,0,0,205673,1283329,ASOS
2025-07-17 10:00:00,2025-07-17 20:00:00,MADISON,HEAT,0.0,0.0,0,0,205414,1281581,ASOS
2025-07-17 10:00:00,2025-07-17 20:00:00,MCNAIRY,HEAT,0.0,0.0,0,0,205414,1281582,AWOS
2025-07-17 10:00:00,2025-07-17 18:25:00,OBION,EXCESSIVE HEAT,0.0,0.0,0,0,205673,1283326,AWOS
2025-07-17 10:00:00,2025-07-17 20:00:00,OBION,HEAT,0.0,0.0,0,0,205414,1281583,AWOS
2025-07-17 10:00:00,2025-07-17 20:00:00,SHELBY,HEAT,0.0,0.0,0,0,205414,1281584,ASOS
2025-07-17 10:00:00,2025-07-17 20:00:00,TIPTON,HEAT,0.0,0.0,0,0,205414,1281585,AWOS
2025-07-17 10:00:00,2025-07-17 20:00:00,WEAKLEY,HEAT,0.0,0.0,0,0,205414,1281586,AWOS
2025-07-17 17:45:00,2025-07-17 18:45:00,SHELBY,FLASH FLOOD,0.0,0.0,0,0,205483,1282382,Broadcast Media
2025-07-17 17:55:00,2025-07-17 18:00:00,SHELBY,THUNDERSTORM WIND,5000.0,0.0,0,0,205483,1282386,Broadcast Media
2025-07-17 18:00:00,2025-07-17 18:45:00,SHELBY,FLASH FLOOD,0.0,0.0,0,0,205483,1282384,Law Enforcement
2025-07-17 18:02:00,2025-07-17 18:07:00,SHELBY,THUNDERSTORM WIND,10000.0,0.0,0,0,205483,1282387,Broadcast Media
2025-07-17 19:51:00,2025-07-17 19:51:00,STEWART,THUNDERSTORM WIND,2000.0,0.0,0,0,203329,1266641,NWS Employee
2025-07-18 10:00:00,2025-07-18 19:00:00,BENTON,HEAT,0.0,0.0,0,0,205419,1281611,AWOS
2025-07-18 10:00:00,2025-07-18 19:00:00,CARROLL,HEAT,0.0,0.0,0,0,205419,1281612,AWOS
2025-07-18 10:00:00,2025-07-18 19:00:00,CHESTER,HEAT,0.0,0.0,0,0,205419,1281613,AWOS
2025-07-18 10:00:00,2025-07-18 19:00:00,CROCKETT,HEAT,0.0,0.0,0,0,205419,1281614,AWOS
2025-07-18 10:00:00,2025-07-18 19:00:00,DECATUR,HEAT,0.0,0.0,0,0,205419,1281615,AWOS
2025-07-18 10:00:00,2025-07-18 19:00:00,DYER,HEAT,0.0,0.0,0,0,205419,1281616,AWOS
2025-07-18 10:00:00,2025-07-18 19:00:00,FAYETTE,HEAT,0.0,0.0,0,0,205419,1281617,AWOS
2025-07-18 10:00:00,2025-07-18 19:00:00,GIBSON,HEAT,0.0,0.0,0,0,205419,1281618,AWOS
2025-07-18 10:00:00,2025-07-18 19:00:00,HARDEMAN,HEAT,0.0,0.0,0,0,205419,1281619,AWOS
2025-07-18 10:00:00,2025-07-18 19:00:00,HARDIN,HEAT,0.0,0.0,0,0,205419,1281620,AWOS
2025-07-18 10:00:00,2025-07-18 19:00:00,HAYWOOD,HEAT,0.0,0.0,0,0,205419,1281622,AWOS
2025-07-18 10:00:00,2025-07-18 19:00:00,HENDERSON,HEAT,0.0,0.0,0,0,205419,1281623,AWOS
2025-07-18 10:00:00,2025-07-18 19:00:00,HENRY,HEAT,0.0,0.0,0,0,205419,1281624,AWOS
2025-07-18 10:00:00,2025-07-18 19:00:00,LAKE,HEAT,0.0,0.0,0,0,205419,1281626,AWOS
2025-07-18 10:00:00,2025-07-18 19:00:00,LAUDERDALE,HEAT,0.0,0.0,0,0,205419,1281627,AWOS
2025-07-18 10:00:00,2025-07-18 19:00:00,MADISON,HEAT,0.0,0.0,0,0,205419,1281628,ASOS
2025-07-18 10:00:00,2025-07-18 19:00:00,MCNAIRY,HEAT,0.0,0.0,0,0,205419,1281629,AWOS
2025-07-18 10:00:00,2025-07-18 19:00:00,OBION,HEAT,0.0,0.0,0,0,205419,1281631,AWOS
2025-07-18 10:00:00,2025-07-18 19:00:00,SHELBY,HEAT,0.0,0.0,0,0,205419,1281632,ASOS
2025-07-18 10:00:00,2025-07-18 19:00:00,TIPTON,HEAT,0.0,0.0,0,0,205419,1281633,AWOS
2025-07-18 10:00:00,2025-07-18 19:00:00,WEAKLEY,HEAT,0.0,0.0,0,0,205419,1281634,AWOS
2025-07-18 18:30:00,2025-07-18 20:30:00,SEQUATCHIE,FLASH FLOOD,0.0,0.0,0,0,205526,1282633,Public
2025-07-19 10:00:00,2025-07-19 18:25:00,BENTON,HEAT,0.0,0.0,0,0,205673,1283330,AWOS
2025-07-19 10:00:00,2025-07-19 18:25:00,CARROLL,HEAT,0.0,0.0,0,0,205673,1283331,AWOS
2025-07-19 10:00:00,2025-07-19 18:25:00,CHESTER,HEAT,0.0,0.0,0,0,205673,1283332,AWOS
2025-07-19 10:00:00,2025-07-19 18:25:00,CROCKETT,HEAT,0.0,0.0,0,0,205673,1283333,AWOS
2025-07-19 10:00:00,2025-07-19 18:25:00,FAYETTE,HEAT,0.0,0.0,0,0,205673,1283334,AWOS
2025-07-19 10:00:00,2025-07-19 18:25:00,GIBSON,HEAT,0.0,0.0,0,0,205673,1283335,AWOS
2025-07-19 10:00:00,2025-07-19 18:25:00,HARDEMAN,HEAT,0.0,0.0,0,0,205673,1283336,AWOS
2025-07-19 10:00:00,2025-07-19 18:25:00,HAYWOOD,HEAT,0.0,0.0,0,0,205673,1283337,AWOS
2025-07-19 10:00:00,2025-07-19 18:25:00,HENDERSON,HEAT,0.0,0.0,0,0,205673,1283338,AWOS
2025-07-19 10:00:00,2025-07-19 18:25:00,HENRY,HEAT,0.0,0.0,0,0,205673,1283339,AWOS
2025-07-19 10:00:00,2025-07-19 18:25:00,SHELBY,HEAT,0.0,0.0,0,0,205673,1283340,ASOS
2025-07-19 10:00:00,2025-07-19 18:25:00,TIPTON,HEAT,0.0,0.0,0,0,205673,1283341,AWOS
2025-07-19 10:00:00,2025-07-19 18:25:00,WEAKLEY,HEAT,0.0,0.0,0,0,205673,1283342,AWOS
2025-07-20 10:00:00,2025-07-20 19:00:00,BENTON,HEAT,0.0,0.0,0,0,205678,1283366,AWOS
2025-07-20 10:00:00,2025-07-20 19:00:00,CARROLL,HEAT,0.0,0.0,0,0,205678,1283367,AWOS
2025-07-20 10:00:00,2025-07-20 19:00:00,CHESTER,HEAT,0.0,0.0,0,0,205678,1283368,AWOS
2025-07-20 10:00:00,2025-07-20 19:00:00,CROCKETT,HEAT,0.0,0.0,0,0,205678,1283369,AWOS
2025-07-20 10:00:00,2025-07-20 19:00:00,DECATUR,HEAT,0.0,0.0,0,0,205678,1283370,AWOS
2025-07-20 10:00:00,2025-07-20 19:00:00,DYER,HEAT,0.0,0.0,0,0,205678,1283371,AWOS
2025-07-20 10:00:00,2025-07-20 19:00:00,FAYETTE,HEAT,0.0,0.0,0,0,205678,1283372,AWOS
2025-07-20 10:00:00,2025-07-20 19:00:00,GIBSON,HEAT,0.0,0.0,0,0,205678,1283373,AWOS
2025-07-20 10:00:00,2025-07-20 19:00:00,HARDEMAN,HEAT,0.0,0.0,0,0,205678,1283374,AWOS
2025-07-20 10:00:00,2025-07-20 19:00:00,HARDIN,HEAT,0.0,0.0,0,0,205678,1283375,AWOS
2025-07-20 10:00:00,2025-07-20 19:00:00,HAYWOOD,HEAT,0.0,0.0,0,0,205678,1283376,AWOS
2025-07-20 10:00:00,2025-07-20 19:00:00,HENDERSON,HEAT,0.0,0.0,0,0,205678,1283377,AWOS
2025-07-20 10:00:00,2025-07-20 19:00:00,HENRY,HEAT,0.0,0.0,0,0,205678,1283378,AWOS
2025-07-20 10:00:00,2025-07-20 19:00:00,LAKE,HEAT,0.0,0.0,0,0,205678,1283379,AWOS
2025-07-20 10:00:00,2025-07-20 19:00:00,LAUDERDALE,HEAT,0.0,0.0,0,0,205678,1283380,AWOS
2025-07-20 10:00:00,2025-07-20 19:00:00,MADISON,HEAT,0.0,0.0,0,0,205678,1283381,ASOS
2025-07-20 10:00:00,2025-07-20 19:00:00,MCNAIRY,HEAT,0.0,0.0,0,0,205678,1283382,AWOS
2025-07-20 10:00:00,2025-07-20 19:00:00,OBION,HEAT,0.0,0.0,0,0,205678,1283383,AWOS
2025-07-20 10:00:00,2025-07-20 19:00:00,SHELBY,HEAT,0.0,0.0,0,0,205678,1283384,ASOS
2025-07-20 10:00:00,2025-07-20 19:00:00,TIPTON,HEAT,0.0,0.0,0,0,205678,1283385,AWOS
2025-07-20 10:00:00,2025-07-20 19:00:00,WEAKLEY,HEAT,0.0,0.0,0,0,205678,1283386,AWOS
2025-07-20 13:00:00,2025-07-22 15:00:00,LINCOLN,HEAT,0.0,0.0,0,0,205473,1282423,AWOS
2025-07-21 10:00:00,2025-07-21 19:00:00,BENTON,HEAT,0.0,0.0,0,0,205682,1283421,AWOS
2025-07-21 10:00:00,2025-07-21 19:00:00,CARROLL,HEAT,0.0,0.0,0,0,205682,1283422,AWOS
2025-07-21 10:00:00,2025-07-21 19:00:00,CHESTER,HEAT,0.0,0.0,0,0,205682,1283423,AWOS
2025-07-21 10:00:00,2025-07-21 19:00:00,CROCKETT,HEAT,0.0,0.0,0,0,205682,1283424,AWOS
2025-07-21 10:00:00,2025-07-21 19:00:00,DECATUR,HEAT,0.0,0.0,0,0,205682,1283425,AWOS
2025-07-21 10:00:00,2025-07-21 19:00:00,DYER,HEAT,0.0,0.0,0,0,205682,1283426,AWOS
2025-07-21 10:00:00,2025-07-21 19:00:00,FAYETTE,HEAT,0.0,0.0,0,0,205682,1283427,AWOS
2025-07-21 10:00:00,2025-07-21 19:00:00,GIBSON,HEAT,0.0,0.0,0,0,205682,1283428,AWOS
2025-07-21 10:00:00,2025-07-21 19:00:00,HARDEMAN,HEAT,0.0,0.0,0,0,205682,1283429,AWOS
2025-07-21 10:00:00,2025-07-21 19:00:00,HARDIN,HEAT,0.0,0.0,0,0,205682,1283430,AWOS
2025-07-21 10:00:00,2025-07-21 19:00:00,HAYWOOD,HEAT,0.0,0.0,0,0,205682,1283431,AWOS
2025-07-21 10:00:00,2025-07-21 19:00:00,HENDERSON,HEAT,0.0,0.0,1,0,205682,1283432,AWOS
2025-07-21 10:00:00,2025-07-21 19:00:00,HENRY,HEAT,0.0,0.0,0,0,205682,1283433,AWOS
2025-07-21 10:00:00,2025-07-21 19:00:00,LAKE,HEAT,0.0,0.0,0,0,205682,1283434,AWOS
2025-07-21 10:00:00,2025-07-21 19:00:00,LAUDERDALE,HEAT,0.0,0.0,0,0,205682,1283435,AWOS
2025-07-21 10:00:00,2025-07-21 19:00:00,MADISON,HEAT,0.0,0.0,0,0,205682,1283436,ASOS
2025-07-21 10:00:00,2025-07-21 19:00:00,MCNAIRY,HEAT,0.0,0.0,0,0,205682,1283438,AWOS
2025-07-21 10:00:00,2025-07-21 19:00:00,OBION,HEAT,0.0,0.0,0,0,205682,1283439,AWOS
2025-07-21 10:00:00,2025-07-21 19:00:00,SHELBY,HEAT,0.0,0.0,0,0,205682,1283437,ASOS
2025-07-21 10:00:00,2025-07-21 19:00:00,TIPTON,HEAT,0.0,0.0,0,0,205682,1283440,AWOS
2025-07-21 10:00:00,2025-07-21 19:00:00,WEAKLEY,HEAT,0.0,0.0,0,0,205682,1283441,AWOS
2025-07-21 16:15:00,2025-07-21 16:15:00,DAVIDSON,THUNDERSTORM WIND,1000.0,0.0,0,0,203228,1265798,Social Media
2025-07-21 16:30:00,2025-07-21 16:30:00,DAVIDSON,THUNDERSTORM WIND,1000.0,0.0,0,0,203228,1265797,Social Media
2025-07-22 10:00:00,2025-07-22 19:00:00,BENTON,HEAT,0.0,0.0,0,0,205686,1283479,AWOS
2025-07-22 10:00:00,2025-07-22 19:00:00,CARROLL,HEAT,0.0,0.0,0,0,205686,1283480,AWOS
2025-07-22 10:00:00,2025-07-22 19:00:00,CHESTER,HEAT,0.0,0.0,0,0,205686,1283481,AWOS
2025-07-22 10:00:00,2025-07-22 19:00:00,CROCKETT,HEAT,0.0,0.0,0,0,205686,1283482,AWOS
2025-07-22 10:00:00,2025-07-22 19:00:00,DECATUR,HEAT,0.0,0.0,0,0,205686,1283483,AWOS
2025-07-22 10:00:00,2025-07-22 19:00:00,DYER,HEAT,0.0,0.0,0,0,205686,1283484,AWOS
2025-07-22 10:00:00,2025-07-22 19:00:00,FAYETTE,HEAT,0.0,0.0,0,0,205686,1283485,AWOS
2025-07-22 10:00:00,2025-07-22 19:00:00,GIBSON,HEAT,0.0,0.0,0,0,205686,1283486,AWOS
2025-07-22 10:00:00,2025-07-22 19:00:00,HARDEMAN,HEAT,0.0,0.0,0,0,205686,1283487,AWOS
2025-07-22 10:00:00,2025-07-22 19:00:00,HARDIN,EXCESSIVE HEAT,0.0,0.0,0,0,205686,1283477,AWOS
2025-07-22 10:00:00,2025-07-22 19:00:00,HAYWOOD,HEAT,0.0,0.0,0,0,205686,1283488,AWOS
2025-07-22 10:00:00,2025-07-22 19:00:00,HENDERSON,HEAT,0.0,0.0,0,0,205686,1283489,AWOS
2025-07-22 10:00:00,2025-07-22 19:00:00,HENRY,EXCESSIVE HEAT,0.0,0.0,0,0,205686,1283476,AWOS
2025-07-22 10:00:00,2025-07-22 19:00:00,LAKE,HEAT,0.0,0.0,0,0,205686,1283490,AWOS
2025-07-22 10:00:00,2025-07-22 19:00:00,LAUDERDALE,HEAT,0.0,0.0,0,0,205686,1283491,AWOS
2025-07-22 10:00:00,2025-07-22 19:00:00,MADISON,HEAT,0.0,0.0,0,0,205686,1283492,ASOS
2025-07-22 10:00:00,2025-07-22 19:00:00,MCNAIRY,EXCESSIVE HEAT,0.0,0.0,0,0,205686,1283497,AWOS
2025-07-22 10:00:00,2025-07-22 19:00:00,OBION,HEAT,0.0,0.0,0,0,205686,1283494,AWOS
2025-07-22 10:00:00,2025-07-22 19:00:00,SHELBY,EXCESSIVE HEAT,0.0,0.0,0,0,205686,1283478,ASOS
2025-07-22 10:00:00,2025-07-22 19:00:00,TIPTON,HEAT,0.0,0.0,0,0,205686,1283495,AWOS
2025-07-22 10:00:00,2025-07-22 19:00:00,WEAKLEY,HEAT,0.0,0.0,0,0,205686,1283496,AWOS
2025-07-22 18:00:00,2025-07-22 18:00:00,LAWRENCE,THUNDERSTORM WIND,5000.0,0.0,0,0,203231,1265811,Emergency Manager
2025-07-23 10:00:00,2025-07-23 19:00:00,BENTON,HEAT,0.0,0.0,0,0,205720,1283688,AWOS
2025-07-23 10:00:00,2025-07-23 19:00:00,CARROLL,EXCESSIVE HEAT,0.0,0.0,0,0,205720,1283687,AWOS
2025-07-23 10:00:00,2025-07-23 19:00:00,CHESTER,HEAT,0.0,0.0,0,0,205720,1283689,AWOS
2025-07-23 10:00:00,2025-07-23 19:00:00,CROCKETT,HEAT,0.0,0.0,0,0,205720,1283690,AWOS
2025-07-23 10:00:00,2025-07-23 19:00:00,DECATUR,HEAT,0.0,0.0,0,0,205720,1283691,AWOS
2025-07-23 10:00:00,2025-07-23 19:00:00,DYER,HEAT,0.0,0.0,0,0,205720,1283692,AWOS
2025-07-23 10:00:00,2025-07-23 19:00:00,FAYETTE,HEAT,0.0,0.0,0,0,205720,1283693,AWOS
2025-07-23 10:00:00,2025-07-23 19:00:00,GIBSON,HEAT,0.0,0.0,0,0,205720,1283694,AWOS
2025-07-23 10:00:00,2025-07-23 19:00:00,HARDEMAN,HEAT,0.0,0.0,0,0,205720,1283695,AWOS
2025-07-23 10:00:00,2025-07-23 19:00:00,HARDIN,HEAT,0.0,0.0,0,0,205720,1283696,AWOS
2025-07-23 10:00:00,2025-07-23 19:00:00,HAYWOOD,HEAT,0.0,0.0,0,0,205720,1283697,AWOS
2025-07-23 10:00:00,2025-07-23 19:00:00,HENDERSON,HEAT,0.0,0.0,0,0,205720,1283698,AWOS
2025-07-23 10:00:00,2025-07-23 19:00:00,HENRY,EXCESSIVE HEAT,0.0,0.0,0,0,205720,1283686,AWOS
2025-07-23 10:00:00,2025-07-23 19:00:00,LAKE,EXCESSIVE HEAT,0.0,0.0,0,0,205720,1283683,AWOS
2025-07-23 10:00:00,2025-07-23 19:00:00,LAUDERDALE,HEAT,0.0,0.0,0,0,205720,1283699,AWOS
2025-07-23 10:00:00,2025-07-23 19:00:00,MADISON,HEAT,0.0,0.0,0,0,205720,1283700,ASOS
2025-07-23 10:00:00,2025-07-23 19:00:00,MCNAIRY,HEAT,0.0,0.0,0,0,205720,1283701,AWOS
2025-07-23 10:00:00,2025-07-23 19:00:00,OBION,EXCESSIVE HEAT,0.0,0.0,0,0,205720,1283684,AWOS
2025-07-23 10:00:00,2025-07-23 19:00:00,SHELBY,HEAT,0.0,0.0,0,0,205720,1283702,ASOS
2025-07-23 10:00:00,2025-07-23 19:00:00,TIPTON,HEAT,0.0,0.0,0,0,205720,1283703,AWOS
2025-07-23 10:00:00,2025-07-23 19:00:00,WEAKLEY,EXCESSIVE HEAT,0.0,0.0,0,0,205720,1283685,AWOS
2025-07-24 12:00:00,2025-07-24 19:00:00,CARROLL,HEAT,0.0,0.0,0,0,205720,1283732,AWOS
2025-07-24 12:00:00,2025-07-24 19:00:00,CROCKETT,HEAT,0.0,0.0,0,0,205720,1283736,AWOS
2025-07-24 12:00:00,2025-07-24 19:00:00,DYER,HEAT,0.0,0.0,0,0,205720,1283734,AWOS
2025-07-24 12:00:00,2025-07-24 19:00:00,FAYETTE,HEAT,0.0,0.0,0,0,205720,1283739,AWOS
2025-07-24 12:00:00,2025-07-24 19:00:00,GIBSON,HEAT,0.0,0.0,0,0,205720,1283733,AWOS
2025-07-24 12:00:00,2025-07-24 19:00:00,HAYWOOD,HEAT,0.0,0.0,0,0,205720,1283738,AWOS
2025-07-24 12:00:00,2025-07-24 19:00:00,HENRY,HEAT,0.0,0.0,0,0,205720,1283731,AWOS
2025-07-24 12:00:00,2025-07-24 19:00:00,LAKE,EXCESSIVE HEAT,0.0,0.0,0,0,205720,1283728,AWOS
2025-07-24 12:00:00,2025-07-24 19:00:00,LAUDERDALE,HEAT,0.0,0.0,0,0,205720,1283735,AWOS
2025-07-24 12:00:00,2025-07-24 19:00:00,MADISON,HEAT,0.0,0.0,0,0,205720,1283740,ASOS
2025-07-24 12:00:00,2025-07-24 19:00:00,OBION,EXCESSIVE HEAT,0.0,0.0,0,0,205720,1283729,AWOS
2025-07-24 12:00:00,2025-07-24 19:00:00,SHELBY,HEAT,0.0,0.0,0,0,205720,1283741,ASOS
2025-07-24 12:00:00,2025-07-24 19:00:00,TIPTON,HEAT,0.0,0.0,0,0,205720,1283737,AWOS
2025-07-24 12:00:00,2025-07-24 19:00:00,WEAKLEY,HEAT,0.0,0.0,0,0,205720,1283730,AWOS
2025-07-25 12:00:00,2025-07-25 19:00:00,CROCKETT,HEAT,0.0,0.0,0,0,205720,1283769,AWOS
2025-07-25 12:00:00,2025-07-25 19:00:00,DYER,HEAT,0.0,0.0,0,0,205720,1283767,AWOS
2025-07-25 12:00:00,2025-07-25 19:00:00,GIBSON,HEAT,0.0,0.0,0,0,205720,1283768,AWOS
2025-07-25 12:00:00,2025-07-25 19:00:00,HARDIN,HEAT,0.0,0.0,0,0,205720,1283776,AWOS
2025-07-25 12:00:00,2025-07-25 19:00:00,HAYWOOD,HEAT,0.0,0.0,0,0,205720,1283772,AWOS
2025-07-25 12:00:00,2025-07-25 19:00:00,HENRY,HEAT,0.0,0.0,0,0,205720,1283766,AWOS
2025-07-25 12:00:00,2025-07-25 19:00:00,LAKE,HEAT,0.0,0.0,0,0,205720,1283763,AWOS
2025-07-25 12:00:00,2025-07-25 19:00:00,LAUDERDALE,HEAT,0.0,0.0,0,0,205720,1283770,AWOS
2025-07-25 12:00:00,2025-07-25 19:00:00,MADISON,HEAT,0.0,0.0,0,0,205720,1283773,ASOS
2025-07-25 12:00:00,2025-07-25 19:00:00,MCNAIRY,HEAT,0.0,0.0,0,0,205720,1283775,AWOS
2025-07-25 12:00:00,2025-07-25 19:00:00,OBION,HEAT,0.0,0.0,0,0,205720,1283764,AWOS
2025-07-25 12:00:00,2025-07-25 19:00:00,SHELBY,HEAT,0.0,0.0,0,0,205720,1283774,ASOS
2025-07-25 12:00:00,2025-07-25 19:00:00,TIPTON,HEAT,0.0,0.0,0,0,205720,1283771,AWOS
2025-07-25 12:00:00,2025-07-25 19:00:00,WEAKLEY,HEAT,0.0,0.0,0,0,205720,1283765,AWOS
2025-07-27 12:00:00,2025-07-27 19:00:00,CROCKETT,HEAT,0.0,0.0,0,0,205727,1283807,AWOS
2025-07-27 12:00:00,2025-07-27 19:00:00,DYER,HEAT,0.0,0.0,0,0,205727,1283804,AWOS
2025-07-27 12:00:00,2025-07-27 19:00:00,LAKE,HEAT,0.0,0.0,0,0,205727,1283805,AWOS
2025-07-27 12:00:00,2025-07-27 19:00:00,LAUDERDALE,HEAT,0.0,0.0,0,0,205727,1283803,AWOS
2025-07-27 12:00:00,2025-07-27 19:00:00,OBION,HEAT,0.0,0.0,0,0,205727,1283806,AWOS
2025-07-27 12:00:00,2025-07-27 19:00:00,SHELBY,HEAT,0.0,0.0,0,0,205727,1283801,ASOS
2025-07-27 12:00:00,2025-07-27 19:00:00,TIPTON,HEAT,0.0,0.0,0,0,205727,1283802,AWOS
2025-07-28 10:00:00,2025-07-31 11:00:00,LINCOLN,EXCESSIVE HEAT,0.0,0.0,0,0,204159,1282445,AWOS
2025-07-28 12:00:00,2025-07-28 19:00:00,BENTON,EXCESSIVE HEAT,0.0,0.0,0,0,205727,1283842,AWOS
2025-07-28 12:00:00,2025-07-28 19:00:00,CARROLL,EXCESSIVE HEAT,0.0,0.0,0,0,205727,1283843,AWOS
2025-07-28 12:00:00,2025-07-28 19:00:00,CHESTER,EXCESSIVE HEAT,0.0,0.0,0,0,205727,1283844,AWOS
2025-07-28 12:00:00,2025-07-28 19:00:00,CROCKETT,EXCESSIVE HEAT,0.0,0.0,0,0,205727,1283845,AWOS
2025-07-28 12:00:00,2025-07-28 19:00:00,DECATUR,EXCESSIVE HEAT,0.0,0.0,0,0,205727,1283846,AWOS
2025-07-28 12:00:00,2025-07-28 19:00:00,DYER,EXCESSIVE HEAT,0.0,0.0,0,0,205727,1283847,AWOS
2025-07-28 12:00:00,2025-07-28 19:00:00,FAYETTE,HEAT,0.0,0.0,0,0,205727,1283859,AWOS
2025-07-28 12:00:00,2025-07-29 13:00:00,FRANKLIN,HEAT,0.0,0.0,0,0,204159,1282903,AWOS
2025-07-28 12:00:00,2025-07-28 19:00:00,GIBSON,EXCESSIVE HEAT,0.0,0.0,0,0,205727,1283848,AWOS
2025-07-28 12:00:00,2025-07-28 19:00:00,HARDEMAN,HEAT,0.0,0.0,0,0,205727,1283860,AWOS
2025-07-28 12:00:00,2025-07-28 19:00:00,HARDIN,EXCESSIVE HEAT,0.0,0.0,0,0,205727,1283849,AWOS
2025-07-28 12:00:00,2025-07-28 19:00:00,HAYWOOD,EXCESSIVE HEAT,0.0,0.0,0,0,205727,1283850,AWOS
2025-07-28 12:00:00,2025-07-28 19:00:00,HENDERSON,EXCESSIVE HEAT,0.0,0.0,0,0,205727,1283851,AWOS
2025-07-28 12:00:00,2025-07-28 19:00:00,HENRY,EXCESSIVE HEAT,0.0,0.0,0,0,205727,1283852,AWOS
2025-07-28 12:00:00,2025-07-28 19:00:00,LAKE,EXCESSIVE HEAT,0.0,0.0,0,0,205727,1283853,AWOS
2025-07-28 12:00:00,2025-07-28 19:00:00,LAUDERDALE,HEAT,0.0,0.0,0,0,205727,1283861,AWOS
2025-07-28 12:00:00,2025-07-28 19:00:00,MADISON,EXCESSIVE HEAT,0.0,0.0,0,0,205727,1283854,ASOS
2025-07-28 12:00:00,2025-07-28 19:00:00,MCNAIRY,EXCESSIVE HEAT,0.0,0.0,0,0,205727,1283856,AWOS
2025-07-28 12:00:00,2025-07-28 17:00:00,MOORE,HEAT,0.0,0.0,0,0,204159,1282904,AWOS
2025-07-28 12:00:00,2025-07-28 19:00:00,OBION,EXCESSIVE HEAT,0.0,0.0,0,0,205727,1283857,AWOS
2025-07-28 12:00:00,2025-07-28 19:00:00,SHELBY,EXCESSIVE HEAT,0.0,0.0,0,0,205727,1283855,ASOS
2025-07-28 12:00:00,2025-07-28 19:00:00,TIPTON,HEAT,0.0,0.0,0,0,205727,1283862,AWOS
2025-07-28 12:00:00,2025-07-28 19:00:00,WEAKLEY,EXCESSIVE HEAT,0.0,0.0,0,0,205727,1283858,AWOS
2025-07-28 13:15:00,2025-07-28 13:15:00,GREENE,THUNDERSTORM WIND,0.0,0.0,0,0,204545,1275025,Public
2025-07-29 12:00:00,2025-07-29 19:00:00,BENTON,HEAT,0.0,0.0,0,0,205731,1283916,AWOS
2025-07-29 12:00:00,2025-07-29 19:00:00,CARROLL,EXCESSIVE HEAT,0.0,0.0,0,0,205731,1283897,AWOS
2025-07-29 12:00:00,2025-07-29 19:00:00,CHESTER,EXCESSIVE HEAT,0.0,0.0,0,0,205731,1283898,AWOS
2025-07-29 12:00:00,2025-07-29 19:00:00,CROCKETT,EXCESSIVE HEAT,0.0,0.0,0,0,205731,1283899,AWOS
2025-07-29 12:00:00,2025-07-29 19:00:00,DECATUR,EXCESSIVE HEAT,0.0,0.0,0,0,205731,1283900,AWOS
2025-07-29 12:00:00,2025-07-29 19:00:00,DYER,EXCESSIVE HEAT,0.0,0.0,0,0,205731,1283901,AWOS
2025-07-29 12:00:00,2025-07-29 19:00:00,FAYETTE,EXCESSIVE HEAT,0.0,0.0,0,0,205731,1283902,AWOS
2025-07-29 12:00:00,2025-07-29 19:00:00,GIBSON,EXCESSIVE HEAT,0.0,0.0,0,0,205731,1283903,AWOS
2025-07-29 12:00:00,2025-07-29 19:00:00,HARDEMAN,EXCESSIVE HEAT,0.0,0.0,0,0,205731,1283904,AWOS
2025-07-29 12:00:00,2025-07-29 19:00:00,HARDIN,EXCESSIVE HEAT,0.0,0.0,0,0,205731,1283905,AWOS
2025-07-29 12:00:00,2025-07-29 19:00:00,HAYWOOD,EXCESSIVE HEAT,0.0,0.0,0,0,205731,1283906,AWOS
2025-07-29 12:00:00,2025-07-29 19:00:00,HENDERSON,EXCESSIVE HEAT,0.0,0.0,0,0,205731,1283907,AWOS
2025-07-29 12:00:00,2025-07-29 19:00:00,HENRY,HEAT,0.0,0.0,0,0,205731,1283917,AWOS
2025-07-29 12:00:00,2025-07-29 19:00:00,LAKE,EXCESSIVE HEAT,0.0,0.0,0,0,205731,1283908,AWOS
2025-07-29 12:00:00,2025-07-29 19:00:00,LAUDERDALE,EXCESSIVE HEAT,0.0,0.0,0,0,205731,1283909,AWOS
2025-07-29 12:00:00,2025-07-29 19:00:00,MADISON,EXCESSIVE HEAT,0.0,0.0,0,0,205731,1283910,ASOS
2025-07-29 12:00:00,2025-07-29 19:00:00,MCNAIRY,EXCESSIVE HEAT,0.0,0.0,0,0,205731,1283913,AWOS
2025-07-29 12:00:00,2025-07-29 19:00:00,OBION,EXCESSIVE HEAT,0.0,0.0,0,0,205731,1283914,AWOS
2025-07-29 12:00:00,2025-07-29 19:00:00,SHELBY,EXCESSIVE HEAT,0.0,0.0,0,0,205731,1283911,ASOS
2025-07-29 12:00:00,2025-07-29 19:00:00,TIPTON,EXCESSIVE HEAT,0.0,0.0,0,0,205731,1283912,AWOS
2025-07-29 12:00:00,2025-07-29 19:00:00,WEAKLEY,EXCESSIVE HEAT,0.0,0.0,0,0,205731,1283915,AWOS
2025-07-29 13:28:00,2025-07-29 14:28:00,STEWART,EXCESSIVE HEAT,0.0,0.0,0,0,203606,1268269,RAWS
2025-07-29 14:43:00,2025-07-29 19:32:00,MONTGOMERY,EXCESSIVE HEAT,0.0,0.0,0,0,203606,1268271,Mesonet
2025-07-29 14:55:00,2025-07-29 19:40:00,ROBERTSON,EXCESSIVE HEAT,0.0,0.0,0,0,203606,1268272,Mesonet
2025-07-29 15:00:00,2025-07-29 21:30:00,HUMPHREYS,EXCESSIVE HEAT,0.0,0.0,0,0,203606,1268274,Mesonet
2025-07-29 15:15:00,2025-07-29 21:45:00,DICKSON,EXCESSIVE HEAT,0.0,0.0,0,0,203606,1268275,Mesonet
2025-07-29 15:23:00,2025-07-29 20:30:00,HICKMAN,EXCESSIVE HEAT,0.0,0.0,0,0,203606,1268284,Mesonet
2025-07-29 15:35:00,2025-07-29 20:00:00,WAYNE,EXCESSIVE HEAT,0.0,0.0,0,0,203606,1268293,Mesonet
2025-07-29 15:43:00,2025-07-29 19:03:00,WILLIAMSON,EXCESSIVE HEAT,0.0,0.0,0,0,203606,1268288,Mesonet
2025-07-29 15:45:00,2025-07-29 19:55:00,RUTHERFORD,EXCESSIVE HEAT,0.0,0.0,0,0,203606,1268291,Mesonet
2025-07-29 15:45:00,2025-07-29 18:45:00,WILSON,EXCESSIVE HEAT,0.0,0.0,0,0,203606,1268278,Mesonet
2025-07-29 16:15:00,2025-07-29 20:25:00,BEDFORD,EXCESSIVE HEAT,0.0,0.0,0,0,203606,1268292,Mesonet
2025-07-29 16:15:00,2025-07-29 17:55:00,CHEATHAM,EXCESSIVE HEAT,0.0,0.0,0,0,203606,1268276,Mesonet
2025-07-29 16:15:00,2025-07-29 19:45:00,SUMNER,EXCESSIVE HEAT,0.0,0.0,0,0,203606,1268273,Mesonet
2025-07-29 16:19:00,2025-07-29 20:18:00,MAURY,EXCESSIVE HEAT,0.0,0.0,0,0,203606,1268289,Mesonet
2025-07-29 16:55:00,2025-07-29 19:25:00,LEWIS,EXCESSIVE HEAT,0.0,0.0,0,0,203606,1268287,Mesonet
2025-07-29 17:10:00,2025-07-29 18:10:00,DAVIDSON,EXCESSIVE HEAT,0.0,0.0,0,0,203606,1268277,Mesonet
2025-07-29 17:35:00,2025-07-29 18:35:00,MARSHALL,EXCESSIVE HEAT,0.0,0.0,0,0,203606,1268290,Mesonet
2025-07-29 17:40:00,2025-07-29 18:40:00,LAWRENCE,EXCESSIVE HEAT,0.0,0.0,0,0,203606,1268294,Mesonet
2025-07-29 18:10:00,2025-07-29 19:10:00,HOUSTON,EXCESSIVE HEAT,0.0,0.0,0,0,203606,1268268,Mesonet
2025-07-30 12:00:00,2025-07-30 19:00:00,BENTON,HEAT,0.0,0.0,0,0,205731,1283918,AWOS
2025-07-30 12:00:00,2025-07-30 19:00:00,CARROLL,HEAT,0.0,0.0,0,0,205731,1283919,AWOS
2025-07-30 12:00:00,2025-07-30 19:00:00,CHESTER,HEAT,0.0,0.0,0,0,205731,1283920,AWOS
2025-07-30 12:00:00,2025-07-30 19:00:00,CROCKETT,HEAT,0.0,0.0,0,0,205731,1283921,AWOS
2025-07-30 12:00:00,2025-07-30 19:00:00,DECATUR,HEAT,0.0,0.0,0,0,205731,1283922,AWOS
2025-07-30 12:00:00,2025-07-30 19:00:00,DYER,HEAT,0.0,0.0,0,0,205731,1283923,AWOS
2025-07-30 12:00:00,2025-07-30 19:00:00,FAYETTE,HEAT,0.0,0.0,0,0,205731,1283924,AWOS
2025-07-30 12:00:00,2025-07-30 19:00:00,GIBSON,HEAT,0.0,0.0,0,0,205731,1283925,AWOS
2025-07-30 12:00:00,2025-07-30 19:00:00,HARDEMAN,HEAT,0.0,0.0,0,0,205731,1283926,AWOS
2025-07-30 12:00:00,2025-07-30 19:00:00,HARDIN,HEAT,0.0,0.0,0,0,205731,1283927,AWOS
2025-07-30 12:00:00,2025-07-30 19:00:00,HAYWOOD,HEAT,0.0,0.0,0,0,205731,1283928,AWOS
2025-07-30 12:00:00,2025-07-30 19:00:00,HENDERSON,HEAT,0.0,0.0,0,0,205731,1283929,AWOS
2025-07-30 12:00:00,2025-07-30 19:00:00,HENRY,HEAT,0.0,0.0,0,0,205731,1283930,AWOS
2025-07-30 12:00:00,2025-07-30 19:00:00,LAKE,HEAT,0.0,0.0,0,0,205731,1283931,AWOS
2025-07-30 12:00:00,2025-07-30 19:00:00,LAUDERDALE,HEAT,0.0,0.0,0,0,205731,1283932,AWOS
2025-07-30 12:00:00,2025-07-30 19:00:00,MADISON,HEAT,0.0,0.0,0,0,205731,1283933,ASOS
2025-07-30 12:00:00,2025-07-30 19:00:00,MCNAIRY,HEAT,0.0,0.0,0,0,205731,1283934,AWOS
2025-07-30 12:00:00,2025-07-30 19:00:00,OBION,HEAT,0.0,0.0,0,0,205731,1283935,AWOS
2025-07-30 12:00:00,2025-07-30 19:00:00,SHELBY,HEAT,0.0,0.0,0,0,205731,1283936,ASOS
2025-07-30 12:00:00,2025-07-30 19:00:00,TIPTON,HEAT,0.0,0.0,0,0,205731,1283937,AWOS
2025-07-30 12:00:00,2025-07-30 19:00:00,WEAKLEY,HEAT,0.0,0.0,0,0,205731,1283938,AWOS
2025-07-30 14:35:00,2025-07-30 19:00:00,RUTHERFORD,EXCESSIVE HEAT,0.0,0.0,0,0,203685,1268556,Mesonet
2025-07-30 15:10:00,2025-07-30 19:00:00,HICKMAN,EXCESSIVE HEAT,0.0,0.0,0,0,203685,1268549,Mesonet
2025-07-30 15:25:00,2025-07-30 16:25:00,LAWRENCE,EXCESSIVE HEAT,0.0,0.0,0,0,203685,1268551,Mesonet
2025-07-30 15:33:00,2025-07-30 19:00:00,MAURY,EXCESSIVE HEAT,0.0,0.0,0,0,203685,1268553,Mesonet
2025-07-30 15:35:00,2025-07-30 19:00:00,SUMNER,EXCESSIVE HEAT,0.0,0.0,0,0,203685,1268557,Mesonet
2025-07-30 15:41:00,2025-07-30 16:41:00,BEDFORD,EXCESSIVE HEAT,0.0,0.0,0,0,203685,1268545,Mesonet
2025-07-30 15:45:00,2025-07-30 19:00:00,CHEATHAM,EXCESSIVE HEAT,0.0,0.0,0,0,203685,1268546,Mesonet
2025-07-30 16:15:00,2025-07-30 19:00:00,SULLIVAN,FLASH FLOOD,0.0,0.0,0,0,205528,1282641,Public
2025-07-30 16:30:00,2025-07-30 19:00:00,DAVIDSON,EXCESSIVE HEAT,0.0,0.0,0,0,203685,1268547,Mesonet
2025-07-30 16:35:00,2025-07-30 19:00:00,ROBERTSON,EXCESSIVE HEAT,0.0,0.0,0,0,203685,1268555,Mesonet
2025-07-30 16:50:00,2025-07-30 18:00:00,WILLIAMSON,EXCESSIVE HEAT,0.0,0.0,0,0,203685,1268559,Mesonet
2025-07-30 17:05:00,2025-07-30 20:00:00,SULLIVAN,FLASH FLOOD,0.0,0.0,0,0,205528,1282642,Public
2025-07-30 17:15:00,2025-07-30 19:00:00,DICKSON,EXCESSIVE HEAT,0.0,0.0,0,0,203685,1268548,Mesonet
2025-07-30 17:15:00,2025-07-30 20:00:00,SULLIVAN,FLASH FLOOD,0.0,0.0,0,0,205528,1282644,Public
2025-07-30 17:25:00,2025-07-30 19:00:00,LEWIS,EXCESSIVE HEAT,0.0,0.0,0,0,203685,1268552,Mesonet
2025-07-30 17:26:00,2025-07-30 19:00:00,MONTGOMERY,EXCESSIVE HEAT,0.0,0.0,0,0,203685,1268554,Mesonet
2025-07-30 18:00:00,2025-07-30 19:00:00,WILSON,EXCESSIVE HEAT,0.0,0.0,0,0,203685,1268560,Mesonet
2025-07-30 19:00:00,2025-07-30 22:00:00,WASHINGTON,FLASH FLOOD,0.0,0.0,0,0,205528,1282645,Public
2025-07-30 21:15:00,2025-07-31 00:15:00,SULLIVAN,FLASH FLOOD,0.0,0.0,0,0,205528,1282646,Public
2025-07-31 11:00:00,2025-07-31 13:00:00,LINCOLN,HEAT,0.0,0.0,0,0,204159,1282444,AWOS
2025-07-31 12:00:00,2025-07-31 17:00:00,BENTON,HEAT,0.0,0.0,0,0,205731,1284008,AWOS
2025-07-31 12:00:00,2025-07-31 17:00:00,CARROLL,HEAT,0.0,0.0,0,0,205731,1284009,AWOS
2025-07-31 12:00:00,2025-07-31 17:00:00,CHESTER,HEAT,0.0,0.0,0,0,205731,1284010,AWOS
2025-07-31 12:00:00,2025-07-31 17:00:00,CROCKETT,HEAT,0.0,0.0,0,0,205731,1284011,AWOS
2025-07-31 12:00:00,2025-07-31 17:00:00,DECATUR,HEAT,0.0,0.0,0,0,205731,1284012,AWOS
2025-07-31 12:00:00,2025-07-31 17:00:00,DYER,HEAT,0.0,0.0,0,0,205731,1284013,AWOS
2025-07-31 12:00:00,2025-07-31 17:00:00,FAYETTE,HEAT,0.0,0.0,0,0,205731,1284014,AWOS
2025-07-31 12:00:00,2025-07-31 17:00:00,GIBSON,HEAT,0.0,0.0,0,0,205731,1284015,AWOS
2025-07-31 12:00:00,2025-07-31 17:00:00,HARDEMAN,HEAT,0.0,0.0,0,0,205731,1284016,AWOS
2025-07-31 12:00:00,2025-07-31 17:00:00,HARDIN,HEAT,0.0,0.0,0,0,205731,1284017,AWOS
2025-07-31 12:00:00,2025-07-31 17:00:00,HAYWOOD,HEAT,0.0,0.0,0,0,205731,1284018,AWOS
2025-07-31 12:00:00,2025-07-31 17:00:00,HENDERSON,HEAT,0.0,0.0,0,0,205731,1284019,AWOS
2025-07-31 12:00:00,2025-07-31 17:00:00,HENRY,HEAT,0.0,0.0,0,0,205731,1284020,AWOS
2025-07-31 12:00:00,2025-07-31 17:00:00,LAKE,HEAT,0.0,0.0,0,0,205731,1284021,AWOS
2025-07-31 12:00:00,2025-07-31 17:00:00,LAUDERDALE,HEAT,0.0,0.0,0,0,205731,1284022,AWOS
2025-07-31 12:00:00,2025-07-31 17:00:00,MADISON,HEAT,0.0,0.0,0,0,205731,1284023,ASOS
2025-07-31 12:00:00,2025-07-31 17:00:00,MCNAIRY,HEAT,0.0,0.0,0,0,205731,1284024,AWOS
2025-07-31 12:00:00,2025-07-31 17:00:00,OBION,HEAT,0.0,0.0,0,0,205731,1284025,AWOS
2025-07-31 12:00:00,2025-07-31 17:00:00,SHELBY,EXCESSIVE HEAT,0.0,0.0,0,0,205731,1284007,ASOS
2025-07-31 12:00:00,2025-07-31 17:00:00,TIPTON,HEAT,0.0,0.0,0,0,205731,1284026,AWOS
2025-07-31 12:00:00,2025-07-31 17:00:00,WEAKLEY,HEAT,0.0,0.0,0,0,205731,1284027,AWOS
2025-07-31 16:05:00,2025-07-31 16:10:00,DECATUR,THUNDERSTORM WIND,5000.0,0.0,0,0,205496,1282392,Emergency Manager
2025-07-31 16:42:00,2025-07-31 16:47:00,HAYWOOD,THUNDERSTORM WIND,15000.0,0.0,0,0,205496,1282395,Emergency Manager
2025-08-02 17:14:00,2025-08-02 21:00:00,COCKE,FLASH FLOOD,0.0,0.0,0,0,205842,1284728,Law Enforcement
2025-08-02 20:21:00,2025-08-02 23:20:00,CLAIBORNE,FLASH FLOOD,0.0,0.0,0,0,205842,1284729,Public
2025-08-08 13:43:00,2025-08-08 13:48:00,FAYETTE,THUNDERSTORM WIND,3000.0,0.0,0,0,206620,1289526,COOP Observer
2025-08-08 15:30:00,2025-08-08 16:30:00,SHELBY,FLASH FLOOD,5000.0,0.0,0,0,206620,1289525,Broadcast Media
2025-08-12 17:10:00,2025-08-12 19:10:00,HAMILTON,FLASH FLOOD,0.0,0.0,0,0,205640,1287779,Broadcast Media
2025-08-12 17:25:00,2025-08-12 19:25:00,HAMILTON,FLASH FLOOD,0.0,0.0,0,0,205640,1287781,Emergency Manager
2025-08-12 17:50:00,2025-08-12 20:50:00,HAMILTON,FLASH FLOOD,0.0,0.0,1,0,205640,1287783,Trained Spotter
2025-08-12 18:25:00,2025-08-12 20:25:00,HAMILTON,FLASH FLOOD,1700000.0,0.0,0,0,205640,1287784,Department of Highways
2025-08-12 23:30:00,2025-08-12 23:30:00,HAMILTON,HEAVY RAIN,25000.0,0.0,3,0,205640,1283123,Emergency Manager
2025-08-13 07:17:00,2025-08-13 13:17:00,MOORE,FLASH FLOOD,0.0,0.0,0,0,204293,1288672,Emergency Manager
2025-08-13 07:18:00,2025-08-13 13:18:00,MOORE,FLASH FLOOD,0.0,0.0,0,0,204293,1288673,Emergency Manager
2025-08-13 08:15:00,2025-08-13 14:15:00,FRANKLIN,FLASH FLOOD,0.0,0.0,0,0,204293,1288674,State Official
2025-08-13 09:09:00,2025-08-13 11:09:00,SULLIVAN,FLASH FLOOD,0.0,0.0,0,0,206323,1287785,Trained Spotter
2025-08-13 09:34:00,2025-08-13 11:34:00,KNOX,FLASH FLOOD,0.0,0.0,0,0,206323,1287787,State Official
2025-08-13 09:47:00,2025-08-13 11:47:00,SULLIVAN,FLASH FLOOD,0.0,0.0,0,0,206323,1287788,Trained Spotter
2025-08-13 09:55:00,2025-08-13 11:55:00,KNOX,FLASH FLOOD,0.0,0.0,0,0,206323,1287789,State Official
2025-08-13 12:21:00,2025-08-13 14:21:00,SULLIVAN,FLOOD,0.0,0.0,0,0,206323,1287790,Trained Spotter
2025-08-14 15:58:00,2025-08-14 16:03:00,SHELBY,THUNDERSTORM WIND,1000.0,0.0,0,0,206627,1289568,Public
2025-08-14 16:17:00,2025-08-14 16:22:00,SHELBY,HAIL,0.0,0.0,0,0,206627,1289567,Public
2025-08-15 12:00:00,2025-08-15 18:00:00,CARROLL,HEAT,0.0,0.0,0,0,206564,1289277,AWOS
2025-08-15 12:00:00,2025-08-15 18:00:00,CROCKETT,HEAT,0.0,0.0,0,0,206564,1289278,AWOS
2025-08-15 12:00:00,2025-08-15 18:00:00,DYER,HEAT,0.0,0.0,0,0,206564,1289272,AWOS
2025-08-15 12:00:00,2025-08-15 18:00:00,GIBSON,HEAT,0.0,0.0,0,0,206564,1289276,AWOS
2025-08-15 12:00:00,2025-08-15 18:00:00,HAYWOOD,HEAT,0.0,0.0,0,0,206564,1289279,AWOS
2025-08-15 12:00:00,2025-08-15 18:00:00,LAKE,HEAT,0.0,0.0,0,0,206564,1289273,AWOS
2025-08-15 12:00:00,2025-08-15 18:00:00,LAUDERDALE,HEAT,0.0,0.0,0,0,206564,1289271,AWOS
2025-08-15 12:00:00,2025-08-15 18:00:00,MADISON,HEAT,0.0,0.0,0,0,206564,1289268,ASOS
2025-08-15 12:00:00,2025-08-15 18:00:00,OBION,HEAT,0.0,0.0,0,0,206564,1289274,AWOS
2025-08-15 12:00:00,2025-08-15 18:00:00,SHELBY,HEAT,0.0,0.0,0,0,206564,1289269,ASOS
2025-08-15 12:00:00,2025-08-15 18:00:00,TIPTON,HEAT,0.0,0.0,0,0,206564,1289270,AWOS
2025-08-15 12:00:00,2025-08-15 18:00:00,WEAKLEY,HEAT,0.0,0.0,0,0,206564,1289275,AWOS
2025-08-16 12:00:00,2025-08-16 19:00:00,BENTON,HEAT,0.0,0.0,0,0,206568,1291298,AWOS
2025-08-16 12:00:00,2025-08-16 19:00:00,CARROLL,HEAT,0.0,0.0,0,0,206568,1291299,AWOS
2025-08-16 12:00:00,2025-08-16 19:00:00,CHESTER,HEAT,0.0,0.0,0,0,206568,1291300,AWOS
2025-08-16 12:00:00,2025-08-16 19:00:00,CROCKETT,HEAT,0.0,0.0,0,0,206568,1291301,AWOS
2025-08-16 12:00:00,2025-08-16 19:00:00,DECATUR,HEAT,0.0,0.0,0,0,206568,1291302,AWOS
2025-08-16 12:00:00,2025-08-16 19:00:00,DYER,HEAT,0.0,0.0,0,0,206568,1291303,AWOS
2025-08-16 12:00:00,2025-08-16 19:00:00,FAYETTE,HEAT,0.0,0.0,0,0,206568,1291304,AWOS
2025-08-16 12:00:00,2025-08-16 19:00:00,GIBSON,HEAT,0.0,0.0,0,0,206568,1291305,AWOS
2025-08-16 12:00:00,2025-08-16 19:00:00,HARDEMAN,HEAT,0.0,0.0,0,0,206568,1291306,AWOS
2025-08-16 12:00:00,2025-08-16 19:00:00,HARDIN,HEAT,0.0,0.0,0,0,206568,1291307,AWOS
2025-08-16 12:00:00,2025-08-16 19:00:00,HAYWOOD,HEAT,0.0,0.0,0,0,206568,1291308,AWOS
2025-08-16 12:00:00,2025-08-16 19:00:00,HENDERSON,HEAT,0.0,0.0,0,0,206568,1291309,AWOS
2025-08-16 12:00:00,2025-08-16 19:00:00,HENRY,HEAT,0.0,0.0,0,0,206568,1291310,AWOS
2025-08-16 12:00:00,2025-08-16 19:00:00,LAKE,HEAT,0.0,0.0,0,0,206568,1291311,AWOS
2025-08-16 12:00:00,2025-08-16 19:00:00,LAUDERDALE,HEAT,0.0,0.0,0,0,206568,1291312,AWOS
2025-08-16 12:00:00,2025-08-16 19:00:00,MADISON,HEAT,0.0,0.0,0,0,206568,1291314,ASOS
2025-08-16 12:00:00,2025-08-16 19:00:00,MCNAIRY,HEAT,0.0,0.0,0,0,206568,1291316,AWOS
2025-08-16 12:00:00,2025-08-16 19:00:00,OBION,HEAT,0.0,0.0,0,0,206568,1291317,AWOS
2025-08-16 12:00:00,2025-08-16 19:00:00,SHELBY,HEAT,0.0,0.0,0,0,206568,1291315,ASOS
2025-08-16 12:00:00,2025-08-16 19:00:00,TIPTON,HEAT,0.0,0.0,0,0,206568,1291318,AWOS
2025-08-16 12:00:00,2025-08-16 19:00:00,WEAKLEY,HEAT,0.0,0.0,0,0,206568,1291319,AWOS
2025-08-16 15:22:00,2025-08-16 15:22:00,CUMBERLAND,THUNDERSTORM WIND,0.0,0.0,0,0,204423,1274517,ASOS
2025-08-16 17:30:00,2025-08-16 17:30:00,MORGAN,THUNDERSTORM WIND,50000.0,0.0,0,0,205636,1283104,Emergency Manager
2025-08-17 12:00:00,2025-08-17 19:00:00,BENTON,HEAT,0.0,0.0,0,0,206568,1291354,AWOS
2025-08-17 12:00:00,2025-08-17 19:00:00,CARROLL,HEAT,0.0,0.0,0,0,206568,1291355,AWOS
2025-08-17 12:00:00,2025-08-17 19:00:00,CHESTER,HEAT,0.0,0.0,0,0,206568,1291356,AWOS
2025-08-17 12:00:00,2025-08-17 19:00:00,CROCKETT,HEAT,0.0,0.0,0,0,206568,1291357,AWOS
2025-08-17 12:00:00,2025-08-17 19:00:00,DECATUR,HEAT,0.0,0.0,0,0,206568,1291358,AWOS
2025-08-17 12:00:00,2025-08-17 19:00:00,DYER,HEAT,0.0,0.0,0,0,206568,1291359,AWOS
2025-08-17 12:00:00,2025-08-17 19:00:00,FAYETTE,HEAT,0.0,0.0,0,0,206568,1291360,AWOS
2025-08-17 12:00:00,2025-08-17 19:00:00,GIBSON,HEAT,0.0,0.0,0,0,206568,1291361,AWOS
2025-08-17 12:00:00,2025-08-17 19:00:00,HARDEMAN,HEAT,0.0,0.0,0,0,206568,1291362,AWOS
2025-08-17 12:00:00,2025-08-17 19:00:00,HARDIN,HEAT,0.0,0.0,0,0,206568,1291363,AWOS
2025-08-17 12:00:00,2025-08-17 19:00:00,HAYWOOD,HEAT,0.0,0.0,0,0,206568,1291364,AWOS
2025-08-17 12:00:00,2025-08-17 19:00:00,HENDERSON,HEAT,0.0,0.0,0,0,206568,1291365,AWOS
2025-08-17 12:00:00,2025-08-17 19:00:00,HENRY,HEAT,0.0,0.0,0,0,206568,1291366,AWOS
2025-08-17 12:00:00,2025-08-17 19:00:00,LAKE,HEAT,0.0,0.0,0,0,206568,1291367,AWOS
2025-08-17 12:00:00,2025-08-17 19:00:00,LAUDERDALE,HEAT,0.0,0.0,0,0,206568,1291368,AWOS
2025-08-17 12:00:00,2025-08-17 19:00:00,MADISON,HEAT,0.0,0.0,0,0,206568,1291369,ASOS
2025-08-17 12:00:00,2025-08-17 19:00:00,MCNAIRY,HEAT,0.0,0.0,0,0,206568,1291371,AWOS
2025-08-17 12:00:00,2025-08-17 19:00:00,OBION,HEAT,0.0,0.0,0,0,206568,1291372,AWOS
2025-08-17 12:00:00,2025-08-17 19:00:00,SHELBY,HEAT,0.0,0.0,0,0,206568,1291370,ASOS
2025-08-17 12:00:00,2025-08-17 19:00:00,TIPTON,HEAT,0.0,0.0,0,0,206568,1291373,AWOS
2025-08-17 12:00:00,2025-08-17 19:00:00,WEAKLEY,HEAT,0.0,0.0,0,0,206568,1291374,AWOS
2025-08-17 12:55:00,2025-08-17 12:55:00,CLAY,THUNDERSTORM WIND,15000.0,0.0,0,0,204424,1274518,Emergency Manager
2025-08-18 12:00:00,2025-08-18 19:00:00,BENTON,HEAT,0.0,0.0,0,0,206568,1291375,AWOS
2025-08-18 12:00:00,2025-08-18 19:00:00,CARROLL,HEAT,0.0,0.0,0,0,206568,1291376,AWOS
2025-08-18 12:00:00,2025-08-18 19:00:00,CHESTER,HEAT,0.0,0.0,0,0,206568,1291377,AWOS
2025-08-18 12:00:00,2025-08-18 19:00:00,CROCKETT,HEAT,0.0,0.0,0,0,206568,1291378,AWOS
2025-08-18 12:00:00,2025-08-18 19:00:00,DECATUR,HEAT,0.0,0.0,0,0,206568,1291379,AWOS
2025-08-18 12:00:00,2025-08-18 19:00:00,DYER,HEAT,0.0,0.0,0,0,206568,1291380,AWOS
2025-08-18 12:00:00,2025-08-18 19:00:00,FAYETTE,HEAT,0.0,0.0,0,0,206568,1291381,AWOS
2025-08-18 12:00:00,2025-08-18 19:00:00,GIBSON,HEAT,0.0,0.0,0,0,206568,1291382,AWOS
2025-08-18 12:00:00,2025-08-18 19:00:00,HARDEMAN,HEAT,0.0,0.0,0,0,206568,1291383,AWOS
2025-08-18 12:00:00,2025-08-18 19:00:00,HARDIN,HEAT,0.0,0.0,0,0,206568,1291384,AWOS
2025-08-18 12:00:00,2025-08-18 19:00:00,HAYWOOD,HEAT,0.0,0.0,0,0,206568,1291385,AWOS
2025-08-18 12:00:00,2025-08-18 19:00:00,HENDERSON,HEAT,0.0,0.0,0,0,206568,1291386,AWOS
2025-08-18 12:00:00,2025-08-18 19:00:00,HENRY,HEAT,0.0,0.0,0,0,206568,1291387,AWOS
2025-08-18 12:00:00,2025-08-18 19:00:00,LAKE,HEAT,0.0,0.0,0,0,206568,1291388,AWOS
2025-08-18 12:00:00,2025-08-18 19:00:00,LAUDERDALE,HEAT,0.0,0.0,0,0,206568,1291389,AWOS
2025-08-18 12:00:00,2025-08-18 19:00:00,MADISON,HEAT,0.0,0.0,0,0,206568,1291390,ASOS
2025-08-18 12:00:00,2025-08-18 19:00:00,MCNAIRY,HEAT,0.0,0.0,0,0,206568,1291392,AWOS
2025-08-18 12:00:00,2025-08-18 19:00:00,OBION,HEAT,0.0,0.0,0,0,206568,1291393,AWOS
2025-08-18 12:00:00,2025-08-18 19:00:00,SHELBY,HEAT,0.0,0.0,0,0,206568,1291391,ASOS
2025-08-18 12:00:00,2025-08-18 19:00:00,TIPTON,HEAT,0.0,0.0,0,0,206568,1291394,AWOS
2025-08-18 12:00:00,2025-08-18 19:00:00,WEAKLEY,HEAT,0.0,0.0,0,0,206568,1291395,AWOS
2025-08-18 14:00:00,2025-08-18 16:00:00,LINCOLN,HEAT,0.0,0.0,0,0,204485,1288330,AWOS
2025-08-19 12:00:00,2025-08-19 19:00:00,BENTON,HEAT,0.0,0.0,0,0,206568,1291467,AWOS
2025-08-19 12:00:00,2025-08-19 19:00:00,CARROLL,HEAT,0.0,0.0,0,0,206568,1291468,AWOS
2025-08-19 12:00:00,2025-08-19 19:00:00,CHESTER,HEAT,0.0,0.0,0,0,206568,1291469,AWOS
2025-08-19 12:00:00,2025-08-19 19:00:00,CROCKETT,HEAT,0.0,0.0,0,0,206568,1291470,AWOS
2025-08-19 12:00:00,2025-08-19 19:00:00,DECATUR,HEAT,0.0,0.0,0,0,206568,1291471,AWOS
2025-08-19 12:00:00,2025-08-19 19:00:00,DYER,HEAT,0.0,0.0,0,0,206568,1291472,AWOS
2025-08-19 12:00:00,2025-08-19 19:00:00,FAYETTE,HEAT,0.0,0.0,0,0,206568,1291473,AWOS
2025-08-19 12:00:00,2025-08-19 19:00:00,GIBSON,HEAT,0.0,0.0,0,0,206568,1291474,AWOS
2025-08-19 12:00:00,2025-08-19 19:00:00,HARDEMAN,HEAT,0.0,0.0,0,0,206568,1291475,AWOS
2025-08-19 12:00:00,2025-08-19 19:00:00,HARDIN,HEAT,0.0,0.0,0,0,206568,1291476,AWOS
2025-08-19 12:00:00,2025-08-19 19:00:00,HAYWOOD,HEAT,0.0,0.0,0,0,206568,1291477,AWOS
2025-08-19 12:00:00,2025-08-19 19:00:00,HENDERSON,HEAT,0.0,0.0,0,0,206568,1291478,AWOS
2025-08-19 12:00:00,2025-08-19 19:00:00,HENRY,HEAT,0.0,0.0,0,0,206568,1291479,AWOS
2025-08-19 12:00:00,2025-08-19 19:00:00,LAKE,EXCESSIVE HEAT,0.0,0.0,0,0,206568,1291465,AWOS
2025-08-19 12:00:00,2025-08-19 19:00:00,LAUDERDALE,HEAT,0.0,0.0,0,0,206568,1291480,AWOS
2025-08-19 12:00:00,2025-08-19 19:00:00,MADISON,HEAT,0.0,0.0,0,0,206568,1291481,ASOS
2025-08-19 12:00:00,2025-08-19 19:00:00,MCNAIRY,HEAT,0.0,0.0,0,0,206568,1291483,AWOS
2025-08-19 12:00:00,2025-08-19 19:00:00,OBION,EXCESSIVE HEAT,0.0,0.0,0,0,206568,1291464,AWOS
2025-08-19 12:00:00,2025-08-19 19:00:00,SHELBY,HEAT,0.0,0.0,0,0,206568,1291482,ASOS
2025-08-19 12:00:00,2025-08-19 19:00:00,TIPTON,HEAT,0.0,0.0,0,0,206568,1291484,AWOS
2025-08-19 12:00:00,2025-08-19 19:00:00,WEAKLEY,EXCESSIVE HEAT,0.0,0.0,0,0,206568,1291466,AWOS
2025-08-19 17:14:00,2025-08-19 17:19:00,SHELBY,THUNDERSTORM WIND,25000.0,0.0,0,0,206624,1289566,Broadcast Media
2025-08-19 17:15:00,2025-08-19 17:15:00,LAWRENCE,LIGHTNING,0.0,0.0,0,1,204713,1276261,Emergency Manager
2025-08-20 14:47:00,2025-08-20 14:48:00,FRANKLIN,TORNADO,0.0,0.0,0,0,204641,1287936,Emergency Manager
2025-08-20 15:00:00,2025-08-20 15:00:00,HAMILTON,LIGHTNING,250000.0,0.0,0,0,205637,1283107,Broadcast Media
2025-08-20 15:00:00,2025-08-20 15:00:00,HAMILTON,THUNDERSTORM WIND,0.0,0.0,0,0,205637,1283105,911 Call Center
2025-08-22 21:20:00,2025-08-22 22:30:00,KNOX,FLOOD,0.0,0.0,0,0,206952,1291175,911 Call Center
2025-08-22 21:35:00,2025-08-22 23:00:00,KNOX,FLOOD,0.0,0.0,0,0,206952,1291176,911 Call Center
2025-08-23 17:30:00,2025-08-23 19:30:00,WASHINGTON,FLOOD,0.0,0.0,0,0,206953,1291177,Public
2025-08-23 17:50:00,2025-08-23 19:50:00,WASHINGTON,FLOOD,0.0,0.0,0,0,206953,1291178,Public
2025-08-23 17:55:00,2025-08-23 19:55:00,WASHINGTON,FLOOD,0.0,0.0,0,0,206953,1291179,Public
2025-08-23 18:30:00,2025-08-23 20:30:00,WASHINGTON,FLOOD,0.0,0.0,0,0,206953,1291180,Public
2025-09-02 00:00:00,2025-09-30 23:59:00,CHEATHAM,DROUGHT,0.0,0.0,0,0,206498,1288892,Drought Monitor
2025-09-02 00:00:00,2025-09-30 23:59:00,DAVIDSON,DROUGHT,0.0,0.0,0,0,206498,1288893,Drought Monitor
2025-09-02 00:00:00,2025-09-22 23:59:00,DICKSON,DROUGHT,0.0,0.0,0,0,206498,1288890,Drought Monitor
2025-09-02 00:00:00,2025-09-08 23:59:00,HICKMAN,DROUGHT,0.0,0.0,0,0,206498,1288888,Drought Monitor
2025-09-02 00:00:00,2025-09-08 23:59:00,MAURY,DROUGHT,0.0,0.0,0,0,206498,1288887,Drought Monitor
2025-09-02 00:00:00,2025-09-30 23:59:00,MONTGOMERY,DROUGHT,0.0,0.0,0,0,206498,1288891,Drought Monitor
2025-09-02 00:00:00,2025-09-08 23:59:00,OVERTON,DROUGHT,0.0,0.0,0,0,206498,1288895,Drought Monitor
2025-09-02 00:00:00,2025-09-08 23:59:00,PERRY,DROUGHT,0.0,0.0,0,0,206498,1288889,Drought Monitor
2025-09-02 00:00:00,2025-09-30 23:59:00,SUMNER,DROUGHT,0.0,0.0,0,0,206498,1288894,Drought Monitor
2025-09-03 17:23:00,2025-09-03 17:23:00,DAVIDSON,THUNDERSTORM WIND,1000.0,0.0,0,0,205317,1280932,Social Media
2025-09-03 17:45:00,2025-09-03 17:45:00,WILSON,LIGHTNING,100000.0,0.0,0,0,205317,1280933,Fire Department/Rescue
2025-09-04 10:00:00,2025-09-04 10:00:00,CLAIBORNE,THUNDERSTORM WIND,0.0,0.0,0,0,205662,1283228,911 Call Center
2025-09-04 11:25:00,2025-09-04 11:25:00,HAMBLEN,THUNDERSTORM WIND,0.0,0.0,0,0,205662,1283229,911 Call Center
2025-09-04 11:30:00,2025-09-04 11:30:00,SULLIVAN,THUNDERSTORM WIND,0.0,0.0,0,0,205662,1283230,Social Media
2025-09-04 11:50:00,2025-09-04 11:50:00,MORGAN,FUNNEL CLOUD,0.0,0.0,0,0,205662,1283210,Emergency Manager
2025-09-04 11:55:00,2025-09-04 11:55:00,MORGAN,THUNDERSTORM WIND,0.0,0.0,0,0,205662,1283231,Broadcast Media
2025-09-04 12:00:00,2025-09-04 12:00:00,GREENE,THUNDERSTORM WIND,0.0,0.0,0,0,205662,1283232,911 Call Center
2025-09-04 12:10:00,2025-09-04 12:10:00,GREENE,HAIL,0.0,0.0,0,0,205662,1283212,Public
2025-09-04 12:30:00,2025-09-04 12:30:00,KNOX,HAIL,0.0,0.0,0,0,205662,1283213,Public
2025-09-04 12:30:00,2025-09-04 12:30:00,KNOX,HAIL,0.0,0.0,0,0,205662,1283214,Broadcast Media
2025-09-04 12:35:00,2025-09-04 12:35:00,KNOX,HAIL,0.0,0.0,0,0,205662,1283215,Public
2025-09-04 12:35:00,2025-09-04 12:35:00,KNOX,HAIL,0.0,0.0,0,0,205662,1283216,Public
2025-09-04 13:07:00,2025-09-04 13:07:00,KNOX,HAIL,0.0,0.0,0,0,205662,1283217,Public
2025-09-04 13:17:00,2025-09-04 13:17:00,KNOX,HAIL,0.0,0.0,0,0,205662,1283218,Public
2025-09-04 13:18:00,2025-09-04 13:18:00,KNOX,HAIL,0.0,0.0,0,0,205662,1283219,Public
2025-09-04 13:26:00,2025-09-04 13:26:00,KNOX,HAIL,0.0,0.0,0,0,205662,1283220,Public
2025-09-04 13:30:00,2025-09-04 13:30:00,CLAIBORNE,HAIL,0.0,0.0,0,0,205662,1283221,Public
2025-09-04 13:30:00,2025-09-04 13:30:00,KNOX,THUNDERSTORM WIND,0.0,0.0,0,0,205662,1283233,Trained Spotter
2025-09-04 13:35:00,2025-09-04 13:35:00,SEVIER,HAIL,0.0,0.0,0,0,205662,1283222,Public
2025-09-04 13:40:00,2025-09-04 13:40:00,SEVIER,HAIL,0.0,0.0,0,0,205662,1283223,Public
2025-09-04 13:40:00,2025-09-04 13:40:00,SEVIER,THUNDERSTORM WIND,0.0,0.0,0,0,205662,1283234,Public
2025-09-04 13:45:00,2025-09-04 13:45:00,SEVIER,THUNDERSTORM WIND,0.0,0.0,0,0,205662,1283235,Public
2025-09-04 13:55:00,2025-09-04 13:55:00,SEVIER,THUNDERSTORM WIND,0.0,0.0,0,0,205662,1283236,Social Media
2025-09-04 13:57:00,2025-09-04 13:57:00,KNOX,HAIL,0.0,0.0,0,0,205662,1283224,Public
2025-09-04 14:20:00,2025-09-04 14:20:00,HAWKINS,THUNDERSTORM WIND,0.0,0.0,0,0,205662,1283237,Public
2025-09-04 14:20:00,2025-09-04 14:20:00,SEVIER,HAIL,0.0,0.0,0,0,205662,1283211,Public
2025-09-04 14:49:00,2025-09-04 14:49:00,ROANE,HAIL,0.0,0.0,0,0,205662,1283225,Public
2025-09-04 14:50:00,2025-09-04 14:50:00,ROANE,THUNDERSTORM WIND,0.0,0.0,0,0,205662,1283238,Trained Spotter
2025-09-04 15:00:00,2025-09-04 15:00:00,ROANE,HAIL,0.0,0.0,0,0,205662,1283226,Public
2025-09-04 15:35:00,2025-09-04 15:35:00,ROANE,HAIL,0.0,0.0,0,0,205662,1283227,Public
2025-09-05 16:20:00,2025-09-05 16:20:00,PERRY,THUNDERSTORM WIND,1000.0,0.0,0,0,205399,1281396,Social Media
2025-09-05 16:24:00,2025-09-05 16:29:00,HENDERSON,THUNDERSTORM WIND,2000.0,0.0,0,0,207526,1294391,Law Enforcement
2025-09-05 16:37:00,2025-09-05 16:37:00,PERRY,THUNDERSTORM WIND,1000.0,0.0,0,0,205399,1281397,Law Enforcement
2025-09-05 16:51:00,2025-09-05 16:51:00,HICKMAN,HAIL,0.0,0.0,0,0,205399,1281398,Social Media
2025-09-05 17:18:00,2025-09-05 17:18:00,LEWIS,THUNDERSTORM WIND,5000.0,0.0,0,1,205399,1281408,Public
2025-09-05 17:44:00,2025-09-05 17:44:00,MACON,HAIL,0.0,0.0,0,0,205399,1281400,Social Media
2025-09-05 17:44:00,2025-09-05 17:44:00,MACON,THUNDERSTORM WIND,10000.0,0.0,0,0,205399,1281399,Social Media
2025-09-05 17:53:00,2025-09-05 17:53:00,MACON,THUNDERSTORM WIND,10000.0,0.0,0,0,205399,1281402,Emergency Manager
2025-09-05 18:00:00,2025-09-05 18:00:00,JACKSON,THUNDERSTORM WIND,20000.0,0.0,0,0,205399,1281401,Social Media
2025-09-05 18:15:00,2025-09-05 18:15:00,CLAY,THUNDERSTORM WIND,10000.0,0.0,0,0,205399,1281405,Emergency Manager
2025-09-05 18:40:00,2025-09-05 18:40:00,JACKSON,HAIL,0.0,0.0,0,0,205399,1281403,Social Media
2025-09-05 19:07:00,2025-09-05 19:07:00,OVERTON,THUNDERSTORM WIND,10000.0,0.0,0,0,205399,1281406,Emergency Manager
2025-09-05 19:10:00,2025-09-05 19:10:00,JACKSON,HAIL,0.0,0.0,0,0,205399,1281404,Social Media
2025-09-05 19:16:00,2025-09-05 19:16:00,JACKSON,HAIL,0.0,0.0,0,0,205399,1281407,Social Media
2025-09-06 04:00:00,2025-09-06 04:35:00,CARTER,THUNDERSTORM WIND,0.0,0.0,0,0,207573,1294606,Public
2025-09-09 00:00:00,2025-09-30 23:59:00,CARROLL,DROUGHT,0.0,0.0,0,0,207256,1293064,Drought Monitor
2025-09-09 00:00:00,2025-09-30 23:59:00,CROCKETT,DROUGHT,0.0,0.0,0,0,207256,1293066,Drought Monitor
2025-09-09 00:00:00,2025-09-30 23:59:00,DYER,DROUGHT,0.0,0.0,0,0,207256,1293067,Drought Monitor
2025-09-09 00:00:00,2025-09-30 23:59:00,GIBSON,DROUGHT,0.0,0.0,0,0,207256,1293069,Drought Monitor
2025-09-09 00:00:00,2025-09-30 23:59:00,HARDEMAN,DROUGHT,0.0,0.0,0,0,207256,1293070,Drought Monitor
2025-09-09 00:00:00,2025-09-30 23:59:00,HAYWOOD,DROUGHT,0.0,0.0,0,0,207256,1293072,Drought Monitor
2025-09-09 00:00:00,2025-09-30 23:59:00,HENRY,DROUGHT,0.0,0.0,0,0,207256,1293073,Drought Monitor
2025-09-09 00:00:00,2025-09-30 23:59:00,LAKE,DROUGHT,0.0,0.0,0,0,207256,1293074,Drought Monitor
2025-09-09 00:00:00,2025-09-30 23:59:00,LAUDERDALE,DROUGHT,0.0,0.0,0,0,207256,1293075,Drought Monitor
2025-09-09 00:00:00,2025-09-30 23:59:00,MADISON,DROUGHT,0.0,0.0,0,0,207256,1293076,Drought Monitor
2025-09-09 00:00:00,2025-09-30 23:59:00,OBION,DROUGHT,0.0,0.0,0,0,207256,1293078,Drought Monitor
2025-09-09 00:00:00,2025-09-29 23:59:00,SHELBY,DROUGHT,0.0,0.0,0,0,207256,1293080,Drought Monitor
2025-09-09 00:00:00,2025-09-30 23:59:00,TIPTON,DROUGHT,0.0,0.0,0,0,207256,1293081,Drought Monitor
2025-09-09 00:00:00,2025-09-30 23:59:00,WEAKLEY,DROUGHT,0.0,0.0,0,0,207256,1293079,Drought Monitor
2025-09-14 00:00:00,2025-09-30 23:59:00,CHESTER,DROUGHT,0.0,0.0,0,0,207256,1293065,Drought Monitor
2025-09-14 00:00:00,2025-09-29 23:59:00,FAYETTE,DROUGHT,0.0,0.0,0,0,207256,1293068,Drought Monitor
2025-09-14 00:00:00,2025-09-30 23:59:00,HARDIN,DROUGHT,0.0,0.0,0,0,207256,1293071,Drought Monitor
2025-09-14 00:00:00,2025-09-30 23:59:00,MCNAIRY,DROUGHT,0.0,0.0,0,0,207256,1293077,Drought Monitor
2025-09-14 18:40:00,2025-09-14 18:45:00,HENRY,THUNDERSTORM WIND,2000.0,0.0,0,0,207527,1294392,State Official
2025-09-14 18:45:00,2025-09-14 18:50:00,HENRY,THUNDERSTORM WIND,2000.0,0.0,0,0,207527,1294393,State Official
2025-09-16 00:00:00,2025-09-30 23:59:00,HOUSTON,DROUGHT,0.0,0.0,0,0,206499,1288897,Drought Monitor
2025-09-16 00:00:00,2025-09-30 23:59:00,HUMPHREYS,DROUGHT,0.0,0.0,0,0,206499,1288898,Drought Monitor
2025-09-16 00:00:00,2025-09-30 23:59:00,ROBERTSON,DROUGHT,0.0,0.0,0,0,206499,1288899,Drought Monitor
2025-09-16 00:00:00,2025-09-30 23:59:00,STEWART,DROUGHT,0.0,0.0,0,0,206499,1288896,Drought Monitor
2025-09-16 13:51:00,2025-09-16 13:51:00,DAVIDSON,THUNDERSTORM WIND,1000.0,0.0,0,0,205790,1284364,Social Media
2025-09-16 13:53:00,2025-09-16 13:53:00,DAVIDSON,THUNDERSTORM WIND,1000.0,0.0,0,0,205790,1284365,Social Media
2025-09-19 13:42:00,2025-09-19 13:42:00,LAWRENCE,THUNDERSTORM WIND,1000.0,0.0,0,0,206495,1288884,Emergency Manager
2025-09-21 16:17:00,2025-09-21 16:17:00,RUTHERFORD,THUNDERSTORM WIND,1000.0,0.0,0,0,206496,1288886,Social Media
2025-09-23 21:28:00,2025-09-23 22:28:00,SHELBY,FLASH FLOOD,0.0,0.0,0,0,207537,1294408,Law Enforcement
2025-09-23 22:00:00,2025-09-23 23:00:00,SHELBY,FLASH FLOOD,15000.0,0.0,0,0,207537,1294409,Broadcast Media
2025-09-27 10:35:00,2025-09-27 12:35:00,SEVIER,FLOOD,0.0,0.0,0,0,207597,1294716,AWSS
2025-09-27 10:53:00,2025-09-27 12:53:00,HAWKINS,FLOOD,0.0,0.0,0,0,207597,1294717,Trained Spotter
2025-09-27 11:45:00,2025-09-27 13:45:00,SEVIER,FLOOD,0.0,0.0,0,0,207597,1294718,Emergency Manager
2025-09-27 12:00:00,2025-09-27 14:00:00,HAWKINS,FLASH FLOOD,0.0,0.0,0,0,207597,1294715,Social Media
2025-10-01 00:00:00,2025-10-06 23:59:00,CARROLL,DROUGHT,0.0,0.0,0,0,208105,1296961,Drought Monitor
2025-10-01 00:00:00,2025-10-07 00:00:00,CHEATHAM,DROUGHT,0.0,0.0,0,0,207509,1294308,Drought Monitor
2025-10-01 00:00:00,2025-10-06 23:59:00,CROCKETT,DROUGHT,0.0,0.0,0,0,208105,1296959,Drought Monitor
2025-10-01 00:00:00,2025-10-06 23:59:00,DYER,DROUGHT,0.0,0.0,0,0,208105,1296962,Drought Monitor
2025-10-01 00:00:00,2025-10-13 23:59:00,GIBSON,DROUGHT,0.0,0.0,0,0,208105,1296955,Drought Monitor
2025-10-01 00:00:00,2025-10-13 23:59:00,HARDEMAN,DROUGHT,0.0,0.0,0,0,208105,1296952,Drought Monitor
2025-10-01 00:00:00,2025-10-31 23:59:00,HARDIN,DROUGHT,0.0,0.0,0,0,208105,1296950,Drought Monitor
2025-10-01 00:00:00,2025-10-13 23:59:00,HAYWOOD,DROUGHT,0.0,0.0,0,0,208105,1296954,Drought Monitor
2025-10-01 00:00:00,2025-10-06 23:59:00,HENRY,DROUGHT,0.0,0.0,0,0,208105,1296963,Drought Monitor
2025-10-01 00:00:00,2025-10-07 00:00:00,HOUSTON,DROUGHT,0.0,0.0,0,0,207509,1294311,Drought Monitor
2025-10-01 00:00:00,2025-10-07 00:00:00,HUMPHREYS,DROUGHT,0.0,0.0,0,0,207509,1294312,Drought Monitor
2025-10-01 00:00:00,2025-10-06 23:59:00,LAKE,DROUGHT,0.0,0.0,0,0,208105,1296964,Drought Monitor
2025-10-01 00:00:00,2025-10-06 23:59:00,LAUDERDALE,DROUGHT,0.0,0.0,0,0,208105,1296960,Drought Monitor
2025-10-01 00:00:00,2025-10-13 23:59:00,MADISON,DROUGHT,0.0,0.0,0,0,208105,1296953,Drought Monitor
2025-10-01 00:00:00,2025-10-31 23:59:00,MCNAIRY,DROUGHT,0.0,0.0,0,0,208105,1296951,Drought Monitor
2025-10-01 00:00:00,2025-10-07 00:00:00,MONTGOMERY,DROUGHT,0.0,0.0,0,0,207509,1294307,Drought Monitor
2025-10-01 00:00:00,2025-10-13 23:59:00,OBION,DROUGHT,0.0,0.0,0,0,208105,1296956,Drought Monitor
2025-10-01 00:00:00,2025-10-07 00:00:00,ROBERTSON,DROUGHT,0.0,0.0,0,0,207509,1294313,Drought Monitor
2025-10-01 00:00:00,2025-10-07 00:00:00,STEWART,DROUGHT,0.0,0.0,0,0,207509,1294310,Drought Monitor
2025-10-01 00:00:00,2025-10-07 00:00:00,SUMNER,DROUGHT,0.0,0.0,0,0,207509,1294309,Drought Monitor
2025-10-01 00:00:00,2025-10-06 23:59:00,TIPTON,DROUGHT,0.0,0.0,0,0,208105,1296958,Drought Monitor
2025-10-01 00:00:00,2025-10-13 23:59:00,WEAKLEY,DROUGHT,0.0,0.0,0,0,208105,1296957,Drought Monitor
2025-10-18 20:23:00,2025-10-18 20:28:00,MADISON,THUNDERSTORM WIND,2000.0,0.0,0,0,208256,1297762,Public
2025-10-21 13:00:00,2025-10-21 13:00:00,LOUDON,HAIL,0.0,0.0,0,0,207575,1294607,Public
2025-10-21 13:04:00,2025-10-21 13:07:00,BLOUNT,HAIL,0.0,0.0,0,0,207575,1294608,Trained Spotter
2025-10-21 13:14:00,2025-10-21 13:14:00,KNOX,HAIL,0.0,0.0,0,0,207575,1294611,Public
2025-10-21 13:16:00,2025-10-21 13:16:00,BLOUNT,HAIL,0.0,0.0,0,0,207575,1294612,Public
2025-10-21 13:22:00,2025-10-21 13:22:00,SEVIER,HAIL,0.0,0.0,0,0,207575,1294609,Trained Spotter
2025-10-21 13:30:00,2025-10-21 13:30:00,SEVIER,HAIL,0.0,0.0,0,0,207575,1294610,Public
2025-10-21 13:30:00,2025-10-21 13:30:00,SEVIER,HAIL,0.0,0.0,0,0,207575,1294613,Public
2025-10-21 13:42:00,2025-10-21 13:42:00,JEFFERSON,HAIL,0.0,0.0,0,0,207575,1294614,Public
2025-10-29 09:00:00,2025-10-29 11:00:00,SEVIER/SMOKY MOUNTAINS,HIGH WIND,0.0,0.0,0,0,207576,1294625,Park/Forest Service
