"STATION","NAME","DATE","AWND","PRCP","TAVG","TMAX","TMIN"
"USW00013897","NASHVILLE INTERNATIONAL AIRPORT, TN US","2015-01-01","2.01","0.00","30","41","22"
"USW00013897","NASHVILLE INTERNATIONAL AIRPORT, TN US","2015-01-02","2.24","0.08","40","44","38"
"USW00013897","NASHVILLE INTERNATIONAL AIRPORT, TN US","2015-01-03","11.18","0.58","52","63","44"
"USW00013897","NASHVILLE INTERNATIONAL AIRPORT, TN US","2015-01-04","11.41","0.04","54","63","28"
"USW00013897","NASHVILLE INTERNATIONAL AIRPORT, TN US","2015-01-05","6.49","0.00","29","33","20"
"USW00013897","NASHVILLE INTERNATIONAL AIRPORT, TN US","2015-01-06","6.71","0.00","33","43","23"
"USW00013897","NASHVILLE INTERNATIONAL AIRPORT, TN US","2015-01-07","12.97","0.00","25","27","7"
"USW00013897","NASHVILLE INTERNATIONAL AIRPORT, TN US","2015-01-08","9.40","0.00","12","30","4"
"USW00013897","NASHVILLE INTERNATIONAL AIRPORT, TN US","2015-01-09","7.61","0.00","28","35","17"
"USW00013897","NASHVILLE INTERNATIONAL AIRPORT, TN US","2015-01-10","2.46","0.00","22","36","10"
"USW00013897","NASHVILLE INTERNATIONAL AIRPORT, TN US","2015-01-11","2.24","0.02","34","44","27"
"USW00013897","NASHVILLE INTERNATIONAL AIRPORT, TN US","2015-01-12","7.38","0.94","44","47","34"
"USW00013897","NASHVILLE INTERNATIONAL AIRPORT, TN US","2015-01-13","11.41","0.00","34","34","29"
"USW00013897","NASHVILLE INTERNATIONAL AIRPORT, TN US","2015-01-14","3.58","0.00","31","38","27"
"USW00013897","NASHVILLE INTERNATIONAL AIRPORT, TN US","2015-01-15","0.89","0.00","32","40","27"
"USW00013897","NASHVILLE INTERNATIONAL AIRPORT, TN US","2015-01-16","2.91","0.00","36","55","23"
"USW00013897","NASHVILLE INTERNATIONAL AIRPORT, TN US","2015-01-17","10.07","0.00","41","59","28"
"USW00013897","NASHVILLE INTERNATIONAL AIRPORT, TN US","2015-01-18","7.61","0.00","50","60","36"
"USW00013897","NASHVILLE INTERNATIONAL AIRPORT, TN US","2015-01-19","4.47","0.00","48","67","33"
"USW00013897","NASHVILLE INTERNATIONAL AIRPORT, TN US","2015-01-20","4.92","0.00","51","64","41"
"USW00013897","NASHVILLE INTERNATIONAL AIRPORT, TN US","2015-01-21","4.25","0.00","49","59","32"
"USW00013897","NASHVILLE INTERNATIONAL AIRPORT, TN US","2015-01-22","6.04","0.00","41","45","33"
"USW00013897","NASHVILLE INTERNATIONAL AIRPORT, TN US","2015-01-23","8.50","0.44","38","38","33"
"USW00013897","NASHVILLE INTERNATIONAL AIRPORT, TN US","2015-01-24","6.71","0.04","37","50","28"
"USW00013897","NASHVILLE INTERNATIONAL AIRPORT, TN US","2015-01-25","9.62","0.07","42","57","31"
"USW00013897","NASHVILLE INTERNATIONAL AIRPORT, TN US","2015-01-26","8.95","0.01","38","44","33"
"USW00013897","NASHVILLE INTERNATIONAL AIRPORT, TN US","2015-01-27","7.16","0.00","36","42","32"
"USW00013897","NASHVILLE INTERNATIONAL AIRPORT, TN US","2015-01-28","7.38","0.00","38","51","30"
"USW00013897","NASHVILLE INTERNATIONAL AIRPORT, TN US","2015-01-29","14.54","0.00","50","67","40"
"USW00013897","NASHVILLE INTERNATIONAL AIRPORT, TN US","2015-01-30","9.17","0.00","40","47","31"
"USW00013897","NASHVILLE INTERNATIONAL AIRPORT, TN US","2015-01-31","2.46","0.00","35","47","23"
"USW00013897","NASHVILLE INTERNATIONAL AIRPORT, TN US","2015-02-01","12.75","0.73","47","56","42"
"USW00013897","NASHVILLE INTERNATIONAL AIRPORT, TN US","2015-02-02","10.51","0.01","37","46","24"
"USW00013897","NASHVILLE INTERNATIONAL AIRPORT, TN US","2015-02-03","4.70","0.00","29","45","18"
"USW00013897","NASHVILLE INTERNATIONAL AIRPORT, TN US","2015-02-04","6.26","0.00","39","54","27"
"USW00013897","NASHVILLE INTERNATIONAL AIRPORT, TN US","2015-02-05","10.51","0.00","34","37","21"
"USW00013897","NASHVILLE INTERNATIONAL AIRPORT, TN US","2015-02-06","4.47","0.00","30","53","16"
"USW00013897","NASHVILLE INTERNATIONAL AIRPORT, TN US","2015-02-07","10.29","0.00","45","65","28"
"USW00013897","NASHVILLE INTERNATIONAL AIRPORT, TN US","2015-02-08","10.07","0.00","55","62","50"
"USW00013897","NASHVILLE INTERNATIONAL AIRPORT, TN US","2015-02-09","10.51","0.00","51","59","33"
"USW00013897","NASHVILLE INTERNATIONAL AIRPORT, TN US","2015-02-10","8.50","0.00","36","44","30"
"USW00013897","NASHVILLE INTERNATIONAL AIRPORT, TN US","2015-02-11","5.14","0.00","37","54","23"
"USW00013897","NASHVILLE INTERNATIONAL AIRPORT, TN US","2015-02-12","13.20","0.00","34","39","21"
"USW00013897","NASHVILLE INTERNATIONAL AIRPORT, TN US","2015-02-13","3.36","0.00","25","38","18"
"USW00013897","NASHVILLE INTERNATIONAL AIRPORT, TN US","2015-02-14","10.96","0.00","35","52","16"
"USW00013897","NASHVILLE INTERNATIONAL AIRPORT, TN US","2015-02-15","10.51","0.00","20","27","13"
"USW00013897","NASHVILLE INTERNATIONAL AIRPORT, TN US","2015-02-16","10.51","1.12","27","31","17"
"USW00013897","NASHVILLE INTERNATIONAL AIRPORT, TN US","2015-02-17","4.47","0.00","20","28","14"
"USW00013897","NASHVILLE INTERNATIONAL AIRPORT, TN US","2015-02-18","10.96","0.03","24","27","9"
"USW00013897","NASHVILLE INTERNATIONAL AIRPORT, TN US","2015-02-19","6.49","0.00","13","20","5"
"USW00013897","NASHVILLE INTERNATIONAL AIRPORT, TN US","2015-02-20","9.40","0.32","15","31","10"
"USW00013897","NASHVILLE INTERNATIONAL AIRPORT, TN US","2015-02-21","11.86","2.36","35","46","31"
"USW00013897","NASHVILLE INTERNATIONAL AIRPORT, TN US","2015-02-22","11.41","0.00","36","43","30"
"USW00013897","NASHVILLE INTERNATIONAL AIRPORT, TN US","2015-02-23","12.97","0.00","28","31","21"
"USW00013897","NASHVILLE INTERNATIONAL AIRPORT, TN US","2015-02-24","3.36","0.00","26","36","22"
"USW00013897","NASHVILLE INTERNATIONAL AIRPORT, TN US","2015-02-25","4.25","0.03","29","38","19"
"USW00013897","NASHVILLE INTERNATIONAL AIRPORT, TN US","2015-02-26","8.50","0.00","35","46","26"
"USW00013897","NASHVILLE INTERNATIONAL AIRPORT, TN US","2015-02-27","9.84","0.00","27","33","19"
"USW00013897","NASHVILLE INTERNATIONAL AIRPORT, TN US","2015-02-28","4.92","0.00","31","50","25"
"USW00013897","NASHVILLE INTERNATIONAL AIRPORT, TN US","2015-03-01","4.70","0.23","45","52","38"
"USW00013897","NASHVILLE INTERNATIONAL AIRPORT, TN US","2015-03-02","7.16","0.01","41","50","32"
"USW00013897","NASHVILLE INTERNATIONAL AIRPORT, TN US","2015-03-03","9.17","0.51","51","65","43"
"USW00013897","NASHVILLE INTERNATIONAL AIRPORT, TN US","2015-03-04","11.41","1.50","54","65","27"
"USW00013897","NASHVILLE INTERNATIONAL AIRPORT, TN US","2015-03-05","12.30","0.29","26","27","15"
"USW00013897","NASHVILLE INTERNATIONAL AIRPORT, TN US","2015-03-06","2.46","0.00","21","37","9"
"USW00013897","NASHVILLE INTERNATIONAL AIRPORT, TN US","2015-03-07","6.49","0.00","36","61","22"
"USW00013897","NASHVILLE INTERNATIONAL AIRPORT, TN US","2015-03-08","5.14","0.00","48","65","31"
"USW00013897","NASHVILLE INTERNATIONAL AIRPORT, TN US","2015-03-09","4.03","0.09","51","60","44"
"USW00013897","NASHVILLE INTERNATIONAL AIRPORT, TN US","2015-03-10","8.05","0.45","57","68","51"
"USW00013897","NASHVILLE INTERNATIONAL AIRPORT, TN US","2015-03-11","4.92","0.19","57","59","45"
"USW00013897","NASHVILLE INTERNATIONAL AIRPORT, TN US","2015-03-12","4.25","0.00","54","69","42"
"USW00013897","NASHVILLE INTERNATIONAL AIRPORT, TN US","2015-03-13","8.28","0.55","58","59","54"
"USW00013897","NASHVILLE INTERNATIONAL AIRPORT, TN US","2015-03-14","5.82","0.14","56","61","52"
"USW00013897","NASHVILLE INTERNATIONAL AIRPORT, TN US","2015-03-15","2.91","0.00","57","72","43"
"USW00013897","NASHVILLE INTERNATIONAL AIRPORT, TN US","2015-03-16","3.80","0.00","58","80","38"
"USW00013897","NASHVILLE INTERNATIONAL AIRPORT, TN US","2015-03-17","9.62","0.00","66","74","47"
"USW00013897","NASHVILLE INTERNATIONAL AIRPORT, TN US","2015-03-18","9.62","0.00","49","53","42"
"USW00013897","NASHVILLE INTERNATIONAL AIRPORT, TN US","2015-03-19","3.80","0.08","47","53","43"
"USW00013897","NASHVILLE INTERNATIONAL AIRPORT, TN US","2015-03-20","4.70","0.05","53","57","49"
"USW00013897","NASHVILLE INTERNATIONAL AIRPORT, TN US","2015-03-21","1.57","0.00","53","65","42"
"USW00013897","NASHVILLE INTERNATIONAL AIRPORT, TN US","2015-03-22","4.25","0.00","57","63","49"
"USW00013897","NASHVILLE INTERNATIONAL AIRPORT, TN US","2015-03-23","3.36","0.00","57","75","43"
"USW00013897","NASHVILLE INTERNATIONAL AIRPORT, TN US","2015-03-24","6.71","0.00","62","77","46"
"USW00013897","NASHVILLE INTERNATIONAL AIRPORT, TN US","2015-03-25","10.51","0.00","67","77","57"
"USW00013897","NASHVILLE INTERNATIONAL AIRPORT, TN US","2015-03-26","9.62","0.16","60","67","41"
"USW00013897","NASHVILLE INTERNATIONAL AIRPORT, TN US","2015-03-27","8.72","0.01","43","50","33"
"USW00013897","NASHVILLE INTERNATIONAL AIRPORT, TN US","2015-03-28","6.93","0.00","37","48","27"
"USW00013897","NASHVILLE INTERNATIONAL AIRPORT, TN US","2015-03-29","8.95","0.03","42","64","24"
"USW00013897","NASHVILLE INTERNATIONAL AIRPORT, TN US","2015-03-30","4.92","0.00","58","70","45"
"USW00013897","NASHVILLE INTERNATIONAL AIRPORT, TN US","2015-03-31","7.38","0.00","60","82","39"
"USW00013897","NASHVILLE INTERNATIONAL AIRPORT, TN US","2015-04-01","5.82","0.00","64","76","49"
"USW00013897","NASHVILLE INTERNATIONAL AIRPORT, TN US","2015-04-02","13.42","0.00","69","78","62"
"USW00013897","NASHVILLE INTERNATIONAL AIRPORT, TN US","2015-04-03","13.42","0.91","72","79","50"
"USW00013897","NASHVILLE INTERNATIONAL AIRPORT, TN US","2015-04-04","7.16","0.00","52","61","40"
"USW00013897","NASHVILLE INTERNATIONAL AIRPORT, TN US","2015-04-05","6.04","0.00","51","69","34"
"USW00013897","NASHVILLE INTERNATIONAL AIRPORT, TN US","2015-04-06","7.61","0.54","61","67","57"
"USW00013897","NASHVILLE INTERNATIONAL AIRPORT, TN US","2015-04-07","8.72","0.06","67","76","62"
"USW00013897","NASHVILLE INTERNATIONAL AIRPORT, TN US","2015-04-08","9.84","0.00","72","85","63"
"USW00013897","NASHVILLE INTERNATIONAL AIRPORT, TN US","2015-04-09","14.09","0.00","75","81","69"
"USW00013897","NASHVILLE INTERNATIONAL AIRPORT, TN US","2015-04-10","7.16","0.63","68","76","48"
"USW00013897","NASHVILLE INTERNATIONAL AIRPORT, TN US","2015-04-11","4.70","0.00","58","73","43"
"USW00013897","NASHVILLE INTERNATIONAL AIRPORT, TN US","2015-04-12","5.82","0.00","63","83","47"
"USW00013897","NASHVILLE INTERNATIONAL AIRPORT, TN US","2015-04-13","5.82","0.91","68","71","63"
"USW00013897","NASHVILLE INTERNATIONAL AIRPORT, TN US","2015-04-14","6.71","0.28","65","70","57"
"USW00013897","NASHVILLE INTERNATIONAL AIRPORT, TN US","2015-04-15","4.70","0.44","61","74","56"
"USW00013897","NASHVILLE INTERNATIONAL AIRPORT, TN US","2015-04-16","8.95","0.75","65","70","58"
"USW00013897","NASHVILLE INTERNATIONAL AIRPORT, TN US","2015-04-17","1.34","0.00","63","72","58"
"USW00013897","NASHVILLE INTERNATIONAL AIRPORT, TN US","2015-04-18","3.80","0.34","67","81","55"
"USW00013897","NASHVILLE INTERNATIONAL AIRPORT, TN US","2015-04-19","8.05","0.87","67","76","60"
"USW00013897","NASHVILLE INTERNATIONAL AIRPORT, TN US","2015-04-20","7.61","0.42","61","64","50"
"USW00013897","NASHVILLE INTERNATIONAL AIRPORT, TN US","2015-04-21","6.49","0.00","56","71","41"
"USW00013897","NASHVILLE INTERNATIONAL AIRPORT, TN US","2015-04-22","8.28","0.00","61","70","50"
"USW00013897","NASHVILLE INTERNATIONAL AIRPORT, TN US","2015-04-23","4.70","0.00","56","68","44"
"USW00013897","NASHVILLE INTERNATIONAL AIRPORT, TN US","2015-04-24","4.47","0.07","55","67","40"
"USW00013897","NASHVILLE INTERNATIONAL AIRPORT, TN US","2015-04-25","8.72","0.11","65","84","54"
"USW00013897","NASHVILLE INTERNATIONAL AIRPORT, TN US","2015-04-26","5.82","0.00","60","61","49"
"USW00013897","NASHVILLE INTERNATIONAL AIRPORT, TN US","2015-04-27","7.38","0.00","55","68","43"
"USW00013897","NASHVILLE INTERNATIONAL AIRPORT, TN US","2015-04-28","7.61","0.00","56","67","45"
"USW00013897","NASHVILLE INTERNATIONAL AIRPORT, TN US","2015-04-29","5.59","0.00","60","73","47"
"USW00013897","NASHVILLE INTERNATIONAL AIRPORT, TN US","2015-04-30","6.93","0.00","60","74","47"
"USW00013897","NASHVILLE INTERNATIONAL AIRPORT, TN US","2015-05-01","6.71","0.00","57","71","44"
"USW00013897","NASHVILLE INTERNATIONAL AIRPORT, TN US","2015-05-02","2.68","0.00","62","79","47"
"USW00013897","NASHVILLE INTERNATIONAL AIRPORT, TN US","2015-05-03","4.03","0.00","66","81","50"
"USW00013897","NASHVILLE INTERNATIONAL AIRPORT, TN US","2015-05-04","5.37","0.00","69","85","53"
"USW00013897","NASHVILLE INTERNATIONAL AIRPORT, TN US","2015-05-05","4.03","0.00","71","87","56"
"USW00013897","NASHVILLE INTERNATIONAL AIRPORT, TN US","2015-05-06","2.24","0.00","73","87","59"
"USW00013897","NASHVILLE INTERNATIONAL AIRPORT, TN US","2015-05-07","4.70","0.00","73","88","57"
"USW00013897","NASHVILLE INTERNATIONAL AIRPORT, TN US","2015-05-08","4.92","0.00","74","90","57"
"USW00013897","NASHVILLE INTERNATIONAL AIRPORT, TN US","2015-05-09","4.47","0.00","76","89","65"
"USW00013897","NASHVILLE INTERNATIONAL AIRPORT, TN US","2015-05-10","5.82","0.00","77","92","65"
"USW00013897","NASHVILLE INTERNATIONAL AIRPORT, TN US","2015-05-11","6.93","0.00","77","87","67"
"USW00013897","NASHVILLE INTERNATIONAL AIRPORT, TN US","2015-05-12","6.26","0.00","71","78","58"
"USW00013897","NASHVILLE INTERNATIONAL AIRPORT, TN US","2015-05-13","7.61","0.00","66","80","52"
"USW00013897","NASHVILLE INTERNATIONAL AIRPORT, TN US","2015-05-14","3.80","0.00","69","82","53"
"USW00013897","NASHVILLE INTERNATIONAL AIRPORT, TN US","2015-05-15","10.51","0.32","75","84","69"
"USW00013897","NASHVILLE INTERNATIONAL AIRPORT, TN US","2015-05-16","10.07","0.09","73","81","69"
"USW00013897","NASHVILLE INTERNATIONAL AIRPORT, TN US","2015-05-17","8.72","0.34","75","86","68"
"USW00013897","NASHVILLE INTERNATIONAL AIRPORT, TN US","2015-05-18","4.47","0.00","74","84","67"
"USW00013897","NASHVILLE INTERNATIONAL AIRPORT, TN US","2015-05-19","6.26","0.00","73","82","61"
"USW00013897","NASHVILLE INTERNATIONAL AIRPORT, TN US","2015-05-20","5.82","0.53","68","82","55"
"USW00013897","NASHVILLE INTERNATIONAL AIRPORT, TN US","2015-05-21","8.28","0.00","59","62","48"
"USW00013897","NASHVILLE INTERNATIONAL AIRPORT, TN US","2015-05-22","2.91","0.00","59","76","44"
"USW00013897","NASHVILLE INTERNATIONAL AIRPORT, TN US","2015-05-23","3.36","0.00","67","82","51"
"USW00013897","NASHVILLE INTERNATIONAL AIRPORT, TN US","2015-05-24","10.51","0.03","74","86","60"
"USW00013897","NASHVILLE INTERNATIONAL AIRPORT, TN US","2015-05-25","8.28","0.52","72","73","66"
"USW00013897","NASHVILLE INTERNATIONAL AIRPORT, TN US","2015-05-26","8.95","0.63","71","80","65"
"USW00013897","NASHVILLE INTERNATIONAL AIRPORT, TN US","2015-05-27","5.59","0.15","72","82","67"
"USW00013897","NASHVILLE INTERNATIONAL AIRPORT, TN US","2015-05-28","3.13","0.02","73","85","67"
"USW00013897","NASHVILLE INTERNATIONAL AIRPORT, TN US","2015-05-29","5.82","0.03","74","85","66"
"USW00013897","NASHVILLE INTERNATIONAL AIRPORT, TN US","2015-05-30","8.05","0.30","75","85","68"
"USW00013897","NASHVILLE INTERNATIONAL AIRPORT, TN US","2015-05-31","4.03","0.60","72","83","65"
"USW00013897","NASHVILLE INTERNATIONAL AIRPORT, TN US","2015-06-01","4.92","0.74","67","72","62"
"USW00013897","NASHVILLE INTERNATIONAL AIRPORT, TN US","2015-06-02","6.71","0.00","64","69","61"
"USW00013897","NASHVILLE INTERNATIONAL AIRPORT, TN US","2015-06-03","5.14","0.00","66","77","58"
"USW00013897","NASHVILLE INTERNATIONAL AIRPORT, TN US","2015-06-04","2.46","0.00","71","86","58"
"USW00013897","NASHVILLE INTERNATIONAL AIRPORT, TN US","2015-06-05","3.13","0.00","75","88","63"
"USW00013897","NASHVILLE INTERNATIONAL AIRPORT, TN US","2015-06-06","1.57","0.00","76","91","64"
"USW00013897","NASHVILLE INTERNATIONAL AIRPORT, TN US","2015-06-07","4.92","0.00","80","91","67"
"USW00013897","NASHVILLE INTERNATIONAL AIRPORT, TN US","2015-06-08","5.82","1.14","76","86","68"
"USW00013897","NASHVILLE INTERNATIONAL AIRPORT, TN US","2015-06-09","2.91","0.00","75","90","65"
"USW00013897","NASHVILLE INTERNATIONAL AIRPORT, TN US","2015-06-10","2.68","0.00","78","90","60"
"USW00013897","NASHVILLE INTERNATIONAL AIRPORT, TN US","2015-06-11","5.82","0.00","80","91","67"
"USW00013897","NASHVILLE INTERNATIONAL AIRPORT, TN US","2015-06-12","6.93","0.03","78","86","70"
"USW00013897","NASHVILLE INTERNATIONAL AIRPORT, TN US","2015-06-13","7.16","0.00","79","90","70"
"USW00013897","NASHVILLE INTERNATIONAL AIRPORT, TN US","2015-06-14","4.92","0.00","80","91","70"
"USW00013897","NASHVILLE INTERNATIONAL AIRPORT, TN US","2015-06-15","4.70","0.00","82","93","71"
"USW00013897","NASHVILLE INTERNATIONAL AIRPORT, TN US","2015-06-16","4.03","0.00","84","94","74"
"USW00013897","NASHVILLE INTERNATIONAL AIRPORT, TN US","2015-06-17","4.70","0.00","84","95","73"
"USW00013897","NASHVILLE INTERNATIONAL AIRPORT, TN US","2015-06-18","3.58","0.03","82","92","73"
"USW00013897","NASHVILLE INTERNATIONAL AIRPORT, TN US","2015-06-19","8.95","0.49","80","90","73"
"USW00013897","NASHVILLE INTERNATIONAL AIRPORT, TN US","2015-06-20","7.61","0.12","77","87","73"
"USW00013897","NASHVILLE INTERNATIONAL AIRPORT, TN US","2015-06-21","5.59","0.00","82","92","73"
"USW00013897","NASHVILLE INTERNATIONAL AIRPORT, TN US","2015-06-22","4.25","0.00","83","92","72"
"USW00013897","NASHVILLE INTERNATIONAL AIRPORT, TN US","2015-06-23","5.82","0.22","82","94","72"
"USW00013897","NASHVILLE INTERNATIONAL AIRPORT, TN US","2015-06-24","2.68","0.00","79","91","71"
"USW00013897","NASHVILLE INTERNATIONAL AIRPORT, TN US","2015-06-25","3.58","0.00","82","94","71"
"USW00013897","NASHVILLE INTERNATIONAL AIRPORT, TN US","2015-06-26","6.26","0.12","84","93","71"
"USW00013897","NASHVILLE INTERNATIONAL AIRPORT, TN US","2015-06-27","8.05","0.09","74","81","68"
"USW00013897","NASHVILLE INTERNATIONAL AIRPORT, TN US","2015-06-28","2.91","0.00","73","84","60"
"USW00013897","NASHVILLE INTERNATIONAL AIRPORT, TN US","2015-06-29","8.50","0.40","75","86","65"
"USW00013897","NASHVILLE INTERNATIONAL AIRPORT, TN US","2015-06-30","5.82","0.00","77","86","69"
"USW00013897","NASHVILLE INTERNATIONAL AIRPORT, TN US","2015-07-01","6.49","1.34","75","77","68"
"USW00013897","NASHVILLE INTERNATIONAL AIRPORT, TN US","2015-07-02","6.93","1.59","73","84","69"
"USW00013897","NASHVILLE INTERNATIONAL AIRPORT, TN US","2015-07-03","5.59","0.04","76","83","70"
"USW00013897","NASHVILLE INTERNATIONAL AIRPORT, TN US","2015-07-04","3.36","0.65","74","82","68"
"USW00013897","NASHVILLE INTERNATIONAL AIRPORT, TN US","2015-07-05","3.13","0.18","74","86","68"
"USW00013897","NASHVILLE INTERNATIONAL AIRPORT, TN US","2015-07-06","4.70","0.00","77","87","69"
"USW00013897","NASHVILLE INTERNATIONAL AIRPORT, TN US","2015-07-07","7.38","0.95","80","89","71"
"USW00013897","NASHVILLE INTERNATIONAL AIRPORT, TN US","2015-07-08","5.82","0.00","78","90","71"
"USW00013897","NASHVILLE INTERNATIONAL AIRPORT, TN US","2015-07-09","7.61","0.00","83","92","74"
"USW00013897","NASHVILLE INTERNATIONAL AIRPORT, TN US","2015-07-10","4.92","0.14","82","93","71"
"USW00013897","NASHVILLE INTERNATIONAL AIRPORT, TN US","2015-07-11","2.46","0.00","82","94","73"
"USW00013897","NASHVILLE INTERNATIONAL AIRPORT, TN US","2015-07-12","5.14","0.02","84","93","74"
"USW00013897","NASHVILLE INTERNATIONAL AIRPORT, TN US","2015-07-13","5.37","0.00","85","93","74"
"USW00013897","NASHVILLE INTERNATIONAL AIRPORT, TN US","2015-07-14","6.49","0.06","84","92","73"
"USW00013897","NASHVILLE INTERNATIONAL AIRPORT, TN US","2015-07-15","6.93","0.01","79","90","71"
"USW00013897","NASHVILLE INTERNATIONAL AIRPORT, TN US","2015-07-16","3.80","0.00","79","89","70"
"USW00013897","NASHVILLE INTERNATIONAL AIRPORT, TN US","2015-07-17","3.80","0.00","82","94","71"
"USW00013897","NASHVILLE INTERNATIONAL AIRPORT, TN US","2015-07-18","3.80","0.00","85","94","75"
"USW00013897","NASHVILLE INTERNATIONAL AIRPORT, TN US","2015-07-19","4.70","0.00","85","95","76"
"USW00013897","NASHVILLE INTERNATIONAL AIRPORT, TN US","2015-07-20","5.82","0.00","85","95","77"
"USW00013897","NASHVILLE INTERNATIONAL AIRPORT, TN US","2015-07-21","5.82","0.00","84","92","73"
"USW00013897","NASHVILLE INTERNATIONAL AIRPORT, TN US","2015-07-22","2.46","0.30","78","85","72"
"USW00013897","NASHVILLE INTERNATIONAL AIRPORT, TN US","2015-07-23","3.80","0.43","77","85","73"
"USW00013897","NASHVILLE INTERNATIONAL AIRPORT, TN US","2015-07-24","3.13","0.00","79","91","70"
"USW00013897","NASHVILLE INTERNATIONAL AIRPORT, TN US","2015-07-25","2.91","0.00","80","92","68"
"USW00013897","NASHVILLE INTERNATIONAL AIRPORT, TN US","2015-07-26","2.01","0.00","81","92","70"
"USW00013897","NASHVILLE INTERNATIONAL AIRPORT, TN US","2015-07-27","2.46","0.00","84","94","74"
"USW00013897","NASHVILLE INTERNATIONAL AIRPORT, TN US","2015-07-28","4.03","1.36","84","96","73"
"USW00013897","NASHVILLE INTERNATIONAL AIRPORT, TN US","2015-07-29","3.13","0.00","81","95","73"
"USW00013897","NASHVILLE INTERNATIONAL AIRPORT, TN US","2015-07-30","9.17","0.00","83","89","72"
"USW00013897","NASHVILLE INTERNATIONAL AIRPORT, TN US","2015-07-31","5.59","0.00","79","91","65"
"USW00013897","NASHVILLE INTERNATIONAL AIRPORT, TN US","2015-08-01","4.70","0.00","80","93","66"
"USW00013897","NASHVILLE INTERNATIONAL AIRPORT, TN US","2015-08-02","2.24","0.00","78","91","63"
"USW00013897","NASHVILLE INTERNATIONAL AIRPORT, TN US","2015-08-03","3.80","0.00","80","96","65"
"USW00013897","NASHVILLE INTERNATIONAL AIRPORT, TN US","2015-08-04","3.36","0.00","85","97","72"
"USW00013897","NASHVILLE INTERNATIONAL AIRPORT, TN US","2015-08-05","5.82","0.12","83","92","72"
"USW00013897","NASHVILLE INTERNATIONAL AIRPORT, TN US","2015-08-06","6.49","1.01","74","81","70"
"USW00013897","NASHVILLE INTERNATIONAL AIRPORT, TN US","2015-08-07","4.03","0.00","75","84","69"
"USW00013897","NASHVILLE INTERNATIONAL AIRPORT, TN US","2015-08-08","3.80","0.00","76","88","66"
"USW00013897","NASHVILLE INTERNATIONAL AIRPORT, TN US","2015-08-09","2.24","0.00","80","94","68"
"USW00013897","NASHVILLE INTERNATIONAL AIRPORT, TN US","2015-08-10","5.14","0.00","81","92","73"
"USW00013897","NASHVILLE INTERNATIONAL AIRPORT, TN US","2015-08-11","6.26","0.00","82","90","75"
"USW00013897","NASHVILLE INTERNATIONAL AIRPORT, TN US","2015-08-12","7.61","0.00","79","88","68"
"USW00013897","NASHVILLE INTERNATIONAL AIRPORT, TN US","2015-08-13","6.04","0.00","75","87","61"
"USW00013897","NASHVILLE INTERNATIONAL AIRPORT, TN US","2015-08-14","3.13","0.26","74","89","64"
"USW00013897","NASHVILLE INTERNATIONAL AIRPORT, TN US","2015-08-15","3.36","0.00","76","86","70"
"USW00013897","NASHVILLE INTERNATIONAL AIRPORT, TN US","2015-08-16","2.91","0.33","75","86","69"
"USW00013897","NASHVILLE INTERNATIONAL AIRPORT, TN US","2015-08-17","4.47","0.46","73","77","72"
"USW00013897","NASHVILLE INTERNATIONAL AIRPORT, TN US","2015-08-18","4.70","0.00","77","88","72"
"USW00013897","NASHVILLE INTERNATIONAL AIRPORT, TN US","2015-08-19","8.05","0.66","78","90","72"
"USW00013897","NASHVILLE INTERNATIONAL AIRPORT, TN US","2015-08-20","4.47","0.03","74","84","65"
"USW00013897","NASHVILLE INTERNATIONAL AIRPORT, TN US","2015-08-21","2.91","0.00","73","84","61"
"USW00013897","NASHVILLE INTERNATIONAL AIRPORT, TN US","2015-08-22","2.01","0.02","75","89","65"
"USW00013897","NASHVILLE INTERNATIONAL AIRPORT, TN US","2015-08-23","3.58","0.00","79","91","71"
"USW00013897","NASHVILLE INTERNATIONAL AIRPORT, TN US","2015-08-24","7.61","0.00","78","84","64"
"USW00013897","NASHVILLE INTERNATIONAL AIRPORT, TN US","2015-08-25","5.82","0.00","71","83","57"
"USW00013897","NASHVILLE INTERNATIONAL AIRPORT, TN US","2015-08-26","5.82","0.00","70","83","57"
"USW00013897","NASHVILLE INTERNATIONAL AIRPORT, TN US","2015-08-27","6.04","0.00","71","84","58"
"USW00013897","NASHVILLE INTERNATIONAL AIRPORT, TN US","2015-08-28","4.92","0.00","75","90","62"
"USW00013897","NASHVILLE INTERNATIONAL AIRPORT, TN US","2015-08-29","6.26","0.10","77","89","70"
"USW00013897","NASHVILLE INTERNATIONAL AIRPORT, TN US","2015-08-30","4.03","0.00","74","81","68"
"USW00013897","NASHVILLE INTERNATIONAL AIRPORT, TN US","2015-08-31","2.24","0.00","75","88","65"
"USW00013897","NASHVILLE INTERNATIONAL AIRPORT, TN US","2015-09-01","2.01","0.00","79","90","67"
"USW00013897","NASHVILLE INTERNATIONAL AIRPORT, TN US","2015-09-02","2.24","0.00","80","93","70"
"USW00013897","NASHVILLE INTERNATIONAL AIRPORT, TN US","2015-09-03","2.46","0.00","83","95","73"
"USW00013897","NASHVILLE INTERNATIONAL AIRPORT, TN US","2015-09-04","2.01","0.00","83","95","71"
"USW00013897","NASHVILLE INTERNATIONAL AIRPORT, TN US","2015-09-05","2.91","0.00","82","95","70"
"USW00013897","NASHVILLE INTERNATIONAL AIRPORT, TN US","2015-09-06","3.58","0.00","80","92","70"
"USW00013897","NASHVILLE INTERNATIONAL AIRPORT, TN US","2015-09-07","2.68","0.00","80","91","69"
"USW00013897","NASHVILLE INTERNATIONAL AIRPORT, TN US","2015-09-08","5.59","0.00","80","92","68"
"USW00013897","NASHVILLE INTERNATIONAL AIRPORT, TN US","2015-09-09","4.25","0.32","79","92","72"
"USW00013897","NASHVILLE INTERNATIONAL AIRPORT, TN US","2015-09-10","3.58","0.10","76","87","67"
"USW00013897","NASHVILLE INTERNATIONAL AIRPORT, TN US","2015-09-11","3.80","1.02","72","87","64"
"USW00013897","NASHVILLE INTERNATIONAL AIRPORT, TN US","2015-09-12","8.28","0.00","67","75","56"
"USW00013897","NASHVILLE INTERNATIONAL AIRPORT, TN US","2015-09-13","4.47","0.00","61","74","50"
"USW00013897","NASHVILLE INTERNATIONAL AIRPORT, TN US","2015-09-14","3.13","0.00","63","80","49"
"USW00013897","NASHVILLE INTERNATIONAL AIRPORT, TN US","2015-09-15","3.13","0.00","68","84","54"
"USW00013897","NASHVILLE INTERNATIONAL AIRPORT, TN US","2015-09-16","4.47","0.00","71","85","59"
"USW00013897","NASHVILLE INTERNATIONAL AIRPORT, TN US","2015-09-17","2.46","0.00","71","86","58"
"USW00013897","NASHVILLE INTERNATIONAL AIRPORT, TN US","2015-09-18","2.24","0.00","73","89","59"
"USW00013897","NASHVILLE INTERNATIONAL AIRPORT, TN US","2015-09-19","6.49","0.00","75","90","63"
"USW00013897","NASHVILLE INTERNATIONAL AIRPORT, TN US","2015-09-20","7.38","0.00","72","83","61"
"USW00013897","NASHVILLE INTERNATIONAL AIRPORT, TN US","2015-09-21","5.59","0.00","69","80","56"
"USW00013897","NASHVILLE INTERNATIONAL AIRPORT, TN US","2015-09-22","4.47","0.00","67","84","52"
"USW00013897","NASHVILLE INTERNATIONAL AIRPORT, TN US","2015-09-23","2.01","0.00","70","87","53"
"USW00013897","NASHVILLE INTERNATIONAL AIRPORT, TN US","2015-09-24","2.91","0.00","74","89","59"
"USW00013897","NASHVILLE INTERNATIONAL AIRPORT, TN US","2015-09-25","5.82","0.13","71","77","65"
"USW00013897","NASHVILLE INTERNATIONAL AIRPORT, TN US","2015-09-26","5.14","0.50","68","76","64"
"USW00013897","NASHVILLE INTERNATIONAL AIRPORT, TN US","2015-09-27","4.03","0.00","72","81","67"
"USW00013897","NASHVILLE INTERNATIONAL AIRPORT, TN US","2015-09-28","1.57","0.00","73","80","68"
"USW00013897","NASHVILLE INTERNATIONAL AIRPORT, TN US","2015-09-29","4.47","0.18","73","78","69"
"USW00013897","NASHVILLE INTERNATIONAL AIRPORT, TN US","2015-09-30","10.51","0.03","69","71","62"
"USW00013897","NASHVILLE INTERNATIONAL AIRPORT, TN US","2015-10-01","11.86","0.10","62","63","57"
"USW00013897","NASHVILLE INTERNATIONAL AIRPORT, TN US","2015-10-02","11.86","0.41","57","59","54"
"USW00013897","NASHVILLE INTERNATIONAL AIRPORT, TN US","2015-10-03","10.51","0.05","53","55","51"
"USW00013897","NASHVILLE INTERNATIONAL AIRPORT, TN US","2015-10-04","6.93","0.01","59","77","53"
"USW00013897","NASHVILLE INTERNATIONAL AIRPORT, TN US","2015-10-05","4.25","0.00","70","85","57"
"USW00013897","NASHVILLE INTERNATIONAL AIRPORT, TN US","2015-10-06","3.58","0.00","74","87","61"
"USW00013897","NASHVILLE INTERNATIONAL AIRPORT, TN US","2015-10-07","1.79","0.00","72","86","59"
"USW00013897","NASHVILLE INTERNATIONAL AIRPORT, TN US","2015-10-08","3.80","0.00","71","87","59"
"USW00013897","NASHVILLE INTERNATIONAL AIRPORT, TN US","2015-10-09","5.59","0.50","72","85","62"
"USW00013897","NASHVILLE INTERNATIONAL AIRPORT, TN US","2015-10-10","6.93","0.08","64","71","50"
"USW00013897","NASHVILLE INTERNATIONAL AIRPORT, TN US","2015-10-11","3.13","0.00","58","73","45"
"USW00013897","NASHVILLE INTERNATIONAL AIRPORT, TN US","2015-10-12","7.38","0.37","63","83","50"
"USW00013897","NASHVILLE INTERNATIONAL AIRPORT, TN US","2015-10-13","5.59","0.00","66","75","51"
"USW00013897","NASHVILLE INTERNATIONAL AIRPORT, TN US","2015-10-14","3.36","0.00","61","79","46"
"USW00013897","NASHVILLE INTERNATIONAL AIRPORT, TN US","2015-10-15","2.68","0.00","62","81","47"
"USW00013897","NASHVILLE INTERNATIONAL AIRPORT, TN US","2015-10-16","7.16","0.00","65","71","44"
"USW00013897","NASHVILLE INTERNATIONAL AIRPORT, TN US","2015-10-17","6.71","0.00","52","63","39"
"USW00013897","NASHVILLE INTERNATIONAL AIRPORT, TN US","2015-10-18","6.04","0.00","50","63","38"
"USW00013897","NASHVILLE INTERNATIONAL AIRPORT, TN US","2015-10-19","4.03","0.00","51","71","34"
"USW00013897","NASHVILLE INTERNATIONAL AIRPORT, TN US","2015-10-20","5.37","0.00","57","73","42"
"USW00013897","NASHVILLE INTERNATIONAL AIRPORT, TN US","2015-10-21","4.25","0.00","61","79","46"
"USW00013897","NASHVILLE INTERNATIONAL AIRPORT, TN US","2015-10-22","2.91","0.00","64","81","50"
"USW00013897","NASHVILLE INTERNATIONAL AIRPORT, TN US","2015-10-23","3.13","0.00","64","82","51"
"USW00013897","NASHVILLE INTERNATIONAL AIRPORT, TN US","2015-10-24","6.26","0.03","70","74","65"
"USW00013897","NASHVILLE INTERNATIONAL AIRPORT, TN US","2015-10-25","8.72","0.08","62","69","57"
"USW00013897","NASHVILLE INTERNATIONAL AIRPORT, TN US","2015-10-26","7.38","0.63","59","63","56"
"USW00013897","NASHVILLE INTERNATIONAL AIRPORT, TN US","2015-10-27","11.41","1.73","60","61","58"
"USW00013897","NASHVILLE INTERNATIONAL AIRPORT, TN US","2015-10-28","7.83","0.19","64","72","56"
"USW00013897","NASHVILLE INTERNATIONAL AIRPORT, TN US","2015-10-29","6.71","0.00","61","71","45"
"USW00013897","NASHVILLE INTERNATIONAL AIRPORT, TN US","2015-10-30","2.24","0.00","52","64","38"
"USW00013897","NASHVILLE INTERNATIONAL AIRPORT, TN US","2015-10-31","5.37","0.14","56","64","51"
"USW00013897","NASHVILLE INTERNATIONAL AIRPORT, TN US","2015-11-01","3.36","0.02","60","63","59"
"USW00013897","NASHVILLE INTERNATIONAL AIRPORT, TN US","2015-11-02","2.46","0.01","63","72","57"
"USW00013897","NASHVILLE INTERNATIONAL AIRPORT, TN US","2015-11-03","1.12","0.00","63","72","56"
"USW00013897","NASHVILLE INTERNATIONAL AIRPORT, TN US","2015-11-04","2.91","0.00","66","76","59"
"USW00013897","NASHVILLE INTERNATIONAL AIRPORT, TN US","2015-11-05","8.05","0.00","70","80","66"
"USW00013897","NASHVILLE INTERNATIONAL AIRPORT, TN US","2015-11-06","7.16","0.42","70","75","60"
"USW00013897","NASHVILLE INTERNATIONAL AIRPORT, TN US","2015-11-07","9.62","0.00","60","60","50"
"USW00013897","NASHVILLE INTERNATIONAL AIRPORT, TN US","2015-11-08","7.83","0.00","54","64","43"
"USW00013897","NASHVILLE INTERNATIONAL AIRPORT, TN US","2015-11-09","3.36","0.13","55","57","50"
"USW00013897","NASHVILLE INTERNATIONAL AIRPORT, TN US","2015-11-10","1.79","0.00","57","67","45"
"USW00013897","NASHVILLE INTERNATIONAL AIRPORT, TN US","2015-11-11","8.28","0.00","55","74","41"
"USW00013897","NASHVILLE INTERNATIONAL AIRPORT, TN US","2015-11-12","8.95","0.06","63","66","49"
"USW00013897","NASHVILLE INTERNATIONAL AIRPORT, TN US","2015-11-13","5.37","0.00","52","62","37"
"USW00013897","NASHVILLE INTERNATIONAL AIRPORT, TN US","2015-11-14","1.57","0.00","46","62","31"
"USW00013897","NASHVILLE INTERNATIONAL AIRPORT, TN US","2015-11-15","2.46","0.00","47","64","34"
"USW00013897","NASHVILLE INTERNATIONAL AIRPORT, TN US","2015-11-16","3.58","0.02","49","58","42"
"USW00013897","NASHVILLE INTERNATIONAL AIRPORT, TN US","2015-11-17","15.88","0.00","62","74","55"
"USW00013897","NASHVILLE INTERNATIONAL AIRPORT, TN US","2015-11-18","14.32","1.42","65","68","51"
"USW00013897","NASHVILLE INTERNATIONAL AIRPORT, TN US","2015-11-19","6.71","0.00","55","66","43"
"USW00013897","NASHVILLE INTERNATIONAL AIRPORT, TN US","2015-11-20","4.70","0.00","48","58","35"
"USW00013897","NASHVILLE INTERNATIONAL AIRPORT, TN US","2015-11-21","12.30","0.01","49","66","34"
"USW00013897","NASHVILLE INTERNATIONAL AIRPORT, TN US","2015-11-22","6.71","0.00","37","43","26"
"USW00013897","NASHVILLE INTERNATIONAL AIRPORT, TN US","2015-11-23","5.82","0.00","36","56","22"
"USW00013897","NASHVILLE INTERNATIONAL AIRPORT, TN US","2015-11-24","2.91","0.00","43","61","29"
"USW00013897","NASHVILLE INTERNATIONAL AIRPORT, TN US","2015-11-25","9.62","0.00","50","66","39"
"USW00013897","NASHVILLE INTERNATIONAL AIRPORT, TN US","2015-11-26","11.41","0.00","59","72","52"
"USW00013897","NASHVILLE INTERNATIONAL AIRPORT, TN US","2015-11-27","8.95","0.00","62","70","55"
"USW00013897","NASHVILLE INTERNATIONAL AIRPORT, TN US","2015-11-28","5.59","0.28","63","65","60"
"USW00013897","NASHVILLE INTERNATIONAL AIRPORT, TN US","2015-11-29","5.59","1.84","60","62","51"
"USW00013897","NASHVILLE INTERNATIONAL AIRPORT, TN US","2015-11-30","4.25","0.63","53","63","50"
"USW00013897","NASHVILLE INTERNATIONAL AIRPORT, TN US","2015-12-01","5.59","0.66","58","64","51"
"USW00013897","NASHVILLE INTERNATIONAL AIRPORT, TN US","2015-12-02","6.71","0.00","50","54","39"
"USW00013897","NASHVILLE INTERNATIONAL AIRPORT, TN US","2015-12-03","6.71","0.00","41","48","33"
"USW00013897","NASHVILLE INTERNATIONAL AIRPORT, TN US","2015-12-04","3.80","0.00","40","56","28"
"USW00013897","NASHVILLE INTERNATIONAL AIRPORT, TN US","2015-12-05","1.79","0.00","42","60","28"
"USW00013897","NASHVILLE INTERNATIONAL AIRPORT, TN US","2015-12-06","3.58","0.00","44","62","30"
"USW00013897","NASHVILLE INTERNATIONAL AIRPORT, TN US","2015-12-07","3.13","0.00","51","60","38"
"USW00013897","NASHVILLE INTERNATIONAL AIRPORT, TN US","2015-12-08","5.82","0.00","46","64","31"
"USW00013897","NASHVILLE INTERNATIONAL AIRPORT, TN US","2015-12-09","7.38","0.00","51","59","43"
"USW00013897","NASHVILLE INTERNATIONAL AIRPORT, TN US","2015-12-10","7.16","0.00","51","62","40"
"USW00013897","NASHVILLE INTERNATIONAL AIRPORT, TN US","2015-12-11","10.07","0.00","62","73","54"
"USW00013897","NASHVILLE INTERNATIONAL AIRPORT, TN US","2015-12-12","8.28","0.00","67","70","56"
"USW00013897","NASHVILLE INTERNATIONAL AIRPORT, TN US","2015-12-13","16.11","0.00","65","76","58"
"USW00013897","NASHVILLE INTERNATIONAL AIRPORT, TN US","2015-12-14","12.97","0.55","63","71","52"
"USW00013897","NASHVILLE INTERNATIONAL AIRPORT, TN US","2015-12-15","2.24","0.00","55","68","43"
"USW00013897","NASHVILLE INTERNATIONAL AIRPORT, TN US","2015-12-16","3.80","0.04","53","70","40"
"USW00013897","NASHVILLE INTERNATIONAL AIRPORT, TN US","2015-12-17","7.61","0.00","51","57","33"
"USW00013897","NASHVILLE INTERNATIONAL AIRPORT, TN US","2015-12-18","6.71","0.00","37","42","28"
"USW00013897","NASHVILLE INTERNATIONAL AIRPORT, TN US","2015-12-19","4.03","0.00","39","52","29"
"USW00013897","NASHVILLE INTERNATIONAL AIRPORT, TN US","2015-12-20","6.71","0.00","40","57","28"
"USW00013897","NASHVILLE INTERNATIONAL AIRPORT, TN US","2015-12-21","14.32","0.43","53","61","48"
"USW00013897","NASHVILLE INTERNATIONAL AIRPORT, TN US","2015-12-22","7.16","0.81","62","70","56"
"USW00013897","NASHVILLE INTERNATIONAL AIRPORT, TN US","2015-12-23","15.88","0.03","66","70","64"
"USW00013897","NASHVILLE INTERNATIONAL AIRPORT, TN US","2015-12-24","3.80","0.00","66","74","54"
"USW00013897","NASHVILLE INTERNATIONAL AIRPORT, TN US","2015-12-25","6.04","1.17","62","69","56"
"USW00013897","NASHVILLE INTERNATIONAL AIRPORT, TN US","2015-12-26","8.95","0.55","64","75","57"
"USW00013897","NASHVILLE INTERNATIONAL AIRPORT, TN US","2015-12-27","13.20","0.00","71","76","59"
"USW00013897","NASHVILLE INTERNATIONAL AIRPORT, TN US","2015-12-28","13.42","0.68","65","74","52"
"USW00013897","NASHVILLE INTERNATIONAL AIRPORT, TN US","2015-12-29","5.37","0.00","53","53","44"
"USW00013897","NASHVILLE INTERNATIONAL AIRPORT, TN US","2015-12-30","4.25","0.00","47","50","44"
"USW00013897","NASHVILLE INTERNATIONAL AIRPORT, TN US","2015-12-31","8.28","0.00","42","44","35"
"USW00013897","NASHVILLE INTERNATIONAL AIRPORT, TN US","2016-01-01","5.14","0.00","37","45","32"
"USW00013897","NASHVILLE INTERNATIONAL AIRPORT, TN US","2016-01-02","4.03","0.00","36","51","24"
"USW00013897","NASHVILLE INTERNATIONAL AIRPORT, TN US","2016-01-03","6.71","0.00","39","55","29"
"USW00013897","NASHVILLE INTERNATIONAL AIRPORT, TN US","2016-01-04","10.51","0.00","36","39","27"
"USW00013897","NASHVILLE INTERNATIONAL AIRPORT, TN US","2016-01-05","4.25","0.00","32","44","24"
"USW00013897","NASHVILLE INTERNATIONAL AIRPORT, TN US","2016-01-06","3.13","0.00","34","48","25"
"USW00013897","NASHVILLE INTERNATIONAL AIRPORT, TN US","2016-01-07","3.36","0.00","39","56","28"
"USW00013897","NASHVILLE INTERNATIONAL AIRPORT, TN US","2016-01-08","6.71","0.02","53","59","47"
"USW00013897","NASHVILLE INTERNATIONAL AIRPORT, TN US","2016-01-09","7.61","0.20","51","57","46"
"USW00013897","NASHVILLE INTERNATIONAL AIRPORT, TN US","2016-01-10","10.29","0.08","36","48","17"
"USW00013897","NASHVILLE INTERNATIONAL AIRPORT, TN US","2016-01-11","6.93","0.00","24","40","13"
"USW00013897","NASHVILLE INTERNATIONAL AIRPORT, TN US","2016-01-12","10.07","0.00","39","49","23"
"USW00013897","NASHVILLE INTERNATIONAL AIRPORT, TN US","2016-01-13","4.47","0.00","30","44","20"
"USW00013897","NASHVILLE INTERNATIONAL AIRPORT, TN US","2016-01-14","8.72","0.00","45","62","36"
"USW00013897","NASHVILLE INTERNATIONAL AIRPORT, TN US","2016-01-15","7.16","0.37","47","52","42"
"USW00013897","NASHVILLE INTERNATIONAL AIRPORT, TN US","2016-01-16","6.49","0.00","41","43","34"
"USW00013897","NASHVILLE INTERNATIONAL AIRPORT, TN US","2016-01-17","9.84","0.00","35","42","19"
"USW00013897","NASHVILLE INTERNATIONAL AIRPORT, TN US","2016-01-18","7.61","0.00","21","25","12"
"USW00013897","NASHVILLE INTERNATIONAL AIRPORT, TN US","2016-01-19","4.03","0.00","19","28","14"
"USW00013897","NASHVILLE INTERNATIONAL AIRPORT, TN US","2016-01-20","3.58","0.26","29","33","28"
"USW00013897","NASHVILLE INTERNATIONAL AIRPORT, TN US","2016-01-21","7.61","0.20","32","36","30"
"USW00013897","NASHVILLE INTERNATIONAL AIRPORT, TN US","2016-01-22","14.54","0.96","32","35","26"
"USW00013897","NASHVILLE INTERNATIONAL AIRPORT, TN US","2016-01-23","8.50","0.00","27","30","17"
"USW00013897","NASHVILLE INTERNATIONAL AIRPORT, TN US","2016-01-24","3.13","0.00","23","39","12"
"USW00013897","NASHVILLE INTERNATIONAL AIRPORT, TN US","2016-01-25","11.18","0.00","38","56","28"
"USW00013897","NASHVILLE INTERNATIONAL AIRPORT, TN US","2016-01-26","9.62","0.08","49","57","33"
"USW00013897","NASHVILLE INTERNATIONAL AIRPORT, TN US","2016-01-27","6.26","0.00","36","43","26"
"USW00013897","NASHVILLE INTERNATIONAL AIRPORT, TN US","2016-01-28","5.14","0.00","34","55","20"
"USW00013897","NASHVILLE INTERNATIONAL AIRPORT, TN US","2016-01-29","4.25","0.00","43","52","32"
"USW00013897","NASHVILLE INTERNATIONAL AIRPORT, TN US","2016-01-30","11.86","0.00","47","69","32"
"USW00013897","NASHVILLE INTERNATIONAL AIRPORT, TN US","2016-01-31","14.32","0.00","62","72","54"
"USW00013897","NASHVILLE INTERNATIONAL AIRPORT, TN US","2016-02-01","5.82","0.18","57","64","46"
"USW00013897","NASHVILLE INTERNATIONAL AIRPORT, TN US","2016-02-02","12.97","0.96","57","75","46"
"USW00013897","NASHVILLE INTERNATIONAL AIRPORT, TN US","2016-02-03","8.72","0.10","59","60","41"
"USW00013897","NASHVILLE INTERNATIONAL AIRPORT, TN US","2016-02-04","8.50","0.00","40","44","29"
"USW00013897","NASHVILLE INTERNATIONAL AIRPORT, TN US","2016-02-05","1.79","0.00","35","50","23"
"USW00013897","NASHVILLE INTERNATIONAL AIRPORT, TN US","2016-02-06","1.34","0.00","40","54","27"
"USW00013897","NASHVILLE INTERNATIONAL AIRPORT, TN US","2016-02-07","5.82","0.00","41","58","27"
"USW00013897","NASHVILLE INTERNATIONAL AIRPORT, TN US","2016-02-08","9.17","0.03","44","48","27"
"USW00013897","NASHVILLE INTERNATIONAL AIRPORT, TN US","2016-02-09","8.28","0.05","27","27","21"
"USW00013897","NASHVILLE INTERNATIONAL AIRPORT, TN US","2016-02-10","6.71","0.02","24","31","19"
"USW00013897","NASHVILLE INTERNATIONAL AIRPORT, TN US","2016-02-11","5.82","0.00","31","44","26"
"USW00013897","NASHVILLE INTERNATIONAL AIRPORT, TN US","2016-02-12","6.93","0.00","36","46","27"
"USW00013897","NASHVILLE INTERNATIONAL AIRPORT, TN US","2016-02-13","9.40","0.00","28","33","20"
"USW00013897","NASHVILLE INTERNATIONAL AIRPORT, TN US","2016-02-14","6.93","0.18","29","39","27"
"USW00013897","NASHVILLE INTERNATIONAL AIRPORT, TN US","2016-02-15","6.26","1.24","38","44","33"
"USW00013897","NASHVILLE INTERNATIONAL AIRPORT, TN US","2016-02-16","6.49","0.53","42","46","37"
"USW00013897","NASHVILLE INTERNATIONAL AIRPORT, TN US","2016-02-17","3.80","0.00","39","43","31"
"USW00013897","NASHVILLE INTERNATIONAL AIRPORT, TN US","2016-02-18","6.26","0.00","40","62","27"
"USW00013897","NASHVILLE INTERNATIONAL AIRPORT, TN US","2016-02-19","15.21","0.00","58","72","51"
"USW00013897","NASHVILLE INTERNATIONAL AIRPORT, TN US","2016-02-20","9.62","0.00","64","69","61"
"USW00013897","NASHVILLE INTERNATIONAL AIRPORT, TN US","2016-02-21","8.05","0.02","63","67","56"
"USW00013897","NASHVILLE INTERNATIONAL AIRPORT, TN US","2016-02-22","8.50","0.03","54","57","47"
"USW00013897","NASHVILLE INTERNATIONAL AIRPORT, TN US","2016-02-23","7.83","0.85","50","59","45"
"USW00013897","NASHVILLE INTERNATIONAL AIRPORT, TN US","2016-02-24","14.32","0.24","51","59","37"
"USW00013897","NASHVILLE INTERNATIONAL AIRPORT, TN US","2016-02-25","8.95","0.03","40","43","36"
"USW00013897","NASHVILLE INTERNATIONAL AIRPORT, TN US","2016-02-26","4.70","0.00","40","50","32"
"USW00013897","NASHVILLE INTERNATIONAL AIRPORT, TN US","2016-02-27","6.49","0.00","44","62","28"
"USW00013897","NASHVILLE INTERNATIONAL AIRPORT, TN US","2016-02-28","12.08","0.00","54","70","40"
"USW00013897","NASHVILLE INTERNATIONAL AIRPORT, TN US","2016-02-29","5.82","0.00","60","67","45"
"USW00013897","NASHVILLE INTERNATIONAL AIRPORT, TN US","2016-03-01","10.07","0.56","53","66","36"
"USW00013897","NASHVILLE INTERNATIONAL AIRPORT, TN US","2016-03-02","5.82","0.00","40","49","32"
"USW00013897","NASHVILLE INTERNATIONAL AIRPORT, TN US","2016-03-03","4.70","0.28","39","42","36"
"USW00013897","NASHVILLE INTERNATIONAL AIRPORT, TN US","2016-03-04","4.03","0.00","44","50","34"
"USW00013897","NASHVILLE INTERNATIONAL AIRPORT, TN US","2016-03-05","6.71","0.00","44","65","30"
"USW00013897","NASHVILLE INTERNATIONAL AIRPORT, TN US","2016-03-06","4.25","0.00","49","66","33"
"USW00013897","NASHVILLE INTERNATIONAL AIRPORT, TN US","2016-03-07","11.18","0.00","58","72","50"
"USW00013897","NASHVILLE INTERNATIONAL AIRPORT, TN US","2016-03-08","9.84","0.00","63","76","51"
"USW00013897","NASHVILLE INTERNATIONAL AIRPORT, TN US","2016-03-09","13.20","0.01","68","77","60"
"USW00013897","NASHVILLE INTERNATIONAL AIRPORT, TN US","2016-03-10","9.40","0.93","70","76","62"
"USW00013897","NASHVILLE INTERNATIONAL AIRPORT, TN US","2016-03-11","5.82","0.07","60","62","56"
"USW00013897","NASHVILLE INTERNATIONAL AIRPORT, TN US","2016-03-12","4.47","0.52","64","76","59"
"USW00013897","NASHVILLE INTERNATIONAL AIRPORT, TN US","2016-03-13","5.14","0.35","65","73","57"
"USW00013897","NASHVILLE INTERNATIONAL AIRPORT, TN US","2016-03-14","7.61","0.00","64","72","54"
"USW00013897","NASHVILLE INTERNATIONAL AIRPORT, TN US","2016-03-15","10.74","0.00","65","87","48"
"USW00013897","NASHVILLE INTERNATIONAL AIRPORT, TN US","2016-03-16","6.26","0.00","71","76","53"
"USW00013897","NASHVILLE INTERNATIONAL AIRPORT, TN US","2016-03-17","2.68","0.00","59","70","41"
"USW00013897","NASHVILLE INTERNATIONAL AIRPORT, TN US","2016-03-18","5.82","0.00","57","71","39"
"USW00013897","NASHVILLE INTERNATIONAL AIRPORT, TN US","2016-03-19","11.86","0.01","55","59","43"
"USW00013897","NASHVILLE INTERNATIONAL AIRPORT, TN US","2016-03-20","8.95","0.00","44","48","37"
"USW00013897","NASHVILLE INTERNATIONAL AIRPORT, TN US","2016-03-21","5.82","0.00","44","59","35"
"USW00013897","NASHVILLE INTERNATIONAL AIRPORT, TN US","2016-03-22","13.87","0.00","51","70","35"
"USW00013897","NASHVILLE INTERNATIONAL AIRPORT, TN US","2016-03-23","15.21","0.00","63","74","56"
"USW00013897","NASHVILLE INTERNATIONAL AIRPORT, TN US","2016-03-24","14.32","0.74","64","67","50"
"USW00013897","NASHVILLE INTERNATIONAL AIRPORT, TN US","2016-03-25","7.16","0.00","50","50","40"
"USW00013897","NASHVILLE INTERNATIONAL AIRPORT, TN US","2016-03-26","3.36","0.00","51","75","35"
"USW00013897","NASHVILLE INTERNATIONAL AIRPORT, TN US","2016-03-27","9.17","0.18","64","71","53"
"USW00013897","NASHVILLE INTERNATIONAL AIRPORT, TN US","2016-03-28","6.26","0.00","55","63","45"
"USW00013897","NASHVILLE INTERNATIONAL AIRPORT, TN US","2016-03-29","5.59","0.00","53","65","39"
"USW00013897","NASHVILLE INTERNATIONAL AIRPORT, TN US","2016-03-30","13.65","0.00","58","77","43"
"USW00013897","NASHVILLE INTERNATIONAL AIRPORT, TN US","2016-03-31","14.32","0.68","67","76","57"
"USW00013897","NASHVILLE INTERNATIONAL AIRPORT, TN US","2016-04-01","8.05","0.00","64","69","53"
"USW00013897","NASHVILLE INTERNATIONAL AIRPORT, TN US","2016-04-02","10.74","0.00","55","64","44"
"USW00013897","NASHVILLE INTERNATIONAL AIRPORT, TN US","2016-04-03","4.70","0.00","53","68","37"
"USW00013897","NASHVILLE INTERNATIONAL AIRPORT, TN US","2016-04-04","11.41","0.00","64","79","47"
"USW00013897","NASHVILLE INTERNATIONAL AIRPORT, TN US","2016-04-05","6.71","0.00","51","60","37"
"USW00013897","NASHVILLE INTERNATIONAL AIRPORT, TN US","2016-04-06","13.42","0.19","54","66","41"
"USW00013897","NASHVILLE INTERNATIONAL AIRPORT, TN US","2016-04-07","9.17","0.04","55","66","44"
"USW00013897","NASHVILLE INTERNATIONAL AIRPORT, TN US","2016-04-08","8.05","0.00","50","58","40"
"USW00013897","NASHVILLE INTERNATIONAL AIRPORT, TN US","2016-04-09","7.83","0.00","46","55","37"
"USW00013897","NASHVILLE INTERNATIONAL AIRPORT, TN US","2016-04-10","11.41","0.04","49","71","37"
"USW00013897","NASHVILLE INTERNATIONAL AIRPORT, TN US","2016-04-11","14.99","0.01","63","71","52"
"USW00013897","NASHVILLE INTERNATIONAL AIRPORT, TN US","2016-04-12","11.86","0.01","55","65","45"
"USW00013897","NASHVILLE INTERNATIONAL AIRPORT, TN US","2016-04-13","3.13","0.00","55","70","41"
"USW00013897","NASHVILLE INTERNATIONAL AIRPORT, TN US","2016-04-14","4.47","0.01","63","74","55"
"USW00013897","NASHVILLE INTERNATIONAL AIRPORT, TN US","2016-04-15","6.71","0.00","66","79","56"
"USW00013897","NASHVILLE INTERNATIONAL AIRPORT, TN US","2016-04-16","4.70","0.00","65","79","49"
"USW00013897","NASHVILLE INTERNATIONAL AIRPORT, TN US","2016-04-17","4.25","0.00","67","82","53"
"USW00013897","NASHVILLE INTERNATIONAL AIRPORT, TN US","2016-04-18","2.46","0.00","68","85","49"
"USW00013897","NASHVILLE INTERNATIONAL AIRPORT, TN US","2016-04-19","1.79","0.00","67","83","52"
"USW00013897","NASHVILLE INTERNATIONAL AIRPORT, TN US","2016-04-20","4.92","0.00","71","85","57"
"USW00013897","NASHVILLE INTERNATIONAL AIRPORT, TN US","2016-04-21","8.50","0.22","70","76","60"
"USW00013897","NASHVILLE INTERNATIONAL AIRPORT, TN US","2016-04-22","6.04","0.00","66","76","59"
"USW00013897","NASHVILLE INTERNATIONAL AIRPORT, TN US","2016-04-23","6.26","0.00","64","75","52"
"USW00013897","NASHVILLE INTERNATIONAL AIRPORT, TN US","2016-04-24","4.47","0.00","65","83","48"
"USW00013897","NASHVILLE INTERNATIONAL AIRPORT, TN US","2016-04-25","8.05","0.00","71","85","59"
"USW00013897","NASHVILLE INTERNATIONAL AIRPORT, TN US","2016-04-26","6.93","0.29","73","87","61"
"USW00013897","NASHVILLE INTERNATIONAL AIRPORT, TN US","2016-04-27","7.16","0.14","74","85","64"
"USW00013897","NASHVILLE INTERNATIONAL AIRPORT, TN US","2016-04-28","5.37","0.00","72","84","60"
"USW00013897","NASHVILLE INTERNATIONAL AIRPORT, TN US","2016-04-29","4.03","0.00","69","81","55"
"USW00013897","NASHVILLE INTERNATIONAL AIRPORT, TN US","2016-04-30","2.91","0.17","68","77","63"
"USW00013897","NASHVILLE INTERNATIONAL AIRPORT, TN US","2016-05-01","5.37","0.00","71","83","63"
"USW00013897","NASHVILLE INTERNATIONAL AIRPORT, TN US","2016-05-02","5.37","0.40","65","68","57"
"USW00013897","NASHVILLE INTERNATIONAL AIRPORT, TN US","2016-05-03","6.04","0.00","60","67","53"
"USW00013897","NASHVILLE INTERNATIONAL AIRPORT, TN US","2016-05-04","6.71","0.06","59","70","46"
"USW00013897","NASHVILLE INTERNATIONAL AIRPORT, TN US","2016-05-05","9.40","0.00","54","60","44"
"USW00013897","NASHVILLE INTERNATIONAL AIRPORT, TN US","2016-05-06","6.93","0.00","59","73","47"
"USW00013897","NASHVILLE INTERNATIONAL AIRPORT, TN US","2016-05-07","7.61","0.00","66","86","49"
"USW00013897","NASHVILLE INTERNATIONAL AIRPORT, TN US","2016-05-08","6.93","0.00","76","86","64"
"USW00013897","NASHVILLE INTERNATIONAL AIRPORT, TN US","2016-05-09","8.50","0.00","72","76","65"
"USW00013897","NASHVILLE INTERNATIONAL AIRPORT, TN US","2016-05-10","10.51","0.06","71","84","66"
"USW00013897","NASHVILLE INTERNATIONAL AIRPORT, TN US","2016-05-11","7.83","0.02","77","90","67"
"USW00013897","NASHVILLE INTERNATIONAL AIRPORT, TN US","2016-05-12","5.82","0.12","74","84","63"
"USW00013897","NASHVILLE INTERNATIONAL AIRPORT, TN US","2016-05-13","5.59","0.00","68","77","54"
"USW00013897","NASHVILLE INTERNATIONAL AIRPORT, TN US","2016-05-14","9.17","0.00","59","65","45"
"USW00013897","NASHVILLE INTERNATIONAL AIRPORT, TN US","2016-05-15","3.80","0.00","54","69","40"
"USW00013897","NASHVILLE INTERNATIONAL AIRPORT, TN US","2016-05-16","5.82","0.09","58","72","48"
"USW00013897","NASHVILLE INTERNATIONAL AIRPORT, TN US","2016-05-17","6.71","0.07","61","76","54"
"USW00013897","NASHVILLE INTERNATIONAL AIRPORT, TN US","2016-05-18","8.50","0.00","60","62","52"
"USW00013897","NASHVILLE INTERNATIONAL AIRPORT, TN US","2016-05-19","8.28","0.00","62","77","51"
"USW00013897","NASHVILLE INTERNATIONAL AIRPORT, TN US","2016-05-20","3.58","1.26","63","67","60"
"USW00013897","NASHVILLE INTERNATIONAL AIRPORT, TN US","2016-05-21","6.93","0.00","65","73","56"
"USW00013897","NASHVILLE INTERNATIONAL AIRPORT, TN US","2016-05-22","4.03","0.00","65","81","51"
"USW00013897","NASHVILLE INTERNATIONAL AIRPORT, TN US","2016-05-23","3.36","0.00","69","84","52"
"USW00013897","NASHVILLE INTERNATIONAL AIRPORT, TN US","2016-05-24","3.80","0.00","72","87","55"
"USW00013897","NASHVILLE INTERNATIONAL AIRPORT, TN US","2016-05-25","5.37","0.29","75","88","65"
"USW00013897","NASHVILLE INTERNATIONAL AIRPORT, TN US","2016-05-26","6.71","0.00","74","91","65"
"USW00013897","NASHVILLE INTERNATIONAL AIRPORT, TN US","2016-05-27","6.49","0.00","75","89","64"
"USW00013897","NASHVILLE INTERNATIONAL AIRPORT, TN US","2016-05-28","6.71","0.00","77","83","68"
"USW00013897","NASHVILLE INTERNATIONAL AIRPORT, TN US","2016-05-29","2.91","0.00","77","90","64"
"USW00013897","NASHVILLE INTERNATIONAL AIRPORT, TN US","2016-05-30","4.47","0.00","80","90","67"
"USW00013897","NASHVILLE INTERNATIONAL AIRPORT, TN US","2016-05-31","2.01","0.00","77","90","65"
"USW00013897","NASHVILLE INTERNATIONAL AIRPORT, TN US","2016-06-01","4.70","0.27","79","92","67"
"USW00013897","NASHVILLE INTERNATIONAL AIRPORT, TN US","2016-06-02","3.36","0.02","76","88","68"
"USW00013897","NASHVILLE INTERNATIONAL AIRPORT, TN US","2016-06-03","3.58","0.85","76","89","67"
"USW00013897","NASHVILLE INTERNATIONAL AIRPORT, TN US","2016-06-04","4.25","0.26","74","85","68"
"USW00013897","NASHVILLE INTERNATIONAL AIRPORT, TN US","2016-06-05","4.70","0.11","76","86","68"
"USW00013897","NASHVILLE INTERNATIONAL AIRPORT, TN US","2016-06-06","3.13","0.00","76","88","62"
"USW00013897","NASHVILLE INTERNATIONAL AIRPORT, TN US","2016-06-07","7.61","0.00","76","84","63"
"USW00013897","NASHVILLE INTERNATIONAL AIRPORT, TN US","2016-06-08","4.47","0.00","72","84","56"
"USW00013897","NASHVILLE INTERNATIONAL AIRPORT, TN US","2016-06-09","2.91","0.00","72","85","56"
"USW00013897","NASHVILLE INTERNATIONAL AIRPORT, TN US","2016-06-10","2.91","0.00","76","92","60"
"USW00013897","NASHVILLE INTERNATIONAL AIRPORT, TN US","2016-06-11","3.80","0.00","81","95","65"
"USW00013897","NASHVILLE INTERNATIONAL AIRPORT, TN US","2016-06-12","5.14","0.00","83","95","70"
"USW00013897","NASHVILLE INTERNATIONAL AIRPORT, TN US","2016-06-13","2.91","0.04","85","97","74"
"USW00013897","NASHVILLE INTERNATIONAL AIRPORT, TN US","2016-06-14","4.25","0.11","79","91","72"
"USW00013897","NASHVILLE INTERNATIONAL AIRPORT, TN US","2016-06-15","4.70","0.24","79","92","69"
"USW00013897","NASHVILLE INTERNATIONAL AIRPORT, TN US","2016-06-16","5.37","0.00","80","98","67"
"USW00013897","NASHVILLE INTERNATIONAL AIRPORT, TN US","2016-06-17","9.17","0.00","83","87","73"
"USW00013897","NASHVILLE INTERNATIONAL AIRPORT, TN US","2016-06-18","5.14","0.00","79","90","70"
"USW00013897","NASHVILLE INTERNATIONAL AIRPORT, TN US","2016-06-19","5.37","0.00","81","90","71"
"USW00013897","NASHVILLE INTERNATIONAL AIRPORT, TN US","2016-06-20","3.36","0.00","80","91","71"
"USW00013897","NASHVILLE INTERNATIONAL AIRPORT, TN US","2016-06-21","5.14","0.00","83","93","73"
"USW00013897","NASHVILLE INTERNATIONAL AIRPORT, TN US","2016-06-22","6.26","0.00","85","97","76"
"USW00013897","NASHVILLE INTERNATIONAL AIRPORT, TN US","2016-06-23","9.17","0.01","87","97","71"
"USW00013897","NASHVILLE INTERNATIONAL AIRPORT, TN US","2016-06-24","8.05","1.99","82","93","69"
"USW00013897","NASHVILLE INTERNATIONAL AIRPORT, TN US","2016-06-25","2.68","0.00","84","94","73"
"USW00013897","NASHVILLE INTERNATIONAL AIRPORT, TN US","2016-06-26","2.91","0.01","82","95","73"
"USW00013897","NASHVILLE INTERNATIONAL AIRPORT, TN US","2016-06-27","2.91","0.07","80","90","73"
"USW00013897","NASHVILLE INTERNATIONAL AIRPORT, TN US","2016-06-28","3.58","0.47","79","94","69"
"USW00013897","NASHVILLE INTERNATIONAL AIRPORT, TN US","2016-06-29","7.61","0.00","76","85","63"
"USW00013897","NASHVILLE INTERNATIONAL AIRPORT, TN US","2016-06-30","3.36","0.00","74","88","59"
"USW00013897","NASHVILLE INTERNATIONAL AIRPORT, TN US","2016-07-01","5.37","0.01","77","91","65"
"USW00013897","NASHVILLE INTERNATIONAL AIRPORT, TN US","2016-07-02","5.14","0.00","80","89","69"
"USW00013897","NASHVILLE INTERNATIONAL AIRPORT, TN US","2016-07-03","4.70","0.00","81","95","71"
"USW00013897","NASHVILLE INTERNATIONAL AIRPORT, TN US","2016-07-04","6.93","1.52","83","93","75"
"USW00013897","NASHVILLE INTERNATIONAL AIRPORT, TN US","2016-07-05","4.25","0.84","79","88","74"
"USW00013897","NASHVILLE INTERNATIONAL AIRPORT, TN US","2016-07-06","6.93","0.42","80","93","71"
"USW00013897","NASHVILLE INTERNATIONAL AIRPORT, TN US","2016-07-07","7.16","1.68","77","93","70"
"USW00013897","NASHVILLE INTERNATIONAL AIRPORT, TN US","2016-07-08","8.05","0.24","83","95","70"
"USW00013897","NASHVILLE INTERNATIONAL AIRPORT, TN US","2016-07-09","3.80","0.00","80","91","70"
"USW00013897","NASHVILLE INTERNATIONAL AIRPORT, TN US","2016-07-10","2.91","0.00","81","89","72"
"USW00013897","NASHVILLE INTERNATIONAL AIRPORT, TN US","2016-07-11","3.13","0.07","79","88","73"
"USW00013897","NASHVILLE INTERNATIONAL AIRPORT, TN US","2016-07-12","7.38","0.00","81","93","71"
"USW00013897","NASHVILLE INTERNATIONAL AIRPORT, TN US","2016-07-13","6.71","0.00","84","95","72"
"USW00013897","NASHVILLE INTERNATIONAL AIRPORT, TN US","2016-07-14","7.16","0.19","82","91","72"
"USW00013897","NASHVILLE INTERNATIONAL AIRPORT, TN US","2016-07-15","2.46","0.00","78","90","70"
"USW00013897","NASHVILLE INTERNATIONAL AIRPORT, TN US","2016-07-16","4.03","0.00","80","90","74"
"USW00013897","NASHVILLE INTERNATIONAL AIRPORT, TN US","2016-07-17","2.91","0.00","81","94","70"
"USW00013897","NASHVILLE INTERNATIONAL AIRPORT, TN US","2016-07-18","3.36","0.00","85","97","73"
"USW00013897","NASHVILLE INTERNATIONAL AIRPORT, TN US","2016-07-19","2.68","0.00","85","95","76"
"USW00013897","NASHVILLE INTERNATIONAL AIRPORT, TN US","2016-07-20","3.36","0.00","82","95","73"
"USW00013897","NASHVILLE INTERNATIONAL AIRPORT, TN US","2016-07-21","3.36","0.00","84","97","73"
"USW00013897","NASHVILLE INTERNATIONAL AIRPORT, TN US","2016-07-22","2.68","0.00","85","94","75"
"USW00013897","NASHVILLE INTERNATIONAL AIRPORT, TN US","2016-07-23","4.03","0.00","83","94","75"
"USW00013897","NASHVILLE INTERNATIONAL AIRPORT, TN US","2016-07-24","3.80","0.00","83","96","73"
"USW00013897","NASHVILLE INTERNATIONAL AIRPORT, TN US","2016-07-25","3.58","0.00","85","95","76"
"USW00013897","NASHVILLE INTERNATIONAL AIRPORT, TN US","2016-07-26","3.13","0.18","85","97","74"
"USW00013897","NASHVILLE INTERNATIONAL AIRPORT, TN US","2016-07-27","4.92","0.00","83","93","73"
"USW00013897","NASHVILLE INTERNATIONAL AIRPORT, TN US","2016-07-28","4.70","0.76","80","87","75"
"USW00013897","NASHVILLE INTERNATIONAL AIRPORT, TN US","2016-07-29","6.26","0.00","81","89","74"
"USW00013897","NASHVILLE INTERNATIONAL AIRPORT, TN US","2016-07-30","3.13","0.00","80","89","73"
"USW00013897","NASHVILLE INTERNATIONAL AIRPORT, TN US","2016-07-31","2.46","0.37","81","93","73"
"USW00013897","NASHVILLE INTERNATIONAL AIRPORT, TN US","2016-08-01","2.68","0.05","82","96","73"
"USW00013897","NASHVILLE INTERNATIONAL AIRPORT, TN US","2016-08-02","3.58","0.07","80","93","73"
"USW00013897","NASHVILLE INTERNATIONAL AIRPORT, TN US","2016-08-03","2.68","0.67","82","93","73"
"USW00013897","NASHVILLE INTERNATIONAL AIRPORT, TN US","2016-08-04","3.80","0.00","80","92","73"
"USW00013897","NASHVILLE INTERNATIONAL AIRPORT, TN US","2016-08-05","4.47","0.69","80","96","72"
"USW00013897","NASHVILLE INTERNATIONAL AIRPORT, TN US","2016-08-06","2.46","0.07","78","91","73"
"USW00013897","NASHVILLE INTERNATIONAL AIRPORT, TN US","2016-08-07","6.26","0.00","81","92","75"
"USW00013897","NASHVILLE INTERNATIONAL AIRPORT, TN US","2016-08-08","4.92","0.00","82","92","73"
"USW00013897","NASHVILLE INTERNATIONAL AIRPORT, TN US","2016-08-09","3.36","0.80","83","93","75"
"USW00013897","NASHVILLE INTERNATIONAL AIRPORT, TN US","2016-08-10","5.14","0.00","82","91","76"
"USW00013897","NASHVILLE INTERNATIONAL AIRPORT, TN US","2016-08-11","4.92","0.00","83","91","76"
"USW00013897","NASHVILLE INTERNATIONAL AIRPORT, TN US","2016-08-12","7.83","0.00","83","91","75"
"USW00013897","NASHVILLE INTERNATIONAL AIRPORT, TN US","2016-08-13","9.17","0.00","81","88","73"
"USW00013897","NASHVILLE INTERNATIONAL AIRPORT, TN US","2016-08-14","4.92","0.07","79","91","71"
"USW00013897","NASHVILLE INTERNATIONAL AIRPORT, TN US","2016-08-15","8.50","0.00","82","93","72"
"USW00013897","NASHVILLE INTERNATIONAL AIRPORT, TN US","2016-08-16","4.92","0.13","81","88","73"
"USW00013897","NASHVILLE INTERNATIONAL AIRPORT, TN US","2016-08-17","3.36","0.00","79","89","74"
"USW00013897","NASHVILLE INTERNATIONAL AIRPORT, TN US","2016-08-18","3.36","0.12","79","84","75"
"USW00013897","NASHVILLE INTERNATIONAL AIRPORT, TN US","2016-08-19","2.91","0.50","76","79","73"
"USW00013897","NASHVILLE INTERNATIONAL AIRPORT, TN US","2016-08-20","6.04","0.90","77","85","72"
"USW00013897","NASHVILLE INTERNATIONAL AIRPORT, TN US","2016-08-21","4.47","0.22","76","85","65"
"USW00013897","NASHVILLE INTERNATIONAL AIRPORT, TN US","2016-08-22","2.46","0.00","73","82","62"
"USW00013897","NASHVILLE INTERNATIONAL AIRPORT, TN US","2016-08-23","0.89","0.00","73","88","62"
"USW00013897","NASHVILLE INTERNATIONAL AIRPORT, TN US","2016-08-24","4.03","0.00","80","92","71"
"USW00013897","NASHVILLE INTERNATIONAL AIRPORT, TN US","2016-08-25","3.13","0.55","82","94","73"
"USW00013897","NASHVILLE INTERNATIONAL AIRPORT, TN US","2016-08-26","4.70","0.00","83","95","74"
"USW00013897","NASHVILLE INTERNATIONAL AIRPORT, TN US","2016-08-27","3.58","1.60","81","96","72"
"USW00013897","NASHVILLE INTERNATIONAL AIRPORT, TN US","2016-08-28","3.80","0.00","80","96","71"
"USW00013897","NASHVILLE INTERNATIONAL AIRPORT, TN US","2016-08-29","5.82","0.00","81","92","71"
"USW00013897","NASHVILLE INTERNATIONAL AIRPORT, TN US","2016-08-30","2.68","0.00","83","95","73"
"USW00013897","NASHVILLE INTERNATIONAL AIRPORT, TN US","2016-08-31","3.80","0.00","83","95","73"
"USW00013897","NASHVILLE INTERNATIONAL AIRPORT, TN US","2016-09-01","10.51","0.00","81","88","70"
"USW00013897","NASHVILLE INTERNATIONAL AIRPORT, TN US","2016-09-02","11.41","0.00","75","85","64"
"USW00013897","NASHVILLE INTERNATIONAL AIRPORT, TN US","2016-09-03","5.37","0.00","74","87","63"
"USW00013897","NASHVILLE INTERNATIONAL AIRPORT, TN US","2016-09-04","4.47","0.00","78","91","67"
"USW00013897","NASHVILLE INTERNATIONAL AIRPORT, TN US","2016-09-05","4.03","0.00","80","93","68"
"USW00013897","NASHVILLE INTERNATIONAL AIRPORT, TN US","2016-09-06","3.13","0.00","80","94","67"
"USW00013897","NASHVILLE INTERNATIONAL AIRPORT, TN US","2016-09-07","4.47","0.00","81","94","68"
"USW00013897","NASHVILLE INTERNATIONAL AIRPORT, TN US","2016-09-08","5.82","0.00","81","93","69"
"USW00013897","NASHVILLE INTERNATIONAL AIRPORT, TN US","2016-09-09","6.26","0.00","82","93","70"
"USW00013897","NASHVILLE INTERNATIONAL AIRPORT, TN US","2016-09-10","9.40","0.31","80","93","70"
"USW00013897","NASHVILLE INTERNATIONAL AIRPORT, TN US","2016-09-11","6.04","0.00","72","83","62"
"USW00013897","NASHVILLE INTERNATIONAL AIRPORT, TN US","2016-09-12","2.01","0.00","71","89","56"
"USW00013897","NASHVILLE INTERNATIONAL AIRPORT, TN US","2016-09-13","2.91","0.00","76","92","64"
"USW00013897","NASHVILLE INTERNATIONAL AIRPORT, TN US","2016-09-14","3.58","0.00","79","93","69"
"USW00013897","NASHVILLE INTERNATIONAL AIRPORT, TN US","2016-09-15","3.58","0.00","81","94","69"
"USW00013897","NASHVILLE INTERNATIONAL AIRPORT, TN US","2016-09-16","6.93","0.00","81","93","69"
"USW00013897","NASHVILLE INTERNATIONAL AIRPORT, TN US","2016-09-17","6.26","1.01","77","80","71"
"USW00013897","NASHVILLE INTERNATIONAL AIRPORT, TN US","2016-09-18","4.47","0.32","77","87","71"
"USW00013897","NASHVILLE INTERNATIONAL AIRPORT, TN US","2016-09-19","5.14","0.00","79","89","67"
"USW00013897","NASHVILLE INTERNATIONAL AIRPORT, TN US","2016-09-20","5.14","0.00","76","89","63"
"USW00013897","NASHVILLE INTERNATIONAL AIRPORT, TN US","2016-09-21","3.80","0.00","76","90","63"
"USW00013897","NASHVILLE INTERNATIONAL AIRPORT, TN US","2016-09-22","4.03","0.00","79","92","65"
"USW00013897","NASHVILLE INTERNATIONAL AIRPORT, TN US","2016-09-23","2.46","0.00","79","93","67"
"USW00013897","NASHVILLE INTERNATIONAL AIRPORT, TN US","2016-09-24","2.91","0.00","79","92","66"
"USW00013897","NASHVILLE INTERNATIONAL AIRPORT, TN US","2016-09-25","2.46","0.00","78","94","64"
"USW00013897","NASHVILLE INTERNATIONAL AIRPORT, TN US","2016-09-26","6.26","0.08","72","78","57"
"USW00013897","NASHVILLE INTERNATIONAL AIRPORT, TN US","2016-09-27","4.03","0.00","65","79","54"
"USW00013897","NASHVILLE INTERNATIONAL AIRPORT, TN US","2016-09-28","9.17","0.04","65","84","50"
"USW00013897","NASHVILLE INTERNATIONAL AIRPORT, TN US","2016-09-29","5.37","0.00","59","67","49"
"USW00013897","NASHVILLE INTERNATIONAL AIRPORT, TN US","2016-09-30","4.03","0.11","58","68","49"
"USW00013897","NASHVILLE INTERNATIONAL AIRPORT, TN US","2016-10-01","4.03","0.00","62","75","54"
"USW00013897","NASHVILLE INTERNATIONAL AIRPORT, TN US","2016-10-02","2.68","0.00","67","77","60"
"USW00013897","NASHVILLE INTERNATIONAL AIRPORT, TN US","2016-10-03","2.68","0.00","69","80","60"
"USW00013897","NASHVILLE INTERNATIONAL AIRPORT, TN US","2016-10-04","5.37","0.00","70","87","55"
"USW00013897","NASHVILLE INTERNATIONAL AIRPORT, TN US","2016-10-05","4.47","0.00","75","88","64"
"USW00013897","NASHVILLE INTERNATIONAL AIRPORT, TN US","2016-10-06","3.13","0.00","73","88","60"
"USW00013897","NASHVILLE INTERNATIONAL AIRPORT, TN US","2016-10-07","5.82","0.00","73","88","58"
"USW00013897","NASHVILLE INTERNATIONAL AIRPORT, TN US","2016-10-08","12.30","0.00","68","75","53"
"USW00013897","NASHVILLE INTERNATIONAL AIRPORT, TN US","2016-10-09","7.61","0.00","62","76","49"
"USW00013897","NASHVILLE INTERNATIONAL AIRPORT, TN US","2016-10-10","5.14","0.00","62","78","47"
"USW00013897","NASHVILLE INTERNATIONAL AIRPORT, TN US","2016-10-11","6.71","0.00","67","81","53"
"USW00013897","NASHVILLE INTERNATIONAL AIRPORT, TN US","2016-10-12","6.26","0.00","66","80","52"
"USW00013897","NASHVILLE INTERNATIONAL AIRPORT, TN US","2016-10-13","6.93","0.00","67","74","59"
"USW00013897","NASHVILLE INTERNATIONAL AIRPORT, TN US","2016-10-14","4.92","0.07","63","69","59"
"USW00013897","NASHVILLE INTERNATIONAL AIRPORT, TN US","2016-10-15","8.05","0.00","70","84","61"
"USW00013897","NASHVILLE INTERNATIONAL AIRPORT, TN US","2016-10-16","8.95","0.00","71","84","63"
"USW00013897","NASHVILLE INTERNATIONAL AIRPORT, TN US","2016-10-17","7.61","0.00","73","86","62"
"USW00013897","NASHVILLE INTERNATIONAL AIRPORT, TN US","2016-10-18","8.50","0.00","76","87","65"
"USW00013897","NASHVILLE INTERNATIONAL AIRPORT, TN US","2016-10-19","5.59","0.00","75","91","61"
"USW00013897","NASHVILLE INTERNATIONAL AIRPORT, TN US","2016-10-20","7.61","0.35","74","82","56"
"USW00013897","NASHVILLE INTERNATIONAL AIRPORT, TN US","2016-10-21","10.74","0.01","58","64","48"
"USW00013897","NASHVILLE INTERNATIONAL AIRPORT, TN US","2016-10-22","5.37","0.00","54","67","42"
"USW00013897","NASHVILLE INTERNATIONAL AIRPORT, TN US","2016-10-23","4.92","0.00","56","77","40"
"USW00013897","NASHVILLE INTERNATIONAL AIRPORT, TN US","2016-10-24","5.82","0.00","65","80","52"
"USW00013897","NASHVILLE INTERNATIONAL AIRPORT, TN US","2016-10-25","3.80","0.00","61","76","49"
"USW00013897","NASHVILLE INTERNATIONAL AIRPORT, TN US","2016-10-26","7.61","0.00","63","83","46"
"USW00013897","NASHVILLE INTERNATIONAL AIRPORT, TN US","2016-10-27","7.38","0.00","70","81","55"
"USW00013897","NASHVILLE INTERNATIONAL AIRPORT, TN US","2016-10-28","2.91","0.00","63","82","50"
"USW00013897","NASHVILLE INTERNATIONAL AIRPORT, TN US","2016-10-29","4.70","0.00","68","86","52"
"USW00013897","NASHVILLE INTERNATIONAL AIRPORT, TN US","2016-10-30","5.14","0.00","70","85","56"
"USW00013897","NASHVILLE INTERNATIONAL AIRPORT, TN US","2016-10-31","3.80","0.00","71","85","60"
"USW00013897","NASHVILLE INTERNATIONAL AIRPORT, TN US","2016-11-01","6.26","0.00","73","88","59"
"USW00013897","NASHVILLE INTERNATIONAL AIRPORT, TN US","2016-11-02","6.04","0.00","72","85","61"
"USW00013897","NASHVILLE INTERNATIONAL AIRPORT, TN US","2016-11-03","7.61","0.00","72","83","63"
"USW00013897","NASHVILLE INTERNATIONAL AIRPORT, TN US","2016-11-04","9.62","0.00","67","73","49"
"USW00013897","NASHVILLE INTERNATIONAL AIRPORT, TN US","2016-11-05","3.58","0.00","57","73","42"
"USW00013897","NASHVILLE INTERNATIONAL AIRPORT, TN US","2016-11-06","2.46","0.00","57","74","45"
"USW00013897","NASHVILLE INTERNATIONAL AIRPORT, TN US","2016-11-07","3.13","0.00","59","78","45"
"USW00013897","NASHVILLE INTERNATIONAL AIRPORT, TN US","2016-11-08","3.58","0.01","61","69","54"
"USW00013897","NASHVILLE INTERNATIONAL AIRPORT, TN US","2016-11-09","9.17","0.00","58","62","47"
"USW00013897","NASHVILLE INTERNATIONAL AIRPORT, TN US","2016-11-10","2.24","0.00","51","67","36"
"USW00013897","NASHVILLE INTERNATIONAL AIRPORT, TN US","2016-11-11","6.71","0.00","50","66","36"
"USW00013897","NASHVILLE INTERNATIONAL AIRPORT, TN US","2016-11-12","9.17","0.00","52","62","41"
"USW00013897","NASHVILLE INTERNATIONAL AIRPORT, TN US","2016-11-13","1.34","0.00","48","65","33"
"USW00013897","NASHVILLE INTERNATIONAL AIRPORT, TN US","2016-11-14","3.36","0.00","49","68","36"
"USW00013897","NASHVILLE INTERNATIONAL AIRPORT, TN US","2016-11-15","2.91","0.00","52","70","37"
"USW00013897","NASHVILLE INTERNATIONAL AIRPORT, TN US","2016-11-16","4.47","0.00","56","77","40"
"USW00013897","NASHVILLE INTERNATIONAL AIRPORT, TN US","2016-11-17","5.59","0.00","61","81","45"
"USW00013897","NASHVILLE INTERNATIONAL AIRPORT, TN US","2016-11-18","9.62","0.02","65","79","51"
"USW00013897","NASHVILLE INTERNATIONAL AIRPORT, TN US","2016-11-19","10.96","0.11","54","61","39"
"USW00013897","NASHVILLE INTERNATIONAL AIRPORT, TN US","2016-11-20","5.37","0.00","41","50","30"
"USW00013897","NASHVILLE INTERNATIONAL AIRPORT, TN US","2016-11-21","2.91","0.00","38","52","26"
"USW00013897","NASHVILLE INTERNATIONAL AIRPORT, TN US","2016-11-22","2.24","0.00","43","59","30"
"USW00013897","NASHVILLE INTERNATIONAL AIRPORT, TN US","2016-11-23","7.83","0.01","57","71","50"
"USW00013897","NASHVILLE INTERNATIONAL AIRPORT, TN US","2016-11-24","5.59","0.00","56","59","50"
"USW00013897","NASHVILLE INTERNATIONAL AIRPORT, TN US","2016-11-25","6.93","0.00","51","53","44"
"USW00013897","NASHVILLE INTERNATIONAL AIRPORT, TN US","2016-11-26","6.26","0.00","46","51","31"
"USW00013897","NASHVILLE INTERNATIONAL AIRPORT, TN US","2016-11-27","4.25","0.00","39","55","26"
"USW00013897","NASHVILLE INTERNATIONAL AIRPORT, TN US","2016-11-28","15.88","1.12","56","62","53"
"USW00013897","NASHVILLE INTERNATIONAL AIRPORT, TN US","2016-11-29","7.83","0.40","58","72","46"
"USW00013897","NASHVILLE INTERNATIONAL AIRPORT, TN US","2016-11-30","6.49","0.20","60","63","44"
"USW00013897","NASHVILLE INTERNATIONAL AIRPORT, TN US","2016-12-01","5.82","0.00","46","53","35"
"USW00013897","NASHVILLE INTERNATIONAL AIRPORT, TN US","2016-12-02","4.25","0.00","43","59","30"
"USW00013897","NASHVILLE INTERNATIONAL AIRPORT, TN US","2016-12-03","5.37","0.16","43","45","37"
"USW00013897","NASHVILLE INTERNATIONAL AIRPORT, TN US","2016-12-04","5.82","0.26","43","48","40"
"USW00013897","NASHVILLE INTERNATIONAL AIRPORT, TN US","2016-12-05","6.93","0.02","46","48","42"
"USW00013897","NASHVILLE INTERNATIONAL AIRPORT, TN US","2016-12-06","8.50","0.60","50","57","41"
"USW00013897","NASHVILLE INTERNATIONAL AIRPORT, TN US","2016-12-07","7.83","0.00","42","50","36"
"USW00013897","NASHVILLE INTERNATIONAL AIRPORT, TN US","2016-12-08","9.17","0.00","38","41","26"
"USW00013897","NASHVILLE INTERNATIONAL AIRPORT, TN US","2016-12-09","6.93","0.00","30","38","24"
"USW00013897","NASHVILLE INTERNATIONAL AIRPORT, TN US","2016-12-10","2.01","0.00","29","41","19"
"USW00013897","NASHVILLE INTERNATIONAL AIRPORT, TN US","2016-12-11","15.43","0.12","39","57","24"
"USW00013897","NASHVILLE INTERNATIONAL AIRPORT, TN US","2016-12-12","5.82","0.85","50","52","38"
"USW00013897","NASHVILLE INTERNATIONAL AIRPORT, TN US","2016-12-13","5.82","0.11","41","45","38"
"USW00013897","NASHVILLE INTERNATIONAL AIRPORT, TN US","2016-12-14","6.93","0.00","39","41","29"
"USW00013897","NASHVILLE INTERNATIONAL AIRPORT, TN US","2016-12-15","9.62","0.00","28","30","21"
"USW00013897","NASHVILLE INTERNATIONAL AIRPORT, TN US","2016-12-16","12.53","0.00","29","55","20"
"USW00013897","NASHVILLE INTERNATIONAL AIRPORT, TN US","2016-12-17","20.80","0.37","58","73","42"
"USW00013897","NASHVILLE INTERNATIONAL AIRPORT, TN US","2016-12-18","13.20","1.06","40","42","21"
"USW00013897","NASHVILLE INTERNATIONAL AIRPORT, TN US","2016-12-19","8.72","0.00","24","31","20"
"USW00013897","NASHVILLE INTERNATIONAL AIRPORT, TN US","2016-12-20","3.58","0.00","26","42","17"
"USW00013897","NASHVILLE INTERNATIONAL AIRPORT, TN US","2016-12-21","5.59","0.00","37","57","24"
"USW00013897","NASHVILLE INTERNATIONAL AIRPORT, TN US","2016-12-22","7.83","0.00","48","53","36"
"USW00013897","NASHVILLE INTERNATIONAL AIRPORT, TN US","2016-12-23","10.29","0.00","44","62","34"
"USW00013897","NASHVILLE INTERNATIONAL AIRPORT, TN US","2016-12-24","5.59","2.08","57","62","53"
"USW00013897","NASHVILLE INTERNATIONAL AIRPORT, TN US","2016-12-25","6.49","0.09","60","76","54"
"USW00013897","NASHVILLE INTERNATIONAL AIRPORT, TN US","2016-12-26","17.00","0.00","68","74","63"
"USW00013897","NASHVILLE INTERNATIONAL AIRPORT, TN US","2016-12-27","7.61","0.83","58","68","35"
"USW00013897","NASHVILLE INTERNATIONAL AIRPORT, TN US","2016-12-28","6.49","0.13","43","63","31"
"USW00013897","NASHVILLE INTERNATIONAL AIRPORT, TN US","2016-12-29","11.41","0.00","50","54","41"
"USW00013897","NASHVILLE INTERNATIONAL AIRPORT, TN US","2016-12-30","8.05","0.00","42","51","32"
"USW00013897","NASHVILLE INTERNATIONAL AIRPORT, TN US","2016-12-31","8.05","0.26","41","48","35"
"USW00013897","NASHVILLE INTERNATIONAL AIRPORT, TN US","2017-01-01","4.92","0.00","48","55","46"
"USW00013897","NASHVILLE INTERNATIONAL AIRPORT, TN US","2017-01-02","5.82","0.66","58","65","54"
"USW00013897","NASHVILLE INTERNATIONAL AIRPORT, TN US","2017-01-03","7.83","0.22","60","66","43"
"USW00013897","NASHVILLE INTERNATIONAL AIRPORT, TN US","2017-01-04","9.84","0.00","40","43","26"
"USW00013897","NASHVILLE INTERNATIONAL AIRPORT, TN US","2017-01-05","8.05","0.01","30","33","24"
"USW00013897","NASHVILLE INTERNATIONAL AIRPORT, TN US","2017-01-06","11.63","0.05","22","25","16"
"USW00013897","NASHVILLE INTERNATIONAL AIRPORT, TN US","2017-01-07","9.40","0.00","17","23","11"
"USW00013897","NASHVILLE INTERNATIONAL AIRPORT, TN US","2017-01-08","3.80","0.00","18","31","8"
"USW00013897","NASHVILLE INTERNATIONAL AIRPORT, TN US","2017-01-09","11.18","0.00","31","45","22"
"USW00013897","NASHVILLE INTERNATIONAL AIRPORT, TN US","2017-01-10","21.03","0.00","48","58","45"
"USW00013897","NASHVILLE INTERNATIONAL AIRPORT, TN US","2017-01-11","13.42","0.29","60","69","55"
"USW00013897","NASHVILLE INTERNATIONAL AIRPORT, TN US","2017-01-12","14.09","0.00","67","71","50"
"USW00013897","NASHVILLE INTERNATIONAL AIRPORT, TN US","2017-01-13","5.82","0.02","51","49","44"
"USW00013897","NASHVILLE INTERNATIONAL AIRPORT, TN US","2017-01-14","4.03","0.00","51","70","46"
"USW00013897","NASHVILLE INTERNATIONAL AIRPORT, TN US","2017-01-15","4.25","0.03","50","58","45"
"USW00013897","NASHVILLE INTERNATIONAL AIRPORT, TN US","2017-01-16","7.61","0.06","56","72","48"
"USW00013897","NASHVILLE INTERNATIONAL AIRPORT, TN US","2017-01-17","9.62","0.63","63","66","51"
"USW00013897","NASHVILLE INTERNATIONAL AIRPORT, TN US","2017-01-18","4.47","0.00","50","51","45"
"USW00013897","NASHVILLE INTERNATIONAL AIRPORT, TN US","2017-01-19","4.70","1.26","50","60","47"
"USW00013897","NASHVILLE INTERNATIONAL AIRPORT, TN US","2017-01-20","8.28","0.00","60","69","54"
"USW00013897","NASHVILLE INTERNATIONAL AIRPORT, TN US","2017-01-21","6.71","0.00","62","70","53"
"USW00013897","NASHVILLE INTERNATIONAL AIRPORT, TN US","2017-01-22","8.50","0.06","58","67","53"
"USW00013897","NASHVILLE INTERNATIONAL AIRPORT, TN US","2017-01-23","14.99","0.00","52","56","42"
"USW00013897","NASHVILLE INTERNATIONAL AIRPORT, TN US","2017-01-24","6.04","0.00","45","56","41"
"USW00013897","NASHVILLE INTERNATIONAL AIRPORT, TN US","2017-01-25","8.50","0.00","50","60","40"
"USW00013897","NASHVILLE INTERNATIONAL AIRPORT, TN US","2017-01-26","9.62","0.00","47","52","37"
"USW00013897","NASHVILLE INTERNATIONAL AIRPORT, TN US","2017-01-27","9.40","0.00","39","46","34"
"USW00013897","NASHVILLE INTERNATIONAL AIRPORT, TN US","2017-01-28","8.28","0.00","40","54","27"
"USW00013897","NASHVILLE INTERNATIONAL AIRPORT, TN US","2017-01-29","7.83","0.05","40","41","34"
"USW00013897","NASHVILLE INTERNATIONAL AIRPORT, TN US","2017-01-30","6.49","0.00","40","54","30"
"USW00013897","NASHVILLE INTERNATIONAL AIRPORT, TN US","2017-01-31","5.82","0.00","54","70","41"
"USW00013897","NASHVILLE INTERNATIONAL AIRPORT, TN US","2017-02-01","5.82","0.00","50","61","34"
"USW00013897","NASHVILLE INTERNATIONAL AIRPORT, TN US","2017-02-02","11.18","0.00","45","49","36"
"USW00013897","NASHVILLE INTERNATIONAL AIRPORT, TN US","2017-02-03","10.29","0.00","36","44","25"
"USW00013897","NASHVILLE INTERNATIONAL AIRPORT, TN US","2017-02-04","8.05","0.00","31","49","20"
"USW00013897","NASHVILLE INTERNATIONAL AIRPORT, TN US","2017-02-05","7.61","0.00","49","60","41"
"USW00013897","NASHVILLE INTERNATIONAL AIRPORT, TN US","2017-02-06","8.95","0.28","48","62","38"
"USW00013897","NASHVILLE INTERNATIONAL AIRPORT, TN US","2017-02-07","12.97","0.39","60","64","56"
"USW00013897","NASHVILLE INTERNATIONAL AIRPORT, TN US","2017-02-08","8.95","0.00","58","69","37"
"USW00013897","NASHVILLE INTERNATIONAL AIRPORT, TN US","2017-02-09","10.96","0.00","36","40","28"
"USW00013897","NASHVILLE INTERNATIONAL AIRPORT, TN US","2017-02-10","10.74","0.00","39","65","23"
"USW00013897","NASHVILLE INTERNATIONAL AIRPORT, TN US","2017-02-11","12.53","0.00","61","70","59"
"USW00013897","NASHVILLE INTERNATIONAL AIRPORT, TN US","2017-02-12","11.63","0.00","68","72","44"
"USW00013897","NASHVILLE INTERNATIONAL AIRPORT, TN US","2017-02-13","4.70","0.00","46","57","33"
"USW00013897","NASHVILLE INTERNATIONAL AIRPORT, TN US","2017-02-14","2.68","0.32","43","46","34"
"USW00013897","NASHVILLE INTERNATIONAL AIRPORT, TN US","2017-02-15","8.28","0.32","44","51","33"
"USW00013897","NASHVILLE INTERNATIONAL AIRPORT, TN US","2017-02-16","4.70","0.00","42","60","27"
"USW00013897","NASHVILLE INTERNATIONAL AIRPORT, TN US","2017-02-17","7.83","0.00","53","71","38"
"USW00013897","NASHVILLE INTERNATIONAL AIRPORT, TN US","2017-02-18","5.14","0.06","53","57","49"
"USW00013897","NASHVILLE INTERNATIONAL AIRPORT, TN US","2017-02-19","2.24","0.00","56","70","45"
"USW00013897","NASHVILLE INTERNATIONAL AIRPORT, TN US","2017-02-20","4.47","0.00","59","77","46"
"USW00013897","NASHVILLE INTERNATIONAL AIRPORT, TN US","2017-02-21","8.95","0.03","63","71","56"
"USW00013897","NASHVILLE INTERNATIONAL AIRPORT, TN US","2017-02-22","4.03","0.02","61","71","55"
"USW00013897","NASHVILLE INTERNATIONAL AIRPORT, TN US","2017-02-23","8.05","0.00","62","75","52"
"USW00013897","NASHVILLE INTERNATIONAL AIRPORT, TN US","2017-02-24","14.99","0.00","69","81","62"
"USW00013897","NASHVILLE INTERNATIONAL AIRPORT, TN US","2017-02-25","11.18","0.00","54","62","34"
"USW00013897","NASHVILLE INTERNATIONAL AIRPORT, TN US","2017-02-26","4.92","0.00","40","57","27"
"USW00013897","NASHVILLE INTERNATIONAL AIRPORT, TN US","2017-02-27","8.95","0.01","52","63","45"
"USW00013897","NASHVILLE INTERNATIONAL AIRPORT, TN US","2017-02-28","14.99","0.13","58","69","51"
"USW00013897","NASHVILLE INTERNATIONAL AIRPORT, TN US","2017-03-01","14.54","0.80","67","72","44"
"USW00013897","NASHVILLE INTERNATIONAL AIRPORT, TN US","2017-03-02","7.61","0.00","48","55","37"
"USW00013897","NASHVILLE INTERNATIONAL AIRPORT, TN US","2017-03-03","6.71","0.00","43","51","32"
"USW00013897","NASHVILLE INTERNATIONAL AIRPORT, TN US","2017-03-04","6.04","0.00","45","69","28"
"USW00013897","NASHVILLE INTERNATIONAL AIRPORT, TN US","2017-03-05","8.95","0.00","55","69","42"
"USW00013897","NASHVILLE INTERNATIONAL AIRPORT, TN US","2017-03-06","16.78","0.00","62","70","56"
"USW00013897","NASHVILLE INTERNATIONAL AIRPORT, TN US","2017-03-07","12.08","0.78","63","67","48"
"USW00013897","NASHVILLE INTERNATIONAL AIRPORT, TN US","2017-03-08","5.14","0.00","53","70","36"
"USW00013897","NASHVILLE INTERNATIONAL AIRPORT, TN US","2017-03-09","6.71","0.84","56","77","37"
"USW00013897","NASHVILLE INTERNATIONAL AIRPORT, TN US","2017-03-10","12.53","0.02","56","57","39"
"USW00013897","NASHVILLE INTERNATIONAL AIRPORT, TN US","2017-03-11","8.05","0.16","38","40","30"
"USW00013897","NASHVILLE INTERNATIONAL AIRPORT, TN US","2017-03-12","7.61","0.00","40","52","31"
"USW00013897","NASHVILLE INTERNATIONAL AIRPORT, TN US","2017-03-13","5.82","0.07","39","48","27"
"USW00013897","NASHVILLE INTERNATIONAL AIRPORT, TN US","2017-03-14","12.97","0.01","37","40","28"
"USW00013897","NASHVILLE INTERNATIONAL AIRPORT, TN US","2017-03-15","8.05","0.00","31","41","23"
"USW00013897","NASHVILLE INTERNATIONAL AIRPORT, TN US","2017-03-16","2.68","0.00","34","51","21"
"USW00013897","NASHVILLE INTERNATIONAL AIRPORT, TN US","2017-03-17","8.72","0.34","50","64","43"
"USW00013897","NASHVILLE INTERNATIONAL AIRPORT, TN US","2017-03-18","9.84","0.15","60","67","39"
"USW00013897","NASHVILLE INTERNATIONAL AIRPORT, TN US","2017-03-19","4.03","0.00","47","61","34"
"USW00013897","NASHVILLE INTERNATIONAL AIRPORT, TN US","2017-03-20","8.50","0.18","60","84","44"
"USW00013897","NASHVILLE INTERNATIONAL AIRPORT, TN US","2017-03-21","6.26","0.18","67","79","55"
"USW00013897","NASHVILLE INTERNATIONAL AIRPORT, TN US","2017-03-22","13.20","0.00","54","59","43"
"USW00013897","NASHVILLE INTERNATIONAL AIRPORT, TN US","2017-03-23","7.38","0.00","50","72","38"
"USW00013897","NASHVILLE INTERNATIONAL AIRPORT, TN US","2017-03-24","14.32","0.00","66","75","59"
"USW00013897","NASHVILLE INTERNATIONAL AIRPORT, TN US","2017-03-25","15.21","0.15","68","76","58"
"USW00013897","NASHVILLE INTERNATIONAL AIRPORT, TN US","2017-03-26","9.40","0.04","63","75","57"
"USW00013897","NASHVILLE INTERNATIONAL AIRPORT, TN US","2017-03-27","8.72","0.15","66","78","57"
"USW00013897","NASHVILLE INTERNATIONAL AIRPORT, TN US","2017-03-28","6.71","0.00","62","74","55"
"USW00013897","NASHVILLE INTERNATIONAL AIRPORT, TN US","2017-03-29","5.37","0.00","64","82","50"
"USW00013897","NASHVILLE INTERNATIONAL AIRPORT, TN US","2017-03-30","12.97","0.14","73","80","55"
"USW00013897","NASHVILLE INTERNATIONAL AIRPORT, TN US","2017-03-31","8.50","0.01","59","64","52"
"USW00013897","NASHVILLE INTERNATIONAL AIRPORT, TN US","2017-04-01","7.61","0.00","53","60","47"
"USW00013897","NASHVILLE INTERNATIONAL AIRPORT, TN US","2017-04-02","5.82","0.00","57","82","43"
"USW00013897","NASHVILLE INTERNATIONAL AIRPORT, TN US","2017-04-03","13.20","0.23","67","74","60"
"USW00013897","NASHVILLE INTERNATIONAL AIRPORT, TN US","2017-04-04","6.93","0.00","68","81","56"
"USW00013897","NASHVILLE INTERNATIONAL AIRPORT, TN US","2017-04-05","12.75","0.00","70","84","49"
"USW00013897","NASHVILLE INTERNATIONAL AIRPORT, TN US","2017-04-06","14.54","0.01","52","60","43"
"USW00013897","NASHVILLE INTERNATIONAL AIRPORT, TN US","2017-04-07","9.62","0.00","54","64","43"
"USW00013897","NASHVILLE INTERNATIONAL AIRPORT, TN US","2017-04-08","4.70","0.00","54","72","37"
"USW00013897","NASHVILLE INTERNATIONAL AIRPORT, TN US","2017-04-09","10.96","0.00","62","81","45"
"USW00013897","NASHVILLE INTERNATIONAL AIRPORT, TN US","2017-04-10","12.30","0.00","71","81","58"
"USW00013897","NASHVILLE INTERNATIONAL AIRPORT, TN US","2017-04-11","7.16","0.20","69","81","57"
"USW00013897","NASHVILLE INTERNATIONAL AIRPORT, TN US","2017-04-12","5.59","0.00","65","79","54"
"USW00013897","NASHVILLE INTERNATIONAL AIRPORT, TN US","2017-04-13","2.91","0.00","67","86","48"
"USW00013897","NASHVILLE INTERNATIONAL AIRPORT, TN US","2017-04-14","4.70","0.00","71","89","54"
"USW00013897","NASHVILLE INTERNATIONAL AIRPORT, TN US","2017-04-15","9.40","0.00","74","86","60"
"USW00013897","NASHVILLE INTERNATIONAL AIRPORT, TN US","2017-04-16","9.40","0.14","74","85","66"
"USW00013897","NASHVILLE INTERNATIONAL AIRPORT, TN US","2017-04-17","5.59","0.38","70","79","63"
"USW00013897","NASHVILLE INTERNATIONAL AIRPORT, TN US","2017-04-18","6.93","1.40","67","78","63"
"USW00013897","NASHVILLE INTERNATIONAL AIRPORT, TN US","2017-04-19","7.83","0.00","70","83","61"
"USW00013897","NASHVILLE INTERNATIONAL AIRPORT, TN US","2017-04-20","8.05","0.08","73","85","61"
"USW00013897","NASHVILLE INTERNATIONAL AIRPORT, TN US","2017-04-21","5.37","0.76","70","74","59"
"USW00013897","NASHVILLE INTERNATIONAL AIRPORT, TN US","2017-04-22","10.07","2.67","59","60","52"
"USW00013897","NASHVILLE INTERNATIONAL AIRPORT, TN US","2017-04-23","10.74","1.04","52","53","50"
"USW00013897","NASHVILLE INTERNATIONAL AIRPORT, TN US","2017-04-24","4.92","0.00","58","70","53"
"USW00013897","NASHVILLE INTERNATIONAL AIRPORT, TN US","2017-04-25","4.47","0.00","63","77","50"
"USW00013897","NASHVILLE INTERNATIONAL AIRPORT, TN US","2017-04-26","12.30","0.00","69","83","55"
"USW00013897","NASHVILLE INTERNATIONAL AIRPORT, TN US","2017-04-27","6.26","0.27","69","74","54"
"USW00013897","NASHVILLE INTERNATIONAL AIRPORT, TN US","2017-04-28","9.62","0.01","65","84","52"
"USW00013897","NASHVILLE INTERNATIONAL AIRPORT, TN US","2017-04-29","11.86","0.00","80","91","73"
"USW00013897","NASHVILLE INTERNATIONAL AIRPORT, TN US","2017-04-30","15.21","0.21","76","84","67"
"USW00013897","NASHVILLE INTERNATIONAL AIRPORT, TN US","2017-05-01","11.86","0.13","65","69","55"
"USW00013897","NASHVILLE INTERNATIONAL AIRPORT, TN US","2017-05-02","8.50","0.00","63","79","48"
"USW00013897","NASHVILLE INTERNATIONAL AIRPORT, TN US","2017-05-03","7.16","0.00","66","79","54"
"USW00013897","NASHVILLE INTERNATIONAL AIRPORT, TN US","2017-05-04","10.96","0.70","65","65","54"
"USW00013897","NASHVILLE INTERNATIONAL AIRPORT, TN US","2017-05-05","8.05","0.11","53","54","47"
"USW00013897","NASHVILLE INTERNATIONAL AIRPORT, TN US","2017-05-06","9.17","0.00","55","71","43"
"USW00013897","NASHVILLE INTERNATIONAL AIRPORT, TN US","2017-05-07","4.25","0.00","58","73","42"
"USW00013897","NASHVILLE INTERNATIONAL AIRPORT, TN US","2017-05-08","3.80","0.00","63","82","49"
"USW00013897","NASHVILLE INTERNATIONAL AIRPORT, TN US","2017-05-09","6.26","0.00","74","85","63"
"USW00013897","NASHVILLE INTERNATIONAL AIRPORT, TN US","2017-05-10","6.04","0.00","75","85","62"
"USW00013897","NASHVILLE INTERNATIONAL AIRPORT, TN US","2017-05-11","7.83","0.47","77","84","65"
"USW00013897","NASHVILLE INTERNATIONAL AIRPORT, TN US","2017-05-12","7.16","0.41","70","73","61"
"USW00013897","NASHVILLE INTERNATIONAL AIRPORT, TN US","2017-05-13","10.29","0.00","67","76","56"
"USW00013897","NASHVILLE INTERNATIONAL AIRPORT, TN US","2017-05-14","2.91","0.00","68","85","52"
"USW00013897","NASHVILLE INTERNATIONAL AIRPORT, TN US","2017-05-15","2.68","0.00","73","87","57"
"USW00013897","NASHVILLE INTERNATIONAL AIRPORT, TN US","2017-05-16","6.71","0.00","75","89","60"
"USW00013897","NASHVILLE INTERNATIONAL AIRPORT, TN US","2017-05-17","10.74","0.00","78","89","68"
"USW00013897","NASHVILLE INTERNATIONAL AIRPORT, TN US","2017-05-18","10.51","0.00","80","89","71"
"USW00013897","NASHVILLE INTERNATIONAL AIRPORT, TN US","2017-05-19","6.93","0.00","80","91","70"
"USW00013897","NASHVILLE INTERNATIONAL AIRPORT, TN US","2017-05-20","9.17","1.04","79","91","68"
"USW00013897","NASHVILLE INTERNATIONAL AIRPORT, TN US","2017-05-21","6.04","0.02","73","84","67"
"USW00013897","NASHVILLE INTERNATIONAL AIRPORT, TN US","2017-05-22","7.61","0.00","69","76","60"
"USW00013897","NASHVILLE INTERNATIONAL AIRPORT, TN US","2017-05-23","3.36","0.00","70","80","63"
"USW00013897","NASHVILLE INTERNATIONAL AIRPORT, TN US","2017-05-24","5.82","0.43","65","67","56"
"USW00013897","NASHVILLE INTERNATIONAL AIRPORT, TN US","2017-05-25","8.28","0.00","62","75","54"
"USW00013897","NASHVILLE INTERNATIONAL AIRPORT, TN US","2017-05-26","8.72","0.00","69","88","54"
"USW00013897","NASHVILLE INTERNATIONAL AIRPORT, TN US","2017-05-27","6.49","0.32","76","83","65"
"USW00013897","NASHVILLE INTERNATIONAL AIRPORT, TN US","2017-05-28","7.38","0.18","70","81","64"
"USW00013897","NASHVILLE INTERNATIONAL AIRPORT, TN US","2017-05-29","3.80","0.00","73","83","65"
"USW00013897","NASHVILLE INTERNATIONAL AIRPORT, TN US","2017-05-30","5.37","0.13","74","85","64"
"USW00013897","NASHVILLE INTERNATIONAL AIRPORT, TN US","2017-05-31","4.92","0.00","73","87","60"
"USW00013897","NASHVILLE INTERNATIONAL AIRPORT, TN US","2017-06-01","5.37","0.00","75","88","63"
"USW00013897","NASHVILLE INTERNATIONAL AIRPORT, TN US","2017-06-02","4.03","0.00","76","88","64"
"USW00013897","NASHVILLE INTERNATIONAL AIRPORT, TN US","2017-06-03","5.14","0.00","78","89","67"
"USW00013897","NASHVILLE INTERNATIONAL AIRPORT, TN US","2017-06-04","4.92","0.36","76","84","68"
"USW00013897","NASHVILLE INTERNATIONAL AIRPORT, TN US","2017-06-05","4.03","0.28","73","76","69"
"USW00013897","NASHVILLE INTERNATIONAL AIRPORT, TN US","2017-06-06","6.93","0.01","73","83","63"
"USW00013897","NASHVILLE INTERNATIONAL AIRPORT, TN US","2017-06-07","10.51","0.00","70","80","58"
"USW00013897","NASHVILLE INTERNATIONAL AIRPORT, TN US","2017-06-08","5.82","0.00","67","77","56"
"USW00013897","NASHVILLE INTERNATIONAL AIRPORT, TN US","2017-06-09","2.46","0.00","68","82","53"
"USW00013897","NASHVILLE INTERNATIONAL AIRPORT, TN US","2017-06-10","4.92","0.00","73","87","59"
"USW00013897","NASHVILLE INTERNATIONAL AIRPORT, TN US","2017-06-11","6.49","0.00","78","91","64"
"USW00013897","NASHVILLE INTERNATIONAL AIRPORT, TN US","2017-06-12","5.82","0.00","81","92","72"
"USW00013897","NASHVILLE INTERNATIONAL AIRPORT, TN US","2017-06-13","4.92","0.01","82","93","71"
"USW00013897","NASHVILLE INTERNATIONAL AIRPORT, TN US","2017-06-14","4.03","0.00","82","94","71"
"USW00013897","NASHVILLE INTERNATIONAL AIRPORT, TN US","2017-06-15","5.59","0.93","78","88","68"
"USW00013897","NASHVILLE INTERNATIONAL AIRPORT, TN US","2017-06-16","4.03","0.00","75","88","69"
"USW00013897","NASHVILLE INTERNATIONAL AIRPORT, TN US","2017-06-17","5.82","0.00","80","91","68"
"USW00013897","NASHVILLE INTERNATIONAL AIRPORT, TN US","2017-06-18","5.82","1.30","78","90","70"
"USW00013897","NASHVILLE INTERNATIONAL AIRPORT, TN US","2017-06-19","4.92","0.00","76","87","65"
"USW00013897","NASHVILLE INTERNATIONAL AIRPORT, TN US","2017-06-20","3.58","0.00","76","90","63"
"USW00013897","NASHVILLE INTERNATIONAL AIRPORT, TN US","2017-06-21","5.82","0.00","77","88","64"
"USW00013897","NASHVILLE INTERNATIONAL AIRPORT, TN US","2017-06-22","10.51","0.80","76","83","72"
"USW00013897","NASHVILLE INTERNATIONAL AIRPORT, TN US","2017-06-23","12.08","0.28","79","87","76"
"USW00013897","NASHVILLE INTERNATIONAL AIRPORT, TN US","2017-06-24","8.50","0.00","78","86","69"
"USW00013897","NASHVILLE INTERNATIONAL AIRPORT, TN US","2017-06-25","5.14","0.00","74","85","62"
"USW00013897","NASHVILLE INTERNATIONAL AIRPORT, TN US","2017-06-26","3.80","0.00","71","83","61"
"USW00013897","NASHVILLE INTERNATIONAL AIRPORT, TN US","2017-06-27","3.58","0.00","73","85","64"
"USW00013897","NASHVILLE INTERNATIONAL AIRPORT, TN US","2017-06-28","5.14","0.00","74","88","59"
"USW00013897","NASHVILLE INTERNATIONAL AIRPORT, TN US","2017-06-29","8.72","0.00","78","89","70"
"USW00013897","NASHVILLE INTERNATIONAL AIRPORT, TN US","2017-06-30","6.04","0.06","78","90","72"
"USW00013897","NASHVILLE INTERNATIONAL AIRPORT, TN US","2017-07-01","5.14","0.28","81","92","71"
"USW00013897","NASHVILLE INTERNATIONAL AIRPORT, TN US","2017-07-02","4.25","0.06","76","86","70"
"USW00013897","NASHVILLE INTERNATIONAL AIRPORT, TN US","2017-07-03","5.59","0.48","77","88","70"
"USW00013897","NASHVILLE INTERNATIONAL AIRPORT, TN US","2017-07-04","5.82","0.01","76","87","70"
"USW00013897","NASHVILLE INTERNATIONAL AIRPORT, TN US","2017-07-05","4.70","1.13","77","82","71"
"USW00013897","NASHVILLE INTERNATIONAL AIRPORT, TN US","2017-07-06","7.38","0.53","78","91","70"
"USW00013897","NASHVILLE INTERNATIONAL AIRPORT, TN US","2017-07-07","4.25","0.00","79","90","72"
"USW00013897","NASHVILLE INTERNATIONAL AIRPORT, TN US","2017-07-08","5.14","0.00","81","91","69"
"USW00013897","NASHVILLE INTERNATIONAL AIRPORT, TN US","2017-07-09","3.58","0.00","79","91","65"
"USW00013897","NASHVILLE INTERNATIONAL AIRPORT, TN US","2017-07-10","4.70","0.00","81","93","68"
"USW00013897","NASHVILLE INTERNATIONAL AIRPORT, TN US","2017-07-11","4.92","0.00","81","95","68"
"USW00013897","NASHVILLE INTERNATIONAL AIRPORT, TN US","2017-07-12","5.37","0.00","83","94","72"
"USW00013897","NASHVILLE INTERNATIONAL AIRPORT, TN US","2017-07-13","5.37","0.00","84","93","75"
"USW00013897","NASHVILLE INTERNATIONAL AIRPORT, TN US","2017-07-14","4.25","0.06","82","91","76"
"USW00013897","NASHVILLE INTERNATIONAL AIRPORT, TN US","2017-07-15","4.03","1.55","78","86","71"
"USW00013897","NASHVILLE INTERNATIONAL AIRPORT, TN US","2017-07-16","5.14","0.00","81","91","71"
"USW00013897","NASHVILLE INTERNATIONAL AIRPORT, TN US","2017-07-17","3.58","0.00","81","92","67"
"USW00013897","NASHVILLE INTERNATIONAL AIRPORT, TN US","2017-07-18","2.68","0.00","81","94","69"
"USW00013897","NASHVILLE INTERNATIONAL AIRPORT, TN US","2017-07-19","3.80","0.02","83","96","74"
"USW00013897","NASHVILLE INTERNATIONAL AIRPORT, TN US","2017-07-20","2.91","0.00","84","97","73"
"USW00013897","NASHVILLE INTERNATIONAL AIRPORT, TN US","2017-07-21","2.01","0.00","85","98","74"
"USW00013897","NASHVILLE INTERNATIONAL AIRPORT, TN US","2017-07-22","5.14","0.00","87","98","76"
"USW00013897","NASHVILLE INTERNATIONAL AIRPORT, TN US","2017-07-23","6.26","0.00","87","96","73"
"USW00013897","NASHVILLE INTERNATIONAL AIRPORT, TN US","2017-07-24","3.58","0.00","81","94","70"
"USW00013897","NASHVILLE INTERNATIONAL AIRPORT, TN US","2017-07-25","3.80","0.00","85","96","76"
"USW00013897","NASHVILLE INTERNATIONAL AIRPORT, TN US","2017-07-26","3.80","0.00","85","96","75"
"USW00013897","NASHVILLE INTERNATIONAL AIRPORT, TN US","2017-07-27","5.37","0.00","85","92","77"
"USW00013897","NASHVILLE INTERNATIONAL AIRPORT, TN US","2017-07-28","6.71","0.11","81","88","75"
"USW00013897","NASHVILLE INTERNATIONAL AIRPORT, TN US","2017-07-29","10.07","0.00","78","84","69"
"USW00013897","NASHVILLE INTERNATIONAL AIRPORT, TN US","2017-07-30","7.16","0.00","76","88","63"
"USW00013897","NASHVILLE INTERNATIONAL AIRPORT, TN US","2017-07-31","3.36","0.00","77","91","64"
"USW00013897","NASHVILLE INTERNATIONAL AIRPORT, TN US","2017-08-01","2.01","0.00","78","87","68"
"USW00013897","NASHVILLE INTERNATIONAL AIRPORT, TN US","2017-08-02","3.58","0.62","77","88","70"
"USW00013897","NASHVILLE INTERNATIONAL AIRPORT, TN US","2017-08-03","4.92","0.00","78","90","69"
"USW00013897","NASHVILLE INTERNATIONAL AIRPORT, TN US","2017-08-04","6.71","0.68","76","85","65"
"USW00013897","NASHVILLE INTERNATIONAL AIRPORT, TN US","2017-08-05","3.80","0.00","71","83","58"
"USW00013897","NASHVILLE INTERNATIONAL AIRPORT, TN US","2017-08-06","7.16","0.98","76","91","65"
"USW00013897","NASHVILLE INTERNATIONAL AIRPORT, TN US","2017-08-07","5.14","0.73","76","81","73"
"USW00013897","NASHVILLE INTERNATIONAL AIRPORT, TN US","2017-08-08","7.38","0.00","76","85","69"
"USW00013897","NASHVILLE INTERNATIONAL AIRPORT, TN US","2017-08-09","5.37","0.00","76","88","65"
"USW00013897","NASHVILLE INTERNATIONAL AIRPORT, TN US","2017-08-10","3.80","0.00","80","90","72"
"USW00013897","NASHVILLE INTERNATIONAL AIRPORT, TN US","2017-08-11","4.25","0.00","79","90","72"
"USW00013897","NASHVILLE INTERNATIONAL AIRPORT, TN US","2017-08-12","6.26","0.00","79","88","71"
"USW00013897","NASHVILLE INTERNATIONAL AIRPORT, TN US","2017-08-13","3.13","0.00","77","88","66"
"USW00013897","NASHVILLE INTERNATIONAL AIRPORT, TN US","2017-08-14","3.58","0.31","77","81","72"
"USW00013897","NASHVILLE INTERNATIONAL AIRPORT, TN US","2017-08-15","3.36","0.00","79","90","74"
"USW00013897","NASHVILLE INTERNATIONAL AIRPORT, TN US","2017-08-16","6.26","0.80","80","92","73"
"USW00013897","NASHVILLE INTERNATIONAL AIRPORT, TN US","2017-08-17","7.16","0.01","81","91","75"
"USW00013897","NASHVILLE INTERNATIONAL AIRPORT, TN US","2017-08-18","5.82","0.00","81","89","70"
"USW00013897","NASHVILLE INTERNATIONAL AIRPORT, TN US","2017-08-19","3.58","0.00","78","93","67"
"USW00013897","NASHVILLE INTERNATIONAL AIRPORT, TN US","2017-08-20","2.24","0.00","83","96","72"
"USW00013897","NASHVILLE INTERNATIONAL AIRPORT, TN US","2017-08-21","3.36","0.00","83","95","70"
"USW00013897","NASHVILLE INTERNATIONAL AIRPORT, TN US","2017-08-22","6.49","0.76","81","92","72"
"USW00013897","NASHVILLE INTERNATIONAL AIRPORT, TN US","2017-08-23","6.71","0.00","76","84","68"
"USW00013897","NASHVILLE INTERNATIONAL AIRPORT, TN US","2017-08-24","6.93","0.00","74","84","61"
"USW00013897","NASHVILLE INTERNATIONAL AIRPORT, TN US","2017-08-25","8.05","0.00","73","84","61"
"USW00013897","NASHVILLE INTERNATIONAL AIRPORT, TN US","2017-08-26","6.71","0.00","73","85","63"
"USW00013897","NASHVILLE INTERNATIONAL AIRPORT, TN US","2017-08-27","2.91","0.00","74","91","60"
"USW00013897","NASHVILLE INTERNATIONAL AIRPORT, TN US","2017-08-28","4.70","0.12","74","76","67"
"USW00013897","NASHVILLE INTERNATIONAL AIRPORT, TN US","2017-08-29","2.46","0.00","73","87","63"
"USW00013897","NASHVILLE INTERNATIONAL AIRPORT, TN US","2017-08-30","4.03","0.40","74","85","67"
"USW00013897","NASHVILLE INTERNATIONAL AIRPORT, TN US","2017-08-31","9.84","2.91","73","81","70"
"USW00013897","NASHVILLE INTERNATIONAL AIRPORT, TN US","2017-09-01","10.51","1.58","69","73","58"
"USW00013897","NASHVILLE INTERNATIONAL AIRPORT, TN US","2017-09-02","6.04","0.03","65","80","58"
"USW00013897","NASHVILLE INTERNATIONAL AIRPORT, TN US","2017-09-03","3.58","0.00","68","86","54"
"USW00013897","NASHVILLE INTERNATIONAL AIRPORT, TN US","2017-09-04","6.04","0.00","75","88","64"
"USW00013897","NASHVILLE INTERNATIONAL AIRPORT, TN US","2017-09-05","5.82","0.35","73","77","59"
"USW00013897","NASHVILLE INTERNATIONAL AIRPORT, TN US","2017-09-06","5.14","0.00","64","74","53"
"USW00013897","NASHVILLE INTERNATIONAL AIRPORT, TN US","2017-09-07","2.24","0.00","62","74","50"
"USW00013897","NASHVILLE INTERNATIONAL AIRPORT, TN US","2017-09-08","4.92","0.00","63","79","50"
"USW00013897","NASHVILLE INTERNATIONAL AIRPORT, TN US","2017-09-09","8.05","0.00","67","81","55"
"USW00013897","NASHVILLE INTERNATIONAL AIRPORT, TN US","2017-09-10","6.49","0.00","68","80","55"
"USW00013897","NASHVILLE INTERNATIONAL AIRPORT, TN US","2017-09-11","10.51","0.49","64","67","58"
"USW00013897","NASHVILLE INTERNATIONAL AIRPORT, TN US","2017-09-12","8.50","0.32","61","65","58"
"USW00013897","NASHVILLE INTERNATIONAL AIRPORT, TN US","2017-09-13","9.62","0.09","61","64","60"
"USW00013897","NASHVILLE INTERNATIONAL AIRPORT, TN US","2017-09-14","3.58","0.04","68","83","63"
"USW00013897","NASHVILLE INTERNATIONAL AIRPORT, TN US","2017-09-15","2.91","0.00","73","86","61"
"USW00013897","NASHVILLE INTERNATIONAL AIRPORT, TN US","2017-09-16","2.68","0.00","74","88","63"
"USW00013897","NASHVILLE INTERNATIONAL AIRPORT, TN US","2017-09-17","2.24","0.00","76","90","64"
"USW00013897","NASHVILLE INTERNATIONAL AIRPORT, TN US","2017-09-18","2.46","0.00","77","89","66"
"USW00013897","NASHVILLE INTERNATIONAL AIRPORT, TN US","2017-09-19","4.47","0.60","74","85","67"
"USW00013897","NASHVILLE INTERNATIONAL AIRPORT, TN US","2017-09-20","3.13","0.00","76","92","67"
"USW00013897","NASHVILLE INTERNATIONAL AIRPORT, TN US","2017-09-21","2.01","0.08","79","92","69"
"USW00013897","NASHVILLE INTERNATIONAL AIRPORT, TN US","2017-09-22","1.57","0.00","78","92","67"
"USW00013897","NASHVILLE INTERNATIONAL AIRPORT, TN US","2017-09-23","2.68","0.00","79","92","68"
"USW00013897","NASHVILLE INTERNATIONAL AIRPORT, TN US","2017-09-24","3.13","0.00","78","91","68"
"USW00013897","NASHVILLE INTERNATIONAL AIRPORT, TN US","2017-09-25","1.57","0.00","78","91","66"
"USW00013897","NASHVILLE INTERNATIONAL AIRPORT, TN US","2017-09-26","2.68","0.00","78","91","66"
"USW00013897","NASHVILLE INTERNATIONAL AIRPORT, TN US","2017-09-27","4.92","0.00","77","92","64"
"USW00013897","NASHVILLE INTERNATIONAL AIRPORT, TN US","2017-09-28","8.95","0.00","76","82","63"
"USW00013897","NASHVILLE INTERNATIONAL AIRPORT, TN US","2017-09-29","8.05","0.00","69","81","56"
"USW00013897","NASHVILLE INTERNATIONAL AIRPORT, TN US","2017-09-30","8.50","0.00","66","77","53"
"USW00013897","NASHVILLE INTERNATIONAL AIRPORT, TN US","2017-10-01","6.26","0.00","65","83","51"
"USW00013897","NASHVILLE INTERNATIONAL AIRPORT, TN US","2017-10-02","7.83","0.00","68","81","56"
"USW00013897","NASHVILLE INTERNATIONAL AIRPORT, TN US","2017-10-03","6.26","0.00","73","86","63"
"USW00013897","NASHVILLE INTERNATIONAL AIRPORT, TN US","2017-10-04","3.13","0.00","71","84","58"
"USW00013897","NASHVILLE INTERNATIONAL AIRPORT, TN US","2017-10-05","2.01","0.00","70","84","57"
"USW00013897","NASHVILLE INTERNATIONAL AIRPORT, TN US","2017-10-06","5.37","0.00","71","85","57"
"USW00013897","NASHVILLE INTERNATIONAL AIRPORT, TN US","2017-10-07","12.08","0.01","73","85","62"
"USW00013897","NASHVILLE INTERNATIONAL AIRPORT, TN US","2017-10-08","6.93","0.31","76","77","72"
"USW00013897","NASHVILLE INTERNATIONAL AIRPORT, TN US","2017-10-09","4.25","0.00","75","84","70"
"USW00013897","NASHVILLE INTERNATIONAL AIRPORT, TN US","2017-10-10","7.61","0.31","77","84","74"
"USW00013897","NASHVILLE INTERNATIONAL AIRPORT, TN US","2017-10-11","7.16","0.00","71","75","58"
"USW00013897","NASHVILLE INTERNATIONAL AIRPORT, TN US","2017-10-12","5.14","0.00","60","65","51"
"USW00013897","NASHVILLE INTERNATIONAL AIRPORT, TN US","2017-10-13","2.01","0.00","60","79","46"
"USW00013897","NASHVILLE INTERNATIONAL AIRPORT, TN US","2017-10-14","7.61","0.00","68","86","56"
"USW00013897","NASHVILLE INTERNATIONAL AIRPORT, TN US","2017-10-15","10.51","0.04","71","83","53"
"USW00013897","NASHVILLE INTERNATIONAL AIRPORT, TN US","2017-10-16","9.84","0.00","57","67","46"
"USW00013897","NASHVILLE INTERNATIONAL AIRPORT, TN US","2017-10-17","2.01","0.00","55","70","42"
"USW00013897","NASHVILLE INTERNATIONAL AIRPORT, TN US","2017-10-18","4.92","0.00","56","74","42"
"USW00013897","NASHVILLE INTERNATIONAL AIRPORT, TN US","2017-10-19","2.68","0.00","59","77","44"
"USW00013897","NASHVILLE INTERNATIONAL AIRPORT, TN US","2017-10-20","2.24","0.00","60","79","44"
"USW00013897","NASHVILLE INTERNATIONAL AIRPORT, TN US","2017-10-21","7.61","0.00","63","79","49"
"USW00013897","NASHVILLE INTERNATIONAL AIRPORT, TN US","2017-10-22","13.42","0.01","70","81","62"
"USW00013897","NASHVILLE INTERNATIONAL AIRPORT, TN US","2017-10-23","8.50","1.33","65","72","50"
"USW00013897","NASHVILLE INTERNATIONAL AIRPORT, TN US","2017-10-24","7.38","0.01","55","64","43"
"USW00013897","NASHVILLE INTERNATIONAL AIRPORT, TN US","2017-10-25","5.59","0.00","49","59","42"
"USW00013897","NASHVILLE INTERNATIONAL AIRPORT, TN US","2017-10-26","6.49","0.00","53","74","37"
"USW00013897","NASHVILLE INTERNATIONAL AIRPORT, TN US","2017-10-27","11.86","1.30","60","72","41"
"USW00013897","NASHVILLE INTERNATIONAL AIRPORT, TN US","2017-10-28","8.95","0.16","44","50","39"
"USW00013897","NASHVILLE INTERNATIONAL AIRPORT, TN US","2017-10-29","7.16","0.00","41","48","31"
"USW00013897","NASHVILLE INTERNATIONAL AIRPORT, TN US","2017-10-30","7.61","0.00","45","71","30"
"USW00013897","NASHVILLE INTERNATIONAL AIRPORT, TN US","2017-10-31","3.13","0.00","49","59","37"
"USW00013897","NASHVILLE INTERNATIONAL AIRPORT, TN US","2017-11-01","9.62","0.02","56","66","49"
"USW00013897","NASHVILLE INTERNATIONAL AIRPORT, TN US","2017-11-02","10.29","0.00","66","72","61"
"USW00013897","NASHVILLE INTERNATIONAL AIRPORT, TN US","2017-11-03","6.71","0.22","69","73","64"
"USW00013897","NASHVILLE INTERNATIONAL AIRPORT, TN US","2017-11-04","6.04","0.00","69","80","63"
"USW00013897","NASHVILLE INTERNATIONAL AIRPORT, TN US","2017-11-05","12.97","0.00","73","82","68"
"USW00013897","NASHVILLE INTERNATIONAL AIRPORT, TN US","2017-11-06","6.71","1.72","67","72","58"
"USW00013897","NASHVILLE INTERNATIONAL AIRPORT, TN US","2017-11-07","8.28","1.76","58","60","49"
"USW00013897","NASHVILLE INTERNATIONAL AIRPORT, TN US","2017-11-08","10.51","0.00","50","57","47"
"USW00013897","NASHVILLE INTERNATIONAL AIRPORT, TN US","2017-11-09","6.49","0.00","52","63","41"
"USW00013897","NASHVILLE INTERNATIONAL AIRPORT, TN US","2017-11-10","10.51","0.00","46","52","36"
"USW00013897","NASHVILLE INTERNATIONAL AIRPORT, TN US","2017-11-11","4.25","0.00","43","62","31"
"USW00013897","NASHVILLE INTERNATIONAL AIRPORT, TN US","2017-11-12","7.38","0.00","52","57","48"
"USW00013897","NASHVILLE INTERNATIONAL AIRPORT, TN US","2017-11-13","8.95","0.00","49","52","39"
"USW00013897","NASHVILLE INTERNATIONAL AIRPORT, TN US","2017-11-14","4.03","0.00","46","60","37"
"USW00013897","NASHVILLE INTERNATIONAL AIRPORT, TN US","2017-11-15","6.04","0.12","48","59","39"
"USW00013897","NASHVILLE INTERNATIONAL AIRPORT, TN US","2017-11-16","4.92","0.00","53","60","39"
"USW00013897","NASHVILLE INTERNATIONAL AIRPORT, TN US","2017-11-17","7.38","0.00","46","66","34"
"USW00013897","NASHVILLE INTERNATIONAL AIRPORT, TN US","2017-11-18","17.00","0.38","63","68","44"
"USW00013897","NASHVILLE INTERNATIONAL AIRPORT, TN US","2017-11-19","8.05","0.00","45","48","29"
"USW00013897","NASHVILLE INTERNATIONAL AIRPORT, TN US","2017-11-20","3.36","0.00","38","55","25"
"USW00013897","NASHVILLE INTERNATIONAL AIRPORT, TN US","2017-11-21","4.92","0.00","46","61","34"
"USW00013897","NASHVILLE INTERNATIONAL AIRPORT, TN US","2017-11-22","9.40","0.00","42","49","30"
"USW00013897","NASHVILLE INTERNATIONAL AIRPORT, TN US","2017-11-23","2.46","0.00","39","55","24"
"USW00013897","NASHVILLE INTERNATIONAL AIRPORT, TN US","2017-11-24","5.14","0.00","43","64","29"
"USW00013897","NASHVILLE INTERNATIONAL AIRPORT, TN US","2017-11-25","7.61","0.00","54","67","43"
"USW00013897","NASHVILLE INTERNATIONAL AIRPORT, TN US","2017-11-26","4.25","0.00","50","62","33"
"USW00013897","NASHVILLE INTERNATIONAL AIRPORT, TN US","2017-11-27","3.36","0.00","46","65","30"
"USW00013897","NASHVILLE INTERNATIONAL AIRPORT, TN US","2017-11-28","6.26","0.00","50","68","35"
"USW00013897","NASHVILLE INTERNATIONAL AIRPORT, TN US","2017-11-29","2.91","0.00","52","69","34"
"USW00013897","NASHVILLE INTERNATIONAL AIRPORT, TN US","2017-11-30","5.59","0.24","56","65","46"
"USW00013897","NASHVILLE INTERNATIONAL AIRPORT, TN US","2017-12-01","4.25","0.00","51","61","39"
"USW00013897","NASHVILLE INTERNATIONAL AIRPORT, TN US","2017-12-02","2.91","0.00","52","66","41"
"USW00013897","NASHVILLE INTERNATIONAL AIRPORT, TN US","2017-12-03","2.46","0.00","49","66","36"
"USW00013897","NASHVILLE INTERNATIONAL AIRPORT, TN US","2017-12-04","14.99","0.00","55","70","45"
"USW00013897","NASHVILLE INTERNATIONAL AIRPORT, TN US","2017-12-05","10.29","0.48","57","64","35"
"USW00013897","NASHVILLE INTERNATIONAL AIRPORT, TN US","2017-12-06","3.80","0.00","40","48","33"
"USW00013897","NASHVILLE INTERNATIONAL AIRPORT, TN US","2017-12-07","7.38","0.00","39","46","29"
"USW00013897","NASHVILLE INTERNATIONAL AIRPORT, TN US","2017-12-08","5.59","0.00","31","35","27"
"USW00013897","NASHVILLE INTERNATIONAL AIRPORT, TN US","2017-12-09","7.38","0.00","30","39","20"
"USW00013897","NASHVILLE INTERNATIONAL AIRPORT, TN US","2017-12-10","6.26","0.00","35","49","21"
"USW00013897","NASHVILLE INTERNATIONAL AIRPORT, TN US","2017-12-11","8.05","0.00","44","60","29"
"USW00013897","NASHVILLE INTERNATIONAL AIRPORT, TN US","2017-12-12","12.08","0.00","46","49","26"
"USW00013897","NASHVILLE INTERNATIONAL AIRPORT, TN US","2017-12-13","9.84","0.00","34","51","20"
"USW00013897","NASHVILLE INTERNATIONAL AIRPORT, TN US","2017-12-14","7.61","0.00","42","48","33"
"USW00013897","NASHVILLE INTERNATIONAL AIRPORT, TN US","2017-12-15","6.49","0.00","35","42","28"
"USW00013897","NASHVILLE INTERNATIONAL AIRPORT, TN US","2017-12-16","6.71","0.00","37","53","27"
"USW00013897","NASHVILLE INTERNATIONAL AIRPORT, TN US","2017-12-17","4.70","0.14","43","48","40"
"USW00013897","NASHVILLE INTERNATIONAL AIRPORT, TN US","2017-12-18","4.03","0.00","49","55","40"
"USW00013897","NASHVILLE INTERNATIONAL AIRPORT, TN US","2017-12-19","4.70","0.51","47","58","40"
"USW00013897","NASHVILLE INTERNATIONAL AIRPORT, TN US","2017-12-20","8.72","0.91","53","54","48"
"USW00013897","NASHVILLE INTERNATIONAL AIRPORT, TN US","2017-12-21","7.83","0.00","51","57","47"
"USW00013897","NASHVILLE INTERNATIONAL AIRPORT, TN US","2017-12-22","8.95","1.06","58","60","54"
"USW00013897","NASHVILLE INTERNATIONAL AIRPORT, TN US","2017-12-23","11.86","1.45","54","69","40"
"USW00013897","NASHVILLE INTERNATIONAL AIRPORT, TN US","2017-12-24","8.95","0.01","40","43","29"
"USW00013897","NASHVILLE INTERNATIONAL AIRPORT, TN US","2017-12-25","5.37","0.00","30","33","24"
"USW00013897","NASHVILLE INTERNATIONAL AIRPORT, TN US","2017-12-26","9.17","0.00","34","42","29"
"USW00013897","NASHVILLE INTERNATIONAL AIRPORT, TN US","2017-12-27","12.30","0.00","27","29","17"
"USW00013897","NASHVILLE INTERNATIONAL AIRPORT, TN US","2017-12-28","5.82","0.00","22","36","14"
"USW00013897","NASHVILLE INTERNATIONAL AIRPORT, TN US","2017-12-29","2.91","0.00","28","40","19"
"USW00013897","NASHVILLE INTERNATIONAL AIRPORT, TN US","2017-12-30","7.83","0.00","32","38","19"
"USW00013897","NASHVILLE INTERNATIONAL AIRPORT, TN US","2017-12-31","11.63","0.00","20","26","13"
"USW00013897","NASHVILLE INTERNATIONAL AIRPORT, TN US","2018-01-01","10.96","0.00","15","23","6"
"USW00013897","NASHVILLE INTERNATIONAL AIRPORT, TN US","2018-01-02","4.92","0.00","13","27","5"
"USW00013897","NASHVILLE INTERNATIONAL AIRPORT, TN US","2018-01-03","5.82","0.00","23","37","16"
"USW00013897","NASHVILLE INTERNATIONAL AIRPORT, TN US","2018-01-04","8.50","0.00","21","24","11"
"USW00013897","NASHVILLE INTERNATIONAL AIRPORT, TN US","2018-01-05","5.82","0.00","21","31","15"
"USW00013897","NASHVILLE INTERNATIONAL AIRPORT, TN US","2018-01-06","5.37","0.00","22","30","12"
"USW00013897","NASHVILLE INTERNATIONAL AIRPORT, TN US","2018-01-07","10.07","0.00","27","46","17"
"USW00013897","NASHVILLE INTERNATIONAL AIRPORT, TN US","2018-01-08","5.14","0.34","41","43","37"
"USW00013897","NASHVILLE INTERNATIONAL AIRPORT, TN US","2018-01-09","3.13","0.01","43","49","40"
"USW00013897","NASHVILLE INTERNATIONAL AIRPORT, TN US","2018-01-10","8.50","0.00","52","66","41"
"USW00013897","NASHVILLE INTERNATIONAL AIRPORT, TN US","2018-01-11","11.41","0.10","62","69","56"
"USW00013897","NASHVILLE INTERNATIONAL AIRPORT, TN US","2018-01-12","13.42","0.32","43","62","23"
"USW00013897","NASHVILLE INTERNATIONAL AIRPORT, TN US","2018-01-13","11.63","0.00","23","26","16"
"USW00013897","NASHVILLE INTERNATIONAL AIRPORT, TN US","2018-01-14","4.47","0.00","20","29","13"
"USW00013897","NASHVILLE INTERNATIONAL AIRPORT, TN US","2018-01-15","8.28","0.00","33","48","23"
"USW00013897","NASHVILLE INTERNATIONAL AIRPORT, TN US","2018-01-16","8.95","0.10","22","26","5"
"USW00013897","NASHVILLE INTERNATIONAL AIRPORT, TN US","2018-01-17","7.38","0.00","12","22","7"
"USW00013897","NASHVILLE INTERNATIONAL AIRPORT, TN US","2018-01-18","4.25","0.00","18","37","8"
"USW00013897","NASHVILLE INTERNATIONAL AIRPORT, TN US","2018-01-19","8.28","0.00","30","49","18"
"USW00013897","NASHVILLE INTERNATIONAL AIRPORT, TN US","2018-01-20","8.72","0.00","49","65","40"
"USW00013897","NASHVILLE INTERNATIONAL AIRPORT, TN US","2018-01-21","10.29","0.00","58","69","49"
"USW00013897","NASHVILLE INTERNATIONAL AIRPORT, TN US","2018-01-22","14.99","0.17","59","63","51"
"USW00013897","NASHVILLE INTERNATIONAL AIRPORT, TN US","2018-01-23","9.17","0.00","49","51","38"
"USW00013897","NASHVILLE INTERNATIONAL AIRPORT, TN US","2018-01-24","5.37","0.00","41","51","30"
"USW00013897","NASHVILLE INTERNATIONAL AIRPORT, TN US","2018-01-25","5.14","0.00","40","59","25"
"USW00013897","NASHVILLE INTERNATIONAL AIRPORT, TN US","2018-01-26","8.50","0.00","46","62","34"
"USW00013897","NASHVILLE INTERNATIONAL AIRPORT, TN US","2018-01-27","9.40","0.52","54","61","50"
"USW00013897","NASHVILLE INTERNATIONAL AIRPORT, TN US","2018-01-28","8.28","0.07","53","59","40"
"USW00013897","NASHVILLE INTERNATIONAL AIRPORT, TN US","2018-01-29","9.84","0.00","42","51","29"
"USW00013897","NASHVILLE INTERNATIONAL AIRPORT, TN US","2018-01-30","6.93","0.00","33","40","24"
"USW00013897","NASHVILLE INTERNATIONAL AIRPORT, TN US","2018-01-31","13.65","0.00","39","59","27"
"USW00013897","NASHVILLE INTERNATIONAL AIRPORT, TN US","2018-02-01","11.18","0.22","50","54","27"
"USW00013897","NASHVILLE INTERNATIONAL AIRPORT, TN US","2018-02-02","7.83","0.00","27","32","19"
"USW00013897","NASHVILLE INTERNATIONAL AIRPORT, TN US","2018-02-03","8.28","0.01","31","51","22"
"USW00013897","NASHVILLE INTERNATIONAL AIRPORT, TN US","2018-02-04","7.83","0.63","45","52","28"
"USW00013897","NASHVILLE INTERNATIONAL AIRPORT, TN US","2018-02-05","6.71","0.00","31","39","24"
"USW00013897","NASHVILLE INTERNATIONAL AIRPORT, TN US","2018-02-06","5.59","0.64","38","43","36"
"USW00013897","NASHVILLE INTERNATIONAL AIRPORT, TN US","2018-02-07","9.40","0.99","38","44","29"
"USW00013897","NASHVILLE INTERNATIONAL AIRPORT, TN US","2018-02-08","2.91","0.00","33","47","22"
"USW00013897","NASHVILLE INTERNATIONAL AIRPORT, TN US","2018-02-09","8.05","0.01","43","66","28"
"USW00013897","NASHVILLE INTERNATIONAL AIRPORT, TN US","2018-02-10","4.92","2.69","56","58","50"
"USW00013897","NASHVILLE INTERNATIONAL AIRPORT, TN US","2018-02-11","9.40","0.62","54","63","32"
"USW00013897","NASHVILLE INTERNATIONAL AIRPORT, TN US","2018-02-12","12.75","0.00","34","39","31"
"USW00013897","NASHVILLE INTERNATIONAL AIRPORT, TN US","2018-02-13","5.59","0.01","43","60","38"
"USW00013897","NASHVILLE INTERNATIONAL AIRPORT, TN US","2018-02-14","10.74","0.37","58","64","55"
"USW00013897","NASHVILLE INTERNATIONAL AIRPORT, TN US","2018-02-15","12.08","0.01","67","77","63"
"USW00013897","NASHVILLE INTERNATIONAL AIRPORT, TN US","2018-02-16","10.96","0.12","62","70","42"
"USW00013897","NASHVILLE INTERNATIONAL AIRPORT, TN US","2018-02-17","6.71","1.27","43","48","41"
"USW00013897","NASHVILLE INTERNATIONAL AIRPORT, TN US","2018-02-18","8.05","0.00","46","61","34"
"USW00013897","NASHVILLE INTERNATIONAL AIRPORT, TN US","2018-02-19","12.53","0.00","64","76","58"
"USW00013897","NASHVILLE INTERNATIONAL AIRPORT, TN US","2018-02-20","14.99","0.00","70","80","63"
"USW00013897","NASHVILLE INTERNATIONAL AIRPORT, TN US","2018-02-21","11.63","0.68","67","74","49"
"USW00013897","NASHVILLE INTERNATIONAL AIRPORT, TN US","2018-02-22","4.70","0.37","54","63","51"
"USW00013897","NASHVILLE INTERNATIONAL AIRPORT, TN US","2018-02-23","6.26","0.00","65","82","56"
"USW00013897","NASHVILLE INTERNATIONAL AIRPORT, TN US","2018-02-24","12.08","0.79","68","79","57"
"USW00013897","NASHVILLE INTERNATIONAL AIRPORT, TN US","2018-02-25","4.92","0.37","58","57","50"
"USW00013897","NASHVILLE INTERNATIONAL AIRPORT, TN US","2018-02-26","4.92","0.06","53","65","42"
"USW00013897","NASHVILLE INTERNATIONAL AIRPORT, TN US","2018-02-27","6.26","0.00","52","69","37"
"USW00013897","NASHVILLE INTERNATIONAL AIRPORT, TN US","2018-02-28","10.07","1.05","57","59","52"
"USW00013897","NASHVILLE INTERNATIONAL AIRPORT, TN US","2018-03-01","9.62","0.39","58","63","47"
"USW00013897","NASHVILLE INTERNATIONAL AIRPORT, TN US","2018-03-02","8.72","0.00","49","57","38"
"USW00013897","NASHVILLE INTERNATIONAL AIRPORT, TN US","2018-03-03","8.28","0.00","46","58","35"
"USW00013897","NASHVILLE INTERNATIONAL AIRPORT, TN US","2018-03-04","6.04","0.00","48","65","35"
"USW00013897","NASHVILLE INTERNATIONAL AIRPORT, TN US","2018-03-05","4.25","0.12","50","57","44"
"USW00013897","NASHVILLE INTERNATIONAL AIRPORT, TN US","2018-03-06","9.84","0.02","55","66","43"
"USW00013897","NASHVILLE INTERNATIONAL AIRPORT, TN US","2018-03-07","9.62","0.00","43","43","33"
"USW00013897","NASHVILLE INTERNATIONAL AIRPORT, TN US","2018-03-08","6.71","0.02","36","43","29"
"USW00013897","NASHVILLE INTERNATIONAL AIRPORT, TN US","2018-03-09","7.38","0.00","40","62","26"
"USW00013897","NASHVILLE INTERNATIONAL AIRPORT, TN US","2018-03-10","4.70","0.03","56","67","46"
"USW00013897","NASHVILLE INTERNATIONAL AIRPORT, TN US","2018-03-11","8.72","0.75","52","54","36"
"USW00013897","NASHVILLE INTERNATIONAL AIRPORT, TN US","2018-03-12","12.53","0.11","40","49","33"
"USW00013897","NASHVILLE INTERNATIONAL AIRPORT, TN US","2018-03-13","8.50","0.00","40","52","32"
"USW00013897","NASHVILLE INTERNATIONAL AIRPORT, TN US","2018-03-14","7.61","0.00","40","50","30"
"USW00013897","NASHVILLE INTERNATIONAL AIRPORT, TN US","2018-03-15","8.72","0.00","52","72","41"
"USW00013897","NASHVILLE INTERNATIONAL AIRPORT, TN US","2018-03-16","5.82","0.00","59","73","41"
"USW00013897","NASHVILLE INTERNATIONAL AIRPORT, TN US","2018-03-17","11.41","0.13","66","80","49"
"USW00013897","NASHVILLE INTERNATIONAL AIRPORT, TN US","2018-03-18","5.59","0.01","53","62","46"
"USW00013897","NASHVILLE INTERNATIONAL AIRPORT, TN US","2018-03-19","6.71","0.03","56","69","50"
"USW00013897","NASHVILLE INTERNATIONAL AIRPORT, TN US","2018-03-20","9.62","0.10","51","56","34"
"USW00013897","NASHVILLE INTERNATIONAL AIRPORT, TN US","2018-03-21","11.18","0.00","40","51","34"
"USW00013897","NASHVILLE INTERNATIONAL AIRPORT, TN US","2018-03-22","6.49","0.00","43","57","30"
"USW00013897","NASHVILLE INTERNATIONAL AIRPORT, TN US","2018-03-23","4.70","0.07","50","60","43"
"USW00013897","NASHVILLE INTERNATIONAL AIRPORT, TN US","2018-03-24","10.29","0.91","54","64","45"
"USW00013897","NASHVILLE INTERNATIONAL AIRPORT, TN US","2018-03-25","5.82","0.00","49","51","45"
"USW00013897","NASHVILLE INTERNATIONAL AIRPORT, TN US","2018-03-26","12.75","0.00","52","60","46"
"USW00013897","NASHVILLE INTERNATIONAL AIRPORT, TN US","2018-03-27","16.78","0.00","57","72","51"
"USW00013897","NASHVILLE INTERNATIONAL AIRPORT, TN US","2018-03-28","11.18","1.55","65","72","61"
"USW00013897","NASHVILLE INTERNATIONAL AIRPORT, TN US","2018-03-29","9.62","0.59","62","63","53"
"USW00013897","NASHVILLE INTERNATIONAL AIRPORT, TN US","2018-03-30","6.49","0.00","54","59","42"
"USW00013897","NASHVILLE INTERNATIONAL AIRPORT, TN US","2018-03-31","7.61","0.00","52","70","35"
"USW00013897","NASHVILLE INTERNATIONAL AIRPORT, TN US","2018-04-01","4.25","0.08","58","68","51"
"USW00013897","NASHVILLE INTERNATIONAL AIRPORT, TN US","2018-04-02","4.92","0.00","52","62","45"
"USW00013897","NASHVILLE INTERNATIONAL AIRPORT, TN US","2018-04-03","13.87","1.05","64","83","50"
"USW00013897","NASHVILLE INTERNATIONAL AIRPORT, TN US","2018-04-04","11.18","0.00","52","53","36"
"USW00013897","NASHVILLE INTERNATIONAL AIRPORT, TN US","2018-04-05","5.37","0.00","44","58","33"
"USW00013897","NASHVILLE INTERNATIONAL AIRPORT, TN US","2018-04-06","7.38","0.15","50","59","39"
"USW00013897","NASHVILLE INTERNATIONAL AIRPORT, TN US","2018-04-07","12.30","0.00","41","45","31"
"USW00013897","NASHVILLE INTERNATIONAL AIRPORT, TN US","2018-04-08","6.04","0.00","38","50","30"
"USW00013897","NASHVILLE INTERNATIONAL AIRPORT, TN US","2018-04-09","7.61","0.00","50","62","43"
"USW00013897","NASHVILLE INTERNATIONAL AIRPORT, TN US","2018-04-10","6.93","0.00","51","63","40"
"USW00013897","NASHVILLE INTERNATIONAL AIRPORT, TN US","2018-04-11","4.70","0.00","49","68","33"
"USW00013897","NASHVILLE INTERNATIONAL AIRPORT, TN US","2018-04-12","13.20","0.00","65","82","52"
"USW00013897","NASHVILLE INTERNATIONAL AIRPORT, TN US","2018-04-13","16.11","0.00","72","82","62"
"USW00013897","NASHVILLE INTERNATIONAL AIRPORT, TN US","2018-04-14","13.20","1.07","67","72","58"
"USW00013897","NASHVILLE INTERNATIONAL AIRPORT, TN US","2018-04-15","9.62","0.56","53","63","40"
"USW00013897","NASHVILLE INTERNATIONAL AIRPORT, TN US","2018-04-16","9.62","0.01","40","44","34"
"USW00013897","NASHVILLE INTERNATIONAL AIRPORT, TN US","2018-04-17","5.82","0.00","49","80","30"
"USW00013897","NASHVILLE INTERNATIONAL AIRPORT, TN US","2018-04-18","12.53","0.10","67","75","52"
"USW00013897","NASHVILLE INTERNATIONAL AIRPORT, TN US","2018-04-19","11.41","0.00","52","54","41"
"USW00013897","NASHVILLE INTERNATIONAL AIRPORT, TN US","2018-04-20","7.16","0.00","50","68","34"
"USW00013897","NASHVILLE INTERNATIONAL AIRPORT, TN US","2018-04-21","3.80","0.00","58","76","40"
"USW00013897","NASHVILLE INTERNATIONAL AIRPORT, TN US","2018-04-22","11.41","2.09","60","61","56"
"USW00013897","NASHVILLE INTERNATIONAL AIRPORT, TN US","2018-04-23","8.72","0.29","61","70","57"
"USW00013897","NASHVILLE INTERNATIONAL AIRPORT, TN US","2018-04-24","7.83","0.03","60","67","57"
"USW00013897","NASHVILLE INTERNATIONAL AIRPORT, TN US","2018-04-25","7.38","0.00","61","71","56"
"USW00013897","NASHVILLE INTERNATIONAL AIRPORT, TN US","2018-04-26","3.58","0.13","59","61","53"
"USW00013897","NASHVILLE INTERNATIONAL AIRPORT, TN US","2018-04-27","5.82","0.00","60","75","45"
"USW00013897","NASHVILLE INTERNATIONAL AIRPORT, TN US","2018-04-28","9.17","0.00","62","73","47"
"USW00013897","NASHVILLE INTERNATIONAL AIRPORT, TN US","2018-04-29","6.93","0.00","56","68","42"
"USW00013897","NASHVILLE INTERNATIONAL AIRPORT, TN US","2018-04-30","3.13","0.00","58","80","37"
"USW00013897","NASHVILLE INTERNATIONAL AIRPORT, TN US","2018-05-01","7.61","0.00","66","84","48"
"USW00013897","NASHVILLE INTERNATIONAL AIRPORT, TN US","2018-05-02","8.05","0.00","73","86","60"
"USW00013897","NASHVILLE INTERNATIONAL AIRPORT, TN US","2018-05-03","9.84","0.00","76","87","65"
"USW00013897","NASHVILLE INTERNATIONAL AIRPORT, TN US","2018-05-04","7.16","0.04","75","78","69"
"USW00013897","NASHVILLE INTERNATIONAL AIRPORT, TN US","2018-05-05","4.03","1.15","68","71","57"
"USW00013897","NASHVILLE INTERNATIONAL AIRPORT, TN US","2018-05-06","5.82","0.05","65","83","54"
"USW00013897","NASHVILLE INTERNATIONAL AIRPORT, TN US","2018-05-07","5.14","0.00","67","83","56"
"USW00013897","NASHVILLE INTERNATIONAL AIRPORT, TN US","2018-05-08","2.46","0.00","68","83","53"
"USW00013897","NASHVILLE INTERNATIONAL AIRPORT, TN US","2018-05-09","8.05","0.00","71","88","56"
"USW00013897","NASHVILLE INTERNATIONAL AIRPORT, TN US","2018-05-10","6.49","0.14","77","89","67"
"USW00013897","NASHVILLE INTERNATIONAL AIRPORT, TN US","2018-05-11","6.26","0.00","79","89","68"
"USW00013897","NASHVILLE INTERNATIONAL AIRPORT, TN US","2018-05-12","5.82","0.00","78","90","65"
"USW00013897","NASHVILLE INTERNATIONAL AIRPORT, TN US","2018-05-13","4.25","0.00","77","91","62"
"USW00013897","NASHVILLE INTERNATIONAL AIRPORT, TN US","2018-05-14","3.36","0.00","80","92","66"
"USW00013897","NASHVILLE INTERNATIONAL AIRPORT, TN US","2018-05-15","4.92","0.00","81","93","69"
"USW00013897","NASHVILLE INTERNATIONAL AIRPORT, TN US","2018-05-16","5.37","1.83","76","87","66"
"USW00013897","NASHVILLE INTERNATIONAL AIRPORT, TN US","2018-05-17","2.91","0.50","73","83","67"
"USW00013897","NASHVILLE INTERNATIONAL AIRPORT, TN US","2018-05-18","5.14","0.38","74","84","68"
"USW00013897","NASHVILLE INTERNATIONAL AIRPORT, TN US","2018-05-19","6.93","0.03","75","88","67"
"USW00013897","NASHVILLE INTERNATIONAL AIRPORT, TN US","2018-05-20","5.37","0.14","78","92","64"
"USW00013897","NASHVILLE INTERNATIONAL AIRPORT, TN US","2018-05-21","5.82","0.00","75","87","67"
"USW00013897","NASHVILLE INTERNATIONAL AIRPORT, TN US","2018-05-22","4.70","0.39","76","87","66"
"USW00013897","NASHVILLE INTERNATIONAL AIRPORT, TN US","2018-05-23","4.47","0.00","75","89","66"
"USW00013897","NASHVILLE INTERNATIONAL AIRPORT, TN US","2018-05-24","3.80","0.00","78","90","67"
"USW00013897","NASHVILLE INTERNATIONAL AIRPORT, TN US","2018-05-25","3.80","0.00","78","91","66"
"USW00013897","NASHVILLE INTERNATIONAL AIRPORT, TN US","2018-05-26","3.80","0.22","74","84","67"
"USW00013897","NASHVILLE INTERNATIONAL AIRPORT, TN US","2018-05-27","3.36","0.00","78","90","68"
"USW00013897","NASHVILLE INTERNATIONAL AIRPORT, TN US","2018-05-28","5.59","0.12","77","85","71"
"USW00013897","NASHVILLE INTERNATIONAL AIRPORT, TN US","2018-05-29","12.30","0.35","74","81","71"
"USW00013897","NASHVILLE INTERNATIONAL AIRPORT, TN US","2018-05-30","11.18","0.09","78","88","71"
"USW00013897","NASHVILLE INTERNATIONAL AIRPORT, TN US","2018-05-31","8.05","0.00","78","90","72"
"USW00013897","NASHVILLE INTERNATIONAL AIRPORT, TN US","2018-06-01","5.82","0.73","76","86","69"
"USW00013897","NASHVILLE INTERNATIONAL AIRPORT, TN US","2018-06-02","4.47","0.00","80","92","69"
"USW00013897","NASHVILLE INTERNATIONAL AIRPORT, TN US","2018-06-03","7.83","0.00","80","87","64"
"USW00013897","NASHVILLE INTERNATIONAL AIRPORT, TN US","2018-06-04","6.26","0.00","74","84","60"
"USW00013897","NASHVILLE INTERNATIONAL AIRPORT, TN US","2018-06-05","3.36","0.00","74","85","62"
"USW00013897","NASHVILLE INTERNATIONAL AIRPORT, TN US","2018-06-06","4.70","0.00","76","90","60"
"USW00013897","NASHVILLE INTERNATIONAL AIRPORT, TN US","2018-06-07","3.58","0.00","80","91","67"
"USW00013897","NASHVILLE INTERNATIONAL AIRPORT, TN US","2018-06-08","2.46","0.00","81","93","67"
"USW00013897","NASHVILLE INTERNATIONAL AIRPORT, TN US","2018-06-09","3.80","0.00","82","94","69"
"USW00013897","NASHVILLE INTERNATIONAL AIRPORT, TN US","2018-06-10","6.26","1.51","77","88","68"
"USW00013897","NASHVILLE INTERNATIONAL AIRPORT, TN US","2018-06-11","6.04","0.00","79","92","69"
"USW00013897","NASHVILLE INTERNATIONAL AIRPORT, TN US","2018-06-12","8.50","0.00","80","91","71"
"USW00013897","NASHVILLE INTERNATIONAL AIRPORT, TN US","2018-06-13","5.82","0.00","78","85","72"
"USW00013897","NASHVILLE INTERNATIONAL AIRPORT, TN US","2018-06-14","3.36","0.00","79","93","70"
"USW00013897","NASHVILLE INTERNATIONAL AIRPORT, TN US","2018-06-15","2.68","0.00","83","94","72"
"USW00013897","NASHVILLE INTERNATIONAL AIRPORT, TN US","2018-06-16","2.91","0.00","83","96","70"
"USW00013897","NASHVILLE INTERNATIONAL AIRPORT, TN US","2018-06-17","2.91","0.35","83","96","73"
"USW00013897","NASHVILLE INTERNATIONAL AIRPORT, TN US","2018-06-18","4.47","0.22","80","93","71"
"USW00013897","NASHVILLE INTERNATIONAL AIRPORT, TN US","2018-06-19","4.92","0.00","82","92","73"
"USW00013897","NASHVILLE INTERNATIONAL AIRPORT, TN US","2018-06-20","6.04","0.00","82","87","74"
"USW00013897","NASHVILLE INTERNATIONAL AIRPORT, TN US","2018-06-21","6.49","0.19","78","86","71"
"USW00013897","NASHVILLE INTERNATIONAL AIRPORT, TN US","2018-06-22","8.50","0.04","76","85","68"
"USW00013897","NASHVILLE INTERNATIONAL AIRPORT, TN US","2018-06-23","7.83","0.00","76","85","68"
"USW00013897","NASHVILLE INTERNATIONAL AIRPORT, TN US","2018-06-24","5.14","0.09","82","92","73"
"USW00013897","NASHVILLE INTERNATIONAL AIRPORT, TN US","2018-06-25","6.04","0.00","82","93","73"
"USW00013897","NASHVILLE INTERNATIONAL AIRPORT, TN US","2018-06-26","7.83","0.12","83","94","70"
"USW00013897","NASHVILLE INTERNATIONAL AIRPORT, TN US","2018-06-27","8.50","0.36","79","93","71"
"USW00013897","NASHVILLE INTERNATIONAL AIRPORT, TN US","2018-06-28","4.03","0.21","79","84","72"
"USW00013897","NASHVILLE INTERNATIONAL AIRPORT, TN US","2018-06-29","3.80","0.00","78","91","70"
"USW00013897","NASHVILLE INTERNATIONAL AIRPORT, TN US","2018-06-30","4.47","0.00","84","94","72"
"USW00013897","NASHVILLE INTERNATIONAL AIRPORT, TN US","2018-07-01","4.92","0.00","85","94","75"
"USW00013897","NASHVILLE INTERNATIONAL AIRPORT, TN US","2018-07-02","5.37","0.06","82","93","75"
"USW00013897","NASHVILLE INTERNATIONAL AIRPORT, TN US","2018-07-03","4.03","0.00","83","95","76"
"USW00013897","NASHVILLE INTERNATIONAL AIRPORT, TN US","2018-07-04","5.37","0.00","86","99","75"
"USW00013897","NASHVILLE INTERNATIONAL AIRPORT, TN US","2018-07-05","4.70","0.02","88","98","77"
"USW00013897","NASHVILLE INTERNATIONAL AIRPORT, TN US","2018-07-06","5.37","0.42","81","91","73"
"USW00013897","NASHVILLE INTERNATIONAL AIRPORT, TN US","2018-07-07","8.28","0.00","77","87","72"
"USW00013897","NASHVILLE INTERNATIONAL AIRPORT, TN US","2018-07-08","4.70","0.00","80","88","72"
"USW00013897","NASHVILLE INTERNATIONAL AIRPORT, TN US","2018-07-09","1.57","0.00","81","92","72"
"USW00013897","NASHVILLE INTERNATIONAL AIRPORT, TN US","2018-07-10","1.79","0.19","81","91","73"
"USW00013897","NASHVILLE INTERNATIONAL AIRPORT, TN US","2018-07-11","4.70","0.00","82","96","73"
"USW00013897","NASHVILLE INTERNATIONAL AIRPORT, TN US","2018-07-12","6.71","0.00","84","94","74"
"USW00013897","NASHVILLE INTERNATIONAL AIRPORT, TN US","2018-07-13","3.36","0.00","82","94","70"
"USW00013897","NASHVILLE INTERNATIONAL AIRPORT, TN US","2018-07-14","3.80","0.00","83","96","71"
"USW00013897","NASHVILLE INTERNATIONAL AIRPORT, TN US","2018-07-15","4.70","0.94","79","83","73"
"USW00013897","NASHVILLE INTERNATIONAL AIRPORT, TN US","2018-07-16","4.47","0.48","79","93","73"
"USW00013897","NASHVILLE INTERNATIONAL AIRPORT, TN US","2018-07-17","4.92","0.01","83","94","76"
"USW00013897","NASHVILLE INTERNATIONAL AIRPORT, TN US","2018-07-18","6.04","0.00","83","92","74"
"USW00013897","NASHVILLE INTERNATIONAL AIRPORT, TN US","2018-07-19","4.92","0.00","81","94","69"
"USW00013897","NASHVILLE INTERNATIONAL AIRPORT, TN US","2018-07-20","10.96","0.00","84","94","75"
"USW00013897","NASHVILLE INTERNATIONAL AIRPORT, TN US","2018-07-21","9.84","0.00","82","91","68"
"USW00013897","NASHVILLE INTERNATIONAL AIRPORT, TN US","2018-07-22","8.05","0.01","77","81","71"
"USW00013897","NASHVILLE INTERNATIONAL AIRPORT, TN US","2018-07-23","9.17","0.00","77","87","69"
"USW00013897","NASHVILLE INTERNATIONAL AIRPORT, TN US","2018-07-24","4.47","0.00","77","87","66"
"USW00013897","NASHVILLE INTERNATIONAL AIRPORT, TN US","2018-07-25","4.25","0.00","80","92","69"
"USW00013897","NASHVILLE INTERNATIONAL AIRPORT, TN US","2018-07-26","3.36","0.00","80","93","67"
"USW00013897","NASHVILLE INTERNATIONAL AIRPORT, TN US","2018-07-27","5.59","0.00","80","92","68"
"USW00013897","NASHVILLE INTERNATIONAL AIRPORT, TN US","2018-07-28","5.37","0.00","78","89","66"
"USW00013897","NASHVILLE INTERNATIONAL AIRPORT, TN US","2018-07-29","4.92","0.00","78","92","64"
"USW00013897","NASHVILLE INTERNATIONAL AIRPORT, TN US","2018-07-30","4.03","0.00","81","94","70"
"USW00013897","NASHVILLE INTERNATIONAL AIRPORT, TN US","2018-07-31","3.80","0.00","79","88","73"
"USW00013897","NASHVILLE INTERNATIONAL AIRPORT, TN US","2018-08-01","5.14","0.60","76","85","69"
"USW00013897","NASHVILLE INTERNATIONAL AIRPORT, TN US","2018-08-02","4.03","0.00","77","88","70"
"USW00013897","NASHVILLE INTERNATIONAL AIRPORT, TN US","2018-08-03","3.13","0.00","80","92","68"
"USW00013897","NASHVILLE INTERNATIONAL AIRPORT, TN US","2018-08-04","4.03","0.00","81","95","66"
"USW00013897","NASHVILLE INTERNATIONAL AIRPORT, TN US","2018-08-05","3.80","0.69","82","92","73"
"USW00013897","NASHVILLE INTERNATIONAL AIRPORT, TN US","2018-08-06","4.03","0.00","83","96","73"
"USW00013897","NASHVILLE INTERNATIONAL AIRPORT, TN US","2018-08-07","6.04","0.00","84","95","72"
"USW00013897","NASHVILLE INTERNATIONAL AIRPORT, TN US","2018-08-08","5.14","0.32","82","90","71"
"USW00013897","NASHVILLE INTERNATIONAL AIRPORT, TN US","2018-08-09","4.25","0.46","80","88","71"
"USW00013897","NASHVILLE INTERNATIONAL AIRPORT, TN US","2018-08-10","4.70","0.08","75","84","70"
"USW00013897","NASHVILLE INTERNATIONAL AIRPORT, TN US","2018-08-11","2.68","0.00","78","93","66"
"USW00013897","NASHVILLE INTERNATIONAL AIRPORT, TN US","2018-08-12","4.47","0.00","81","91","70"
"USW00013897","NASHVILLE INTERNATIONAL AIRPORT, TN US","2018-08-13","2.46","0.00","79","91","66"
"USW00013897","NASHVILLE INTERNATIONAL AIRPORT, TN US","2018-08-14","2.24","0.00","78","92","65"
"USW00013897","NASHVILLE INTERNATIONAL AIRPORT, TN US","2018-08-15","4.92","0.00","82","95","73"
"USW00013897","NASHVILLE INTERNATIONAL AIRPORT, TN US","2018-08-16","8.50","0.06","80","87","74"
"USW00013897","NASHVILLE INTERNATIONAL AIRPORT, TN US","2018-08-17","6.71","1.11","80","89","73"
"USW00013897","NASHVILLE INTERNATIONAL AIRPORT, TN US","2018-08-18","3.80","0.88","78","88","72"
"USW00013897","NASHVILLE INTERNATIONAL AIRPORT, TN US","2018-08-19","3.13","0.00","78","89","72"
"USW00013897","NASHVILLE INTERNATIONAL AIRPORT, TN US","2018-08-20","9.40","0.38","79","86","74"
"USW00013897","NASHVILLE INTERNATIONAL AIRPORT, TN US","2018-08-21","7.38","0.00","78","82","72"
"USW00013897","NASHVILLE INTERNATIONAL AIRPORT, TN US","2018-08-22","7.83","0.00","76","85","66"
"USW00013897","NASHVILLE INTERNATIONAL AIRPORT, TN US","2018-08-23","4.92","0.00","72","83","61"
"USW00013897","NASHVILLE INTERNATIONAL AIRPORT, TN US","2018-08-24","6.71","0.00","72","86","60"
"USW00013897","NASHVILLE INTERNATIONAL AIRPORT, TN US","2018-08-25","7.83","0.00","79","91","71"
"USW00013897","NASHVILLE INTERNATIONAL AIRPORT, TN US","2018-08-26","5.82","0.00","82","93","74"
"USW00013897","NASHVILLE INTERNATIONAL AIRPORT, TN US","2018-08-27","6.26","0.00","82","94","72"
"USW00013897","NASHVILLE INTERNATIONAL AIRPORT, TN US","2018-08-28","6.49","0.00","83","95","72"
"USW00013897","NASHVILLE INTERNATIONAL AIRPORT, TN US","2018-08-29","5.82","0.23","84","94","74"
"USW00013897","NASHVILLE INTERNATIONAL AIRPORT, TN US","2018-08-30","4.70","0.00","81","92","72"
"USW00013897","NASHVILLE INTERNATIONAL AIRPORT, TN US","2018-08-31","6.71","0.09","79","91","73"
"USW00013897","NASHVILLE INTERNATIONAL AIRPORT, TN US","2018-09-01","5.37","0.02","79","90","72"
"USW00013897","NASHVILLE INTERNATIONAL AIRPORT, TN US","2018-09-02","6.04","0.00","81","95","72"
"USW00013897","NASHVILLE INTERNATIONAL AIRPORT, TN US","2018-09-03","6.26","0.00","83","94","73"
"USW00013897","NASHVILLE INTERNATIONAL AIRPORT, TN US","2018-09-04","5.82","0.00","83","95","72"
"USW00013897","NASHVILLE INTERNATIONAL AIRPORT, TN US","2018-09-05","4.70","0.00","81","87","75"
"USW00013897","NASHVILLE INTERNATIONAL AIRPORT, TN US","2018-09-06","3.80","0.38","80","91","72"
"USW00013897","NASHVILLE INTERNATIONAL AIRPORT, TN US","2018-09-07","3.80","0.23","79","93","70"
"USW00013897","NASHVILLE INTERNATIONAL AIRPORT, TN US","2018-09-08","5.14","0.05","81","92","73"
"USW00013897","NASHVILLE INTERNATIONAL AIRPORT, TN US","2018-09-09","5.37","0.99","76","81","66"
"USW00013897","NASHVILLE INTERNATIONAL AIRPORT, TN US","2018-09-10","6.49","0.00","66","69","63"
"USW00013897","NASHVILLE INTERNATIONAL AIRPORT, TN US","2018-09-11","6.49","0.00","67","72","61"
"USW00013897","NASHVILLE INTERNATIONAL AIRPORT, TN US","2018-09-12","4.92","0.00","73","87","64"
"USW00013897","NASHVILLE INTERNATIONAL AIRPORT, TN US","2018-09-13","3.36","0.00","79","93","69"
"USW00013897","NASHVILLE INTERNATIONAL AIRPORT, TN US","2018-09-14","7.16","0.00","83","94","73"
"USW00013897","NASHVILLE INTERNATIONAL AIRPORT, TN US","2018-09-15","8.72","0.00","83","94","73"
"USW00013897","NASHVILLE INTERNATIONAL AIRPORT, TN US","2018-09-16","8.95","0.00","79","86","73"
"USW00013897","NASHVILLE INTERNATIONAL AIRPORT, TN US","2018-09-17","4.03","0.00","78","88","73"
"USW00013897","NASHVILLE INTERNATIONAL AIRPORT, TN US","2018-09-18","2.01","0.00","80","95","69"
"USW00013897","NASHVILLE INTERNATIONAL AIRPORT, TN US","2018-09-19","2.01","0.00","81","96","69"
"USW00013897","NASHVILLE INTERNATIONAL AIRPORT, TN US","2018-09-20","5.14","0.00","84","97","71"
"USW00013897","NASHVILLE INTERNATIONAL AIRPORT, TN US","2018-09-21","7.83","0.19","81","91","73"
"USW00013897","NASHVILLE INTERNATIONAL AIRPORT, TN US","2018-09-22","6.26","0.78","75","83","68"
"USW00013897","NASHVILLE INTERNATIONAL AIRPORT, TN US","2018-09-23","2.91","1.87","71","75","69"
"USW00013897","NASHVILLE INTERNATIONAL AIRPORT, TN US","2018-09-24","7.38","0.86","73","76","70"
"USW00013897","NASHVILLE INTERNATIONAL AIRPORT, TN US","2018-09-25","8.05","0.09","76","84","72"
"USW00013897","NASHVILLE INTERNATIONAL AIRPORT, TN US","2018-09-26","4.25","0.53","73","76","66"
"USW00013897","NASHVILLE INTERNATIONAL AIRPORT, TN US","2018-09-27","6.04","0.91","65","68","57"
"USW00013897","NASHVILLE INTERNATIONAL AIRPORT, TN US","2018-09-28","1.79","0.00","64","78","55"
"USW00013897","NASHVILLE INTERNATIONAL AIRPORT, TN US","2018-09-29","4.92","0.00","68","81","58"
"USW00013897","NASHVILLE INTERNATIONAL AIRPORT, TN US","2018-09-30","2.46","0.00","71","88","59"
"USW00013897","NASHVILLE INTERNATIONAL AIRPORT, TN US","2018-10-01","6.71","0.00","74","83","67"
"USW00013897","NASHVILLE INTERNATIONAL AIRPORT, TN US","2018-10-02","3.58","0.39","75","83","69"
"USW00013897","NASHVILLE INTERNATIONAL AIRPORT, TN US","2018-10-03","4.47","0.00","75","89","66"
"USW00013897","NASHVILLE INTERNATIONAL AIRPORT, TN US","2018-10-04","4.25","0.00","78","91","68"
"USW00013897","NASHVILLE INTERNATIONAL AIRPORT, TN US","2018-10-05","4.70","0.00","79","92","69"
"USW00013897","NASHVILLE INTERNATIONAL AIRPORT, TN US","2018-10-06","2.91","0.00","79","90","69"
"USW00013897","NASHVILLE INTERNATIONAL AIRPORT, TN US","2018-10-07","2.68","0.14","76","89","68"
"USW00013897","NASHVILLE INTERNATIONAL AIRPORT, TN US","2018-10-08","5.82","0.07","76","88","67"
"USW00013897","NASHVILLE INTERNATIONAL AIRPORT, TN US","2018-10-09","8.28","0.00","76","85","70"
"USW00013897","NASHVILLE INTERNATIONAL AIRPORT, TN US","2018-10-10","6.26","0.36","76","85","72"
"USW00013897","NASHVILLE INTERNATIONAL AIRPORT, TN US","2018-10-11","10.51","0.00","66","74","51"
"USW00013897","NASHVILLE INTERNATIONAL AIRPORT, TN US","2018-10-12","5.14","0.00","56","67","46"
"USW00013897","NASHVILLE INTERNATIONAL AIRPORT, TN US","2018-10-13","6.93","0.00","54","61","50"
"USW00013897","NASHVILLE INTERNATIONAL AIRPORT, TN US","2018-10-14","6.26","0.23","59","69","53"
"USW00013897","NASHVILLE INTERNATIONAL AIRPORT, TN US","2018-10-15","6.93","1.03","65","69","49"
"USW00013897","NASHVILLE INTERNATIONAL AIRPORT, TN US","2018-10-16","4.92","0.05","51","55","47"
"USW00013897","NASHVILLE INTERNATIONAL AIRPORT, TN US","2018-10-17","4.70","0.00","55","70","45"
"USW00013897","NASHVILLE INTERNATIONAL AIRPORT, TN US","2018-10-18","7.61","0.00","55","65","46"
"USW00013897","NASHVILLE INTERNATIONAL AIRPORT, TN US","2018-10-19","4.47","0.03","56","76","40"
"USW00013897","NASHVILLE INTERNATIONAL AIRPORT, TN US","2018-10-20","8.95","0.16","60","68","42"
"USW00013897","NASHVILLE INTERNATIONAL AIRPORT, TN US","2018-10-21","4.70","0.00","48","58","35"
"USW00013897","NASHVILLE INTERNATIONAL AIRPORT, TN US","2018-10-22","3.80","0.00","47","65","34"
"USW00013897","NASHVILLE INTERNATIONAL AIRPORT, TN US","2018-10-23","2.01","0.00","54","72","41"
"USW00013897","NASHVILLE INTERNATIONAL AIRPORT, TN US","2018-10-24","6.71","0.00","53","66","40"
"USW00013897","NASHVILLE INTERNATIONAL AIRPORT, TN US","2018-10-25","5.82","0.26","53","59","48"
"USW00013897","NASHVILLE INTERNATIONAL AIRPORT, TN US","2018-10-26","6.71","0.16","53","57","51"
"USW00013897","NASHVILLE INTERNATIONAL AIRPORT, TN US","2018-10-27","6.26","0.01","52","53","43"
"USW00013897","NASHVILLE INTERNATIONAL AIRPORT, TN US","2018-10-28","7.16","0.00","56","77","42"
"USW00013897","NASHVILLE INTERNATIONAL AIRPORT, TN US","2018-10-29","3.36","0.00","54","67","39"
"USW00013897","NASHVILLE INTERNATIONAL AIRPORT, TN US","2018-10-30","7.38","0.00","56","77","42"
"USW00013897","NASHVILLE INTERNATIONAL AIRPORT, TN US","2018-10-31","13.42","0.00","67","77","60"
"USW00013897","NASHVILLE INTERNATIONAL AIRPORT, TN US","2018-11-01","13.87","0.30","67","71","50"
"USW00013897","NASHVILLE INTERNATIONAL AIRPORT, TN US","2018-11-02","6.26","0.00","51","56","44"
"USW00013897","NASHVILLE INTERNATIONAL AIRPORT, TN US","2018-11-03","5.82","0.00","50","64","38"
"USW00013897","NASHVILLE INTERNATIONAL AIRPORT, TN US","2018-11-04","12.97","0.18","54","64","46"
"USW00013897","NASHVILLE INTERNATIONAL AIRPORT, TN US","2018-11-05","11.41","1.33","58","72","52"
"USW00013897","NASHVILLE INTERNATIONAL AIRPORT, TN US","2018-11-06","4.92","0.13","65","71","50"
"USW00013897","NASHVILLE INTERNATIONAL AIRPORT, TN US","2018-11-07","6.04","0.01","54","57","45"
"USW00013897","NASHVILLE INTERNATIONAL AIRPORT, TN US","2018-11-08","9.17","0.00","50","58","43"
"USW00013897","NASHVILLE INTERNATIONAL AIRPORT, TN US","2018-11-09","9.17","0.51","48","52","37"
"USW00013897","NASHVILLE INTERNATIONAL AIRPORT, TN US","2018-11-10","8.50","0.00","36","41","29"
"USW00013897","NASHVILLE INTERNATIONAL AIRPORT, TN US","2018-11-11","2.46","0.00","36","53","25"
"USW00013897","NASHVILLE INTERNATIONAL AIRPORT, TN US","2018-11-12","7.38","0.52","45","49","40"
"USW00013897","NASHVILLE INTERNATIONAL AIRPORT, TN US","2018-11-13","11.86","0.06","41","44","34"
"USW00013897","NASHVILLE INTERNATIONAL AIRPORT, TN US","2018-11-14","10.74","0.97","35","37","32"
"USW00013897","NASHVILLE INTERNATIONAL AIRPORT, TN US","2018-11-15","6.04","0.00","35","37","29"
"USW00013897","NASHVILLE INTERNATIONAL AIRPORT, TN US","2018-11-16","4.70","0.00","38","58","27"
"USW00013897","NASHVILLE INTERNATIONAL AIRPORT, TN US","2018-11-17","4.03","0.00","45","65","30"
"USW00013897","NASHVILLE INTERNATIONAL AIRPORT, TN US","2018-11-18","4.70","0.00","51","65","39"
"USW00013897","NASHVILLE INTERNATIONAL AIRPORT, TN US","2018-11-19","6.71","0.00","51","60","45"
"USW00013897","NASHVILLE INTERNATIONAL AIRPORT, TN US","2018-11-20","7.38","0.00","45","47","35"
"USW00013897","NASHVILLE INTERNATIONAL AIRPORT, TN US","2018-11-21","1.79","0.00","40","54","28"
"USW00013897","NASHVILLE INTERNATIONAL AIRPORT, TN US","2018-11-22","2.01","0.00","43","61","30"
"USW00013897","NASHVILLE INTERNATIONAL AIRPORT, TN US","2018-11-23","10.29","0.20","45","54","36"
"USW00013897","NASHVILLE INTERNATIONAL AIRPORT, TN US","2018-11-24","8.50","0.01","53","65","45"
"USW00013897","NASHVILLE INTERNATIONAL AIRPORT, TN US","2018-11-25","11.41","0.01","51","63","41"
"USW00013897","NASHVILLE INTERNATIONAL AIRPORT, TN US","2018-11-26","11.86","0.00","43","48","33"
"USW00013897","NASHVILLE INTERNATIONAL AIRPORT, TN US","2018-11-27","8.72","0.00","32","38","22"
"USW00013897","NASHVILLE INTERNATIONAL AIRPORT, TN US","2018-11-28","4.25","0.00","28","40","20"
"USW00013897","NASHVILLE INTERNATIONAL AIRPORT, TN US","2018-11-29","8.28","0.06","41","61","30"
"USW00013897","NASHVILLE INTERNATIONAL AIRPORT, TN US","2018-11-30","9.62","0.24","61","66","60"
"USW00013897","NASHVILLE INTERNATIONAL AIRPORT, TN US","2018-12-01","13.42","0.44","60","63","56"
"USW00013897","NASHVILLE INTERNATIONAL AIRPORT, TN US","2018-12-02","8.50","0.00","60","71","48"
"USW00013897","NASHVILLE INTERNATIONAL AIRPORT, TN US","2018-12-03","7.38","0.00","47","48","38"
"USW00013897","NASHVILLE INTERNATIONAL AIRPORT, TN US","2018-12-04","7.61","0.00","40","42","37"
"USW00013897","NASHVILLE INTERNATIONAL AIRPORT, TN US","2018-12-05","7.16","0.03","36","42","25"
"USW00013897","NASHVILLE INTERNATIONAL AIRPORT, TN US","2018-12-06","6.04","0.00","34","47","24"
"USW00013897","NASHVILLE INTERNATIONAL AIRPORT, TN US","2018-12-07","6.26","0.00","42","44","39"
"USW00013897","NASHVILLE INTERNATIONAL AIRPORT, TN US","2018-12-08","9.17","0.41","39","40","34"
"USW00013897","NASHVILLE INTERNATIONAL AIRPORT, TN US","2018-12-09","10.51","0.58","35","39","34"
"USW00013897","NASHVILLE INTERNATIONAL AIRPORT, TN US","2018-12-10","7.61","0.00","38","45","26"
"USW00013897","NASHVILLE INTERNATIONAL AIRPORT, TN US","2018-12-11","4.92","0.00","33","50","20"
"USW00013897","NASHVILLE INTERNATIONAL AIRPORT, TN US","2018-12-12","8.50","0.00","43","55","35"
"USW00013897","NASHVILLE INTERNATIONAL AIRPORT, TN US","2018-12-13","9.17","0.02","52","63","45"
"USW00013897","NASHVILLE INTERNATIONAL AIRPORT, TN US","2018-12-14","6.71","0.17","54","56","51"
"USW00013897","NASHVILLE INTERNATIONAL AIRPORT, TN US","2018-12-15","4.25","0.00","53","56","43"
"USW00013897","NASHVILLE INTERNATIONAL AIRPORT, TN US","2018-12-16","6.26","0.02","51","59","45"
"USW00013897","NASHVILLE INTERNATIONAL AIRPORT, TN US","2018-12-17","4.03","0.00","47","61","32"
"USW00013897","NASHVILLE INTERNATIONAL AIRPORT, TN US","2018-12-18","1.57","0.00","43","54","30"
"USW00013897","NASHVILLE INTERNATIONAL AIRPORT, TN US","2018-12-19","4.92","0.00","43","60","30"
"USW00013897","NASHVILLE INTERNATIONAL AIRPORT, TN US","2018-12-20","6.49","0.64","49","49","47"
"USW00013897","NASHVILLE INTERNATIONAL AIRPORT, TN US","2018-12-21","11.41","0.10","44","47","38"
"USW00013897","NASHVILLE INTERNATIONAL AIRPORT, TN US","2018-12-22","5.82","0.00","40","52","29"
"USW00013897","NASHVILLE INTERNATIONAL AIRPORT, TN US","2018-12-23","5.82","0.13","41","45","31"
"USW00013897","NASHVILLE INTERNATIONAL AIRPORT, TN US","2018-12-24","3.36","0.00","36","49","27"
"USW00013897","NASHVILLE INTERNATIONAL AIRPORT, TN US","2018-12-25","3.80","0.00","40","53","33"
"USW00013897","NASHVILLE INTERNATIONAL AIRPORT, TN US","2018-12-26","4.70","0.00","45","56","37"
"USW00013897","NASHVILLE INTERNATIONAL AIRPORT, TN US","2018-12-27","17.00","0.59","54","62","48"
"USW00013897","NASHVILLE INTERNATIONAL AIRPORT, TN US","2018-12-28","7.61","0.10","60","63","39"
"USW00013897","NASHVILLE INTERNATIONAL AIRPORT, TN US","2018-12-29","6.49","0.00","41","46","33"
"USW00013897","NASHVILLE INTERNATIONAL AIRPORT, TN US","2018-12-30","4.47","0.21","44","60","37"
"USW00013897","NASHVILLE INTERNATIONAL AIRPORT, TN US","2018-12-31","11.18","1.97","58","68","51"
"USW00013897","NASHVILLE INTERNATIONAL AIRPORT, TN US","2019-01-01","7.16","0.00","53","57","46"
"USW00013897","NASHVILLE INTERNATIONAL AIRPORT, TN US","2019-01-02","2.24","0.41","46","48","44"
"USW00013897","NASHVILLE INTERNATIONAL AIRPORT, TN US","2019-01-03","4.92","0.06","44","45","41"
"USW00013897","NASHVILLE INTERNATIONAL AIRPORT, TN US","2019-01-04","7.83","0.33","48","59","41"
"USW00013897","NASHVILLE INTERNATIONAL AIRPORT, TN US","2019-01-05","4.03","0.00","46","60","36"
"USW00013897","NASHVILLE INTERNATIONAL AIRPORT, TN US","2019-01-06","3.58","0.00","48","65","36"
"USW00013897","NASHVILLE INTERNATIONAL AIRPORT, TN US","2019-01-07","11.18","0.00","55","65","44"
"USW00013897","NASHVILLE INTERNATIONAL AIRPORT, TN US","2019-01-08","11.63","0.00","62","71","45"
"USW00013897","NASHVILLE INTERNATIONAL AIRPORT, TN US","2019-01-09","11.41","0.00","45","48","30"
"USW00013897","NASHVILLE INTERNATIONAL AIRPORT, TN US","2019-01-10","8.28","0.00","31","37","24"
"USW00013897","NASHVILLE INTERNATIONAL AIRPORT, TN US","2019-01-11","4.92","0.08","32","44","24"
"USW00013897","NASHVILLE INTERNATIONAL AIRPORT, TN US","2019-01-12","6.71","0.30","42","50","37"
"USW00013897","NASHVILLE INTERNATIONAL AIRPORT, TN US","2019-01-13","7.38","0.03","45","47","37"
"USW00013897","NASHVILLE INTERNATIONAL AIRPORT, TN US","2019-01-14","7.16","0.00","37","38","35"
"USW00013897","NASHVILLE INTERNATIONAL AIRPORT, TN US","2019-01-15","4.03","0.00","36","38","30"
"USW00013897","NASHVILLE INTERNATIONAL AIRPORT, TN US","2019-01-16","4.70","0.00","36","47","27"
"USW00013897","NASHVILLE INTERNATIONAL AIRPORT, TN US","2019-01-17","6.93","0.42","44","49","39"
"USW00013897","NASHVILLE INTERNATIONAL AIRPORT, TN US","2019-01-18","6.04","0.00","47","49","43"
"USW00013897","NASHVILLE INTERNATIONAL AIRPORT, TN US","2019-01-19","11.18","1.88","52","61","30"
"USW00013897","NASHVILLE INTERNATIONAL AIRPORT, TN US","2019-01-20","12.53","0.00","30","30","22"
"USW00013897","NASHVILLE INTERNATIONAL AIRPORT, TN US","2019-01-21","7.38","0.00","24","32","18"
"USW00013897","NASHVILLE INTERNATIONAL AIRPORT, TN US","2019-01-22","13.65","0.00","36","56","25"
"USW00013897","NASHVILLE INTERNATIONAL AIRPORT, TN US","2019-01-23","15.21","1.00","52","56","33"
"USW00013897","NASHVILLE INTERNATIONAL AIRPORT, TN US","2019-01-24","9.62","0.00","35","42","29"
"USW00013897","NASHVILLE INTERNATIONAL AIRPORT, TN US","2019-01-25","5.82","0.00","32","38","24"
"USW00013897","NASHVILLE INTERNATIONAL AIRPORT, TN US","2019-01-26","6.71","0.00","36","49","28"
"USW00013897","NASHVILLE INTERNATIONAL AIRPORT, TN US","2019-01-27","4.25","0.00","43","55","33"
"USW00013897","NASHVILLE INTERNATIONAL AIRPORT, TN US","2019-01-28","9.62","0.03","43","58","29"
"USW00013897","NASHVILLE INTERNATIONAL AIRPORT, TN US","2019-01-29","11.18","0.00","33","34","21"
"USW00013897","NASHVILLE INTERNATIONAL AIRPORT, TN US","2019-01-30","8.72","0.00","25","28","17"
"USW00013897","NASHVILLE INTERNATIONAL AIRPORT, TN US","2019-01-31","4.70","0.00","24","43","16"
"USW00013897","NASHVILLE INTERNATIONAL AIRPORT, TN US","2019-02-01","6.04","0.00","46","59","40"
"USW00013897","NASHVILLE INTERNATIONAL AIRPORT, TN US","2019-02-02","2.68","0.00","52","67","43"
"USW00013897","NASHVILLE INTERNATIONAL AIRPORT, TN US","2019-02-03","5.82","0.00","53","70","39"
"USW00013897","NASHVILLE INTERNATIONAL AIRPORT, TN US","2019-02-04","9.17","0.00","57","68","49"
"USW00013897","NASHVILLE INTERNATIONAL AIRPORT, TN US","2019-02-05","6.93","0.00","63","73","56"
"USW00013897","NASHVILLE INTERNATIONAL AIRPORT, TN US","2019-02-06","8.50","4.00","65","70","59"
"USW00013897","NASHVILLE INTERNATIONAL AIRPORT, TN US","2019-02-07","15.21","0.37","68","78","43"
"USW00013897","NASHVILLE INTERNATIONAL AIRPORT, TN US","2019-02-08","12.08","0.00","38","43","26"
"USW00013897","NASHVILLE INTERNATIONAL AIRPORT, TN US","2019-02-09","9.84","0.00","30","43","22"
"USW00013897","NASHVILLE INTERNATIONAL AIRPORT, TN US","2019-02-10","5.59","0.84","40","47","37"
"USW00013897","NASHVILLE INTERNATIONAL AIRPORT, TN US","2019-02-11","8.05","0.11","51","60","47"
"USW00013897","NASHVILLE INTERNATIONAL AIRPORT, TN US","2019-02-12","10.51","0.86","57","62","40"
"USW00013897","NASHVILLE INTERNATIONAL AIRPORT, TN US","2019-02-13","6.93","0.00","42","54","34"
"USW00013897","NASHVILLE INTERNATIONAL AIRPORT, TN US","2019-02-14","12.75","0.00","47","60","36"
"USW00013897","NASHVILLE INTERNATIONAL AIRPORT, TN US","2019-02-15","9.40","0.59","53","57","36"
"USW00013897","NASHVILLE INTERNATIONAL AIRPORT, TN US","2019-02-16","8.28","0.06","38","44","33"
"USW00013897","NASHVILLE INTERNATIONAL AIRPORT, TN US","2019-02-17","5.14","1.49","43","49","40"
"USW00013897","NASHVILLE INTERNATIONAL AIRPORT, TN US","2019-02-18","10.07","0.00","40","43","32"
"USW00013897","NASHVILLE INTERNATIONAL AIRPORT, TN US","2019-02-19","9.62","0.78","35","43","31"
"USW00013897","NASHVILLE INTERNATIONAL AIRPORT, TN US","2019-02-20","10.74","1.24","47","56","43"
"USW00013897","NASHVILLE INTERNATIONAL AIRPORT, TN US","2019-02-21","6.93","0.31","49","54","41"
"USW00013897","NASHVILLE INTERNATIONAL AIRPORT, TN US","2019-02-22","6.26","0.85","47","52","45"
"USW00013897","NASHVILLE INTERNATIONAL AIRPORT, TN US","2019-02-23","11.63","1.97","54","68","51"
"USW00013897","NASHVILLE INTERNATIONAL AIRPORT, TN US","2019-02-24","12.08","0.00","57","67","39"
"USW00013897","NASHVILLE INTERNATIONAL AIRPORT, TN US","2019-02-25","4.25","0.00","43","53","33"
"USW00013897","NASHVILLE INTERNATIONAL AIRPORT, TN US","2019-02-26","2.46","0.00","47","66","31"
"USW00013897","NASHVILLE INTERNATIONAL AIRPORT, TN US","2019-02-27","4.25","0.00","53","74","36"
"USW00013897","NASHVILLE INTERNATIONAL AIRPORT, TN US","2019-02-28","7.61","0.00","51","53","41"
"USW00013897","NASHVILLE INTERNATIONAL AIRPORT, TN US","2019-03-01","5.82","0.01","42","44","40"
"USW00013897","NASHVILLE INTERNATIONAL AIRPORT, TN US","2019-03-02","5.82","0.00","41","43","40"
"USW00013897","NASHVILLE INTERNATIONAL AIRPORT, TN US","2019-03-03","10.29","0.53","40","43","30"
"USW00013897","NASHVILLE INTERNATIONAL AIRPORT, TN US","2019-03-04","10.96","0.00","28","33","21"
"USW00013897","NASHVILLE INTERNATIONAL AIRPORT, TN US","2019-03-05","8.50","0.00","27","39","19"
"USW00013897","NASHVILLE INTERNATIONAL AIRPORT, TN US","2019-03-06","3.13","0.00","29","42","18"
"USW00013897","NASHVILLE INTERNATIONAL AIRPORT, TN US","2019-03-07","3.80","0.00","37","47","27"
"USW00013897","NASHVILLE INTERNATIONAL AIRPORT, TN US","2019-03-08","4.47","0.45","45","52","41"
"USW00013897","NASHVILLE INTERNATIONAL AIRPORT, TN US","2019-03-09","11.86","1.91","55","67","50"
"USW00013897","NASHVILLE INTERNATIONAL AIRPORT, TN US","2019-03-10","7.38","0.00","62","68","52"
"USW00013897","NASHVILLE INTERNATIONAL AIRPORT, TN US","2019-03-11","6.26","0.01","52","63","46"
"USW00013897","NASHVILLE INTERNATIONAL AIRPORT, TN US","2019-03-12","5.59","0.00","51","63","40"
"USW00013897","NASHVILLE INTERNATIONAL AIRPORT, TN US","2019-03-13","15.21","0.00","61","77","51"
"USW00013897","NASHVILLE INTERNATIONAL AIRPORT, TN US","2019-03-14","20.58","0.03","70","75","60"
"USW00013897","NASHVILLE INTERNATIONAL AIRPORT, TN US","2019-03-15","8.95","0.00","56","60","39"
"USW00013897","NASHVILLE INTERNATIONAL AIRPORT, TN US","2019-03-16","6.04","0.00","45","58","29"
"USW00013897","NASHVILLE INTERNATIONAL AIRPORT, TN US","2019-03-17","7.83","0.00","46","64","29"
"USW00013897","NASHVILLE INTERNATIONAL AIRPORT, TN US","2019-03-18","7.16","0.00","47","55","37"
"USW00013897","NASHVILLE INTERNATIONAL AIRPORT, TN US","2019-03-19","5.82","0.00","44","59","30"
"USW00013897","NASHVILLE INTERNATIONAL AIRPORT, TN US","2019-03-20","6.71","0.00","49","67","31"
"USW00013897","NASHVILLE INTERNATIONAL AIRPORT, TN US","2019-03-21","10.29","0.00","54","62","43"
"USW00013897","NASHVILLE INTERNATIONAL AIRPORT, TN US","2019-03-22","8.28","0.00","50","69","33"
"USW00013897","NASHVILLE INTERNATIONAL AIRPORT, TN US","2019-03-23","5.14","0.00","52","65","39"
"USW00013897","NASHVILLE INTERNATIONAL AIRPORT, TN US","2019-03-24","5.59","0.00","55","72","42"
"USW00013897","NASHVILLE INTERNATIONAL AIRPORT, TN US","2019-03-25","9.84","0.20","59","69","48"
"USW00013897","NASHVILLE INTERNATIONAL AIRPORT, TN US","2019-03-26","11.63","0.00","50","58","39"
"USW00013897","NASHVILLE INTERNATIONAL AIRPORT, TN US","2019-03-27","4.47","0.00","49","68","31"
"USW00013897","NASHVILLE INTERNATIONAL AIRPORT, TN US","2019-03-28","10.29","0.00","59","74","46"
"USW00013897","NASHVILLE INTERNATIONAL AIRPORT, TN US","2019-03-29","7.38","0.01","62","72","52"
"USW00013897","NASHVILLE INTERNATIONAL AIRPORT, TN US","2019-03-30","14.99","0.44","66","74","41"
"USW00013897","NASHVILLE INTERNATIONAL AIRPORT, TN US","2019-03-31","11.41","0.00","45","52","35"
"USW00013897","NASHVILLE INTERNATIONAL AIRPORT, TN US","2019-04-01","7.83","0.00","41","55","30"
"USW00013897","NASHVILLE INTERNATIONAL AIRPORT, TN US","2019-04-02","5.82","0.00","52","64","41"
"USW00013897","NASHVILLE INTERNATIONAL AIRPORT, TN US","2019-04-03","4.47","0.00","55","73","37"
"USW00013897","NASHVILLE INTERNATIONAL AIRPORT, TN US","2019-04-04","8.72","0.03","61","70","48"
"USW00013897","NASHVILLE INTERNATIONAL AIRPORT, TN US","2019-04-05","4.03","0.37","59","64","56"
"USW00013897","NASHVILLE INTERNATIONAL AIRPORT, TN US","2019-04-06","3.36","0.00","63","79","51"
"USW00013897","NASHVILLE INTERNATIONAL AIRPORT, TN US","2019-04-07","7.38","0.92","67","75","62"
"USW00013897","NASHVILLE INTERNATIONAL AIRPORT, TN US","2019-04-08","6.26","1.43","64","67","62"
"USW00013897","NASHVILLE INTERNATIONAL AIRPORT, TN US","2019-04-09","7.83","0.00","68","81","58"
"USW00013897","NASHVILLE INTERNATIONAL AIRPORT, TN US","2019-04-10","4.92","0.00","67","84","49"
"USW00013897","NASHVILLE INTERNATIONAL AIRPORT, TN US","2019-04-11","16.11","0.00","74","85","65"
"USW00013897","NASHVILLE INTERNATIONAL AIRPORT, TN US","2019-04-12","6.71","0.08","69","75","57"
"USW00013897","NASHVILLE INTERNATIONAL AIRPORT, TN US","2019-04-13","5.14","0.86","60","64","56"
"USW00013897","NASHVILLE INTERNATIONAL AIRPORT, TN US","2019-04-14","14.99","0.72","64","76","43"
"USW00013897","NASHVILLE INTERNATIONAL AIRPORT, TN US","2019-04-15","5.37","0.00","50","67","38"
"USW00013897","NASHVILLE INTERNATIONAL AIRPORT, TN US","2019-04-16","8.95","0.00","61","79","45"
"USW00013897","NASHVILLE INTERNATIONAL AIRPORT, TN US","2019-04-17","10.74","0.00","68","81","57"
"USW00013897","NASHVILLE INTERNATIONAL AIRPORT, TN US","2019-04-18","11.86","0.69","70","78","59"
"USW00013897","NASHVILLE INTERNATIONAL AIRPORT, TN US","2019-04-19","10.74","0.74","55","60","41"
"USW00013897","NASHVILLE INTERNATIONAL AIRPORT, TN US","2019-04-20","6.04","0.23","44","50","39"
"USW00013897","NASHVILLE INTERNATIONAL AIRPORT, TN US","2019-04-21","2.91","0.00","52","75","35"
"USW00013897","NASHVILLE INTERNATIONAL AIRPORT, TN US","2019-04-22","3.80","0.00","64","83","46"
"USW00013897","NASHVILLE INTERNATIONAL AIRPORT, TN US","2019-04-23","5.82","0.00","69","82","56"
"USW00013897","NASHVILLE INTERNATIONAL AIRPORT, TN US","2019-04-24","5.37","0.00","70","83","55"
"USW00013897","NASHVILLE INTERNATIONAL AIRPORT, TN US","2019-04-25","10.96","0.21","70","77","62"
"USW00013897","NASHVILLE INTERNATIONAL AIRPORT, TN US","2019-04-26","12.30","0.00","64","73","46"
"USW00013897","NASHVILLE INTERNATIONAL AIRPORT, TN US","2019-04-27","9.17","0.00","60","77","43"
"USW00013897","NASHVILLE INTERNATIONAL AIRPORT, TN US","2019-04-28","8.05","0.00","67","70","54"
"USW00013897","NASHVILLE INTERNATIONAL AIRPORT, TN US","2019-04-29","6.49","0.00","67","86","52"
"USW00013897","NASHVILLE INTERNATIONAL AIRPORT, TN US","2019-04-30","8.72","0.00","74","87","61"
"USW00013897","NASHVILLE INTERNATIONAL AIRPORT, TN US","2019-05-01","9.84","0.02","75","86","64"
"USW00013897","NASHVILLE INTERNATIONAL AIRPORT, TN US","2019-05-02","6.49","0.07","72","85","63"
"USW00013897","NASHVILLE INTERNATIONAL AIRPORT, TN US","2019-05-03","5.82","0.22","69","77","64"
"USW00013897","NASHVILLE INTERNATIONAL AIRPORT, TN US","2019-05-04","4.47","0.29","69","74","64"
"USW00013897","NASHVILLE INTERNATIONAL AIRPORT, TN US","2019-05-05","6.71","0.09","64","69","54"
"USW00013897","NASHVILLE INTERNATIONAL AIRPORT, TN US","2019-05-06","3.36","0.00","64","80","50"
"USW00013897","NASHVILLE INTERNATIONAL AIRPORT, TN US","2019-05-07","2.24","0.00","70","85","54"
"USW00013897","NASHVILLE INTERNATIONAL AIRPORT, TN US","2019-05-08","8.95","0.00","74","89","60"
"USW00013897","NASHVILLE INTERNATIONAL AIRPORT, TN US","2019-05-09","8.28","0.40","73","78","63"
"USW00013897","NASHVILLE INTERNATIONAL AIRPORT, TN US","2019-05-10","5.82","0.02","68","75","58"
"USW00013897","NASHVILLE INTERNATIONAL AIRPORT, TN US","2019-05-11","4.92","0.26","62","70","58"
"USW00013897","NASHVILLE INTERNATIONAL AIRPORT, TN US","2019-05-12","6.71","0.00","63","67","54"
"USW00013897","NASHVILLE INTERNATIONAL AIRPORT, TN US","2019-05-13","5.59","0.00","59","67","48"
"USW00013897","NASHVILLE INTERNATIONAL AIRPORT, TN US","2019-05-14","3.13","0.00","58","73","45"
"USW00013897","NASHVILLE INTERNATIONAL AIRPORT, TN US","2019-05-15","4.70","0.14","59","69","49"
"USW00013897","NASHVILLE INTERNATIONAL AIRPORT, TN US","2019-05-16","3.80","0.00","69","88","54"
"USW00013897","NASHVILLE INTERNATIONAL AIRPORT, TN US","2019-05-17","5.82","0.00","80","89","67"
"USW00013897","NASHVILLE INTERNATIONAL AIRPORT, TN US","2019-05-18","9.17","0.00","78","90","65"
"USW00013897","NASHVILLE INTERNATIONAL AIRPORT, TN US","2019-05-19","10.96","0.06","76","83","68"
"USW00013897","NASHVILLE INTERNATIONAL AIRPORT, TN US","2019-05-20","5.37","0.00","76","87","66"
"USW00013897","NASHVILLE INTERNATIONAL AIRPORT, TN US","2019-05-21","8.95","0.00","76","91","60"
"USW00013897","NASHVILLE INTERNATIONAL AIRPORT, TN US","2019-05-22","12.53","0.00","81","92","72"
"USW00013897","NASHVILLE INTERNATIONAL AIRPORT, TN US","2019-05-23","6.49","0.00","81","91","68"
"USW00013897","NASHVILLE INTERNATIONAL AIRPORT, TN US","2019-05-24","3.36","0.01","81","93","67"
"USW00013897","NASHVILLE INTERNATIONAL AIRPORT, TN US","2019-05-25","6.71","0.00","82","93","70"
"USW00013897","NASHVILLE INTERNATIONAL AIRPORT, TN US","2019-05-26","6.49","0.00","81","93","68"
"USW00013897","NASHVILLE INTERNATIONAL AIRPORT, TN US","2019-05-27","5.82","0.00","81","93","68"
"USW00013897","NASHVILLE INTERNATIONAL AIRPORT, TN US","2019-05-28","7.38","0.00","83","93","72"
"USW00013897","NASHVILLE INTERNATIONAL AIRPORT, TN US","2019-05-29","8.95","0.00","84","94","75"
"USW00013897","NASHVILLE INTERNATIONAL AIRPORT, TN US","2019-05-30","5.82","0.01","79","86","69"
"USW00013897","NASHVILLE INTERNATIONAL AIRPORT, TN US","2019-05-31","5.14","0.00","76","87","66"
"USW00013897","NASHVILLE INTERNATIONAL AIRPORT, TN US","2019-06-01","4.03","0.00","76","88","63"
"USW00013897","NASHVILLE INTERNATIONAL AIRPORT, TN US","2019-06-02","7.38","0.00","78","91","67"
"USW00013897","NASHVILLE INTERNATIONAL AIRPORT, TN US","2019-06-03","7.38","0.00","76","85","65"
"USW00013897","NASHVILLE INTERNATIONAL AIRPORT, TN US","2019-06-04","5.82","0.00","74","87","60"
"USW00013897","NASHVILLE INTERNATIONAL AIRPORT, TN US","2019-06-05","8.72","0.00","81","94","73"
"USW00013897","NASHVILLE INTERNATIONAL AIRPORT, TN US","2019-06-06","7.38","0.21","77","79","72"
"USW00013897","NASHVILLE INTERNATIONAL AIRPORT, TN US","2019-06-07","6.26","1.92","73","80","70"
"USW00013897","NASHVILLE INTERNATIONAL AIRPORT, TN US","2019-06-08","6.49","0.05","74","84","71"
"USW00013897","NASHVILLE INTERNATIONAL AIRPORT, TN US","2019-06-09","4.47","0.95","77","87","72"
"USW00013897","NASHVILLE INTERNATIONAL AIRPORT, TN US","2019-06-10","8.50","0.00","76","84","61"
"USW00013897","NASHVILLE INTERNATIONAL AIRPORT, TN US","2019-06-11","7.83","0.00","69","77","56"
"USW00013897","NASHVILLE INTERNATIONAL AIRPORT, TN US","2019-06-12","5.82","0.00","70","81","59"
"USW00013897","NASHVILLE INTERNATIONAL AIRPORT, TN US","2019-06-13","8.95","0.00","70","78","57"
"USW00013897","NASHVILLE INTERNATIONAL AIRPORT, TN US","2019-06-14","5.82","0.00","68","82","52"
"USW00013897","NASHVILLE INTERNATIONAL AIRPORT, TN US","2019-06-15","11.41","0.00","77","89","68"
"USW00013897","NASHVILLE INTERNATIONAL AIRPORT, TN US","2019-06-16","9.84","0.43","82","92","72"
"USW00013897","NASHVILLE INTERNATIONAL AIRPORT, TN US","2019-06-17","5.59","0.28","80","90","71"
"USW00013897","NASHVILLE INTERNATIONAL AIRPORT, TN US","2019-06-18","4.70","1.01","76","86","70"
"USW00013897","NASHVILLE INTERNATIONAL AIRPORT, TN US","2019-06-19","6.26","0.88","79","89","70"
"USW00013897","NASHVILLE INTERNATIONAL AIRPORT, TN US","2019-06-20","7.38","0.03","76","85","68"
"USW00013897","NASHVILLE INTERNATIONAL AIRPORT, TN US","2019-06-21","6.26","0.06","78","91","66"
"USW00013897","NASHVILLE INTERNATIONAL AIRPORT, TN US","2019-06-22","5.82","0.15","76","91","67"
"USW00013897","NASHVILLE INTERNATIONAL AIRPORT, TN US","2019-06-23","7.38","0.14","79","93","67"
"USW00013897","NASHVILLE INTERNATIONAL AIRPORT, TN US","2019-06-24","7.61","0.49","78","85","70"
"USW00013897","NASHVILLE INTERNATIONAL AIRPORT, TN US","2019-06-25","4.70","0.00","79","90","69"
"USW00013897","NASHVILLE INTERNATIONAL AIRPORT, TN US","2019-06-26","5.59","1.28","79","91","70"
"USW00013897","NASHVILLE INTERNATIONAL AIRPORT, TN US","2019-06-27","4.70","0.46","78","89","67"
"USW00013897","NASHVILLE INTERNATIONAL AIRPORT, TN US","2019-06-28","4.03","0.00","76","91","67"
"USW00013897","NASHVILLE INTERNATIONAL AIRPORT, TN US","2019-06-29","4.03","0.00","82","92","72"
"USW00013897","NASHVILLE INTERNATIONAL AIRPORT, TN US","2019-06-30","4.03","0.00","83","94","73"
"USW00013897","NASHVILLE INTERNATIONAL AIRPORT, TN US","2019-07-01","4.92","0.00","83","93","72"
"USW00013897","NASHVILLE INTERNATIONAL AIRPORT, TN US","2019-07-02","3.80","0.00","82","93","73"
"USW00013897","NASHVILLE INTERNATIONAL AIRPORT, TN US","2019-07-03","3.58","0.23","83","92","73"
"USW00013897","NASHVILLE INTERNATIONAL AIRPORT, TN US","2019-07-04","2.91","0.26","78","91","71"
"USW00013897","NASHVILLE INTERNATIONAL AIRPORT, TN US","2019-07-05","3.80","0.00","80","91","72"
"USW00013897","NASHVILLE INTERNATIONAL AIRPORT, TN US","2019-07-06","4.25","0.09","81","93","71"
"USW00013897","NASHVILLE INTERNATIONAL AIRPORT, TN US","2019-07-07","4.25","0.38","80","93","75"
"USW00013897","NASHVILLE INTERNATIONAL AIRPORT, TN US","2019-07-08","5.14","0.00","82","94","74"
"USW00013897","NASHVILLE INTERNATIONAL AIRPORT, TN US","2019-07-09","3.58","0.00","85","96","74"
"USW00013897","NASHVILLE INTERNATIONAL AIRPORT, TN US","2019-07-10","3.80","0.01","84","93","74"
"USW00013897","NASHVILLE INTERNATIONAL AIRPORT, TN US","2019-07-11","4.92","0.00","83","95","75"
"USW00013897","NASHVILLE INTERNATIONAL AIRPORT, TN US","2019-07-12","5.14","0.00","84","93","75"
"USW00013897","NASHVILLE INTERNATIONAL AIRPORT, TN US","2019-07-13","5.37","0.00","84","95","76"
"USW00013897","NASHVILLE INTERNATIONAL AIRPORT, TN US","2019-07-14","4.47","0.00","79","87","73"
"USW00013897","NASHVILLE INTERNATIONAL AIRPORT, TN US","2019-07-15","6.71","0.03","78","86","73"
"USW00013897","NASHVILLE INTERNATIONAL AIRPORT, TN US","2019-07-16","11.63","0.01","80","92","74"
"USW00013897","NASHVILLE INTERNATIONAL AIRPORT, TN US","2019-07-17","6.93","0.01","81","90","76"
"USW00013897","NASHVILLE INTERNATIONAL AIRPORT, TN US","2019-07-18","6.71","0.04","81","91","74"
"USW00013897","NASHVILLE INTERNATIONAL AIRPORT, TN US","2019-07-19","4.70","0.00","82","96","73"
"USW00013897","NASHVILLE INTERNATIONAL AIRPORT, TN US","2019-07-20","6.49","0.39","85","97","77"
"USW00013897","NASHVILLE INTERNATIONAL AIRPORT, TN US","2019-07-21","5.37","0.06","78","90","72"
"USW00013897","NASHVILLE INTERNATIONAL AIRPORT, TN US","2019-07-22","6.49","2.63","80","90","70"
"USW00013897","NASHVILLE INTERNATIONAL AIRPORT, TN US","2019-07-23","10.29","0.01","74","83","68"
"USW00013897","NASHVILLE INTERNATIONAL AIRPORT, TN US","2019-07-24","6.04","0.00","74","85","61"
"USW00013897","NASHVILLE INTERNATIONAL AIRPORT, TN US","2019-07-25","4.47","0.00","74","86","60"
"USW00013897","NASHVILLE INTERNATIONAL AIRPORT, TN US","2019-07-26","3.36","0.00","77","90","64"
"USW00013897","NASHVILLE INTERNATIONAL AIRPORT, TN US","2019-07-27","3.80","0.00","79","91","66"
"USW00013897","NASHVILLE INTERNATIONAL AIRPORT, TN US","2019-07-28","3.58","0.00","81","93","66"
"USW00013897","NASHVILLE INTERNATIONAL AIRPORT, TN US","2019-07-29","5.37","0.00","81","92","69"
"USW00013897","NASHVILLE INTERNATIONAL AIRPORT, TN US","2019-07-30","4.70","0.66","80","91","72"
"USW00013897","NASHVILLE INTERNATIONAL AIRPORT, TN US","2019-07-31","3.80","0.00","78","91","70"
"USW00013897","NASHVILLE INTERNATIONAL AIRPORT, TN US","2019-08-01","5.82","0.00","81","92","71"
"USW00013897","NASHVILLE INTERNATIONAL AIRPORT, TN US","2019-08-02","2.91","0.86","81","92","70"
"USW00013897","NASHVILLE INTERNATIONAL AIRPORT, TN US","2019-08-03","3.80","0.07","79","92","70"
"USW00013897","NASHVILLE INTERNATIONAL AIRPORT, TN US","2019-08-04","2.46","0.56","75","87","69"
"USW00013897","NASHVILLE INTERNATIONAL AIRPORT, TN US","2019-08-05","2.46","0.00","77","91","68"
"USW00013897","NASHVILLE INTERNATIONAL AIRPORT, TN US","2019-08-06","4.92","0.60","80","92","68"
"USW00013897","NASHVILLE INTERNATIONAL AIRPORT, TN US","2019-08-07","5.82","0.00","78","91","67"
"USW00013897","NASHVILLE INTERNATIONAL AIRPORT, TN US","2019-08-08","2.24","0.00","80","90","73"
"USW00013897","NASHVILLE INTERNATIONAL AIRPORT, TN US","2019-08-09","4.03","0.00","83","92","77"
"USW00013897","NASHVILLE INTERNATIONAL AIRPORT, TN US","2019-08-10","4.92","0.00","84","93","74"
"USW00013897","NASHVILLE INTERNATIONAL AIRPORT, TN US","2019-08-11","1.57","0.00","82","94","69"
"USW00013897","NASHVILLE INTERNATIONAL AIRPORT, TN US","2019-08-12","3.58","0.00","81","95","69"
"USW00013897","NASHVILLE INTERNATIONAL AIRPORT, TN US","2019-08-13","5.82","1.47","84","97","74"
"USW00013897","NASHVILLE INTERNATIONAL AIRPORT, TN US","2019-08-14","5.14","0.00","81","92","72"
"USW00013897","NASHVILLE INTERNATIONAL AIRPORT, TN US","2019-08-15","4.47","0.00","80","91","68"
"USW00013897","NASHVILLE INTERNATIONAL AIRPORT, TN US","2019-08-16","2.91","0.00","78","91","64"
"USW00013897","NASHVILLE INTERNATIONAL AIRPORT, TN US","2019-08-17","3.80","0.00","81","93","70"
"USW00013897","NASHVILLE INTERNATIONAL AIRPORT, TN US","2019-08-18","3.36","0.00","83","96","70"
"USW00013897","NASHVILLE INTERNATIONAL AIRPORT, TN US","2019-08-19","3.80","0.00","84","96","74"
"USW00013897","NASHVILLE INTERNATIONAL AIRPORT, TN US","2019-08-20","5.82","0.02","84","96","73"
"USW00013897","NASHVILLE INTERNATIONAL AIRPORT, TN US","2019-08-21","4.92","0.00","82","96","72"
"USW00013897","NASHVILLE INTERNATIONAL AIRPORT, TN US","2019-08-22","3.58","0.16","83","90","73"
"USW00013897","NASHVILLE INTERNATIONAL AIRPORT, TN US","2019-08-23","5.37","0.00","78","90","72"
"USW00013897","NASHVILLE INTERNATIONAL AIRPORT, TN US","2019-08-24","6.93","0.00","77","86","70"
"USW00013897","NASHVILLE INTERNATIONAL AIRPORT, TN US","2019-08-25","6.26","0.76","77","85","71"
"USW00013897","NASHVILLE INTERNATIONAL AIRPORT, TN US","2019-08-26","11.18","0.28","73","77","70"
"USW00013897","NASHVILLE INTERNATIONAL AIRPORT, TN US","2019-08-27","6.26","0.00","77","88","72"
"USW00013897","NASHVILLE INTERNATIONAL AIRPORT, TN US","2019-08-28","5.37","0.00","78","88","64"
"USW00013897","NASHVILLE INTERNATIONAL AIRPORT, TN US","2019-08-29","2.68","0.00","73","86","58"
"USW00013897","NASHVILLE INTERNATIONAL AIRPORT, TN US","2019-08-30","4.03","0.00","76","92","62"
"USW00013897","NASHVILLE INTERNATIONAL AIRPORT, TN US","2019-08-31","4.03","0.00","78","92","64"
"USW00013897","NASHVILLE INTERNATIONAL AIRPORT, TN US","2019-09-01","3.13","0.00","79","91","67"
"USW00013897","NASHVILLE INTERNATIONAL AIRPORT, TN US","2019-09-02","4.92","0.00","80","93","71"
"USW00013897","NASHVILLE INTERNATIONAL AIRPORT, TN US","2019-09-03","2.91","0.00","81","94","68"
"USW00013897","NASHVILLE INTERNATIONAL AIRPORT, TN US","2019-09-04","5.37","0.00","81","97","68"
"USW00013897","NASHVILLE INTERNATIONAL AIRPORT, TN US","2019-09-05","8.28","0.00","78","87","66"
"USW00013897","NASHVILLE INTERNATIONAL AIRPORT, TN US","2019-09-06","4.70","0.00","77","93","63"
"USW00013897","NASHVILLE INTERNATIONAL AIRPORT, TN US","2019-09-07","6.71","0.00","79","88","66"
"USW00013897","NASHVILLE INTERNATIONAL AIRPORT, TN US","2019-09-08","3.36","0.00","76","89","63"
"USW00013897","NASHVILLE INTERNATIONAL AIRPORT, TN US","2019-09-09","4.03","0.00","80","95","67"
"USW00013897","NASHVILLE INTERNATIONAL AIRPORT, TN US","2019-09-10","4.92","0.01","82","99","70"
"USW00013897","NASHVILLE INTERNATIONAL AIRPORT, TN US","2019-09-11","3.80","0.00","80","98","70"
"USW00013897","NASHVILLE INTERNATIONAL AIRPORT, TN US","2019-09-12","3.36","0.00","83","97","71"
"USW00013897","NASHVILLE INTERNATIONAL AIRPORT, TN US","2019-09-13","3.36","0.00","85","99","73"
"USW00013897","NASHVILLE INTERNATIONAL AIRPORT, TN US","2019-09-14","5.82","0.00","84","94","71"
"USW00013897","NASHVILLE INTERNATIONAL AIRPORT, TN US","2019-09-15","2.46","0.00","80","97","65"
"USW00013897","NASHVILLE INTERNATIONAL AIRPORT, TN US","2019-09-16","2.46","0.00","84","99","71"
"USW00013897","NASHVILLE INTERNATIONAL AIRPORT, TN US","2019-09-17","4.70","0.00","84","96","72"
"USW00013897","NASHVILLE INTERNATIONAL AIRPORT, TN US","2019-09-18","3.80","0.00","81","95","68"
"USW00013897","NASHVILLE INTERNATIONAL AIRPORT, TN US","2019-09-19","9.17","0.00","80","91","70"
"USW00013897","NASHVILLE INTERNATIONAL AIRPORT, TN US","2019-09-20","8.05","0.00","78","89","68"
"USW00013897","NASHVILLE INTERNATIONAL AIRPORT, TN US","2019-09-21","5.82","0.00","78","92","66"
"USW00013897","NASHVILLE INTERNATIONAL AIRPORT, TN US","2019-09-22","6.26","0.00","77","92","64"
"USW00013897","NASHVILLE INTERNATIONAL AIRPORT, TN US","2019-09-23","5.59","0.01","77","89","69"
"USW00013897","NASHVILLE INTERNATIONAL AIRPORT, TN US","2019-09-24","5.82","0.00","75","85","60"
"USW00013897","NASHVILLE INTERNATIONAL AIRPORT, TN US","2019-09-25","4.25","0.00","72","92","57"
"USW00013897","NASHVILLE INTERNATIONAL AIRPORT, TN US","2019-09-26","4.25","0.00","76","82","68"
"USW00013897","NASHVILLE INTERNATIONAL AIRPORT, TN US","2019-09-27","5.59","0.00","78","95","68"
"USW00013897","NASHVILLE INTERNATIONAL AIRPORT, TN US","2019-09-28","4.92","0.00","82","94","71"
"USW00013897","NASHVILLE INTERNATIONAL AIRPORT, TN US","2019-09-29","2.01","0.00","82","97","68"
"USW00013897","NASHVILLE INTERNATIONAL AIRPORT, TN US","2019-09-30","2.46","0.00","83","98","70"
"USW00013897","NASHVILLE INTERNATIONAL AIRPORT, TN US","2019-10-01","2.91","0.00","83","98","70"
"USW00013897","NASHVILLE INTERNATIONAL AIRPORT, TN US","2019-10-02","3.58","0.00","82","99","68"
"USW00013897","NASHVILLE INTERNATIONAL AIRPORT, TN US","2019-10-03","6.26","0.00","82","99","65"
"USW00013897","NASHVILLE INTERNATIONAL AIRPORT, TN US","2019-10-04","10.96","0.00","78","85","65"
"USW00013897","NASHVILLE INTERNATIONAL AIRPORT, TN US","2019-10-05","5.82","0.00","74","95","58"
"USW00013897","NASHVILLE INTERNATIONAL AIRPORT, TN US","2019-10-06","8.28","0.95","77","82","66"
"USW00013897","NASHVILLE INTERNATIONAL AIRPORT, TN US","2019-10-07","9.17","1.24","65","68","55"
"USW00013897","NASHVILLE INTERNATIONAL AIRPORT, TN US","2019-10-08","6.93","0.00","61","77","55"
"USW00013897","NASHVILLE INTERNATIONAL AIRPORT, TN US","2019-10-09","2.91","0.00","66","83","53"
"USW00013897","NASHVILLE INTERNATIONAL AIRPORT, TN US","2019-10-10","6.71","0.00","71","83","62"
"USW00013897","NASHVILLE INTERNATIONAL AIRPORT, TN US","2019-10-11","12.30","0.30","74","86","48"
"USW00013897","NASHVILLE INTERNATIONAL AIRPORT, TN US","2019-10-12","5.59","0.00","53","64","42"
"USW00013897","NASHVILLE INTERNATIONAL AIRPORT, TN US","2019-10-13","2.91","0.00","52","72","38"
"USW00013897","NASHVILLE INTERNATIONAL AIRPORT, TN US","2019-10-14","2.91","0.00","57","76","44"
"USW00013897","NASHVILLE INTERNATIONAL AIRPORT, TN US","2019-10-15","6.93","0.00","64","79","52"
"USW00013897","NASHVILLE INTERNATIONAL AIRPORT, TN US","2019-10-16","10.29","0.35","63","68","45"
"USW00013897","NASHVILLE INTERNATIONAL AIRPORT, TN US","2019-10-17","3.80","0.00","52","63","41"
"USW00013897","NASHVILLE INTERNATIONAL AIRPORT, TN US","2019-10-18","4.70","0.00","54","72","40"
"USW00013897","NASHVILLE INTERNATIONAL AIRPORT, TN US","2019-10-19","3.80","0.01","57","68","45"
"USW00013897","NASHVILLE INTERNATIONAL AIRPORT, TN US","2019-10-20","2.24","0.00","65","78","60"
"USW00013897","NASHVILLE INTERNATIONAL AIRPORT, TN US","2019-10-21","10.07","0.33","65","74","60"
"USW00013897","NASHVILLE INTERNATIONAL AIRPORT, TN US","2019-10-22","7.38","0.00","61","67","48"
"USW00013897","NASHVILLE INTERNATIONAL AIRPORT, TN US","2019-10-23","4.47","0.00","55","70","40"
"USW00013897","NASHVILLE INTERNATIONAL AIRPORT, TN US","2019-10-24","3.36","0.00","56","73","42"
"USW00013897","NASHVILLE INTERNATIONAL AIRPORT, TN US","2019-10-25","4.25","1.00","55","61","48"
"USW00013897","NASHVILLE INTERNATIONAL AIRPORT, TN US","2019-10-26","12.30","0.65","65","76","58"
"USW00013897","NASHVILLE INTERNATIONAL AIRPORT, TN US","2019-10-27","2.91","0.02","60","63","49"
"USW00013897","NASHVILLE INTERNATIONAL AIRPORT, TN US","2019-10-28","2.24","0.00","55","65","46"
"USW00013897","NASHVILLE INTERNATIONAL AIRPORT, TN US","2019-10-29","3.13","0.00","57","62","50"
"USW00013897","NASHVILLE INTERNATIONAL AIRPORT, TN US","2019-10-30","3.36","0.66","60","72","57"
"USW00013897","NASHVILLE INTERNATIONAL AIRPORT, TN US","2019-10-31","10.07","0.95","53","69","33"
"USW00013897","NASHVILLE INTERNATIONAL AIRPORT, TN US","2019-11-01","2.46","0.00","39","53","30"
"USW00013897","NASHVILLE INTERNATIONAL AIRPORT, TN US","2019-11-02","4.70","0.00","42","58","28"
"USW00013897","NASHVILLE INTERNATIONAL AIRPORT, TN US","2019-11-03","3.58","0.00","44","60","31"
"USW00013897","NASHVILLE INTERNATIONAL AIRPORT, TN US","2019-11-04","6.04","0.00","47","65","33"
"USW00013897","NASHVILLE INTERNATIONAL AIRPORT, TN US","2019-11-05","4.70","0.00","51","64","41"
"USW00013897","NASHVILLE INTERNATIONAL AIRPORT, TN US","2019-11-06","3.36","0.00","52","74","37"
"USW00013897","NASHVILLE INTERNATIONAL AIRPORT, TN US","2019-11-07","8.05","0.73","55","59","39"
"USW00013897","NASHVILLE INTERNATIONAL AIRPORT, TN US","2019-11-08","8.72","0.00","38","44","28"
"USW00013897","NASHVILLE INTERNATIONAL AIRPORT, TN US","2019-11-09","5.14","0.00","38","57","24"
"USW00013897","NASHVILLE INTERNATIONAL AIRPORT, TN US","2019-11-10","8.28","0.00","51","69","38"
"USW00013897","NASHVILLE INTERNATIONAL AIRPORT, TN US","2019-11-11","8.95","0.34","54","64","29"
"USW00013897","NASHVILLE INTERNATIONAL AIRPORT, TN US","2019-11-12","12.75","0.02","29","29","18"
"USW00013897","NASHVILLE INTERNATIONAL AIRPORT, TN US","2019-11-13","5.14","0.00","26","44","17"
"USW00013897","NASHVILLE INTERNATIONAL AIRPORT, TN US","2019-11-14","5.14","0.00","39","55","28"
"USW00013897","NASHVILLE INTERNATIONAL AIRPORT, TN US","2019-11-15","7.16","0.00","41","50","32"
"USW00013897","NASHVILLE INTERNATIONAL AIRPORT, TN US","2019-11-16","6.71","0.00","40","57","28"
"USW00013897","NASHVILLE INTERNATIONAL AIRPORT, TN US","2019-11-17","2.01","0.00","42","57","28"
"USW00013897","NASHVILLE INTERNATIONAL AIRPORT, TN US","2019-11-18","4.92","0.00","45","53","37"
"USW00013897","NASHVILLE INTERNATIONAL AIRPORT, TN US","2019-11-19","6.93","0.00","49","65","40"
"USW00013897","NASHVILLE INTERNATIONAL AIRPORT, TN US","2019-11-20","1.57","0.00","47","60","33"
"USW00013897","NASHVILLE INTERNATIONAL AIRPORT, TN US","2019-11-21","7.83","0.00","53","64","43"
"USW00013897","NASHVILLE INTERNATIONAL AIRPORT, TN US","2019-11-22","6.93","1.12","55","61","48"
"USW00013897","NASHVILLE INTERNATIONAL AIRPORT, TN US","2019-11-23","8.28","0.37","48","51","41"
"USW00013897","NASHVILLE INTERNATIONAL AIRPORT, TN US","2019-11-24","5.82","0.00","44","55","34"
"USW00013897","NASHVILLE INTERNATIONAL AIRPORT, TN US","2019-11-25","7.16","0.00","46","65","33"
"USW00013897","NASHVILLE INTERNATIONAL AIRPORT, TN US","2019-11-26","9.17","0.89","52","64","42"
"USW00013897","NASHVILLE INTERNATIONAL AIRPORT, TN US","2019-11-27","11.41","0.45","60","67","41"
"USW00013897","NASHVILLE INTERNATIONAL AIRPORT, TN US","2019-11-28","5.82","0.00","44","50","35"
"USW00013897","NASHVILLE INTERNATIONAL AIRPORT, TN US","2019-11-29","4.03","0.00","47","54","44"
"USW00013897","NASHVILLE INTERNATIONAL AIRPORT, TN US","2019-11-30","7.83","1.47","56","65","50"
"USW00013897","NASHVILLE INTERNATIONAL AIRPORT, TN US","2019-12-01","12.75","0.00","57","65","42"
"USW00013897","NASHVILLE INTERNATIONAL AIRPORT, TN US","2019-12-02","10.29","0.02","40","42","35"
"USW00013897","NASHVILLE INTERNATIONAL AIRPORT, TN US","2019-12-03","4.92","0.00","39","47","34"
"USW00013897","NASHVILLE INTERNATIONAL AIRPORT, TN US","2019-12-04","6.26","0.00","47","61","38"
"USW00013897","NASHVILLE INTERNATIONAL AIRPORT, TN US","2019-12-05","4.70","0.00","49","64","33"
"USW00013897","NASHVILLE INTERNATIONAL AIRPORT, TN US","2019-12-06","4.70","0.03","53","58","49"
"USW00013897","NASHVILLE INTERNATIONAL AIRPORT, TN US","2019-12-07","4.25","0.00","51","58","39"
"USW00013897","NASHVILLE INTERNATIONAL AIRPORT, TN US","2019-12-08","9.84","0.00","48","63","36"
"USW00013897","NASHVILLE INTERNATIONAL AIRPORT, TN US","2019-12-09","14.76","0.50","60","68","57"
"USW00013897","NASHVILLE INTERNATIONAL AIRPORT, TN US","2019-12-10","8.50","0.30","48","63","31"
"USW00013897","NASHVILLE INTERNATIONAL AIRPORT, TN US","2019-12-11","2.68","0.00","35","49","24"
"USW00013897","NASHVILLE INTERNATIONAL AIRPORT, TN US","2019-12-12","5.82","0.00","38","56","25"
"USW00013897","NASHVILLE INTERNATIONAL AIRPORT, TN US","2019-12-13","4.92","0.04","48","50","45"
"USW00013897","NASHVILLE INTERNATIONAL AIRPORT, TN US","2019-12-14","5.82","0.01","47","53","44"
"USW00013897","NASHVILLE INTERNATIONAL AIRPORT, TN US","2019-12-15","8.05","0.00","46","61","40"
"USW00013897","NASHVILLE INTERNATIONAL AIRPORT, TN US","2019-12-16","6.49","1.41","55","64","45"
"USW00013897","NASHVILLE INTERNATIONAL AIRPORT, TN US","2019-12-17","10.29","0.02","40","45","31"
"USW00013897","NASHVILLE INTERNATIONAL AIRPORT, TN US","2019-12-18","4.92","0.00","31","37","25"
"USW00013897","NASHVILLE INTERNATIONAL AIRPORT, TN US","2019-12-19","2.68","0.00","32","49","23"
"USW00013897","NASHVILLE INTERNATIONAL AIRPORT, TN US","2019-12-20","1.79","0.00","37","53","26"
"USW00013897","NASHVILLE INTERNATIONAL AIRPORT, TN US","2019-12-21","1.57","0.00","45","55","38"
"USW00013897","NASHVILLE INTERNATIONAL AIRPORT, TN US","2019-12-22","3.58","0.09","47","51","42"
"USW00013897","NASHVILLE INTERNATIONAL AIRPORT, TN US","2019-12-23","8.72","0.00","54","69","46"
"USW00013897","NASHVILLE INTERNATIONAL AIRPORT, TN US","2019-12-24","2.91","0.00","54","70","39"
"USW00013897","NASHVILLE INTERNATIONAL AIRPORT, TN US","2019-12-25","4.70","0.00","53","69","38"
"USW00013897","NASHVILLE INTERNATIONAL AIRPORT, TN US","2019-12-26","3.58","0.00","56","64","47"
"USW00013897","NASHVILLE INTERNATIONAL AIRPORT, TN US","2019-12-27","2.91","0.01","58","65","49"
"USW00013897","NASHVILLE INTERNATIONAL AIRPORT, TN US","2019-12-28","7.61","0.04","58","73","49"
"USW00013897","NASHVILLE INTERNATIONAL AIRPORT, TN US","2019-12-29","9.17","2.53","64","67","54"
"USW00013897","NASHVILLE INTERNATIONAL AIRPORT, TN US","2019-12-30","9.84","0.00","52","54","43"
"USW00013897","NASHVILLE INTERNATIONAL AIRPORT, TN US","2019-12-31","8.50","0.00","45","51","38"
"USW00013897","NASHVILLE INTERNATIONAL AIRPORT, TN US","2020-01-01","6.04","0.00","42","52","33"
"USW00013897","NASHVILLE INTERNATIONAL AIRPORT, TN US","2020-01-02","9.62","1.23","49","54","46"
"USW00013897","NASHVILLE INTERNATIONAL AIRPORT, TN US","2020-01-03","4.03","0.39","55","59","52"
"USW00013897","NASHVILLE INTERNATIONAL AIRPORT, TN US","2020-01-04","9.84","0.03","47","55","35"
"USW00013897","NASHVILLE INTERNATIONAL AIRPORT, TN US","2020-01-05","6.49","0.00","40","56","29"
"USW00013897","NASHVILLE INTERNATIONAL AIRPORT, TN US","2020-01-06","3.80","0.08","45","55","32"
"USW00013897","NASHVILLE INTERNATIONAL AIRPORT, TN US","2020-01-07","6.93","0.00","46","54","36"
"USW00013897","NASHVILLE INTERNATIONAL AIRPORT, TN US","2020-01-08","4.03","0.00","46","60","34"
"USW00013897","NASHVILLE INTERNATIONAL AIRPORT, TN US","2020-01-09","13.20","0.00","48","62","37"
"USW00013897","NASHVILLE INTERNATIONAL AIRPORT, TN US","2020-01-10","15.66","0.07","61","68","59"
"USW00013897","NASHVILLE INTERNATIONAL AIRPORT, TN US","2020-01-11","15.88","1.51","64","71","46"
"USW00013897","NASHVILLE INTERNATIONAL AIRPORT, TN US","2020-01-12","3.80","0.00","48","53","38"
"USW00013897","NASHVILLE INTERNATIONAL AIRPORT, TN US","2020-01-13","2.91","0.00","45","57","37"
"USW00013897","NASHVILLE INTERNATIONAL AIRPORT, TN US","2020-01-14","4.25","0.63","57","63","52"
"USW00013897","NASHVILLE INTERNATIONAL AIRPORT, TN US","2020-01-15","7.38","0.03","62","70","55"
"USW00013897","NASHVILLE INTERNATIONAL AIRPORT, TN US","2020-01-16","11.41","0.00","52","55","35"
"USW00013897","NASHVILLE INTERNATIONAL AIRPORT, TN US","2020-01-17","9.62","0.00","38","53","34"
"USW00013897","NASHVILLE INTERNATIONAL AIRPORT, TN US","2020-01-18","15.88","0.22","51","57","39"
"USW00013897","NASHVILLE INTERNATIONAL AIRPORT, TN US","2020-01-19","11.63","0.00","38","40","23"
"USW00013897","NASHVILLE INTERNATIONAL AIRPORT, TN US","2020-01-20","10.07","0.00","23","25","20"
"USW00013897","NASHVILLE INTERNATIONAL AIRPORT, TN US","2020-01-21","8.28","0.00","27","37","24"
"USW00013897","NASHVILLE INTERNATIONAL AIRPORT, TN US","2020-01-22","2.91","0.00","31","47","20"
"USW00013897","NASHVILLE INTERNATIONAL AIRPORT, TN US","2020-01-23","6.04","0.71","42","49","37"
"USW00013897","NASHVILLE INTERNATIONAL AIRPORT, TN US","2020-01-24","8.05","0.09","47","53","40"
"USW00013897","NASHVILLE INTERNATIONAL AIRPORT, TN US","2020-01-25","6.26","0.00","40","40","31"
"USW00013897","NASHVILLE INTERNATIONAL AIRPORT, TN US","2020-01-26","6.26","0.02","39","50","30"
"USW00013897","NASHVILLE INTERNATIONAL AIRPORT, TN US","2020-01-27","6.93","0.05","49","59","37"
"USW00013897","NASHVILLE INTERNATIONAL AIRPORT, TN US","2020-01-28","4.70","0.00","40","47","33"
"USW00013897","NASHVILLE INTERNATIONAL AIRPORT, TN US","2020-01-29","6.26","0.00","41","48","38"
"USW00013897","NASHVILLE INTERNATIONAL AIRPORT, TN US","2020-01-30","4.70","0.00","43","50","40"
"USW00013897","NASHVILLE INTERNATIONAL AIRPORT, TN US","2020-01-31","2.46","0.02","46","50","42"
"USW00013897","NASHVILLE INTERNATIONAL AIRPORT, TN US","2020-02-01","5.37","0.11","47","49","36"
"USW00013897","NASHVILLE INTERNATIONAL AIRPORT, TN US","2020-02-02","7.83","0.00","49","71","34"
"USW00013897","NASHVILLE INTERNATIONAL AIRPORT, TN US","2020-02-03","10.96","0.00","60","72","50"
"USW00013897","NASHVILLE INTERNATIONAL AIRPORT, TN US","2020-02-04","10.74","0.81","62","65","57"
"USW00013897","NASHVILLE INTERNATIONAL AIRPORT, TN US","2020-02-05","6.49","0.84","53","59","46"
"USW00013897","NASHVILLE INTERNATIONAL AIRPORT, TN US","2020-02-06","7.83","0.20","44","47","33"
"USW00013897","NASHVILLE INTERNATIONAL AIRPORT, TN US","2020-02-07","8.28","0.04","34","36","29"
"USW00013897","NASHVILLE INTERNATIONAL AIRPORT, TN US","2020-02-08","5.59","0.00","38","52","30"
"USW00013897","NASHVILLE INTERNATIONAL AIRPORT, TN US","2020-02-09","12.97","0.06","44","65","30"
"USW00013897","NASHVILLE INTERNATIONAL AIRPORT, TN US","2020-02-10","9.40","1.14","54","57","49"
"USW00013897","NASHVILLE INTERNATIONAL AIRPORT, TN US","2020-02-11","8.50","0.54","47","49","41"
"USW00013897","NASHVILLE INTERNATIONAL AIRPORT, TN US","2020-02-12","5.14","1.41","43","59","40"
"USW00013897","NASHVILLE INTERNATIONAL AIRPORT, TN US","2020-02-13","11.41","0.27","46","51","26"
"USW00013897","NASHVILLE INTERNATIONAL AIRPORT, TN US","2020-02-14","8.05","0.00","28","34","20"
"USW00013897","NASHVILLE INTERNATIONAL AIRPORT, TN US","2020-02-15","6.93","0.00","32","54","17"
"USW00013897","NASHVILLE INTERNATIONAL AIRPORT, TN US","2020-02-16","5.59","0.00","51","61","43"
"USW00013897","NASHVILLE INTERNATIONAL AIRPORT, TN US","2020-02-17","9.62","0.00","52","69","40"
"USW00013897","NASHVILLE INTERNATIONAL AIRPORT, TN US","2020-02-18","10.74","0.33","56","60","42"
"USW00013897","NASHVILLE INTERNATIONAL AIRPORT, TN US","2020-02-19","11.63","0.00","44","54","37"
"USW00013897","NASHVILLE INTERNATIONAL AIRPORT, TN US","2020-02-20","11.86","0.16","41","43","30"
"USW00013897","NASHVILLE INTERNATIONAL AIRPORT, TN US","2020-02-21","7.61","0.00","33","44","23"
"USW00013897","NASHVILLE INTERNATIONAL AIRPORT, TN US","2020-02-22","4.03","0.00","35","54","21"
"USW00013897","NASHVILLE INTERNATIONAL AIRPORT, TN US","2020-02-23","6.93","0.01","44","58","34"
"USW00013897","NASHVILLE INTERNATIONAL AIRPORT, TN US","2020-02-24","10.96","0.61","47","54","44"
"USW00013897","NASHVILLE INTERNATIONAL AIRPORT, TN US","2020-02-25","6.49","0.02","53","56","47"
"USW00013897","NASHVILLE INTERNATIONAL AIRPORT, TN US","2020-02-26","11.63","0.02","45","47","34"
"USW00013897","NASHVILLE INTERNATIONAL AIRPORT, TN US","2020-02-27","7.38","0.00","37","48","32"
"USW00013897","NASHVILLE INTERNATIONAL AIRPORT, TN US","2020-02-28","7.16","0.12","42","51","37"
"USW00013897","NASHVILLE INTERNATIONAL AIRPORT, TN US","2020-02-29","5.14","0.00","40","51","31"
"USW00013897","NASHVILLE INTERNATIONAL AIRPORT, TN US","2020-03-01","9.62","0.02","47","70","31"
"USW00013897","NASHVILLE INTERNATIONAL AIRPORT, TN US","2020-03-02","10.51","0.43","56","62","50"
"USW00013897","NASHVILLE INTERNATIONAL AIRPORT, TN US","2020-03-03","8.50","0.58","62","68","47"
"USW00013897","NASHVILLE INTERNATIONAL AIRPORT, TN US","2020-03-04","4.70","0.00","54","65","43"
"USW00013897","NASHVILLE INTERNATIONAL AIRPORT, TN US","2020-03-05","5.82","0.00","55","68","45"
"USW00013897","NASHVILLE INTERNATIONAL AIRPORT, TN US","2020-03-06","14.99","0.00","51","56","34"
"USW00013897","NASHVILLE INTERNATIONAL AIRPORT, TN US","2020-03-07","4.92","0.00","41","56","30"
"USW00013897","NASHVILLE INTERNATIONAL AIRPORT, TN US","2020-03-08","9.17","0.00","49","69","32"
"USW00013897","NASHVILLE INTERNATIONAL AIRPORT, TN US","2020-03-09","13.20","0.00","57","67","50"
"USW00013897","NASHVILLE INTERNATIONAL AIRPORT, TN US","2020-03-10","10.74","0.20","62","71","50"
"USW00013897","NASHVILLE INTERNATIONAL AIRPORT, TN US","2020-03-11","4.03","0.03","53","59","45"
"USW00013897","NASHVILLE INTERNATIONAL AIRPORT, TN US","2020-03-12","9.17","0.00","60","74","50"
"USW00013897","NASHVILLE INTERNATIONAL AIRPORT, TN US","2020-03-13","10.51","0.07","62","67","51"
"USW00013897","NASHVILLE INTERNATIONAL AIRPORT, TN US","2020-03-14","7.61","0.25","51","54","44"
"USW00013897","NASHVILLE INTERNATIONAL AIRPORT, TN US","2020-03-15","10.07","0.01","44","46","41"
"USW00013897","NASHVILLE INTERNATIONAL AIRPORT, TN US","2020-03-16","2.24","0.01","45","54","42"
"USW00013897","NASHVILLE INTERNATIONAL AIRPORT, TN US","2020-03-17","6.26","1.00","52","57","50"
"USW00013897","NASHVILLE INTERNATIONAL AIRPORT, TN US","2020-03-18","5.37","0.62","57","70","49"
"USW00013897","NASHVILLE INTERNATIONAL AIRPORT, TN US","2020-03-19","11.41","0.01","68","79","63"
"USW00013897","NASHVILLE INTERNATIONAL AIRPORT, TN US","2020-03-20","11.41","0.79","70","73","48"
"USW00013897","NASHVILLE INTERNATIONAL AIRPORT, TN US","2020-03-21","8.05","0.00","49","52","40"
"USW00013897","NASHVILLE INTERNATIONAL AIRPORT, TN US","2020-03-22","5.14","0.14","46","61","39"
"USW00013897","NASHVILLE INTERNATIONAL AIRPORT, TN US","2020-03-23","4.92","0.39","55","61","48"
"USW00013897","NASHVILLE INTERNATIONAL AIRPORT, TN US","2020-03-24","5.82","0.97","53","63","46"
"USW00013897","NASHVILLE INTERNATIONAL AIRPORT, TN US","2020-03-25","4.92","0.00","54","61","47"
"USW00013897","NASHVILLE INTERNATIONAL AIRPORT, TN US","2020-03-26","9.62","0.00","60","83","43"
"USW00013897","NASHVILLE INTERNATIONAL AIRPORT, TN US","2020-03-27","8.95","0.00","74","84","64"
"USW00013897","NASHVILLE INTERNATIONAL AIRPORT, TN US","2020-03-28","12.30","0.16","76","83","69"
"USW00013897","NASHVILLE INTERNATIONAL AIRPORT, TN US","2020-03-29","9.62","0.20","71","75","54"
"USW00013897","NASHVILLE INTERNATIONAL AIRPORT, TN US","2020-03-30","3.80","0.00","60","66","46"
"USW00013897","NASHVILLE INTERNATIONAL AIRPORT, TN US","2020-03-31","12.08","0.64","53","57","46"
"USW00013897","NASHVILLE INTERNATIONAL AIRPORT, TN US","2020-04-01","6.04","0.00","49","60","39"
"USW00013897","NASHVILLE INTERNATIONAL AIRPORT, TN US","2020-04-02","2.01","0.00","51","68","38"
"USW00013897","NASHVILLE INTERNATIONAL AIRPORT, TN US","2020-04-03","3.80","0.00","58","74","43"
"USW00013897","NASHVILLE INTERNATIONAL AIRPORT, TN US","2020-04-04","4.03","0.00","67","77","56"
"USW00013897","NASHVILLE INTERNATIONAL AIRPORT, TN US","2020-04-05","4.70","0.00","65","80","51"
"USW00013897","NASHVILLE INTERNATIONAL AIRPORT, TN US","2020-04-06","3.80","0.00","67","83","52"
"USW00013897","NASHVILLE INTERNATIONAL AIRPORT, TN US","2020-04-07","8.72","0.00","71","81","63"
"USW00013897","NASHVILLE INTERNATIONAL AIRPORT, TN US","2020-04-08","6.49","0.24","72","85","62"
"USW00013897","NASHVILLE INTERNATIONAL AIRPORT, TN US","2020-04-09","10.74","0.03","64","68","53"
"USW00013897","NASHVILLE INTERNATIONAL AIRPORT, TN US","2020-04-10","8.50","0.00","51","58","38"
"USW00013897","NASHVILLE INTERNATIONAL AIRPORT, TN US","2020-04-11","5.14","0.00","51","71","35"
"USW00013897","NASHVILLE INTERNATIONAL AIRPORT, TN US","2020-04-12","9.40","2.23","57","66","53"
"USW00013897","NASHVILLE INTERNATIONAL AIRPORT, TN US","2020-04-13","10.07","0.41","55","66","43"
"USW00013897","NASHVILLE INTERNATIONAL AIRPORT, TN US","2020-04-14","8.50","0.00","46","52","35"
"USW00013897","NASHVILLE INTERNATIONAL AIRPORT, TN US","2020-04-15","3.80","0.00","44","62","30"
"USW00013897","NASHVILLE INTERNATIONAL AIRPORT, TN US","2020-04-16","5.14","0.00","51","65","39"
"USW00013897","NASHVILLE INTERNATIONAL AIRPORT, TN US","2020-04-17","11.41","0.20","59","77","43"
"USW00013897","NASHVILLE INTERNATIONAL AIRPORT, TN US","2020-04-18","7.61","0.06","52","58","41"
"USW00013897","NASHVILLE INTERNATIONAL AIRPORT, TN US","2020-04-19","4.47","0.27","51","66","42"
"USW00013897","NASHVILLE INTERNATIONAL AIRPORT, TN US","2020-04-20","6.49","0.04","58","73","48"
"USW00013897","NASHVILLE INTERNATIONAL AIRPORT, TN US","2020-04-21","8.72","0.10","64","74","48"
"USW00013897","NASHVILLE INTERNATIONAL AIRPORT, TN US","2020-04-22","6.26","0.11","58","71","41"
"USW00013897","NASHVILLE INTERNATIONAL AIRPORT, TN US","2020-04-23","8.95","0.61","60","72","53"
"USW00013897","NASHVILLE INTERNATIONAL AIRPORT, TN US","2020-04-24","5.82","0.00","63","72","56"
"USW00013897","NASHVILLE INTERNATIONAL AIRPORT, TN US","2020-04-25","9.62","0.39","60","66","54"
"USW00013897","NASHVILLE INTERNATIONAL AIRPORT, TN US","2020-04-26","11.41","0.00","54","55","42"
"USW00013897","NASHVILLE INTERNATIONAL AIRPORT, TN US","2020-04-27","2.91","0.00","53","73","37"
"USW00013897","NASHVILLE INTERNATIONAL AIRPORT, TN US","2020-04-28","9.84","0.03","63","80","51"
"USW00013897","NASHVILLE INTERNATIONAL AIRPORT, TN US","2020-04-29","10.74","0.10","66","71","56"
"USW00013897","NASHVILLE INTERNATIONAL AIRPORT, TN US","2020-04-30","9.62","0.00","60","69","50"
"USW00013897","NASHVILLE INTERNATIONAL AIRPORT, TN US","2020-05-01","4.47","0.00","61","79","43"
"USW00013897","NASHVILLE INTERNATIONAL AIRPORT, TN US","2020-05-02","7.83","0.00","69","85","54"
"USW00013897","NASHVILLE INTERNATIONAL AIRPORT, TN US","2020-05-03","8.05","0.41","73","85","61"
"USW00013897","NASHVILLE INTERNATIONAL AIRPORT, TN US","2020-05-04","7.16","0.37","69","80","61"
"USW00013897","NASHVILLE INTERNATIONAL AIRPORT, TN US","2020-05-05","7.61","0.01","67","73","51"
"USW00013897","NASHVILLE INTERNATIONAL AIRPORT, TN US","2020-05-06","9.17","0.02","55","62","48"
"USW00013897","NASHVILLE INTERNATIONAL AIRPORT, TN US","2020-05-07","5.82","0.00","56","72","44"
"USW00013897","NASHVILLE INTERNATIONAL AIRPORT, TN US","2020-05-08","8.50","0.30","56","59","44"
"USW00013897","NASHVILLE INTERNATIONAL AIRPORT, TN US","2020-05-09","3.36","0.00","51","64","35"
"USW00013897","NASHVILLE INTERNATIONAL AIRPORT, TN US","2020-05-10","7.38","0.00","56","73","38"
"USW00013897","NASHVILLE INTERNATIONAL AIRPORT, TN US","2020-05-11","6.04","0.00","55","66","40"
"USW00013897","NASHVILLE INTERNATIONAL AIRPORT, TN US","2020-05-12","3.36","0.06","55","63","48"
"USW00013897","NASHVILLE INTERNATIONAL AIRPORT, TN US","2020-05-13","5.14","0.07","58","70","53"
"USW00013897","NASHVILLE INTERNATIONAL AIRPORT, TN US","2020-05-14","10.51","0.00","69","86","55"
"USW00013897","NASHVILLE INTERNATIONAL AIRPORT, TN US","2020-05-15","9.84","0.00","75","84","66"
"USW00013897","NASHVILLE INTERNATIONAL AIRPORT, TN US","2020-05-16","6.26","0.00","76","87","66"
"USW00013897","NASHVILLE INTERNATIONAL AIRPORT, TN US","2020-05-17","10.74","0.01","75","82","66"
"USW00013897","NASHVILLE INTERNATIONAL AIRPORT, TN US","2020-05-18","8.50","0.02","71","76","59"
"USW00013897","NASHVILLE INTERNATIONAL AIRPORT, TN US","2020-05-19","3.58","0.16","64","73","56"
"USW00013897","NASHVILLE INTERNATIONAL AIRPORT, TN US","2020-05-20","5.14","0.03","62","72","54"
"USW00013897","NASHVILLE INTERNATIONAL AIRPORT, TN US","2020-05-21","4.25","0.01","65","76","58"
"USW00013897","NASHVILLE INTERNATIONAL AIRPORT, TN US","2020-05-22","4.92","0.27","68","79","62"
"USW00013897","NASHVILLE INTERNATIONAL AIRPORT, TN US","2020-05-23","6.71","0.00","74","87","62"
"USW00013897","NASHVILLE INTERNATIONAL AIRPORT, TN US","2020-05-24","3.58","0.00","78","88","68"
"USW00013897","NASHVILLE INTERNATIONAL AIRPORT, TN US","2020-05-25","6.93","0.14","76","91","66"
"USW00013897","NASHVILLE INTERNATIONAL AIRPORT, TN US","2020-05-26","6.49","0.09","74","84","67"
"USW00013897","NASHVILLE INTERNATIONAL AIRPORT, TN US","2020-05-27","7.38","0.60","71","77","66"
"USW00013897","NASHVILLE INTERNATIONAL AIRPORT, TN US","2020-05-28","6.71","0.13","72","84","62"
"USW00013897","NASHVILLE INTERNATIONAL AIRPORT, TN US","2020-05-29","6.49","0.00","72","83","63"
"USW00013897","NASHVILLE INTERNATIONAL AIRPORT, TN US","2020-05-30","6.71","0.00","72","83","61"
"USW00013897","NASHVILLE INTERNATIONAL AIRPORT, TN US","2020-05-31","9.17","0.00","71","81","58"
"USW00013897","NASHVILLE INTERNATIONAL AIRPORT, TN US","2020-06-01","4.92","0.00","70","85","53"
"USW00013897","NASHVILLE INTERNATIONAL AIRPORT, TN US","2020-06-02","5.59","0.00","77","91","64"
"USW00013897","NASHVILLE INTERNATIONAL AIRPORT, TN US","2020-06-03","5.82","0.00","79","91","68"
"USW00013897","NASHVILLE INTERNATIONAL AIRPORT, TN US","2020-06-04","8.72","0.62","78","87","70"
"USW00013897","NASHVILLE INTERNATIONAL AIRPORT, TN US","2020-06-05","5.37","0.00","79","91","71"
"USW00013897","NASHVILLE INTERNATIONAL AIRPORT, TN US","2020-06-06","3.58","0.00","82","94","71"
"USW00013897","NASHVILLE INTERNATIONAL AIRPORT, TN US","2020-06-07","7.16","0.00","83","95","70"
"USW00013897","NASHVILLE INTERNATIONAL AIRPORT, TN US","2020-06-08","9.84","0.00","82","90","71"
"USW00013897","NASHVILLE INTERNATIONAL AIRPORT, TN US","2020-06-09","14.32","0.06","82","90","76"
"USW00013897","NASHVILLE INTERNATIONAL AIRPORT, TN US","2020-06-10","13.65","0.00","84","94","68"
"USW00013897","NASHVILLE INTERNATIONAL AIRPORT, TN US","2020-06-11","6.49","0.00","74","86","63"
"USW00013897","NASHVILLE INTERNATIONAL AIRPORT, TN US","2020-06-12","6.71","0.00","76","89","59"
"USW00013897","NASHVILLE INTERNATIONAL AIRPORT, TN US","2020-06-13","3.13","0.00","77","91","60"
"USW00013897","NASHVILLE INTERNATIONAL AIRPORT, TN US","2020-06-14","6.26","0.00","74","83","61"
"USW00013897","NASHVILLE INTERNATIONAL AIRPORT, TN US","2020-06-15","8.28","0.00","73","83","61"
"USW00013897","NASHVILLE INTERNATIONAL AIRPORT, TN US","2020-06-16","6.93","0.00","72","83","60"
"USW00013897","NASHVILLE INTERNATIONAL AIRPORT, TN US","2020-06-17","3.58","0.00","73","82","61"
"USW00013897","NASHVILLE INTERNATIONAL AIRPORT, TN US","2020-06-18","4.70","0.00","74","87","63"
"USW00013897","NASHVILLE INTERNATIONAL AIRPORT, TN US","2020-06-19","3.80","0.00","77","92","65"
"USW00013897","NASHVILLE INTERNATIONAL AIRPORT, TN US","2020-06-20","2.46","0.00","79","95","67"
"USW00013897","NASHVILLE INTERNATIONAL AIRPORT, TN US","2020-06-21","5.14","0.64","76","80","69"
"USW00013897","NASHVILLE INTERNATIONAL AIRPORT, TN US","2020-06-22","7.61","0.05","77","88","67"
"USW00013897","NASHVILLE INTERNATIONAL AIRPORT, TN US","2020-06-23","6.93","0.52","78","88","69"
"USW00013897","NASHVILLE INTERNATIONAL AIRPORT, TN US","2020-06-24","4.03","0.01","76","88","66"
"USW00013897","NASHVILLE INTERNATIONAL AIRPORT, TN US","2020-06-25","3.13","0.00","77","88","67"
"USW00013897","NASHVILLE INTERNATIONAL AIRPORT, TN US","2020-06-26","6.93","0.00","76","88","66"
"USW00013897","NASHVILLE INTERNATIONAL AIRPORT, TN US","2020-06-27","8.50","0.00","78","88","72"
"USW00013897","NASHVILLE INTERNATIONAL AIRPORT, TN US","2020-06-28","7.83","0.00","82","94","73"
"USW00013897","NASHVILLE INTERNATIONAL AIRPORT, TN US","2020-06-29","4.47","0.01","79","94","72"
"USW00013897","NASHVILLE INTERNATIONAL AIRPORT, TN US","2020-06-30","5.59","1.42","75","83","71"
"USW00013897","NASHVILLE INTERNATIONAL AIRPORT, TN US","2020-07-01","4.25","0.07","75","84","70"
"USW00013897","NASHVILLE INTERNATIONAL AIRPORT, TN US","2020-07-02","2.91","0.00","79","93","69"
"USW00013897","NASHVILLE INTERNATIONAL AIRPORT, TN US","2020-07-03","5.14","0.00","84","94","73"
"USW00013897","NASHVILLE INTERNATIONAL AIRPORT, TN US","2020-07-04","4.03","0.41","83","96","70"
"USW00013897","NASHVILLE INTERNATIONAL AIRPORT, TN US","2020-07-05","3.58","0.00","81","93","73"
"USW00013897","NASHVILLE INTERNATIONAL AIRPORT, TN US","2020-07-06","3.80","0.00","80","92","73"
"USW00013897","NASHVILLE INTERNATIONAL AIRPORT, TN US","2020-07-07","4.47","0.00","83","94","74"
"USW00013897","NASHVILLE INTERNATIONAL AIRPORT, TN US","2020-07-08","3.36","0.00","83","95","73"
"USW00013897","NASHVILLE INTERNATIONAL AIRPORT, TN US","2020-07-09","2.91","0.00","81","94","72"
"USW00013897","NASHVILLE INTERNATIONAL AIRPORT, TN US","2020-07-10","7.16","0.00","84","95","74"
"USW00013897","NASHVILLE INTERNATIONAL AIRPORT, TN US","2020-07-11","6.26","0.00","83","93","69"
"USW00013897","NASHVILLE INTERNATIONAL AIRPORT, TN US","2020-07-12","9.17","0.70","78","89","67"
"USW00013897","NASHVILLE INTERNATIONAL AIRPORT, TN US","2020-07-13","4.92","0.00","80","91","70"
"USW00013897","NASHVILLE INTERNATIONAL AIRPORT, TN US","2020-07-14","2.91","0.00","81","92","69"
"USW00013897","NASHVILLE INTERNATIONAL AIRPORT, TN US","2020-07-15","4.70","0.00","83","95","70"
"USW00013897","NASHVILLE INTERNATIONAL AIRPORT, TN US","2020-07-16","6.04","0.00","85","95","75"
"USW00013897","NASHVILLE INTERNATIONAL AIRPORT, TN US","2020-07-17","4.92","0.00","85","95","75"
"USW00013897","NASHVILLE INTERNATIONAL AIRPORT, TN US","2020-07-18","2.24","0.00","86","98","76"
"USW00013897","NASHVILLE INTERNATIONAL AIRPORT, TN US","2020-07-19","4.92","0.00","87","98","76"
"USW00013897","NASHVILLE INTERNATIONAL AIRPORT, TN US","2020-07-20","6.04","0.00","87","98","75"
"USW00013897","NASHVILLE INTERNATIONAL AIRPORT, TN US","2020-07-21","4.47","0.03","82","97","72"
"USW00013897","NASHVILLE INTERNATIONAL AIRPORT, TN US","2020-07-22","5.82","0.12","80","91","72"
"USW00013897","NASHVILLE INTERNATIONAL AIRPORT, TN US","2020-07-23","3.36","0.01","79","94","74"
"USW00013897","NASHVILLE INTERNATIONAL AIRPORT, TN US","2020-07-24","3.80","0.00","81","92","74"
"USW00013897","NASHVILLE INTERNATIONAL AIRPORT, TN US","2020-07-25","3.80","0.16","81","94","74"
"USW00013897","NASHVILLE INTERNATIONAL AIRPORT, TN US","2020-07-26","4.70","0.21","81","93","72"
"USW00013897","NASHVILLE INTERNATIONAL AIRPORT, TN US","2020-07-27","5.37","0.05","84","95","74"
"USW00013897","NASHVILLE INTERNATIONAL AIRPORT, TN US","2020-07-28","3.58","1.45","84","96","73"
"USW00013897","NASHVILLE INTERNATIONAL AIRPORT, TN US","2020-07-29","2.46","0.00","80","91","74"
"USW00013897","NASHVILLE INTERNATIONAL AIRPORT, TN US","2020-07-30","7.38","0.67","81","91","76"
"USW00013897","NASHVILLE INTERNATIONAL AIRPORT, TN US","2020-07-31","4.92","0.54","81","90","73"
"USW00013897","NASHVILLE INTERNATIONAL AIRPORT, TN US","2020-08-01","8.72","0.33","78","82","70"
"USW00013897","NASHVILLE INTERNATIONAL AIRPORT, TN US","2020-08-02","2.68","0.00","75","86","66"
"USW00013897","NASHVILLE INTERNATIONAL AIRPORT, TN US","2020-08-03","2.24","0.00","78","89","67"
"USW00013897","NASHVILLE INTERNATIONAL AIRPORT, TN US","2020-08-04","6.49","0.00","76","84","70"
"USW00013897","NASHVILLE INTERNATIONAL AIRPORT, TN US","2020-08-05","6.26","0.00","76","87","67"
"USW00013897","NASHVILLE INTERNATIONAL AIRPORT, TN US","2020-08-06","6.26","0.00","77","89","68"
"USW00013897","NASHVILLE INTERNATIONAL AIRPORT, TN US","2020-08-07","5.37","0.00","78","90","68"
"USW00013897","NASHVILLE INTERNATIONAL AIRPORT, TN US","2020-08-08","3.36","0.00","80","94","67"
"USW00013897","NASHVILLE INTERNATIONAL AIRPORT, TN US","2020-08-09","3.80","0.04","82","95","71"
"USW00013897","NASHVILLE INTERNATIONAL AIRPORT, TN US","2020-08-10","5.59","0.00","83","97","74"
"USW00013897","NASHVILLE INTERNATIONAL AIRPORT, TN US","2020-08-11","4.70","0.00","82","92","72"
"USW00013897","NASHVILLE INTERNATIONAL AIRPORT, TN US","2020-08-12","3.36","0.09","80","90","75"
"USW00013897","NASHVILLE INTERNATIONAL AIRPORT, TN US","2020-08-13","2.91","0.51","81","94","72"
"USW00013897","NASHVILLE INTERNATIONAL AIRPORT, TN US","2020-08-14","4.25","0.03","78","88","74"
"USW00013897","NASHVILLE INTERNATIONAL AIRPORT, TN US","2020-08-15","6.93","0.00","79","90","72"
"USW00013897","NASHVILLE INTERNATIONAL AIRPORT, TN US","2020-08-16","5.59","0.00","80","91","70"
"USW00013897","NASHVILLE INTERNATIONAL AIRPORT, TN US","2020-08-17","4.25","0.00","79","91","66"
"USW00013897","NASHVILLE INTERNATIONAL AIRPORT, TN US","2020-08-18","5.82","0.00","80","91","68"
"USW00013897","NASHVILLE INTERNATIONAL AIRPORT, TN US","2020-08-19","8.50","0.00","75","85","68"
"USW00013897","NASHVILLE INTERNATIONAL AIRPORT, TN US","2020-08-20","6.04","0.00","77","89","68"
"USW00013897","NASHVILLE INTERNATIONAL AIRPORT, TN US","2020-08-21","4.47","1.54","76","79","68"
"USW00013897","NASHVILLE INTERNATIONAL AIRPORT, TN US","2020-08-22","2.46","0.25","74","85","69"
"USW00013897","NASHVILLE INTERNATIONAL AIRPORT, TN US","2020-08-23","2.68","0.03","77","88","67"
"USW00013897","NASHVILLE INTERNATIONAL AIRPORT, TN US","2020-08-24","2.24","0.41","80","92","69"
"USW00013897","NASHVILLE INTERNATIONAL AIRPORT, TN US","2020-08-25","4.70","0.00","81","93","73"
"USW00013897","NASHVILLE INTERNATIONAL AIRPORT, TN US","2020-08-26","2.91","0.00","80","89","73"
"USW00013897","NASHVILLE INTERNATIONAL AIRPORT, TN US","2020-08-27","6.49","0.65","81","90","73"
"USW00013897","NASHVILLE INTERNATIONAL AIRPORT, TN US","2020-08-28","10.29","0.71","78","84","73"
"USW00013897","NASHVILLE INTERNATIONAL AIRPORT, TN US","2020-08-29","6.04","0.01","80","92","74"
"USW00013897","NASHVILLE INTERNATIONAL AIRPORT, TN US","2020-08-30","3.58","0.86","78","88","73"
"USW00013897","NASHVILLE INTERNATIONAL AIRPORT, TN US","2020-08-31","4.70","0.41","78","86","72"
"USW00013897","NASHVILLE INTERNATIONAL AIRPORT, TN US","2020-09-01","4.70","0.10","77","88","71"
"USW00013897","NASHVILLE INTERNATIONAL AIRPORT, TN US","2020-09-02","7.38","0.01","80","90","75"
"USW00013897","NASHVILLE INTERNATIONAL AIRPORT, TN US","2020-09-03","7.16","0.07","82","89","76"
"USW00013897","NASHVILLE INTERNATIONAL AIRPORT, TN US","2020-09-04","5.14","0.00","79","87","63"
"USW00013897","NASHVILLE INTERNATIONAL AIRPORT, TN US","2020-09-05","2.91","0.00","72","87","59"
"USW00013897","NASHVILLE INTERNATIONAL AIRPORT, TN US","2020-09-06","3.80","0.00","73","88","60"
"USW00013897","NASHVILLE INTERNATIONAL AIRPORT, TN US","2020-09-07","5.82","0.00","75","90","62"
"USW00013897","NASHVILLE INTERNATIONAL AIRPORT, TN US","2020-09-08","3.80","0.00","76","90","64"
"USW00013897","NASHVILLE INTERNATIONAL AIRPORT, TN US","2020-09-09","2.24","0.00","77","91","66"
"USW00013897","NASHVILLE INTERNATIONAL AIRPORT, TN US","2020-09-10","3.36","0.00","79","92","68"
"USW00013897","NASHVILLE INTERNATIONAL AIRPORT, TN US","2020-09-11","4.92","0.00","81","92","71"
"USW00013897","NASHVILLE INTERNATIONAL AIRPORT, TN US","2020-09-12","4.70","0.20","80","91","73"
"USW00013897","NASHVILLE INTERNATIONAL AIRPORT, TN US","2020-09-13","3.36","3.27","74","76","71"
"USW00013897","NASHVILLE INTERNATIONAL AIRPORT, TN US","2020-09-14","9.17","0.00","76","84","68"
"USW00013897","NASHVILLE INTERNATIONAL AIRPORT, TN US","2020-09-15","5.37","0.00","73","85","65"
"USW00013897","NASHVILLE INTERNATIONAL AIRPORT, TN US","2020-09-16","3.80","0.00","76","86","67"
"USW00013897","NASHVILLE INTERNATIONAL AIRPORT, TN US","2020-09-17","10.74","0.00","79","86","67"
"USW00013897","NASHVILLE INTERNATIONAL AIRPORT, TN US","2020-09-18","11.41","0.00","70","77","58"
"USW00013897","NASHVILLE INTERNATIONAL AIRPORT, TN US","2020-09-19","7.16","0.00","64","77","54"
"USW00013897","NASHVILLE INTERNATIONAL AIRPORT, TN US","2020-09-20","5.14","0.00","67","80","57"
"USW00013897","NASHVILLE INTERNATIONAL AIRPORT, TN US","2020-09-21","4.03","0.00","66","77","55"
"USW00013897","NASHVILLE INTERNATIONAL AIRPORT, TN US","2020-09-22","3.80","0.00","62","75","52"
"USW00013897","NASHVILLE INTERNATIONAL AIRPORT, TN US","2020-09-23","2.91","0.02","65","69","61"
"USW00013897","NASHVILLE INTERNATIONAL AIRPORT, TN US","2020-09-24","7.38","0.03","63","67","61"
"USW00013897","NASHVILLE INTERNATIONAL AIRPORT, TN US","2020-09-25","3.80","0.00","68","76","64"
"USW00013897","NASHVILLE INTERNATIONAL AIRPORT, TN US","2020-09-26","2.91","0.00","69","80","61"
"USW00013897","NASHVILLE INTERNATIONAL AIRPORT, TN US","2020-09-27","5.59","0.00","70","83","60"
"USW00013897","NASHVILLE INTERNATIONAL AIRPORT, TN US","2020-09-28","5.82","0.10","67","73","53"
"USW00013897","NASHVILLE INTERNATIONAL AIRPORT, TN US","2020-09-29","4.47","0.00","59","70","50"
"USW00013897","NASHVILLE INTERNATIONAL AIRPORT, TN US","2020-09-30","7.83","0.00","61","79","48"
"USW00013897","NASHVILLE INTERNATIONAL AIRPORT, TN US","2020-10-01","6.26","0.00","66","75","51"
"USW00013897","NASHVILLE INTERNATIONAL AIRPORT, TN US","2020-10-02","4.25","0.00","58","68","44"
"USW00013897","NASHVILLE INTERNATIONAL AIRPORT, TN US","2020-10-03","2.46","0.00","55","71","42"
"USW00013897","NASHVILLE INTERNATIONAL AIRPORT, TN US","2020-10-04","7.61","0.00","61","75","50"
"USW00013897","NASHVILLE INTERNATIONAL AIRPORT, TN US","2020-10-05","3.13","0.00","56","70","45"
"USW00013897","NASHVILLE INTERNATIONAL AIRPORT, TN US","2020-10-06","2.91","0.00","59","80","44"
"USW00013897","NASHVILLE INTERNATIONAL AIRPORT, TN US","2020-10-07","4.03","0.00","65","84","50"
"USW00013897","NASHVILLE INTERNATIONAL AIRPORT, TN US","2020-10-08","0.89","0.00","67","80","53"
"USW00013897","NASHVILLE INTERNATIONAL AIRPORT, TN US","2020-10-09","4.70","0.11","69","73","63"
"USW00013897","NASHVILLE INTERNATIONAL AIRPORT, TN US","2020-10-10","8.05","1.15","67","71","64"
"USW00013897","NASHVILLE INTERNATIONAL AIRPORT, TN US","2020-10-11","6.93","0.44","70","76","67"
"USW00013897","NASHVILLE INTERNATIONAL AIRPORT, TN US","2020-10-12","5.82","0.17","73","83","59"
"USW00013897","NASHVILLE INTERNATIONAL AIRPORT, TN US","2020-10-13","4.70","0.00","63","74","50"
"USW00013897","NASHVILLE INTERNATIONAL AIRPORT, TN US","2020-10-14","3.58","0.00","61","83","46"
"USW00013897","NASHVILLE INTERNATIONAL AIRPORT, TN US","2020-10-15","8.50","0.09","67","76","52"
"USW00013897","NASHVILLE INTERNATIONAL AIRPORT, TN US","2020-10-16","6.93","0.00","55","63","41"
"USW00013897","NASHVILLE INTERNATIONAL AIRPORT, TN US","2020-10-17","4.92","0.00","51","67","38"
"USW00013897","NASHVILLE INTERNATIONAL AIRPORT, TN US","2020-10-18","6.93","0.01","58","67","50"
"USW00013897","NASHVILLE INTERNATIONAL AIRPORT, TN US","2020-10-19","9.62","0.00","68","79","63"
"USW00013897","NASHVILLE INTERNATIONAL AIRPORT, TN US","2020-10-20","6.04","0.00","71","81","61"
"USW00013897","NASHVILLE INTERNATIONAL AIRPORT, TN US","2020-10-21","4.25","0.00","70","85","59"
"USW00013897","NASHVILLE INTERNATIONAL AIRPORT, TN US","2020-10-22","5.59","0.00","72","86","61"
"USW00013897","NASHVILLE INTERNATIONAL AIRPORT, TN US","2020-10-23","8.05","0.64","73","85","54"
"USW00013897","NASHVILLE INTERNATIONAL AIRPORT, TN US","2020-10-24","8.72","0.02","55","54","49"
"USW00013897","NASHVILLE INTERNATIONAL AIRPORT, TN US","2020-10-25","3.80","0.00","55","64","52"
"USW00013897","NASHVILLE INTERNATIONAL AIRPORT, TN US","2020-10-26","6.93","0.01","58","59","55"
"USW00013897","NASHVILLE INTERNATIONAL AIRPORT, TN US","2020-10-27","3.80","0.00","59","67","55"
"USW00013897","NASHVILLE INTERNATIONAL AIRPORT, TN US","2020-10-28","3.80","0.76","62","66","58"
"USW00013897","NASHVILLE INTERNATIONAL AIRPORT, TN US","2020-10-29","9.17","0.11","66","75","49"
"USW00013897","NASHVILLE INTERNATIONAL AIRPORT, TN US","2020-10-30","7.38","0.00","51","57","42"
"USW00013897","NASHVILLE INTERNATIONAL AIRPORT, TN US","2020-10-31","4.70","0.00","51","68","39"
"USW00013897","NASHVILLE INTERNATIONAL AIRPORT, TN US","2020-11-01","10.51","0.00","58","63","40"
"USW00013897","NASHVILLE INTERNATIONAL AIRPORT, TN US","2020-11-02","4.03","0.00","44","56","34"
"USW00013897","NASHVILLE INTERNATIONAL AIRPORT, TN US","2020-11-03","4.92","0.00","47","69","35"
"USW00013897","NASHVILLE INTERNATIONAL AIRPORT, TN US","2020-11-04","4.70","0.00","54","73","40"
"USW00013897","NASHVILLE INTERNATIONAL AIRPORT, TN US","2020-11-05","4.70","0.00","56","71","43"
"USW00013897","NASHVILLE INTERNATIONAL AIRPORT, TN US","2020-11-06","2.91","0.00","57","74","42"
"USW00013897","NASHVILLE INTERNATIONAL AIRPORT, TN US","2020-11-07","3.36","0.00","60","80","46"
"USW00013897","NASHVILLE INTERNATIONAL AIRPORT, TN US","2020-11-08","4.25","0.00","68","81","55"
"USW00013897","NASHVILLE INTERNATIONAL AIRPORT, TN US","2020-11-09","5.59","0.00","69","83","58"
"USW00013897","NASHVILLE INTERNATIONAL AIRPORT, TN US","2020-11-10","7.38","0.00","69","79","59"
"USW00013897","NASHVILLE INTERNATIONAL AIRPORT, TN US","2020-11-11","7.83","0.09","66","70","50"
"USW00013897","NASHVILLE INTERNATIONAL AIRPORT, TN US","2020-11-12","5.59","0.00","54","66","42"
"USW00013897","NASHVILLE INTERNATIONAL AIRPORT, TN US","2020-11-13","5.14","0.00","53","66","42"
"USW00013897","NASHVILLE INTERNATIONAL AIRPORT, TN US","2020-11-14","8.05","0.00","53","73","39"
"USW00013897","NASHVILLE INTERNATIONAL AIRPORT, TN US","2020-11-15","12.97","0.15","64","69","44"
"USW00013897","NASHVILLE INTERNATIONAL AIRPORT, TN US","2020-11-16","4.03","0.00","49","63","34"
"USW00013897","NASHVILLE INTERNATIONAL AIRPORT, TN US","2020-11-17","8.95","0.00","51","56","38"
"USW00013897","NASHVILLE INTERNATIONAL AIRPORT, TN US","2020-11-18","4.70","0.00","44","59","32"
"USW00013897","NASHVILLE INTERNATIONAL AIRPORT, TN US","2020-11-19","10.74","0.00","52","68","41"
"USW00013897","NASHVILLE INTERNATIONAL AIRPORT, TN US","2020-11-20","6.49","0.00","57","71","45"
"USW00013897","NASHVILLE INTERNATIONAL AIRPORT, TN US","2020-11-21","3.13","0.00","58","74","45"
"USW00013897","NASHVILLE INTERNATIONAL AIRPORT, TN US","2020-11-22","9.17","0.07","58","67","41"
"USW00013897","NASHVILLE INTERNATIONAL AIRPORT, TN US","2020-11-23","2.68","0.00","45","54","33"
"USW00013897","NASHVILLE INTERNATIONAL AIRPORT, TN US","2020-11-24","7.61","0.00","46","64","34"
"USW00013897","NASHVILLE INTERNATIONAL AIRPORT, TN US","2020-11-25","15.88","0.04","60","67","54"
"USW00013897","NASHVILLE INTERNATIONAL AIRPORT, TN US","2020-11-26","3.36","0.00","54","59","40"
"USW00013897","NASHVILLE INTERNATIONAL AIRPORT, TN US","2020-11-27","2.91","0.00","47","62","38"
"USW00013897","NASHVILLE INTERNATIONAL AIRPORT, TN US","2020-11-28","5.82","0.00","51","57","37"
"USW00013897","NASHVILLE INTERNATIONAL AIRPORT, TN US","2020-11-29","3.80","0.37","43","52","34"
"USW00013897","NASHVILLE INTERNATIONAL AIRPORT, TN US","2020-11-30","11.41","0.48","39","43","32"
"USW00013897","NASHVILLE INTERNATIONAL AIRPORT, TN US","2020-12-01","6.04","0.00","33","42","26"
"USW00013897","NASHVILLE INTERNATIONAL AIRPORT, TN US","2020-12-02","2.01","0.00","33","49","20"
"USW00013897","NASHVILLE INTERNATIONAL AIRPORT, TN US","2020-12-03","2.91","0.17","39","58","26"
"USW00013897","NASHVILLE INTERNATIONAL AIRPORT, TN US","2020-12-04","5.82","0.61","45","47","36"
"USW00013897","NASHVILLE INTERNATIONAL AIRPORT, TN US","2020-12-05","3.36","0.00","43","56","32"
"USW00013897","NASHVILLE INTERNATIONAL AIRPORT, TN US","2020-12-06","5.14","0.00","42","58","30"
"USW00013897","NASHVILLE INTERNATIONAL AIRPORT, TN US","2020-12-07","9.17","0.00","39","42","31"
"USW00013897","NASHVILLE INTERNATIONAL AIRPORT, TN US","2020-12-08","2.91","0.00","40","45","30"
"USW00013897","NASHVILLE INTERNATIONAL AIRPORT, TN US","2020-12-09","5.37","0.00","43","66","29"
"USW00013897","NASHVILLE INTERNATIONAL AIRPORT, TN US","2020-12-10","5.59","0.00","51","71","36"
"USW00013897","NASHVILLE INTERNATIONAL AIRPORT, TN US","2020-12-11","9.84","0.01","53","66","39"
"USW00013897","NASHVILLE INTERNATIONAL AIRPORT, TN US","2020-12-12","9.17","0.10","60","68","44"
"USW00013897","NASHVILLE INTERNATIONAL AIRPORT, TN US","2020-12-13","5.59","0.49","46","53","33"
"USW00013897","NASHVILLE INTERNATIONAL AIRPORT, TN US","2020-12-14","9.62","0.70","40","41","32"
"USW00013897","NASHVILLE INTERNATIONAL AIRPORT, TN US","2020-12-15","6.71","0.00","36","46","30"
"USW00013897","NASHVILLE INTERNATIONAL AIRPORT, TN US","2020-12-16","5.82","0.16","42","44","34"
"USW00013897","NASHVILLE INTERNATIONAL AIRPORT, TN US","2020-12-17","5.59","0.00","35","41","27"
"USW00013897","NASHVILLE INTERNATIONAL AIRPORT, TN US","2020-12-18","2.46","0.00","33","45","24"
"USW00013897","NASHVILLE INTERNATIONAL AIRPORT, TN US","2020-12-19","5.59","0.32","39","52","30"
"USW00013897","NASHVILLE INTERNATIONAL AIRPORT, TN US","2020-12-20","3.80","0.06","45","51","33"
"USW00013897","NASHVILLE INTERNATIONAL AIRPORT, TN US","2020-12-21","8.05","0.00","43","60","32"
"USW00013897","NASHVILLE INTERNATIONAL AIRPORT, TN US","2020-12-22","4.47","0.00","50","56","36"
"USW00013897","NASHVILLE INTERNATIONAL AIRPORT, TN US","2020-12-23","16.11","0.46","48","61","36"
"USW00013897","NASHVILLE INTERNATIONAL AIRPORT, TN US","2020-12-24","10.96","0.32","43","51","24"
"USW00013897","NASHVILLE INTERNATIONAL AIRPORT, TN US","2020-12-25","8.05","0.00","24","27","17"
"USW00013897","NASHVILLE INTERNATIONAL AIRPORT, TN US","2020-12-26","6.26","0.00","28","51","17"
"USW00013897","NASHVILLE INTERNATIONAL AIRPORT, TN US","2020-12-27","11.86","0.00","43","62","31"
"USW00013897","NASHVILLE INTERNATIONAL AIRPORT, TN US","2020-12-28","8.28","0.00","52","57","33"
"USW00013897","NASHVILLE INTERNATIONAL AIRPORT, TN US","2020-12-29","5.14","0.00","37","52","28"
"USW00013897","NASHVILLE INTERNATIONAL AIRPORT, TN US","2020-12-30","16.11",,"52","68","38"
"USW00013897","NASHVILLE INTERNATIONAL AIRPORT, TN US","2020-12-31","8.50",,"45","45","41"
"USW00013897","NASHVILLE INTERNATIONAL AIRPORT, TN US","2021-01-01","10.74","0.54","55","75","45"
"USW00013897","NASHVILLE INTERNATIONAL AIRPORT, TN US","2021-01-02","4.47","0.02","49","53","42"
"USW00013897","NASHVILLE INTERNATIONAL AIRPORT, TN US","2021-01-03","5.59","0.03","43","50","32"
"USW00013897","NASHVILLE INTERNATIONAL AIRPORT, TN US","2021-01-04","4.70","0.00","40","58","29"
"USW00013897","NASHVILLE INTERNATIONAL AIRPORT, TN US","2021-01-05","6.93","0.00","47","52","32"
"USW00013897","NASHVILLE INTERNATIONAL AIRPORT, TN US","2021-01-06","6.49","0.00","38","48","30"
"USW00013897","NASHVILLE INTERNATIONAL AIRPORT, TN US","2021-01-07","10.51","0.00","38","41","36"
"USW00013897","NASHVILLE INTERNATIONAL AIRPORT, TN US","2021-01-08","11.18","0.00","38","39","34"
"USW00013897","NASHVILLE INTERNATIONAL AIRPORT, TN US","2021-01-09","8.72","0.00","35","35","31"
"USW00013897","NASHVILLE INTERNATIONAL AIRPORT, TN US","2021-01-10","5.59","0.00","33","40","29"
"USW00013897","NASHVILLE INTERNATIONAL AIRPORT, TN US","2021-01-11","6.26","0.01","32","35","30"
"USW00013897","NASHVILLE INTERNATIONAL AIRPORT, TN US","2021-01-12","4.25","0.00","32","43","26"
"USW00013897","NASHVILLE INTERNATIONAL AIRPORT, TN US","2021-01-13","6.26","0.00","34","50","21"
"USW00013897","NASHVILLE INTERNATIONAL AIRPORT, TN US","2021-01-14","12.75","0.03","41","58","30"
"USW00013897","NASHVILLE INTERNATIONAL AIRPORT, TN US","2021-01-15","8.50","0.01","45","51","32"
"USW00013897","NASHVILLE INTERNATIONAL AIRPORT, TN US","2021-01-16","8.95","0.00","37","43","35"
"USW00013897","NASHVILLE INTERNATIONAL AIRPORT, TN US","2021-01-17","7.83","0.00","42","51","38"
"USW00013897","NASHVILLE INTERNATIONAL AIRPORT, TN US","2021-01-18","5.59","0.00","43","54","34"
"USW00013897","NASHVILLE INTERNATIONAL AIRPORT, TN US","2021-01-19","6.71","0.00","50","61","45"
"USW00013897","NASHVILLE INTERNATIONAL AIRPORT, TN US","2021-01-20","5.82","0.08","44","50","34"
"USW00013897","NASHVILLE INTERNATIONAL AIRPORT, TN US","2021-01-21","3.36","0.16","43","49","39"
"USW00013897","NASHVILLE INTERNATIONAL AIRPORT, TN US","2021-01-22","6.26","0.00","41","52","31"
"USW00013897","NASHVILLE INTERNATIONAL AIRPORT, TN US","2021-01-23","7.16","0.00","36","48","26"
"USW00013897","NASHVILLE INTERNATIONAL AIRPORT, TN US","2021-01-24","4.25","0.03","45","54","37"
"USW00013897","NASHVILLE INTERNATIONAL AIRPORT, TN US","2021-01-25","7.83","1.35","53","68","48"
"USW00013897","NASHVILLE INTERNATIONAL AIRPORT, TN US","2021-01-26","8.50","0.00","60","67","40"
"USW00013897","NASHVILLE INTERNATIONAL AIRPORT, TN US","2021-01-27","11.18","0.02","42","44","34"
"USW00013897","NASHVILLE INTERNATIONAL AIRPORT, TN US","2021-01-28","9.62","0.00","34","40","26"
"USW00013897","NASHVILLE INTERNATIONAL AIRPORT, TN US","2021-01-29","3.80","0.00","32","46","25"
"USW00013897","NASHVILLE INTERNATIONAL AIRPORT, TN US","2021-01-30","9.40","0.20","40","52","32"
"USW00013897","NASHVILLE INTERNATIONAL AIRPORT, TN US","2021-01-31","11.86","0.08","50","58","37"
"USW00013897","NASHVILLE INTERNATIONAL AIRPORT, TN US","2021-02-01","14.09","0.02","37","41","32"
"USW00013897","NASHVILLE INTERNATIONAL AIRPORT, TN US","2021-02-02","12.30","0.00","34","42","29"
"USW00013897","NASHVILLE INTERNATIONAL AIRPORT, TN US","2021-02-03","4.25","0.00","35","46","27"
"USW00013897","NASHVILLE INTERNATIONAL AIRPORT, TN US","2021-02-04","12.30","0.16","38","55","27"
"USW00013897","NASHVILLE INTERNATIONAL AIRPORT, TN US","2021-02-05","6.26","0.00","42","50","30"
"USW00013897","NASHVILLE INTERNATIONAL AIRPORT, TN US","2021-02-06","4.03","0.02","40","50","33"
"USW00013897","NASHVILLE INTERNATIONAL AIRPORT, TN US","2021-02-07","7.83","0.15","36","41","26"
"USW00013897","NASHVILLE INTERNATIONAL AIRPORT, TN US","2021-02-08","4.03","0.00","34","49","26"
"USW00013897","NASHVILLE INTERNATIONAL AIRPORT, TN US","2021-02-09","5.37","0.00","44","57","34"
"USW00013897","NASHVILLE INTERNATIONAL AIRPORT, TN US","2021-02-10","5.59","0.05","47","63","37"
"USW00013897","NASHVILLE INTERNATIONAL AIRPORT, TN US","2021-02-11","10.51","0.31","36","37","30"
"USW00013897","NASHVILLE INTERNATIONAL AIRPORT, TN US","2021-02-12","9.84","0.00","30","31","28"
"USW00013897","NASHVILLE INTERNATIONAL AIRPORT, TN US","2021-02-13","9.17","0.00","29","30","23"
"USW00013897","NASHVILLE INTERNATIONAL AIRPORT, TN US","2021-02-14","10.51","0.17","25","26","23"
"USW00013897","NASHVILLE INTERNATIONAL AIRPORT, TN US","2021-02-15","10.74","0.76","25","26","16"
"USW00013897","NASHVILLE INTERNATIONAL AIRPORT, TN US","2021-02-16","6.71","0.00","16","18","11"
"USW00013897","NASHVILLE INTERNATIONAL AIRPORT, TN US","2021-02-17","6.26","0.28","20","28","15"
"USW00013897","NASHVILLE INTERNATIONAL AIRPORT, TN US","2021-02-18","8.05","0.03","29","31","23"
"USW00013897","NASHVILLE INTERNATIONAL AIRPORT, TN US","2021-02-19","5.14","0.00","25","36","15"
"USW00013897","NASHVILLE INTERNATIONAL AIRPORT, TN US","2021-02-20","2.68","0.00","26","42","13"
"USW00013897","NASHVILLE INTERNATIONAL AIRPORT, TN US","2021-02-21","8.72","0.00","37","56","24"
"USW00013897","NASHVILLE INTERNATIONAL AIRPORT, TN US","2021-02-22","8.72","0.14","49","57","37"
"USW00013897","NASHVILLE INTERNATIONAL AIRPORT, TN US","2021-02-23","7.16","0.00","52","70","38"
"USW00013897","NASHVILLE INTERNATIONAL AIRPORT, TN US","2021-02-24","9.62","0.00","58","75","43"
"USW00013897","NASHVILLE INTERNATIONAL AIRPORT, TN US","2021-02-25","9.40","0.00","54","62","41"
"USW00013897","NASHVILLE INTERNATIONAL AIRPORT, TN US","2021-02-26","7.16","0.44","50","60","46"
"USW00013897","NASHVILLE INTERNATIONAL AIRPORT, TN US","2021-02-27","4.47","1.37","57","61","55"
"USW00013897","NASHVILLE INTERNATIONAL AIRPORT, TN US","2021-02-28","13.42","0.91","66","75","56"
"USW00013897","NASHVILLE INTERNATIONAL AIRPORT, TN US","2021-03-01","9.40","0.26","53","58","38"
"USW00013897","NASHVILLE INTERNATIONAL AIRPORT, TN US","2021-03-02","6.26","0.00","43","55","35"
"USW00013897","NASHVILLE INTERNATIONAL AIRPORT, TN US","2021-03-03","1.12","0.00","47","64","32"
"USW00013897","NASHVILLE INTERNATIONAL AIRPORT, TN US","2021-03-04","5.82","0.00","51","69","35"
"USW00013897","NASHVILLE INTERNATIONAL AIRPORT, TN US","2021-03-05","11.41","0.00","47","50","37"
"USW00013897","NASHVILLE INTERNATIONAL AIRPORT, TN US","2021-03-06","8.95","0.00","45","56","34"
"USW00013897","NASHVILLE INTERNATIONAL AIRPORT, TN US","2021-03-07","3.80","0.00","46","63","28"
"USW00013897","NASHVILLE INTERNATIONAL AIRPORT, TN US","2021-03-08","5.14","0.00","49","70","31"
"USW00013897","NASHVILLE INTERNATIONAL AIRPORT, TN US","2021-03-09","7.16","0.00","54","73","36"
"USW00013897","NASHVILLE INTERNATIONAL AIRPORT, TN US","2021-03-10","11.86","0.00","60","74","48"
"USW00013897","NASHVILLE INTERNATIONAL AIRPORT, TN US","2021-03-11","14.54","0.00","66","76","60"
"USW00013897","NASHVILLE INTERNATIONAL AIRPORT, TN US","2021-03-12","6.71","0.19","65","71","57"
"USW00013897","NASHVILLE INTERNATIONAL AIRPORT, TN US","2021-03-13","6.71","0.24","55","57","53"
"USW00013897","NASHVILLE INTERNATIONAL AIRPORT, TN US","2021-03-14","7.16","0.01","56","67","53"
"USW00013897","NASHVILLE INTERNATIONAL AIRPORT, TN US","2021-03-15","8.28","0.20","60","68","54"
"USW00013897","NASHVILLE INTERNATIONAL AIRPORT, TN US","2021-03-16","6.04","0.00","65","79","56"
"USW00013897","NASHVILLE INTERNATIONAL AIRPORT, TN US","2021-03-17","9.62","1.20","62","66","57"
"USW00013897","NASHVILLE INTERNATIONAL AIRPORT, TN US","2021-03-18","8.95","0.04","59","65","45"
"USW00013897","NASHVILLE INTERNATIONAL AIRPORT, TN US","2021-03-19","12.75","0.00","46","54","41"
"USW00013897","NASHVILLE INTERNATIONAL AIRPORT, TN US","2021-03-20","6.71","0.00","50","67","40"
"USW00013897","NASHVILLE INTERNATIONAL AIRPORT, TN US","2021-03-21","3.36","0.00","52","69","33"
"USW00013897","NASHVILLE INTERNATIONAL AIRPORT, TN US","2021-03-22","4.92","0.00","59","71","47"
"USW00013897","NASHVILLE INTERNATIONAL AIRPORT, TN US","2021-03-23","14.54","0.00","62","67","57"
"USW00013897","NASHVILLE INTERNATIONAL AIRPORT, TN US","2021-03-24","8.95","0.00","64","77","55"
"USW00013897","NASHVILLE INTERNATIONAL AIRPORT, TN US","2021-03-25","8.72","1.76","63","73","54"
"USW00013897","NASHVILLE INTERNATIONAL AIRPORT, TN US","2021-03-26","3.80","0.00","63","74","51"
"USW00013897","NASHVILLE INTERNATIONAL AIRPORT, TN US","2021-03-27","6.71","5.75","59","66","53"
"USW00013897","NASHVILLE INTERNATIONAL AIRPORT, TN US","2021-03-28","11.63","1.26","61","64","41"
"USW00013897","NASHVILLE INTERNATIONAL AIRPORT, TN US","2021-03-29","3.58","0.00","50","65","36"
"USW00013897","NASHVILLE INTERNATIONAL AIRPORT, TN US","2021-03-30","11.63","0.71","60","77","45"
"USW00013897","NASHVILLE INTERNATIONAL AIRPORT, TN US","2021-03-31","10.74","0.66","58","64","44"
"USW00013897","NASHVILLE INTERNATIONAL AIRPORT, TN US","2021-04-01","11.86","0.00","44","49","35"
"USW00013897","NASHVILLE INTERNATIONAL AIRPORT, TN US","2021-04-02","4.70","0.00","40","53","30"
"USW00013897","NASHVILLE INTERNATIONAL AIRPORT, TN US","2021-04-03","4.03","0.00","47","66","31"
"USW00013897","NASHVILLE INTERNATIONAL AIRPORT, TN US","2021-04-04","4.03","0.00","57","75","39"
"USW00013897","NASHVILLE INTERNATIONAL AIRPORT, TN US","2021-04-05","5.37","0.00","62","79","47"
"USW00013897","NASHVILLE INTERNATIONAL AIRPORT, TN US","2021-04-06","5.59","0.00","67","82","55"
"USW00013897","NASHVILLE INTERNATIONAL AIRPORT, TN US","2021-04-07","10.51","0.03","70","82","58"
"USW00013897","NASHVILLE INTERNATIONAL AIRPORT, TN US","2021-04-08","10.29","0.42","68","77","58"
"USW00013897","NASHVILLE INTERNATIONAL AIRPORT, TN US","2021-04-09","10.51","0.00","68","84","52"
"USW00013897","NASHVILLE INTERNATIONAL AIRPORT, TN US","2021-04-10","11.18","0.20","67","72","56"
"USW00013897","NASHVILLE INTERNATIONAL AIRPORT, TN US","2021-04-11","10.29","0.00","63","73","50"
"USW00013897","NASHVILLE INTERNATIONAL AIRPORT, TN US","2021-04-12","3.36","0.00","65","79","50"
"USW00013897","NASHVILLE INTERNATIONAL AIRPORT, TN US","2021-04-13","4.92","0.00","64","74","53"
"USW00013897","NASHVILLE INTERNATIONAL AIRPORT, TN US","2021-04-14","6.04","0.00","60","61","53"
"USW00013897","NASHVILLE INTERNATIONAL AIRPORT, TN US","2021-04-15","9.62","0.00","56","64","49"
"USW00013897","NASHVILLE INTERNATIONAL AIRPORT, TN US","2021-04-16","2.01","0.00","54","66","40"
"USW00013897","NASHVILLE INTERNATIONAL AIRPORT, TN US","2021-04-17","5.37","0.00","58","65","48"
"USW00013897","NASHVILLE INTERNATIONAL AIRPORT, TN US","2021-04-18","2.68","0.01","55","66","42"
"USW00013897","NASHVILLE INTERNATIONAL AIRPORT, TN US","2021-04-19","4.25","0.00","58","72","44"
"USW00013897","NASHVILLE INTERNATIONAL AIRPORT, TN US","2021-04-20","8.05","0.02","59","75","40"
"USW00013897","NASHVILLE INTERNATIONAL AIRPORT, TN US","2021-04-21","8.72","0.06","46","54","35"
"USW00013897","NASHVILLE INTERNATIONAL AIRPORT, TN US","2021-04-22","4.47","0.00","47","63","35"
"USW00013897","NASHVILLE INTERNATIONAL AIRPORT, TN US","2021-04-23","4.47","0.07","51","63","44"
"USW00013897","NASHVILLE INTERNATIONAL AIRPORT, TN US","2021-04-24","8.50","0.34","56","67","51"
"USW00013897","NASHVILLE INTERNATIONAL AIRPORT, TN US","2021-04-25","6.26","0.00","60","72","48"
"USW00013897","NASHVILLE INTERNATIONAL AIRPORT, TN US","2021-04-26","5.37","0.00","62","80","45"
"USW00013897","NASHVILLE INTERNATIONAL AIRPORT, TN US","2021-04-27","8.95","0.00","71","84","61"
"USW00013897","NASHVILLE INTERNATIONAL AIRPORT, TN US","2021-04-28","4.70","0.72","70","74","64"
"USW00013897","NASHVILLE INTERNATIONAL AIRPORT, TN US","2021-04-29","8.05","0.48","68","71","59"
"USW00013897","NASHVILLE INTERNATIONAL AIRPORT, TN US","2021-04-30","7.61","0.00","66","78","51"
"USW00013897","NASHVILLE INTERNATIONAL AIRPORT, TN US","2021-05-01","4.70","0.00","64","80","48"
"USW00013897","NASHVILLE INTERNATIONAL AIRPORT, TN US","2021-05-02","5.59","0.17","65","74","56"
"USW00013897","NASHVILLE INTERNATIONAL AIRPORT, TN US","2021-05-03","7.61","1.86","69","82","65"
"USW00013897","NASHVILLE INTERNATIONAL AIRPORT, TN US","2021-05-04","10.51","0.84","73","80","63"
"USW00013897","NASHVILLE INTERNATIONAL AIRPORT, TN US","2021-05-05","7.61","0.20","62","68","48"
"USW00013897","NASHVILLE INTERNATIONAL AIRPORT, TN US","2021-05-06","3.80","0.28","58","72","45"
"USW00013897","NASHVILLE INTERNATIONAL AIRPORT, TN US","2021-05-07","7.61","0.00","57","71","47"
"USW00013897","NASHVILLE INTERNATIONAL AIRPORT, TN US","2021-05-08","4.92","0.00","61","68","55"
"USW00013897","NASHVILLE INTERNATIONAL AIRPORT, TN US","2021-05-09","10.74","0.43","64","73","54"
"USW00013897","NASHVILLE INTERNATIONAL AIRPORT, TN US","2021-05-10","6.26","0.00","55","60","48"
"USW00013897","NASHVILLE INTERNATIONAL AIRPORT, TN US","2021-05-11","8.50","0.00","57","72","45"
"USW00013897","NASHVILLE INTERNATIONAL AIRPORT, TN US","2021-05-12","12.08","0.01","61","69","51"
"USW00013897","NASHVILLE INTERNATIONAL AIRPORT, TN US","2021-05-13","5.59","0.00","59","72","44"
"USW00013897","NASHVILLE INTERNATIONAL AIRPORT, TN US","2021-05-14","2.68","0.00","60","75","42"
"USW00013897","NASHVILLE INTERNATIONAL AIRPORT, TN US","2021-05-15","3.58","0.00","62","79","46"
"USW00013897","NASHVILLE INTERNATIONAL AIRPORT, TN US","2021-05-16","4.03","0.02","68","80","59"
"USW00013897","NASHVILLE INTERNATIONAL AIRPORT, TN US","2021-05-17","7.38","0.00","69","80","57"
"USW00013897","NASHVILLE INTERNATIONAL AIRPORT, TN US","2021-05-18","8.95","0.00","71","76","64"
"USW00013897","NASHVILLE INTERNATIONAL AIRPORT, TN US","2021-05-19","10.51","0.00","73","84","67"
"USW00013897","NASHVILLE INTERNATIONAL AIRPORT, TN US","2021-05-20","8.50","0.00","74","86","63"
"USW00013897","NASHVILLE INTERNATIONAL AIRPORT, TN US","2021-05-21","6.71","0.00","75","86","60"
"USW00013897","NASHVILLE INTERNATIONAL AIRPORT, TN US","2021-05-22","2.91","0.00","75","87","61"
"USW00013897","NASHVILLE INTERNATIONAL AIRPORT, TN US","2021-05-23","2.91","0.00","76","91","61"
"USW00013897","NASHVILLE INTERNATIONAL AIRPORT, TN US","2021-05-24","2.01","0.00","77","91","62"
"USW00013897","NASHVILLE INTERNATIONAL AIRPORT, TN US","2021-05-25","4.70","0.00","78","93","63"
"USW00013897","NASHVILLE INTERNATIONAL AIRPORT, TN US","2021-05-26","5.37","0.26","74","83","66"
"USW00013897","NASHVILLE INTERNATIONAL AIRPORT, TN US","2021-05-27","3.58","0.00","73","87","64"
"USW00013897","NASHVILLE INTERNATIONAL AIRPORT, TN US","2021-05-28","8.50","0.97","74","81","57"
"USW00013897","NASHVILLE INTERNATIONAL AIRPORT, TN US","2021-05-29","10.07","0.01","58","62","53"
"USW00013897","NASHVILLE INTERNATIONAL AIRPORT, TN US","2021-05-30","7.16","0.00","60","74","52"
"USW00013897","NASHVILLE INTERNATIONAL AIRPORT, TN US","2021-05-31","2.01","0.00","65","81","50"
"USW00013897","NASHVILLE INTERNATIONAL AIRPORT, TN US","2021-06-01","5.14","0.03","70","79","62"
"USW00013897","NASHVILLE INTERNATIONAL AIRPORT, TN US","2021-06-02","9.84","1.16","69","74","65"
"USW00013897","NASHVILLE INTERNATIONAL AIRPORT, TN US","2021-06-03","6.49","0.07","72","83","64"
"USW00013897","NASHVILLE INTERNATIONAL AIRPORT, TN US","2021-06-04","2.91","0.00","73","85","60"
"USW00013897","NASHVILLE INTERNATIONAL AIRPORT, TN US","2021-06-05","2.46","0.02","77","90","64"
"USW00013897","NASHVILLE INTERNATIONAL AIRPORT, TN US","2021-06-06","6.93","0.00","76","81","71"
"USW00013897","NASHVILLE INTERNATIONAL AIRPORT, TN US","2021-06-07","7.16","0.00","76","85","70"
"USW00013897","NASHVILLE INTERNATIONAL AIRPORT, TN US","2021-06-08","9.84","0.02","78","85","71"
"USW00013897","NASHVILLE INTERNATIONAL AIRPORT, TN US","2021-06-09","5.59","0.33","74","81","71"
"USW00013897","NASHVILLE INTERNATIONAL AIRPORT, TN US","2021-06-10","5.59","0.22","76","86","71"
"USW00013897","NASHVILLE INTERNATIONAL AIRPORT, TN US","2021-06-11","4.92","0.20","78","88","73"
"USW00013897","NASHVILLE INTERNATIONAL AIRPORT, TN US","2021-06-12","5.14","0.00","82","95","71"
"USW00013897","NASHVILLE INTERNATIONAL AIRPORT, TN US","2021-06-13","4.70","0.00","83","96","72"
"USW00013897","NASHVILLE INTERNATIONAL AIRPORT, TN US","2021-06-14","5.82","0.00","85","95","76"
"USW00013897","NASHVILLE INTERNATIONAL AIRPORT, TN US","2021-06-15","9.84","0.00","80","86","65"
"USW00013897","NASHVILLE INTERNATIONAL AIRPORT, TN US","2021-06-16","7.61","0.00","76","89","61"
"USW00013897","NASHVILLE INTERNATIONAL AIRPORT, TN US","2021-06-17","2.91","0.00","78","92","64"
"USW00013897","NASHVILLE INTERNATIONAL AIRPORT, TN US","2021-06-18","7.16","0.00","81","92","70"
"USW00013897","NASHVILLE INTERNATIONAL AIRPORT, TN US","2021-06-19","7.16","0.00","80","87","69"
"USW00013897","NASHVILLE INTERNATIONAL AIRPORT, TN US","2021-06-20","5.37","0.00","79","93","67"
"USW00013897","NASHVILLE INTERNATIONAL AIRPORT, TN US","2021-06-21","8.95","0.07","82","89","69"
"USW00013897","NASHVILLE INTERNATIONAL AIRPORT, TN US","2021-06-22","7.38","0.00","72","81","63"
"USW00013897","NASHVILLE INTERNATIONAL AIRPORT, TN US","2021-06-23","2.91","0.00","71","84","56"
"USW00013897","NASHVILLE INTERNATIONAL AIRPORT, TN US","2021-06-24","8.05","0.00","77","92","62"
"USW00013897","NASHVILLE INTERNATIONAL AIRPORT, TN US","2021-06-25","12.30","0.00","80","87","74"
"USW00013897","NASHVILLE INTERNATIONAL AIRPORT, TN US","2021-06-26","10.74","0.00","80","91","71"
"USW00013897","NASHVILLE INTERNATIONAL AIRPORT, TN US","2021-06-27","7.38","0.00","82","94","70"
"USW00013897","NASHVILLE INTERNATIONAL AIRPORT, TN US","2021-06-28","5.14","0.09","83","93","73"
"USW00013897","NASHVILLE INTERNATIONAL AIRPORT, TN US","2021-06-29","3.80","0.00","83","96","73"
"USW00013897","NASHVILLE INTERNATIONAL AIRPORT, TN US","2021-06-30","5.59","0.00","80","93","70"
"USW00013897","NASHVILLE INTERNATIONAL AIRPORT, TN US","2021-07-01","4.25","0.35","78","85","72"
"USW00013897","NASHVILLE INTERNATIONAL AIRPORT, TN US","2021-07-02","7.38","0.00","76","86","68"
"USW00013897","NASHVILLE INTERNATIONAL AIRPORT, TN US","2021-07-03","5.14","0.00","74","86","61"
"USW00013897","NASHVILLE INTERNATIONAL AIRPORT, TN US","2021-07-04","3.36","0.00","75","90","61"
"USW00013897","NASHVILLE INTERNATIONAL AIRPORT, TN US","2021-07-05","3.58","0.00","81","94","68"
"USW00013897","NASHVILLE INTERNATIONAL AIRPORT, TN US","2021-07-06","4.03","0.00","83","95","71"
"USW00013897","NASHVILLE INTERNATIONAL AIRPORT, TN US","2021-07-07","6.71","0.60","78","85","73"
"USW00013897","NASHVILLE INTERNATIONAL AIRPORT, TN US","2021-07-08","5.14","0.00","78","91","72"
"USW00013897","NASHVILLE INTERNATIONAL AIRPORT, TN US","2021-07-09","5.37","0.00","81","93","73"
"USW00013897","NASHVILLE INTERNATIONAL AIRPORT, TN US","2021-07-10","8.72","0.00","80","91","73"
"USW00013897","NASHVILLE INTERNATIONAL AIRPORT, TN US","2021-07-11","9.40","0.56","78","83","72"
"USW00013897","NASHVILLE INTERNATIONAL AIRPORT, TN US","2021-07-12","11.18","0.00","78","87","73"
"USW00013897","NASHVILLE INTERNATIONAL AIRPORT, TN US","2021-07-13","9.40","0.02","77","84","73"
"USW00013897","NASHVILLE INTERNATIONAL AIRPORT, TN US","2021-07-14","2.91","0.00","79","92","70"
"USW00013897","NASHVILLE INTERNATIONAL AIRPORT, TN US","2021-07-15","5.82","0.00","82","94","71"
"USW00013897","NASHVILLE INTERNATIONAL AIRPORT, TN US","2021-07-16","8.95","0.01","83","93","73"
"USW00013897","NASHVILLE INTERNATIONAL AIRPORT, TN US","2021-07-17","7.61","0.00","79","89","75"
"USW00013897","NASHVILLE INTERNATIONAL AIRPORT, TN US","2021-07-18","3.58","2.50","78","88","70"
"USW00013897","NASHVILLE INTERNATIONAL AIRPORT, TN US","2021-07-19","4.25","0.00","76","86","72"
"USW00013897","NASHVILLE INTERNATIONAL AIRPORT, TN US","2021-07-20","8.50","0.00","80","90","72"
"USW00013897","NASHVILLE INTERNATIONAL AIRPORT, TN US","2021-07-21","5.37","0.00","81","91","71"
"USW00013897","NASHVILLE INTERNATIONAL AIRPORT, TN US","2021-07-22","5.14","0.00","80","91","69"
"USW00013897","NASHVILLE INTERNATIONAL AIRPORT, TN US","2021-07-23","3.58","0.00","80","91","70"
"USW00013897","NASHVILLE INTERNATIONAL AIRPORT, TN US","2021-07-24","2.24","0.00","81","94","69"
"USW00013897","NASHVILLE INTERNATIONAL AIRPORT, TN US","2021-07-25","4.47","1.41","84","97","75"
"USW00013897","NASHVILLE INTERNATIONAL AIRPORT, TN US","2021-07-26","3.36","0.16","80","93","75"
"USW00013897","NASHVILLE INTERNATIONAL AIRPORT, TN US","2021-07-27","4.47","0.00","83","95","75"
"USW00013897","NASHVILLE INTERNATIONAL AIRPORT, TN US","2021-07-28","3.13","0.00","85","96","74"
"USW00013897","NASHVILLE INTERNATIONAL AIRPORT, TN US","2021-07-29","3.58","0.00","85","95","73"
"USW00013897","NASHVILLE INTERNATIONAL AIRPORT, TN US","2021-07-30","6.71","0.00","87","95","78"
"USW00013897","NASHVILLE INTERNATIONAL AIRPORT, TN US","2021-07-31","5.37","3.13","83","93","74"
"USW00013897","NASHVILLE INTERNATIONAL AIRPORT, TN US","2021-08-01","5.82","0.27","77","84","69"
"USW00013897","NASHVILLE INTERNATIONAL AIRPORT, TN US","2021-08-02","6.49","0.00","76","86","67"
"USW00013897","NASHVILLE INTERNATIONAL AIRPORT, TN US","2021-08-03","5.14","0.00","75","87","63"
"USW00013897","NASHVILLE INTERNATIONAL AIRPORT, TN US","2021-08-04","4.92","0.00","76","87","62"
"USW00013897","NASHVILLE INTERNATIONAL AIRPORT, TN US","2021-08-05","2.91","0.00","76","89","62"
"USW00013897","NASHVILLE INTERNATIONAL AIRPORT, TN US","2021-08-06","3.13","0.00","77","85","68"
"USW00013897","NASHVILLE INTERNATIONAL AIRPORT, TN US","2021-08-07","4.47","0.01","79","89","72"
"USW00013897","NASHVILLE INTERNATIONAL AIRPORT, TN US","2021-08-08","4.70","0.00","80","91","70"
"USW00013897","NASHVILLE INTERNATIONAL AIRPORT, TN US","2021-08-09","7.61","0.12","82","95","71"
"USW00013897","NASHVILLE INTERNATIONAL AIRPORT, TN US","2021-08-10","6.71","0.00","86","96","76"
"USW00013897","NASHVILLE INTERNATIONAL AIRPORT, TN US","2021-08-11","6.71","0.00","87","97","76"
"USW00013897","NASHVILLE INTERNATIONAL AIRPORT, TN US","2021-08-12","4.25","0.00","83","95","73"
"USW00013897","NASHVILLE INTERNATIONAL AIRPORT, TN US","2021-08-13","4.92","0.22","81","92","73"
"USW00013897","NASHVILLE INTERNATIONAL AIRPORT, TN US","2021-08-14","3.58","0.00","79","91","73"
"USW00013897","NASHVILLE INTERNATIONAL AIRPORT, TN US","2021-08-15","3.36","0.37","76","84","72"
"USW00013897","NASHVILLE INTERNATIONAL AIRPORT, TN US","2021-08-16","4.25","0.01","76","84","71"
"USW00013897","NASHVILLE INTERNATIONAL AIRPORT, TN US","2021-08-17","3.80","0.00","79","89","72"
"USW00013897","NASHVILLE INTERNATIONAL AIRPORT, TN US","2021-08-18","4.03","0.63","78","90","70"
"USW00013897","NASHVILLE INTERNATIONAL AIRPORT, TN US","2021-08-19","2.24","0.03","76","86","72"
"USW00013897","NASHVILLE INTERNATIONAL AIRPORT, TN US","2021-08-20","2.68","0.03","79","87","74"
"USW00013897","NASHVILLE INTERNATIONAL AIRPORT, TN US","2021-08-21","4.70","2.36","78","85","75"
"USW00013897","NASHVILLE INTERNATIONAL AIRPORT, TN US","2021-08-22","4.92","0.00","79","91","75"
"USW00013897","NASHVILLE INTERNATIONAL AIRPORT, TN US","2021-08-23","2.68","0.00","82","95","72"
"USW00013897","NASHVILLE INTERNATIONAL AIRPORT, TN US","2021-08-24","2.01","0.00","83","96","72"
"USW00013897","NASHVILLE INTERNATIONAL AIRPORT, TN US","2021-08-25","1.79","0.00","84","98","73"
"USW00013897","NASHVILLE INTERNATIONAL AIRPORT, TN US","2021-08-26","4.03","0.00","85","96","73"
"USW00013897","NASHVILLE INTERNATIONAL AIRPORT, TN US","2021-08-27","3.36","0.00","82","94","74"
"USW00013897","NASHVILLE INTERNATIONAL AIRPORT, TN US","2021-08-28","5.37","0.19","82","94","75"
"USW00013897","NASHVILLE INTERNATIONAL AIRPORT, TN US","2021-08-29","4.47","0.08","81","93","73"
"USW00013897","NASHVILLE INTERNATIONAL AIRPORT, TN US","2021-08-30","4.70","0.41","78","85","71"
"USW00013897","NASHVILLE INTERNATIONAL AIRPORT, TN US","2021-08-31","11.86","2.32","73","76","71"
"USW00013897","NASHVILLE INTERNATIONAL AIRPORT, TN US","2021-09-01","7.38","0.00","75","86","69"
"USW00013897","NASHVILLE INTERNATIONAL AIRPORT, TN US","2021-09-02","6.71","0.00","75","84","64"
"USW00013897","NASHVILLE INTERNATIONAL AIRPORT, TN US","2021-09-03","1.57","0.00","72","86","59"
"USW00013897","NASHVILLE INTERNATIONAL AIRPORT, TN US","2021-09-04","5.14","0.00","75","88","64"
"USW00013897","NASHVILLE INTERNATIONAL AIRPORT, TN US","2021-09-05","4.47","0.04","73","78","67"
"USW00013897","NASHVILLE INTERNATIONAL AIRPORT, TN US","2021-09-06","4.47","0.00","74","85","62"
"USW00013897","NASHVILLE INTERNATIONAL AIRPORT, TN US","2021-09-07","2.24","0.00","72","87","58"
"USW00013897","NASHVILLE INTERNATIONAL AIRPORT, TN US","2021-09-08","6.04","0.01","74","87","63"
"USW00013897","NASHVILLE INTERNATIONAL AIRPORT, TN US","2021-09-09","5.82","0.00","72","83","59"
"USW00013897","NASHVILLE INTERNATIONAL AIRPORT, TN US","2021-09-10","2.01","0.00","70","83","56"
"USW00013897","NASHVILLE INTERNATIONAL AIRPORT, TN US","2021-09-11","5.37","0.00","70","86","57"
"USW00013897","NASHVILLE INTERNATIONAL AIRPORT, TN US","2021-09-12","5.82","0.00","75","88","64"
"USW00013897","NASHVILLE INTERNATIONAL AIRPORT, TN US","2021-09-13","3.13","0.00","77","91","68"
"USW00013897","NASHVILLE INTERNATIONAL AIRPORT, TN US","2021-09-14","4.25","0.03","78","91","69"
"USW00013897","NASHVILLE INTERNATIONAL AIRPORT, TN US","2021-09-15","4.47","0.28","76","82","71"
"USW00013897","NASHVILLE INTERNATIONAL AIRPORT, TN US","2021-09-16","4.92","0.00","76","86","68"
"USW00013897","NASHVILLE INTERNATIONAL AIRPORT, TN US","2021-09-17","4.03","0.36","74","79","70"
"USW00013897","NASHVILLE INTERNATIONAL AIRPORT, TN US","2021-09-18","4.47","0.64","73","76","71"
"USW00013897","NASHVILLE INTERNATIONAL AIRPORT, TN US","2021-09-19","4.47","0.80","72","74","71"
"USW00013897","NASHVILLE INTERNATIONAL AIRPORT, TN US","2021-09-20","6.04","1.57","73","74","68"
"USW00013897","NASHVILLE INTERNATIONAL AIRPORT, TN US","2021-09-21","3.80","0.55","73","83","67"
"USW00013897","NASHVILLE INTERNATIONAL AIRPORT, TN US","2021-09-22","9.62","0.19","67","71","52"
"USW00013897","NASHVILLE INTERNATIONAL AIRPORT, TN US","2021-09-23","4.92","0.00","60","73","50"
"USW00013897","NASHVILLE INTERNATIONAL AIRPORT, TN US","2021-09-24","2.46","0.00","61","76","49"
"USW00013897","NASHVILLE INTERNATIONAL AIRPORT, TN US","2021-09-25","4.03","0.00","64","78","53"
"USW00013897","NASHVILLE INTERNATIONAL AIRPORT, TN US","2021-09-26","2.46","0.00","67","82","57"
"USW00013897","NASHVILLE INTERNATIONAL AIRPORT, TN US","2021-09-27","5.59","0.00","69","84","56"
"USW00013897","NASHVILLE INTERNATIONAL AIRPORT, TN US","2021-09-28","2.91","0.00","72","87","60"
"USW00013897","NASHVILLE INTERNATIONAL AIRPORT, TN US","2021-09-29","2.01","0.00","74","87","64"
"USW00013897","NASHVILLE INTERNATIONAL AIRPORT, TN US","2021-09-30","2.24","0.00","75","86","66"
"USW00013897","NASHVILLE INTERNATIONAL AIRPORT, TN US","2021-10-01","4.03","0.00","77","88","70"
"USW00013897","NASHVILLE INTERNATIONAL AIRPORT, TN US","2021-10-02","6.49","0.35","73","84","64"
"USW00013897","NASHVILLE INTERNATIONAL AIRPORT, TN US","2021-10-03","6.04","1.05","72","79","68"
"USW00013897","NASHVILLE INTERNATIONAL AIRPORT, TN US","2021-10-04","1.57","0.00","72","82","64"
"USW00013897","NASHVILLE INTERNATIONAL AIRPORT, TN US","2021-10-05","4.70","0.59","68","75","63"
"USW00013897","NASHVILLE INTERNATIONAL AIRPORT, TN US","2021-10-06","7.38","0.66","70","79","65"
"USW00013897","NASHVILLE INTERNATIONAL AIRPORT, TN US","2021-10-07","2.91","0.00","70","82","63"
"USW00013897","NASHVILLE INTERNATIONAL AIRPORT, TN US","2021-10-08","2.46","0.00","70","83","60"
"USW00013897","NASHVILLE INTERNATIONAL AIRPORT, TN US","2021-10-09","4.03","0.00","72","86","63"
"USW00013897","NASHVILLE INTERNATIONAL AIRPORT, TN US","2021-10-10","6.71","0.00","74","87","64"
"USW00013897","NASHVILLE INTERNATIONAL AIRPORT, TN US","2021-10-11","12.53","0.00","74","84","65"
"USW00013897","NASHVILLE INTERNATIONAL AIRPORT, TN US","2021-10-12","4.03","0.02","75","83","62"
"USW00013897","NASHVILLE INTERNATIONAL AIRPORT, TN US","2021-10-13","5.37","0.00","72","85","63"
"USW00013897","NASHVILLE INTERNATIONAL AIRPORT, TN US","2021-10-14","4.92","0.00","75","85","66"
"USW00013897","NASHVILLE INTERNATIONAL AIRPORT, TN US","2021-10-15","6.04","0.22","73","81","68"
"USW00013897","NASHVILLE INTERNATIONAL AIRPORT, TN US","2021-10-16","10.74","0.02","63","68","48"
"USW00013897","NASHVILLE INTERNATIONAL AIRPORT, TN US","2021-10-17","3.36","0.00","56","70","43"
"USW00013897","NASHVILLE INTERNATIONAL AIRPORT, TN US","2021-10-18","2.91","0.00","56","74","43"
"USW00013897","NASHVILLE INTERNATIONAL AIRPORT, TN US","2021-10-19","2.91","0.00","58","75","44"
"USW00013897","NASHVILLE INTERNATIONAL AIRPORT, TN US","2021-10-20","4.70","0.00","61","79","48"
"USW00013897","NASHVILLE INTERNATIONAL AIRPORT, TN US","2021-10-21","7.61","0.06","69","78","54"
"USW00013897","NASHVILLE INTERNATIONAL AIRPORT, TN US","2021-10-22","3.36","0.00","57","64","47"
"USW00013897","NASHVILLE INTERNATIONAL AIRPORT, TN US","2021-10-23","3.80","0.00","57","71","46"
"USW00013897","NASHVILLE INTERNATIONAL AIRPORT, TN US","2021-10-24","11.41","0.00","67","81","57"
"USW00013897","NASHVILLE INTERNATIONAL AIRPORT, TN US","2021-10-25","10.96","1.12","65","74","54"
"USW00013897","NASHVILLE INTERNATIONAL AIRPORT, TN US","2021-10-26","6.04","0.00","56","62","46"
"USW00013897","NASHVILLE INTERNATIONAL AIRPORT, TN US","2021-10-27","5.59","0.00","54","68","44"
"USW00013897","NASHVILLE INTERNATIONAL AIRPORT, TN US","2021-10-28","9.17","0.21","60","65","54"
"USW00013897","NASHVILLE INTERNATIONAL AIRPORT, TN US","2021-10-29","5.14","0.29","56","60","53"
"USW00013897","NASHVILLE INTERNATIONAL AIRPORT, TN US","2021-10-30","8.72","0.11","55","57","53"
"USW00013897","NASHVILLE INTERNATIONAL AIRPORT, TN US","2021-10-31","6.26","0.00","58","68","51"
"USW00013897","NASHVILLE INTERNATIONAL AIRPORT, TN US","2021-11-01","5.82","0.00","53","64","45"
"USW00013897","NASHVILLE INTERNATIONAL AIRPORT, TN US","2021-11-02","8.50","0.00","49","54","41"
"USW00013897","NASHVILLE INTERNATIONAL AIRPORT, TN US","2021-11-03","7.16","0.00","44","49","37"
"USW00013897","NASHVILLE INTERNATIONAL AIRPORT, TN US","2021-11-04","4.92","0.00","43","56","31"
"USW00013897","NASHVILLE INTERNATIONAL AIRPORT, TN US","2021-11-05","2.46","0.00","44","60","31"
"USW00013897","NASHVILLE INTERNATIONAL AIRPORT, TN US","2021-11-06","1.34","0.00","46","63","34"
"USW00013897","NASHVILLE INTERNATIONAL AIRPORT, TN US","2021-11-07","2.24","0.00","48","67","34"
"USW00013897","NASHVILLE INTERNATIONAL AIRPORT, TN US","2021-11-08","2.91","0.00","52","74","36"
"USW00013897","NASHVILLE INTERNATIONAL AIRPORT, TN US","2021-11-09","3.36","0.00","55","75","40"
"USW00013897","NASHVILLE INTERNATIONAL AIRPORT, TN US","2021-11-10","4.70","0.00","57","73","43"
"USW00013897","NASHVILLE INTERNATIONAL AIRPORT, TN US","2021-11-11","8.28","0.51","59","68","48"
"USW00013897","NASHVILLE INTERNATIONAL AIRPORT, TN US","2021-11-12","8.95","0.00","53","66","40"
"USW00013897","NASHVILLE INTERNATIONAL AIRPORT, TN US","2021-11-13","4.47","0.00","44","50","32"
"USW00013897","NASHVILLE INTERNATIONAL AIRPORT, TN US","2021-11-14","7.83","0.00","43","59","32"
"USW00013897","NASHVILLE INTERNATIONAL AIRPORT, TN US","2021-11-15","4.25","0.00","44","58","31"
"USW00013897","NASHVILLE INTERNATIONAL AIRPORT, TN US","2021-11-16","6.49","0.00","54","70","41"
"USW00013897","NASHVILLE INTERNATIONAL AIRPORT, TN US","2021-11-17","12.08","0.00","63","72","57"
"USW00013897","NASHVILLE INTERNATIONAL AIRPORT, TN US","2021-11-18","8.28","0.23","55","67","32"
"USW00013897","NASHVILLE INTERNATIONAL AIRPORT, TN US","2021-11-19","4.70","0.00","39","50","30"
"USW00013897","NASHVILLE INTERNATIONAL AIRPORT, TN US","2021-11-20","6.71","0.00","43","61","31"
"USW00013897","NASHVILLE INTERNATIONAL AIRPORT, TN US","2021-11-21","7.38","0.30","52","62","48"
"USW00013897","NASHVILLE INTERNATIONAL AIRPORT, TN US","2021-11-22","8.28","0.00","47","51","30"
"USW00013897","NASHVILLE INTERNATIONAL AIRPORT, TN US","2021-11-23","2.68","0.00","35","49","25"
"USW00013897","NASHVILLE INTERNATIONAL AIRPORT, TN US","2021-11-24","9.17","0.00","44","62","31"
"USW00013897","NASHVILLE INTERNATIONAL AIRPORT, TN US","2021-11-25","9.84","0.43","51","53","36"
"USW00013897","NASHVILLE INTERNATIONAL AIRPORT, TN US","2021-11-26","5.59","0.00","37","45","27"
"USW00013897","NASHVILLE INTERNATIONAL AIRPORT, TN US","2021-11-27","7.61","0.00","39","58","26"
"USW00013897","NASHVILLE INTERNATIONAL AIRPORT, TN US","2021-11-28","5.59","0.00","47","56","34"
"USW00013897","NASHVILLE INTERNATIONAL AIRPORT, TN US","2021-11-29","4.25","0.00","40","50","27"
"USW00013897","NASHVILLE INTERNATIONAL AIRPORT, TN US","2021-11-30","4.47","0.00","48","66","37"
"USW00013897","NASHVILLE INTERNATIONAL AIRPORT, TN US","2021-12-01","7.38","0.04","51","67","38"
"USW00013897","NASHVILLE INTERNATIONAL AIRPORT, TN US","2021-12-02","6.26","0.00","58","74","46"
"USW00013897","NASHVILLE INTERNATIONAL AIRPORT, TN US","2021-12-03","6.71","0.00","58","75","43"
"USW00013897","NASHVILLE INTERNATIONAL AIRPORT, TN US","2021-12-04","4.92","0.00","60","62","51"
"USW00013897","NASHVILLE INTERNATIONAL AIRPORT, TN US","2021-12-05","11.18","0.01","58","70","49"
"USW00013897","NASHVILLE INTERNATIONAL AIRPORT, TN US","2021-12-06","12.97","1.33","59","68","33"
"USW00013897","NASHVILLE INTERNATIONAL AIRPORT, TN US","2021-12-07","6.04","0.00","36","45","29"
"USW00013897","NASHVILLE INTERNATIONAL AIRPORT, TN US","2021-12-08","4.25","0.00","43","54","34"
"USW00013897","NASHVILLE INTERNATIONAL AIRPORT, TN US","2021-12-09","10.51","0.00","45","63","32"
"USW00013897","NASHVILLE INTERNATIONAL AIRPORT, TN US","2021-12-10","12.97","0.16","60","73","57"
"USW00013897","NASHVILLE INTERNATIONAL AIRPORT, TN US","2021-12-11","14.32","0.29","62","73","36"
"USW00013897","NASHVILLE INTERNATIONAL AIRPORT, TN US","2021-12-12","2.24","0.00","39","51","28"
"USW00013897","NASHVILLE INTERNATIONAL AIRPORT, TN US","2021-12-13","3.80","0.00","42","61","28"
"USW00013897","NASHVILLE INTERNATIONAL AIRPORT, TN US","2021-12-14","3.36","0.00","47","66","32"
"USW00013897","NASHVILLE INTERNATIONAL AIRPORT, TN US","2021-12-15","14.32","0.00","58","69","50"
"USW00013897","NASHVILLE INTERNATIONAL AIRPORT, TN US","2021-12-16","11.86","0.40","62","70","55"
"USW00013897","NASHVILLE INTERNATIONAL AIRPORT, TN US","2021-12-17","5.37","0.61","57","65","52"
"USW00013897","NASHVILLE INTERNATIONAL AIRPORT, TN US","2021-12-18","11.41","0.32","62","73","42"
"USW00013897","NASHVILLE INTERNATIONAL AIRPORT, TN US","2021-12-19","10.51","0.00","42","47","32"
"USW00013897","NASHVILLE INTERNATIONAL AIRPORT, TN US","2021-12-20","2.46","0.00","36","47","28"
"USW00013897","NASHVILLE INTERNATIONAL AIRPORT, TN US","2021-12-21","2.01","0.00","42","52","35"
"USW00013897","NASHVILLE INTERNATIONAL AIRPORT, TN US","2021-12-22","6.26","0.00","41","47","30"
"USW00013897","NASHVILLE INTERNATIONAL AIRPORT, TN US","2021-12-23","7.83","0.00","40","63","26"
"USW00013897","NASHVILLE INTERNATIONAL AIRPORT, TN US","2021-12-24","15.66","0.00","56","69","50"
"USW00013897","NASHVILLE INTERNATIONAL AIRPORT, TN US","2021-12-25","9.40","0.00","68","76","62"
"USW00013897","NASHVILLE INTERNATIONAL AIRPORT, TN US","2021-12-26","4.70","0.00","62","68","53"
"USW00013897","NASHVILLE INTERNATIONAL AIRPORT, TN US","2021-12-27","9.40","0.00","66","69","61"
"USW00013897","NASHVILLE INTERNATIONAL AIRPORT, TN US","2021-12-28","10.29","0.02","65","72","57"
"USW00013897","NASHVILLE INTERNATIONAL AIRPORT, TN US","2021-12-29","4.92","0.44","63","69","51"
"USW00013897","NASHVILLE INTERNATIONAL AIRPORT, TN US","2021-12-30","2.46","0.00","55","60","49"
"USW00013897","NASHVILLE INTERNATIONAL AIRPORT, TN US","2021-12-31","6.71","0.01","59","72","50"
"USW00013897","NASHVILLE INTERNATIONAL AIRPORT, TN US","2022-01-01","11.18","1.78","70","78","57"
"USW00013897","NASHVILLE INTERNATIONAL AIRPORT, TN US","2022-01-02","10.51","0.32","49","58","33"
"USW00013897","NASHVILLE INTERNATIONAL AIRPORT, TN US","2022-01-03","7.83","0.03","33","37","28"
"USW00013897","NASHVILLE INTERNATIONAL AIRPORT, TN US","2022-01-04","10.51","0.00","34","46","25"
"USW00013897","NASHVILLE INTERNATIONAL AIRPORT, TN US","2022-01-05","9.62","0.00","47","57","37"
"USW00013897","NASHVILLE INTERNATIONAL AIRPORT, TN US","2022-01-06","9.40","0.57","33","37","19"
"USW00013897","NASHVILLE INTERNATIONAL AIRPORT, TN US","2022-01-07","6.04","0.00","19","27","13"
"USW00013897","NASHVILLE INTERNATIONAL AIRPORT, TN US","2022-01-08","8.50","0.00","28","50","17"
"USW00013897","NASHVILLE INTERNATIONAL AIRPORT, TN US","2022-01-09","13.42","1.39","50","54","31"
"USW00013897","NASHVILLE INTERNATIONAL AIRPORT, TN US","2022-01-10","5.82","0.00","34","43","24"
"USW00013897","NASHVILLE INTERNATIONAL AIRPORT, TN US","2022-01-11","3.58","0.00","35","46","26"
"USW00013897","NASHVILLE INTERNATIONAL AIRPORT, TN US","2022-01-12","8.05","0.00","40","57","28"
"USW00013897","NASHVILLE INTERNATIONAL AIRPORT, TN US","2022-01-13","6.71","0.00","47","55","38"
"USW00013897","NASHVILLE INTERNATIONAL AIRPORT, TN US","2022-01-14","3.80","0.00","42","53","30"
"USW00013897","NASHVILLE INTERNATIONAL AIRPORT, TN US","2022-01-15","8.95","0.18","41","45","37"
"USW00013897","NASHVILLE INTERNATIONAL AIRPORT, TN US","2022-01-16","11.86","1.14","36","39","31"
"USW00013897","NASHVILLE INTERNATIONAL AIRPORT, TN US","2022-01-17","7.61","0.00","33","36","30"
"USW00013897","NASHVILLE INTERNATIONAL AIRPORT, TN US","2022-01-18","6.93","0.00","35","49","25"
"USW00013897","NASHVILLE INTERNATIONAL AIRPORT, TN US","2022-01-19","10.51","1.09","47","58","32"
"USW00013897","NASHVILLE INTERNATIONAL AIRPORT, TN US","2022-01-20","13.65","0.03","31","33","23"
"USW00013897","NASHVILLE INTERNATIONAL AIRPORT, TN US","2022-01-21","10.51","0.00","25","33","19"
"USW00013897","NASHVILLE INTERNATIONAL AIRPORT, TN US","2022-01-22","2.68","0.00","24","38","14"
"USW00013897","NASHVILLE INTERNATIONAL AIRPORT, TN US","2022-01-23","6.93","0.00","33","52","21"
"USW00013897","NASHVILLE INTERNATIONAL AIRPORT, TN US","2022-01-24","6.26","0.00","41","61","27"
"USW00013897","NASHVILLE INTERNATIONAL AIRPORT, TN US","2022-01-25","11.18","0.00","42","49","24"
"USW00013897","NASHVILLE INTERNATIONAL AIRPORT, TN US","2022-01-26","7.61","0.00","26","36","19"
"USW00013897","NASHVILLE INTERNATIONAL AIRPORT, TN US","2022-01-27","2.46","0.00","32","51","19"
"USW00013897","NASHVILLE INTERNATIONAL AIRPORT, TN US","2022-01-28","12.08","0.00","38","44","24"
"USW00013897","NASHVILLE INTERNATIONAL AIRPORT, TN US","2022-01-29","6.71","0.00","26","35","16"
"USW00013897","NASHVILLE INTERNATIONAL AIRPORT, TN US","2022-01-30","8.05","0.00","37","57","25"
"USW00013897","NASHVILLE INTERNATIONAL AIRPORT, TN US","2022-01-31","3.80","0.00","40","52","30"
"USW00013897","NASHVILLE INTERNATIONAL AIRPORT, TN US","2022-02-01","10.07","0.00","47","67","32"
"USW00013897","NASHVILLE INTERNATIONAL AIRPORT, TN US","2022-02-02","7.61","1.20","51","52","47"
"USW00013897","NASHVILLE INTERNATIONAL AIRPORT, TN US","2022-02-03","8.95","1.14","43","52","32"
"USW00013897","NASHVILLE INTERNATIONAL AIRPORT, TN US","2022-02-04","9.40","0.02","31","32","25"
"USW00013897","NASHVILLE INTERNATIONAL AIRPORT, TN US","2022-02-05","3.80","0.00","28","37","20"
"USW00013897","NASHVILLE INTERNATIONAL AIRPORT, TN US","2022-02-06","3.13","0.00","33","52","21"
"USW00013897","NASHVILLE INTERNATIONAL AIRPORT, TN US","2022-02-07","4.70","0.00","38","51","23"
"USW00013897","NASHVILLE INTERNATIONAL AIRPORT, TN US","2022-02-08","5.82","0.00","39","58","24"
"USW00013897","NASHVILLE INTERNATIONAL AIRPORT, TN US","2022-02-09","9.17","0.00","50","63","41"
"USW00013897","NASHVILLE INTERNATIONAL AIRPORT, TN US","2022-02-10","4.92","0.00","49","62","35"
"USW00013897","NASHVILLE INTERNATIONAL AIRPORT, TN US","2022-02-11","10.29","0.00","53","72","36"
"USW00013897","NASHVILLE INTERNATIONAL AIRPORT, TN US","2022-02-12","9.62","0.00","46","51","24"
"USW00013897","NASHVILLE INTERNATIONAL AIRPORT, TN US","2022-02-13","4.47","0.00","29","43","20"
"USW00013897","NASHVILLE INTERNATIONAL AIRPORT, TN US","2022-02-14","2.91","0.00","35","51","23"
"USW00013897","NASHVILLE INTERNATIONAL AIRPORT, TN US","2022-02-15","8.05","0.00","45","69","28"
"USW00013897","NASHVILLE INTERNATIONAL AIRPORT, TN US","2022-02-16","17.67","0.00","58","70","50"
"USW00013897","NASHVILLE INTERNATIONAL AIRPORT, TN US","2022-02-17","17.67","2.03","64","70","34"
"USW00013897","NASHVILLE INTERNATIONAL AIRPORT, TN US","2022-02-18","8.72","0.00","38","42","28"
"USW00013897","NASHVILLE INTERNATIONAL AIRPORT, TN US","2022-02-19","6.26","0.00","36","50","25"
"USW00013897","NASHVILLE INTERNATIONAL AIRPORT, TN US","2022-02-20","8.72","0.00","42","64","25"
"USW00013897","NASHVILLE INTERNATIONAL AIRPORT, TN US","2022-02-21","12.30","0.11","55","69","44"
"USW00013897","NASHVILLE INTERNATIONAL AIRPORT, TN US","2022-02-22","12.08","2.06","59","66","57"
"USW00013897","NASHVILLE INTERNATIONAL AIRPORT, TN US","2022-02-23","10.74","0.37","45","60","34"
"USW00013897","NASHVILLE INTERNATIONAL AIRPORT, TN US","2022-02-24","6.04","1.62","37","48","35"
"USW00013897","NASHVILLE INTERNATIONAL AIRPORT, TN US","2022-02-25","9.84","0.04","38","43","32"
"USW00013897","NASHVILLE INTERNATIONAL AIRPORT, TN US","2022-02-26","6.26","0.00","34","40","31"
"USW00013897","NASHVILLE INTERNATIONAL AIRPORT, TN US","2022-02-27","6.93","0.04","43","56","37"
"USW00013897","NASHVILLE INTERNATIONAL AIRPORT, TN US","2022-02-28","2.24","0.00","44","60","27"
"USW00013897","NASHVILLE INTERNATIONAL AIRPORT, TN US","2022-03-01","6.71","0.00","50","73","32"
"USW00013897","NASHVILLE INTERNATIONAL AIRPORT, TN US","2022-03-02","3.80","0.00","61","80","43"
"USW00013897","NASHVILLE INTERNATIONAL AIRPORT, TN US","2022-03-03","5.82","0.00","64","76","50"
"USW00013897","NASHVILLE INTERNATIONAL AIRPORT, TN US","2022-03-04","4.70","0.00","58","79","43"
"USW00013897","NASHVILLE INTERNATIONAL AIRPORT, TN US","2022-03-05","13.87","0.00","67","77","57"
"USW00013897","NASHVILLE INTERNATIONAL AIRPORT, TN US","2022-03-06","15.88","0.00","73","80","67"
"USW00013897","NASHVILLE INTERNATIONAL AIRPORT, TN US","2022-03-07","15.21","0.47","64","71","40"
"USW00013897","NASHVILLE INTERNATIONAL AIRPORT, TN US","2022-03-08","7.61","0.10","42","49","38"
"USW00013897","NASHVILLE INTERNATIONAL AIRPORT, TN US","2022-03-09","6.93","0.14","44","55","38"
"USW00013897","NASHVILLE INTERNATIONAL AIRPORT, TN US","2022-03-10","4.70","0.00","48","62","39"
"USW00013897","NASHVILLE INTERNATIONAL AIRPORT, TN US","2022-03-11","7.61","0.18","49","67","27"
"USW00013897","NASHVILLE INTERNATIONAL AIRPORT, TN US","2022-03-12","11.63","0.07","29","32","22"
"USW00013897","NASHVILLE INTERNATIONAL AIRPORT, TN US","2022-03-13","9.84","0.00","34","58","20"
"USW00013897","NASHVILLE INTERNATIONAL AIRPORT, TN US","2022-03-14","8.72","0.00","51","68","36"
"USW00013897","NASHVILLE INTERNATIONAL AIRPORT, TN US","2022-03-15","4.92","0.00","58","70","51"
"USW00013897","NASHVILLE INTERNATIONAL AIRPORT, TN US","2022-03-16","4.70","0.11","58","63","50"
"USW00013897","NASHVILLE INTERNATIONAL AIRPORT, TN US","2022-03-17","3.58","0.00","58","73","47"
"USW00013897","NASHVILLE INTERNATIONAL AIRPORT, TN US","2022-03-18","12.30","0.39","60","69","51"
"USW00013897","NASHVILLE INTERNATIONAL AIRPORT, TN US","2022-03-19","8.95","0.00","54","57","40"
"USW00013897","NASHVILLE INTERNATIONAL AIRPORT, TN US","2022-03-20","2.91","0.00","50","70","35"
"USW00013897","NASHVILLE INTERNATIONAL AIRPORT, TN US","2022-03-21","6.04","0.00","57","75","41"
"USW00013897","NASHVILLE INTERNATIONAL AIRPORT, TN US","2022-03-22","14.54","1.45","67","79","61"
"USW00013897","NASHVILLE INTERNATIONAL AIRPORT, TN US","2022-03-23","12.08","0.00","61","66","48"
"USW00013897","NASHVILLE INTERNATIONAL AIRPORT, TN US","2022-03-24","8.95","0.00","51","62","40"
"USW00013897","NASHVILLE INTERNATIONAL AIRPORT, TN US","2022-03-25","7.61","0.00","49","53","44"
"USW00013897","NASHVILLE INTERNATIONAL AIRPORT, TN US","2022-03-26","12.08","0.00","51","61","41"
"USW00013897","NASHVILLE INTERNATIONAL AIRPORT, TN US","2022-03-27","7.38","0.00","46","55","35"
"USW00013897","NASHVILLE INTERNATIONAL AIRPORT, TN US","2022-03-28","7.16","0.00","47","57","40"
"USW00013897","NASHVILLE INTERNATIONAL AIRPORT, TN US","2022-03-29","9.62","0.00","55","76","43"
"USW00013897","NASHVILLE INTERNATIONAL AIRPORT, TN US","2022-03-30","19.91","0.88","72","83","60"
"USW00013897","NASHVILLE INTERNATIONAL AIRPORT, TN US","2022-03-31","9.84","0.01","57","60","44"
"USW00013897","NASHVILLE INTERNATIONAL AIRPORT, TN US","2022-04-01","6.04","0.00","47","57","41"
"USW00013897","NASHVILLE INTERNATIONAL AIRPORT, TN US","2022-04-02","4.92","0.00","49","64","35"
"USW00013897","NASHVILLE INTERNATIONAL AIRPORT, TN US","2022-04-03","5.59","0.00","54","65","41"
"USW00013897","NASHVILLE INTERNATIONAL AIRPORT, TN US","2022-04-04","5.59","0.00","56","75","40"
"USW00013897","NASHVILLE INTERNATIONAL AIRPORT, TN US","2022-04-05","4.70","0.40","58","59","50"
"USW00013897","NASHVILLE INTERNATIONAL AIRPORT, TN US","2022-04-06","6.93","0.24","57","72","50"
"USW00013897","NASHVILLE INTERNATIONAL AIRPORT, TN US","2022-04-07","8.28","0.00","53","62","45"
"USW00013897","NASHVILLE INTERNATIONAL AIRPORT, TN US","2022-04-08","10.07","0.03","47","49","40"
"USW00013897","NASHVILLE INTERNATIONAL AIRPORT, TN US","2022-04-09","9.40","0.00","46","59","39"
"USW00013897","NASHVILLE INTERNATIONAL AIRPORT, TN US","2022-04-10","9.40","0.00","54","79","36"
"USW00013897","NASHVILLE INTERNATIONAL AIRPORT, TN US","2022-04-11","12.08","0.40","65","67","60"
"USW00013897","NASHVILLE INTERNATIONAL AIRPORT, TN US","2022-04-12","10.51","1.79","65","79","61"
"USW00013897","NASHVILLE INTERNATIONAL AIRPORT, TN US","2022-04-13","16.11","1.11","74","85","61"
"USW00013897","NASHVILLE INTERNATIONAL AIRPORT, TN US","2022-04-14","5.82","0.03","60","69","47"
"USW00013897","NASHVILLE INTERNATIONAL AIRPORT, TN US","2022-04-15","6.71","0.30","57","73","40"
"USW00013897","NASHVILLE INTERNATIONAL AIRPORT, TN US","2022-04-16","6.93","0.22","62","71","54"
"USW00013897","NASHVILLE INTERNATIONAL AIRPORT, TN US","2022-04-17","8.95","0.05","56","62","46"
"USW00013897","NASHVILLE INTERNATIONAL AIRPORT, TN US","2022-04-18","8.95","0.90","50","57","42"
"USW00013897","NASHVILLE INTERNATIONAL AIRPORT, TN US","2022-04-19","3.80","0.00","48","61","38"
"USW00013897","NASHVILLE INTERNATIONAL AIRPORT, TN US","2022-04-20","10.51","0.00","56","75","42"
"USW00013897","NASHVILLE INTERNATIONAL AIRPORT, TN US","2022-04-21","8.72","0.11","68","80","59"
"USW00013897","NASHVILLE INTERNATIONAL AIRPORT, TN US","2022-04-22","4.92","0.00","72","84","58"
"USW00013897","NASHVILLE INTERNATIONAL AIRPORT, TN US","2022-04-23","10.96","0.00","73","84","62"
"USW00013897","NASHVILLE INTERNATIONAL AIRPORT, TN US","2022-04-24","10.74","0.00","74","84","62"
"USW00013897","NASHVILLE INTERNATIONAL AIRPORT, TN US","2022-04-25","6.71","0.50","71","78","59"
"USW00013897","NASHVILLE INTERNATIONAL AIRPORT, TN US","2022-04-26","10.51","0.00","58","65","47"
"USW00013897","NASHVILLE INTERNATIONAL AIRPORT, TN US","2022-04-27","4.70","0.00","56","72","40"
"USW00013897","NASHVILLE INTERNATIONAL AIRPORT, TN US","2022-04-28","3.80","0.00","62","79","47"
"USW00013897","NASHVILLE INTERNATIONAL AIRPORT, TN US","2022-04-29","7.61","0.00","69","82","58"
"USW00013897","NASHVILLE INTERNATIONAL AIRPORT, TN US","2022-04-30","12.30","0.00","72","82","62"
"USW00013897","NASHVILLE INTERNATIONAL AIRPORT, TN US","2022-05-01","6.26","0.29","73","81","57"
"USW00013897","NASHVILLE INTERNATIONAL AIRPORT, TN US","2022-05-02","3.58","0.00","69","86","52"
"USW00013897","NASHVILLE INTERNATIONAL AIRPORT, TN US","2022-05-03","11.18","0.00","74","85","65"
"USW00013897","NASHVILLE INTERNATIONAL AIRPORT, TN US","2022-05-04","6.71","0.00","69","75","58"
"USW00013897","NASHVILLE INTERNATIONAL AIRPORT, TN US","2022-05-05","6.71","0.28","66","86","56"
"USW00013897","NASHVILLE INTERNATIONAL AIRPORT, TN US","2022-05-06","8.50","0.17","68","76","58"
"USW00013897","NASHVILLE INTERNATIONAL AIRPORT, TN US","2022-05-07","8.05","0.02","59","61","56"
"USW00013897","NASHVILLE INTERNATIONAL AIRPORT, TN US","2022-05-08","6.26","0.00","61","73","50"
"USW00013897","NASHVILLE INTERNATIONAL AIRPORT, TN US","2022-05-09","9.40","0.00","67","81","55"
"USW00013897","NASHVILLE INTERNATIONAL AIRPORT, TN US","2022-05-10","6.49","0.00","73","86","61"
"USW00013897","NASHVILLE INTERNATIONAL AIRPORT, TN US","2022-05-11","2.01","0.00","77","91","64"
"USW00013897","NASHVILLE INTERNATIONAL AIRPORT, TN US","2022-05-12","4.92","0.00","80","91","68"
"USW00013897","NASHVILLE INTERNATIONAL AIRPORT, TN US","2022-05-13","4.92","0.00","76","88","63"
"USW00013897","NASHVILLE INTERNATIONAL AIRPORT, TN US","2022-05-14","6.04","0.01","75","89","64"
"USW00013897","NASHVILLE INTERNATIONAL AIRPORT, TN US","2022-05-15","3.80","0.00","76","89","61"
"USW00013897","NASHVILLE INTERNATIONAL AIRPORT, TN US","2022-05-16","7.83","0.00","74","82","59"
"USW00013897","NASHVILLE INTERNATIONAL AIRPORT, TN US","2022-05-17","4.03","0.00","71","88","55"
"USW00013897","NASHVILLE INTERNATIONAL AIRPORT, TN US","2022-05-18","8.50","0.00","74","90","58"
"USW00013897","NASHVILLE INTERNATIONAL AIRPORT, TN US","2022-05-19","9.17","0.00","82","94","74"
"USW00013897","NASHVILLE INTERNATIONAL AIRPORT, TN US","2022-05-20","13.42","0.00","82","91","74"
"USW00013897","NASHVILLE INTERNATIONAL AIRPORT, TN US","2022-05-21","11.18","0.73","82","93","67"
"USW00013897","NASHVILLE INTERNATIONAL AIRPORT, TN US","2022-05-22","7.83","0.19","71","78","64"
"USW00013897","NASHVILLE INTERNATIONAL AIRPORT, TN US","2022-05-23","9.84","0.04","65","70","61"
"USW00013897","NASHVILLE INTERNATIONAL AIRPORT, TN US","2022-05-24","6.71","0.91","66","81","60"
"USW00013897","NASHVILLE INTERNATIONAL AIRPORT, TN US","2022-05-25","12.08","0.49","72","80","66"
"USW00013897","NASHVILLE INTERNATIONAL AIRPORT, TN US","2022-05-26","10.51","0.42","70","77","64"
"USW00013897","NASHVILLE INTERNATIONAL AIRPORT, TN US","2022-05-27","7.83","0.00","67","73","58"
"USW00013897","NASHVILLE INTERNATIONAL AIRPORT, TN US","2022-05-28","3.36","0.00","66","75","59"
"USW00013897","NASHVILLE INTERNATIONAL AIRPORT, TN US","2022-05-29","6.04","0.00","70","86","56"
"USW00013897","NASHVILLE INTERNATIONAL AIRPORT, TN US","2022-05-30","8.28","0.00","77","90","64"
"USW00013897","NASHVILLE INTERNATIONAL AIRPORT, TN US","2022-05-31","5.59","0.00","80","91","68"
"USW00013897","NASHVILLE INTERNATIONAL AIRPORT, TN US","2022-06-01","3.13","0.00","81","93","68"
"USW00013897","NASHVILLE INTERNATIONAL AIRPORT, TN US","2022-06-02","6.49","0.00","79","87","70"
"USW00013897","NASHVILLE INTERNATIONAL AIRPORT, TN US","2022-06-03","8.50","0.00","76","85","66"
"USW00013897","NASHVILLE INTERNATIONAL AIRPORT, TN US","2022-06-04","4.92","0.00","73","86","57"
"USW00013897","NASHVILLE INTERNATIONAL AIRPORT, TN US","2022-06-05","5.59","0.00","74","88","58"
"USW00013897","NASHVILLE INTERNATIONAL AIRPORT, TN US","2022-06-06","10.29","0.11","76","86","69"
"USW00013897","NASHVILLE INTERNATIONAL AIRPORT, TN US","2022-06-07","4.70","0.43","78","91","71"
"USW00013897","NASHVILLE INTERNATIONAL AIRPORT, TN US","2022-06-08","6.71","0.08","76","88","70"
"USW00013897","NASHVILLE INTERNATIONAL AIRPORT, TN US","2022-06-09","7.38","0.00","77","84","63"
"USW00013897","NASHVILLE INTERNATIONAL AIRPORT, TN US","2022-06-10","3.58","0.00","72","84","59"
"USW00013897","NASHVILLE INTERNATIONAL AIRPORT, TN US","2022-06-11","3.80","0.00","75","88","62"
"USW00013897","NASHVILLE INTERNATIONAL AIRPORT, TN US","2022-06-12","7.83","0.00","80","93","70"
"USW00013897","NASHVILLE INTERNATIONAL AIRPORT, TN US","2022-06-13","6.49","0.00","86","97","76"
"USW00013897","NASHVILLE INTERNATIONAL AIRPORT, TN US","2022-06-14","5.59","0.00","88","97","79"
"USW00013897","NASHVILLE INTERNATIONAL AIRPORT, TN US","2022-06-15","3.36","0.00","87","98","76"
"USW00013897","NASHVILLE INTERNATIONAL AIRPORT, TN US","2022-06-16","3.80","0.00","88","98","77"
"USW00013897","NASHVILLE INTERNATIONAL AIRPORT, TN US","2022-06-17","6.71","0.26","84","91","75"
"USW00013897","NASHVILLE INTERNATIONAL AIRPORT, TN US","2022-06-18","10.29","0.00","82","89","67"
"USW00013897","NASHVILLE INTERNATIONAL AIRPORT, TN US","2022-06-19","7.38","0.00","75","89","61"
"USW00013897","NASHVILLE INTERNATIONAL AIRPORT, TN US","2022-06-20","3.13","0.00","77","94","57"
"USW00013897","NASHVILLE INTERNATIONAL AIRPORT, TN US","2022-06-21","2.01","0.00","81","98","64"
"USW00013897","NASHVILLE INTERNATIONAL AIRPORT, TN US","2022-06-22","5.14","0.00","87","101","73"
"USW00013897","NASHVILLE INTERNATIONAL AIRPORT, TN US","2022-06-23","8.50","0.00","87","95","75"
"USW00013897","NASHVILLE INTERNATIONAL AIRPORT, TN US","2022-06-24","2.91","0.00","83","97","69"
"USW00013897","NASHVILLE INTERNATIONAL AIRPORT, TN US","2022-06-25","6.26","0.00","85","99","71"
"USW00013897","NASHVILLE INTERNATIONAL AIRPORT, TN US","2022-06-26","5.82","0.00","86","96","78"
"USW00013897","NASHVILLE INTERNATIONAL AIRPORT, TN US","2022-06-27","11.63","0.00","81","90","71"
"USW00013897","NASHVILLE INTERNATIONAL AIRPORT, TN US","2022-06-28","8.72","0.00","77","91","65"
"USW00013897","NASHVILLE INTERNATIONAL AIRPORT, TN US","2022-06-29","4.92","0.00","79","94","65"
"USW00013897","NASHVILLE INTERNATIONAL AIRPORT, TN US","2022-06-30","4.92","0.42","84","94","73"
"USW00013897","NASHVILLE INTERNATIONAL AIRPORT, TN US","2022-07-01","3.80","0.00","84","96","73"
"USW00013897","NASHVILLE INTERNATIONAL AIRPORT, TN US","2022-07-02","5.37","0.47","85","96","74"
"USW00013897","NASHVILLE INTERNATIONAL AIRPORT, TN US","2022-07-03","2.91","0.45","81","93","75"
"USW00013897","NASHVILLE INTERNATIONAL AIRPORT, TN US","2022-07-04","4.03","0.19","82","94","75"
"USW00013897","NASHVILLE INTERNATIONAL AIRPORT, TN US","2022-07-05","5.14","0.00","86","99","76"
"USW00013897","NASHVILLE INTERNATIONAL AIRPORT, TN US","2022-07-06","6.49","0.79","86","97","79"
"USW00013897","NASHVILLE INTERNATIONAL AIRPORT, TN US","2022-07-07","4.70","0.45","83","95","76"
"USW00013897","NASHVILLE INTERNATIONAL AIRPORT, TN US","2022-07-08","5.82","0.44","85","99","75"
"USW00013897","NASHVILLE INTERNATIONAL AIRPORT, TN US","2022-07-09","6.49","2.34","79","92","73"
"USW00013897","NASHVILLE INTERNATIONAL AIRPORT, TN US","2022-07-10","7.61","0.00","79","91","72"
"USW00013897","NASHVILLE INTERNATIONAL AIRPORT, TN US","2022-07-11","2.68","0.00","81","92","70"
"USW00013897","NASHVILLE INTERNATIONAL AIRPORT, TN US","2022-07-12","7.38","0.00","83","95","74"
"USW00013897","NASHVILLE INTERNATIONAL AIRPORT, TN US","2022-07-13","4.47","0.00","81","90","71"
"USW00013897","NASHVILLE INTERNATIONAL AIRPORT, TN US","2022-07-14","2.24","0.00","80","93","67"
"USW00013897","NASHVILLE INTERNATIONAL AIRPORT, TN US","2022-07-15","3.80","0.00","83","94","71"
"USW00013897","NASHVILLE INTERNATIONAL AIRPORT, TN US","2022-07-16","4.70","0.00","84","94","73"
"USW00013897","NASHVILLE INTERNATIONAL AIRPORT, TN US","2022-07-17","7.83","0.00","83","92","75"
"USW00013897","NASHVILLE INTERNATIONAL AIRPORT, TN US","2022-07-18","4.47","0.49","79","85","72"
"USW00013897","NASHVILLE INTERNATIONAL AIRPORT, TN US","2022-07-19","5.59","0.00","80","91","73"
"USW00013897","NASHVILLE INTERNATIONAL AIRPORT, TN US","2022-07-20","8.72","0.00","86","99","78"
"USW00013897","NASHVILLE INTERNATIONAL AIRPORT, TN US","2022-07-21","6.04","0.01","88","95","76"
"USW00013897","NASHVILLE INTERNATIONAL AIRPORT, TN US","2022-07-22","3.80","0.00","85","98","72"
"USW00013897","NASHVILLE INTERNATIONAL AIRPORT, TN US","2022-07-23","5.82","0.00","87","98","77"
"USW00013897","NASHVILLE INTERNATIONAL AIRPORT, TN US","2022-07-24","8.05","0.00","86","96","77"
"USW00013897","NASHVILLE INTERNATIONAL AIRPORT, TN US","2022-07-25","5.82","0.40","85","94","76"
"USW00013897","NASHVILLE INTERNATIONAL AIRPORT, TN US","2022-07-26","6.26","0.07","80","94","75"
"USW00013897","NASHVILLE INTERNATIONAL AIRPORT, TN US","2022-07-27","7.83","0.00","84","96","76"
"USW00013897","NASHVILLE INTERNATIONAL AIRPORT, TN US","2022-07-28","6.04","0.09","85","94","76"
"USW00013897","NASHVILLE INTERNATIONAL AIRPORT, TN US","2022-07-29","5.37","1.68","79","87","73"
"USW00013897","NASHVILLE INTERNATIONAL AIRPORT, TN US","2022-07-30","6.49","0.00","79","88","72"
"USW00013897","NASHVILLE INTERNATIONAL AIRPORT, TN US","2022-07-31","6.93","0.00","80","87","75"
"USW00013897","NASHVILLE INTERNATIONAL AIRPORT, TN US","2022-08-01","6.71","0.00","80","88","75"
"USW00013897","NASHVILLE INTERNATIONAL AIRPORT, TN US","2022-08-02","6.49","0.00","84","95","74"
"USW00013897","NASHVILLE INTERNATIONAL AIRPORT, TN US","2022-08-03","6.93","0.00","84","94","73"
"USW00013897","NASHVILLE INTERNATIONAL AIRPORT, TN US","2022-08-04","7.83","0.00","81","91","73"
"USW00013897","NASHVILLE INTERNATIONAL AIRPORT, TN US","2022-08-05","4.92","0.23","81","87","76"
"USW00013897","NASHVILLE INTERNATIONAL AIRPORT, TN US","2022-08-06","5.59","0.19","81","91","74"
"USW00013897","NASHVILLE INTERNATIONAL AIRPORT, TN US","2022-08-07","5.59","1.35","79","92","72"
"USW00013897","NASHVILLE INTERNATIONAL AIRPORT, TN US","2022-08-08","4.70","0.00","79","89","71"
"USW00013897","NASHVILLE INTERNATIONAL AIRPORT, TN US","2022-08-09","5.82","0.89","81","93","73"
"USW00013897","NASHVILLE INTERNATIONAL AIRPORT, TN US","2022-08-10","3.36","0.46","76","89","73"
"USW00013897","NASHVILLE INTERNATIONAL AIRPORT, TN US","2022-08-11","5.82","0.00","79","90","73"
"USW00013897","NASHVILLE INTERNATIONAL AIRPORT, TN US","2022-08-12","7.38","0.00","78","86","68"
"USW00013897","NASHVILLE INTERNATIONAL AIRPORT, TN US","2022-08-13","3.80","0.00","75","87","63"
"USW00013897","NASHVILLE INTERNATIONAL AIRPORT, TN US","2022-08-14","5.14","0.00","77","92","63"
"USW00013897","NASHVILLE INTERNATIONAL AIRPORT, TN US","2022-08-15","5.82","0.00","81","89","73"
"USW00013897","NASHVILLE INTERNATIONAL AIRPORT, TN US","2022-08-16","5.82","0.02","76","79","70"
"USW00013897","NASHVILLE INTERNATIONAL AIRPORT, TN US","2022-08-17","3.36","0.00","75","88","65"
"USW00013897","NASHVILLE INTERNATIONAL AIRPORT, TN US","2022-08-18","3.36","0.00","77","89","65"
"USW00013897","NASHVILLE INTERNATIONAL AIRPORT, TN US","2022-08-19","4.03","0.66","77","89","67"
"USW00013897","NASHVILLE INTERNATIONAL AIRPORT, TN US","2022-08-20","6.71","0.13","76","81","71"
"USW00013897","NASHVILLE INTERNATIONAL AIRPORT, TN US","2022-08-21","6.49","0.00","77","87","71"
"USW00013897","NASHVILLE INTERNATIONAL AIRPORT, TN US","2022-08-22","4.92","0.00","79","89","70"
"USW00013897","NASHVILLE INTERNATIONAL AIRPORT, TN US","2022-08-23","2.91","0.00","78","90","67"
"USW00013897","NASHVILLE INTERNATIONAL AIRPORT, TN US","2022-08-24","5.37","0.00","80","92","69"
"USW00013897","NASHVILLE INTERNATIONAL AIRPORT, TN US","2022-08-25","2.24","0.03","80","90","71"
"USW00013897","NASHVILLE INTERNATIONAL AIRPORT, TN US","2022-08-26","4.47","0.00","79","89","72"
"USW00013897","NASHVILLE INTERNATIONAL AIRPORT, TN US","2022-08-27","3.80","0.00","80","94","69"
"USW00013897","NASHVILLE INTERNATIONAL AIRPORT, TN US","2022-08-28","7.38","0.00","83","95","72"
"USW00013897","NASHVILLE INTERNATIONAL AIRPORT, TN US","2022-08-29","6.71","0.03","83","94","74"
"USW00013897","NASHVILLE INTERNATIONAL AIRPORT, TN US","2022-08-30","3.80","0.00","78","88","70"
"USW00013897","NASHVILLE INTERNATIONAL AIRPORT, TN US","2022-08-31","4.25","0.00","78","90","65"
"USW00013897","NASHVILLE INTERNATIONAL AIRPORT, TN US","2022-09-01","4.47","0.00","76","91","62"
"USW00013897","NASHVILLE INTERNATIONAL AIRPORT, TN US","2022-09-02","4.70","0.24","79","91","65"
"USW00013897","NASHVILLE INTERNATIONAL AIRPORT, TN US","2022-09-03","5.82","0.45","77","90","71"
"USW00013897","NASHVILLE INTERNATIONAL AIRPORT, TN US","2022-09-04","7.16","0.00","76","88","71"
"USW00013897","NASHVILLE INTERNATIONAL AIRPORT, TN US","2022-09-05","2.24","0.11","77","87","72"
"USW00013897","NASHVILLE INTERNATIONAL AIRPORT, TN US","2022-09-06","2.68","0.00","76","85","69"
"USW00013897","NASHVILLE INTERNATIONAL AIRPORT, TN US","2022-09-07","8.95","0.00","76","86","68"
"USW00013897","NASHVILLE INTERNATIONAL AIRPORT, TN US","2022-09-08","7.83","0.00","74","85","63"
"USW00013897","NASHVILLE INTERNATIONAL AIRPORT, TN US","2022-09-09","4.92","0.00","75","88","63"
"USW00013897","NASHVILLE INTERNATIONAL AIRPORT, TN US","2022-09-10","4.92","0.18","74","74","68"
"USW00013897","NASHVILLE INTERNATIONAL AIRPORT, TN US","2022-09-11","5.59","0.44","73","82","65"
"USW00013897","NASHVILLE INTERNATIONAL AIRPORT, TN US","2022-09-12","4.70","0.00","69","79","58"
"USW00013897","NASHVILLE INTERNATIONAL AIRPORT, TN US","2022-09-13","4.70","0.00","69","84","57"
"USW00013897","NASHVILLE INTERNATIONAL AIRPORT, TN US","2022-09-14","4.70","0.00","71","83","58"
"USW00013897","NASHVILLE INTERNATIONAL AIRPORT, TN US","2022-09-15","4.47","0.00","72","86","60"
"USW00013897","NASHVILLE INTERNATIONAL AIRPORT, TN US","2022-09-16","3.58","0.00","74","87","62"
"USW00013897","NASHVILLE INTERNATIONAL AIRPORT, TN US","2022-09-17","4.92","0.00","74","85","62"
"USW00013897","NASHVILLE INTERNATIONAL AIRPORT, TN US","2022-09-18","3.13","0.00","75","88","63"
"USW00013897","NASHVILLE INTERNATIONAL AIRPORT, TN US","2022-09-19","4.47","0.00","77","93","65"
"USW00013897","NASHVILLE INTERNATIONAL AIRPORT, TN US","2022-09-20","5.37","0.00","85","99","73"
"USW00013897","NASHVILLE INTERNATIONAL AIRPORT, TN US","2022-09-21","3.80","0.00","85","100","70"
"USW00013897","NASHVILLE INTERNATIONAL AIRPORT, TN US","2022-09-22","10.51","0.00","79","83","62"
"USW00013897","NASHVILLE INTERNATIONAL AIRPORT, TN US","2022-09-23","7.83","0.00","66","79","54"
"USW00013897","NASHVILLE INTERNATIONAL AIRPORT, TN US","2022-09-24","6.49","0.01","70","87","62"
"USW00013897","NASHVILLE INTERNATIONAL AIRPORT, TN US","2022-09-25","8.05","0.00","76","87","65"
"USW00013897","NASHVILLE INTERNATIONAL AIRPORT, TN US","2022-09-26","7.83","0.00","69","79","54"
"USW00013897","NASHVILLE INTERNATIONAL AIRPORT, TN US","2022-09-27","7.38","0.00","63","77","44"
"USW00013897","NASHVILLE INTERNATIONAL AIRPORT, TN US","2022-09-28","9.17","0.00","60","71","46"
"USW00013897","NASHVILLE INTERNATIONAL AIRPORT, TN US","2022-09-29","12.53","0.00","61","76","50"
"USW00013897","NASHVILLE INTERNATIONAL AIRPORT, TN US","2022-09-30","10.74","0.00","63","80","50"
"USW00013897","NASHVILLE INTERNATIONAL AIRPORT, TN US","2022-10-01","8.50","0.00","64","80","50"
"USW00013897","NASHVILLE INTERNATIONAL AIRPORT, TN US","2022-10-02","9.84","0.00","66","79","54"
"USW00013897","NASHVILLE INTERNATIONAL AIRPORT, TN US","2022-10-03","8.50","0.00","65","78","54"
"USW00013897","NASHVILLE INTERNATIONAL AIRPORT, TN US","2022-10-04","4.70","0.00","62","78","49"
"USW00013897","NASHVILLE INTERNATIONAL AIRPORT, TN US","2022-10-05","2.24","0.00","62","81","45"
"USW00013897","NASHVILLE INTERNATIONAL AIRPORT, TN US","2022-10-06","3.36","0.00","64","85","47"
"USW00013897","NASHVILLE INTERNATIONAL AIRPORT, TN US","2022-10-07","8.05","0.00","67","78","54"
"USW00013897","NASHVILLE INTERNATIONAL AIRPORT, TN US","2022-10-08","6.71","0.00","58","66","43"
"USW00013897","NASHVILLE INTERNATIONAL AIRPORT, TN US","2022-10-09","3.13","0.00","53","71","38"
"USW00013897","NASHVILLE INTERNATIONAL AIRPORT, TN US","2022-10-10","2.01","0.00","57","76","40"
"USW00013897","NASHVILLE INTERNATIONAL AIRPORT, TN US","2022-10-11","5.59","0.00","62","81","44"
"USW00013897","NASHVILLE INTERNATIONAL AIRPORT, TN US","2022-10-12","10.96","0.29","69","83","60"
"USW00013897","NASHVILLE INTERNATIONAL AIRPORT, TN US","2022-10-13","7.38","0.00","63","70","54"
"USW00013897","NASHVILLE INTERNATIONAL AIRPORT, TN US","2022-10-14","8.28","0.00","61","76","45"
"USW00013897","NASHVILLE INTERNATIONAL AIRPORT, TN US","2022-10-15","7.38","0.01","69","80","60"
"USW00013897","NASHVILLE INTERNATIONAL AIRPORT, TN US","2022-10-16","5.37","0.10","64","68","59"
"USW00013897","NASHVILLE INTERNATIONAL AIRPORT, TN US","2022-10-17","9.40","0.00","56","61","39"
"USW00013897","NASHVILLE INTERNATIONAL AIRPORT, TN US","2022-10-18","8.95","0.00","44","54","35"
"USW00013897","NASHVILLE INTERNATIONAL AIRPORT, TN US","2022-10-19","6.93","0.00","46","60","36"
"USW00013897","NASHVILLE INTERNATIONAL AIRPORT, TN US","2022-10-20","5.82","0.00","47","64","33"
"USW00013897","NASHVILLE INTERNATIONAL AIRPORT, TN US","2022-10-21","7.61","0.00","54","76","38"
"USW00013897","NASHVILLE INTERNATIONAL AIRPORT, TN US","2022-10-22","9.62","0.00","65","77","56"
"USW00013897","NASHVILLE INTERNATIONAL AIRPORT, TN US","2022-10-23","8.28","0.00","66","79","55"
"USW00013897","NASHVILLE INTERNATIONAL AIRPORT, TN US","2022-10-24","7.61","0.00","66","82","52"
"USW00013897","NASHVILLE INTERNATIONAL AIRPORT, TN US","2022-10-25","12.30","0.51","68","79","57"
"USW00013897","NASHVILLE INTERNATIONAL AIRPORT, TN US","2022-10-26","6.49","0.00","54","59","44"
"USW00013897","NASHVILLE INTERNATIONAL AIRPORT, TN US","2022-10-27","7.16","0.00","51","68","40"
"USW00013897","NASHVILLE INTERNATIONAL AIRPORT, TN US","2022-10-28","3.58","0.00","57","75","43"
"USW00013897","NASHVILLE INTERNATIONAL AIRPORT, TN US","2022-10-29","5.82","0.05","60","76","46"
"USW00013897","NASHVILLE INTERNATIONAL AIRPORT, TN US","2022-10-30","8.95","0.39","63","66","59"
"USW00013897","NASHVILLE INTERNATIONAL AIRPORT, TN US","2022-10-31","5.14","0.03","62","67","58"
"USW00013897","NASHVILLE INTERNATIONAL AIRPORT, TN US","2022-11-01","2.24","0.00","63","77","55"
"USW00013897","NASHVILLE INTERNATIONAL AIRPORT, TN US","2022-11-02","2.91","0.01","63","71","51"
"USW00013897","NASHVILLE INTERNATIONAL AIRPORT, TN US","2022-11-03","3.80","0.00","61","79","47"
"USW00013897","NASHVILLE INTERNATIONAL AIRPORT, TN US","2022-11-04","10.51","0.00","66","80","56"
"USW00013897","NASHVILLE INTERNATIONAL AIRPORT, TN US","2022-11-05","12.75","0.37","67","69","63"
"USW00013897","NASHVILLE INTERNATIONAL AIRPORT, TN US","2022-11-06","3.80","0.05","66","74","63"
"USW00013897","NASHVILLE INTERNATIONAL AIRPORT, TN US","2022-11-07","6.04","0.00","69","78","64"
"USW00013897","NASHVILLE INTERNATIONAL AIRPORT, TN US","2022-11-08","6.71","0.00","69","76","56"
"USW00013897","NASHVILLE INTERNATIONAL AIRPORT, TN US","2022-11-09","2.91","0.00","64","81","49"
"USW00013897","NASHVILLE INTERNATIONAL AIRPORT, TN US","2022-11-10","3.58","0.00","62","77","49"
"USW00013897","NASHVILLE INTERNATIONAL AIRPORT, TN US","2022-11-11","8.28","1.45","65","73","48"
"USW00013897","NASHVILLE INTERNATIONAL AIRPORT, TN US","2022-11-12","11.41","0.08","43","48","32"
"USW00013897","NASHVILLE INTERNATIONAL AIRPORT, TN US","2022-11-13","8.28","0.00","34","41","31"
"USW00013897","NASHVILLE INTERNATIONAL AIRPORT, TN US","2022-11-14","5.59","0.00","37","52","28"
"USW00013897","NASHVILLE INTERNATIONAL AIRPORT, TN US","2022-11-15","6.26","0.30","45","48","41"
"USW00013897","NASHVILLE INTERNATIONAL AIRPORT, TN US","2022-11-16","8.50","0.00","43","48","33"
"USW00013897","NASHVILLE INTERNATIONAL AIRPORT, TN US","2022-11-17","5.59","0.00","36","45","26"
"USW00013897","NASHVILLE INTERNATIONAL AIRPORT, TN US","2022-11-18","4.70","0.00","35","46","26"
"USW00013897","NASHVILLE INTERNATIONAL AIRPORT, TN US","2022-11-19","6.04","0.00","36","49","24"
"USW00013897","NASHVILLE INTERNATIONAL AIRPORT, TN US","2022-11-20","6.26","0.00","35","43","25"
"USW00013897","NASHVILLE INTERNATIONAL AIRPORT, TN US","2022-11-21","3.13","0.00","35","55","21"
"USW00013897","NASHVILLE INTERNATIONAL AIRPORT, TN US","2022-11-22","2.24","0.00","41","63","25"
"USW00013897","NASHVILLE INTERNATIONAL AIRPORT, TN US","2022-11-23","3.36","0.00","46","66","30"
"USW00013897","NASHVILLE INTERNATIONAL AIRPORT, TN US","2022-11-24","2.24","0.01","51","70","37"
"USW00013897","NASHVILLE INTERNATIONAL AIRPORT, TN US","2022-11-25","6.04","0.01","57","64","44"
"USW00013897","NASHVILLE INTERNATIONAL AIRPORT, TN US","2022-11-26","4.92","0.22","48","61","37"
"USW00013897","NASHVILLE INTERNATIONAL AIRPORT, TN US","2022-11-27","12.08","0.19","57","64","48"
"USW00013897","NASHVILLE INTERNATIONAL AIRPORT, TN US","2022-11-28","4.92","0.00","51","58","44"
"USW00013897","NASHVILLE INTERNATIONAL AIRPORT, TN US","2022-11-29","12.08","1.21","52","69","41"
"USW00013897","NASHVILLE INTERNATIONAL AIRPORT, TN US","2022-11-30","8.72","0.48","52","63","31"
"USW00013897","NASHVILLE INTERNATIONAL AIRPORT, TN US","2022-12-01","4.70","0.00","37","48","27"
"USW00013897","NASHVILLE INTERNATIONAL AIRPORT, TN US","2022-12-02","14.32","0.00","48","62","33"
"USW00013897","NASHVILLE INTERNATIONAL AIRPORT, TN US","2022-12-03","9.17","0.30","58","63","35"
"USW00013897","NASHVILLE INTERNATIONAL AIRPORT, TN US","2022-12-04","2.91","0.00","38","45","32"
"USW00013897","NASHVILLE INTERNATIONAL AIRPORT, TN US","2022-12-05","4.47","0.18","41","56","32"
"USW00013897","NASHVILLE INTERNATIONAL AIRPORT, TN US","2022-12-06","7.83","0.42","61","73","56"
"USW00013897","NASHVILLE INTERNATIONAL AIRPORT, TN US","2022-12-07","5.37","0.51","67","68","56"
"USW00013897","NASHVILLE INTERNATIONAL AIRPORT, TN US","2022-12-08","6.26","0.90","57","59","55"
"USW00013897","NASHVILLE INTERNATIONAL AIRPORT, TN US","2022-12-09","2.91","0.00","57","61","51"
"USW00013897","NASHVILLE INTERNATIONAL AIRPORT, TN US","2022-12-10","3.36","0.03","53","57","48"
"USW00013897","NASHVILLE INTERNATIONAL AIRPORT, TN US","2022-12-11","8.50","0.00","51","53","47"
"USW00013897","NASHVILLE INTERNATIONAL AIRPORT, TN US","2022-12-12","6.26","0.00","49","57","41"
"USW00013897","NASHVILLE INTERNATIONAL AIRPORT, TN US","2022-12-13","8.28","0.00","47","61","35"
"USW00013897","NASHVILLE INTERNATIONAL AIRPORT, TN US","2022-12-14","12.08","1.25","54","56","51"
"USW00013897","NASHVILLE INTERNATIONAL AIRPORT, TN US","2022-12-15","7.61","0.00","49","51","42"
"USW00013897","NASHVILLE INTERNATIONAL AIRPORT, TN US","2022-12-16","7.61","0.00","42","49","31"
"USW00013897","NASHVILLE INTERNATIONAL AIRPORT, TN US","2022-12-17","8.50","0.00","40","47","31"
"USW00013897","NASHVILLE INTERNATIONAL AIRPORT, TN US","2022-12-18","4.47","0.00","35","43","26"
"USW00013897","NASHVILLE INTERNATIONAL AIRPORT, TN US","2022-12-19","2.91","0.00","34","44","25"
"USW00013897","NASHVILLE INTERNATIONAL AIRPORT, TN US","2022-12-20","2.46","0.00","41","55","31"
"USW00013897","NASHVILLE INTERNATIONAL AIRPORT, TN US","2022-12-21","2.91","0.00","40","53","27"
"USW00013897","NASHVILLE INTERNATIONAL AIRPORT, TN US","2022-12-22","11.86","0.11","49","51","10"
"USW00013897","NASHVILLE INTERNATIONAL AIRPORT, TN US","2022-12-23","12.30","0.00","11","11","-1"
"USW00013897","NASHVILLE INTERNATIONAL AIRPORT, TN US","2022-12-24","8.28","0.00","11","25","5"
"USW00013897","NASHVILLE INTERNATIONAL AIRPORT, TN US","2022-12-25","5.37","0.00","21","31","14"
"USW00013897","NASHVILLE INTERNATIONAL AIRPORT, TN US","2022-12-26","6.71","0.05","25","34","18"
"USW00013897","NASHVILLE INTERNATIONAL AIRPORT, TN US","2022-12-27","2.91","0.00","36","46","27"
"USW00013897","NASHVILLE INTERNATIONAL AIRPORT, TN US","2022-12-28","11.63","0.00","39","61","24"
"USW00013897","NASHVILLE INTERNATIONAL AIRPORT, TN US","2022-12-29","12.53","0.04","55","64","51"
"USW00013897","NASHVILLE INTERNATIONAL AIRPORT, TN US","2022-12-30","10.07","0.30","61","68","52"
"USW00013897","NASHVILLE INTERNATIONAL AIRPORT, TN US","2022-12-31","4.47","0.40","59","63","47"
"USW00013897","NASHVILLE INTERNATIONAL AIRPORT, TN US","2023-01-01","6.71","0.00","56","70","45"
"USW00013897","NASHVILLE INTERNATIONAL AIRPORT, TN US","2023-01-02","9.84","0.04","63","75","53"
"USW00013897","NASHVILLE INTERNATIONAL AIRPORT, TN US","2023-01-03","11.63","1.53","66","71","58"
"USW00013897","NASHVILLE INTERNATIONAL AIRPORT, TN US","2023-01-04","7.83","0.07","62","65","45"
"USW00013897","NASHVILLE INTERNATIONAL AIRPORT, TN US","2023-01-05","7.61","0.00","48","56","36"
"USW00013897","NASHVILLE INTERNATIONAL AIRPORT, TN US","2023-01-06","3.13","0.00","44","55","31"
"USW00013897","NASHVILLE INTERNATIONAL AIRPORT, TN US","2023-01-07","4.47","0.11","45","49","40"
"USW00013897","NASHVILLE INTERNATIONAL AIRPORT, TN US","2023-01-08","4.92","0.00","49","51","39"
"USW00013897","NASHVILLE INTERNATIONAL AIRPORT, TN US","2023-01-09","3.80","0.00","43","53","34"
"USW00013897","NASHVILLE INTERNATIONAL AIRPORT, TN US","2023-01-10","5.59","0.00","44","62","30"
"USW00013897","NASHVILLE INTERNATIONAL AIRPORT, TN US","2023-01-11","10.29","0.00","56","66","48"
"USW00013897","NASHVILLE INTERNATIONAL AIRPORT, TN US","2023-01-12","15.21","0.31","62","69","40"
"USW00013897","NASHVILLE INTERNATIONAL AIRPORT, TN US","2023-01-13","13.42","0.01","38","40","33"
"USW00013897","NASHVILLE INTERNATIONAL AIRPORT, TN US","2023-01-14","6.93","0.00","34","40","29"
"USW00013897","NASHVILLE INTERNATIONAL AIRPORT, TN US","2023-01-15","4.03","0.00","36","54","26"
"USW00013897","NASHVILLE INTERNATIONAL AIRPORT, TN US","2023-01-16","11.41","0.12","47","60","36"
"USW00013897","NASHVILLE INTERNATIONAL AIRPORT, TN US","2023-01-17","5.82","0.28","60","70","47"
"USW00013897","NASHVILLE INTERNATIONAL AIRPORT, TN US","2023-01-18","9.62","0.02","54","70","43"
"USW00013897","NASHVILLE INTERNATIONAL AIRPORT, TN US","2023-01-19","11.63","0.70","63","68","42"
"USW00013897","NASHVILLE INTERNATIONAL AIRPORT, TN US","2023-01-20","6.71","0.00","44","51","33"
"USW00013897","NASHVILLE INTERNATIONAL AIRPORT, TN US","2023-01-21","4.47","0.00","38","51","28"
"USW00013897","NASHVILLE INTERNATIONAL AIRPORT, TN US","2023-01-22","6.71","0.17","44","47","39"
"USW00013897","NASHVILLE INTERNATIONAL AIRPORT, TN US","2023-01-23","5.82","0.00","42","50","31"
"USW00013897","NASHVILLE INTERNATIONAL AIRPORT, TN US","2023-01-24","4.25","0.13","39","52","27"
"USW00013897","NASHVILLE INTERNATIONAL AIRPORT, TN US","2023-01-25","10.96","0.20","46","55","38"
"USW00013897","NASHVILLE INTERNATIONAL AIRPORT, TN US","2023-01-26","7.61","0.00","38","41","28"
"USW00013897","NASHVILLE INTERNATIONAL AIRPORT, TN US","2023-01-27","9.62","0.00","38","55","25"
"USW00013897","NASHVILLE INTERNATIONAL AIRPORT, TN US","2023-01-28","11.18","0.00","48","61","36"
"USW00013897","NASHVILLE INTERNATIONAL AIRPORT, TN US","2023-01-29","6.93","0.78","49","52","45"
"USW00013897","NASHVILLE INTERNATIONAL AIRPORT, TN US","2023-01-30","5.82","0.03","49","52","38"
"USW00013897","NASHVILLE INTERNATIONAL AIRPORT, TN US","2023-01-31","9.17","0.41","36","38","30"
"USW00013897","NASHVILLE INTERNATIONAL AIRPORT, TN US","2023-02-01","6.04","0.00","31","33","29"
"USW00013897","NASHVILLE INTERNATIONAL AIRPORT, TN US","2023-02-02","3.80","0.12","33","36","32"
"USW00013897","NASHVILLE INTERNATIONAL AIRPORT, TN US","2023-02-03","8.95","0.00","32","36","24"
"USW00013897","NASHVILLE INTERNATIONAL AIRPORT, TN US","2023-02-04","6.26","0.00","33","52","19"
"USW00013897","NASHVILLE INTERNATIONAL AIRPORT, TN US","2023-02-05","10.29","0.00","49","61","40"
"USW00013897","NASHVILLE INTERNATIONAL AIRPORT, TN US","2023-02-06","4.25","0.00","48","64","31"
"USW00013897","NASHVILLE INTERNATIONAL AIRPORT, TN US","2023-02-07","6.93","0.00","55","70","42"
"USW00013897","NASHVILLE INTERNATIONAL AIRPORT, TN US","2023-02-08","8.28","0.00","60","67","54"
"USW00013897","NASHVILLE INTERNATIONAL AIRPORT, TN US","2023-02-09","15.21","0.29","63","67","48"
"USW00013897","NASHVILLE INTERNATIONAL AIRPORT, TN US","2023-02-10","8.95","0.00","49","58","39"
"USW00013897","NASHVILLE INTERNATIONAL AIRPORT, TN US","2023-02-11","11.86","0.01","43","56","35"
"USW00013897","NASHVILLE INTERNATIONAL AIRPORT, TN US","2023-02-12","8.50","0.00","48","59","36"
"USW00013897","NASHVILLE INTERNATIONAL AIRPORT, TN US","2023-02-13","5.37","0.00","48","70","31"
"USW00013897","NASHVILLE INTERNATIONAL AIRPORT, TN US","2023-02-14","12.30","0.00","53","68","37"
"USW00013897","NASHVILLE INTERNATIONAL AIRPORT, TN US","2023-02-15","11.86","0.02","64","71","58"
"USW00013897","NASHVILLE INTERNATIONAL AIRPORT, TN US","2023-02-16","13.65","1.77","67","74","44"
"USW00013897","NASHVILLE INTERNATIONAL AIRPORT, TN US","2023-02-17","10.96","0.01","42","44","27"
"USW00013897","NASHVILLE INTERNATIONAL AIRPORT, TN US","2023-02-18","3.13","0.00","34","52","22"
"USW00013897","NASHVILLE INTERNATIONAL AIRPORT, TN US","2023-02-19","12.30","0.00","51","63","44"
"USW00013897","NASHVILLE INTERNATIONAL AIRPORT, TN US","2023-02-20","7.61","0.00","59","69","52"
"USW00013897","NASHVILLE INTERNATIONAL AIRPORT, TN US","2023-02-21","7.16","0.00","59","69","45"
"USW00013897","NASHVILLE INTERNATIONAL AIRPORT, TN US","2023-02-22","13.65","0.07","69","80","63"
"USW00013897","NASHVILLE INTERNATIONAL AIRPORT, TN US","2023-02-23","8.50","0.00","72","85","55"
"USW00013897","NASHVILLE INTERNATIONAL AIRPORT, TN US","2023-02-24","9.84","0.04","53","55","42"
"USW00013897","NASHVILLE INTERNATIONAL AIRPORT, TN US","2023-02-25","3.80","0.32","48","52","44"
"USW00013897","NASHVILLE INTERNATIONAL AIRPORT, TN US","2023-02-26","4.25","0.01","50","59","45"
"USW00013897","NASHVILLE INTERNATIONAL AIRPORT, TN US","2023-02-27","13.42","0.14","64","80","55"
"USW00013897","NASHVILLE INTERNATIONAL AIRPORT, TN US","2023-02-28","4.92","0.00","66","76","51"
"USW00013897","NASHVILLE INTERNATIONAL AIRPORT, TN US","2023-03-01","8.05","0.42","64","78","53"
"USW00013897","NASHVILLE INTERNATIONAL AIRPORT, TN US","2023-03-02","4.70","0.14","62","65","57"
"USW00013897","NASHVILLE INTERNATIONAL AIRPORT, TN US","2023-03-03","18.12","0.42","64","75","47"
"USW00013897","NASHVILLE INTERNATIONAL AIRPORT, TN US","2023-03-04","5.82","0.00","52","64","45"
"USW00013897","NASHVILLE INTERNATIONAL AIRPORT, TN US","2023-03-05","3.13","0.00","53","72","37"
"USW00013897","NASHVILLE INTERNATIONAL AIRPORT, TN US","2023-03-06","7.83","0.00","62","80","47"
"USW00013897","NASHVILLE INTERNATIONAL AIRPORT, TN US","2023-03-07","11.41","0.00","62","67","48"
"USW00013897","NASHVILLE INTERNATIONAL AIRPORT, TN US","2023-03-08","10.74","0.00","52","59","45"
"USW00013897","NASHVILLE INTERNATIONAL AIRPORT, TN US","2023-03-09","8.28","0.00","51","61","45"
"USW00013897","NASHVILLE INTERNATIONAL AIRPORT, TN US","2023-03-10","10.51","0.00","52","55","40"
"USW00013897","NASHVILLE INTERNATIONAL AIRPORT, TN US","2023-03-11","6.26","0.31","44","53","35"
"USW00013897","NASHVILLE INTERNATIONAL AIRPORT, TN US","2023-03-12","7.16","0.18","48","51","43"
"USW00013897","NASHVILLE INTERNATIONAL AIRPORT, TN US","2023-03-13","10.51","0.00","42","45","35"
"USW00013897","NASHVILLE INTERNATIONAL AIRPORT, TN US","2023-03-14","8.50","0.00","38","46","31"
"USW00013897","NASHVILLE INTERNATIONAL AIRPORT, TN US","2023-03-15","3.13","0.00","40","58","26"
"USW00013897","NASHVILLE INTERNATIONAL AIRPORT, TN US","2023-03-16","10.51","0.13","50","70","35"
"USW00013897","NASHVILLE INTERNATIONAL AIRPORT, TN US","2023-03-17","12.30","0.50","53","59","38"
"USW00013897","NASHVILLE INTERNATIONAL AIRPORT, TN US","2023-03-18","9.62","0.00","41","51","29"
"USW00013897","NASHVILLE INTERNATIONAL AIRPORT, TN US","2023-03-19","6.71","0.00","31","40","25"
"USW00013897","NASHVILLE INTERNATIONAL AIRPORT, TN US","2023-03-20","3.80","0.00","35","53","21"
"USW00013897","NASHVILLE INTERNATIONAL AIRPORT, TN US","2023-03-21","6.26","0.17","45","58","31"
"USW00013897","NASHVILLE INTERNATIONAL AIRPORT, TN US","2023-03-22","11.41","0.16","51","60","47"
"USW00013897","NASHVILLE INTERNATIONAL AIRPORT, TN US","2023-03-23","10.74","0.00","65","74","56"
"USW00013897","NASHVILLE INTERNATIONAL AIRPORT, TN US","2023-03-24","12.30","0.74","69","75","58"
"USW00013897","NASHVILLE INTERNATIONAL AIRPORT, TN US","2023-03-25","10.51","0.01","66","74","50"
"USW00013897","NASHVILLE INTERNATIONAL AIRPORT, TN US","2023-03-26","2.91","0.00","61","79","44"
"USW00013897","NASHVILLE INTERNATIONAL AIRPORT, TN US","2023-03-27","8.72","0.00","63","72","46"
"USW00013897","NASHVILLE INTERNATIONAL AIRPORT, TN US","2023-03-28","9.17","0.00","52","61","44"
"USW00013897","NASHVILLE INTERNATIONAL AIRPORT, TN US","2023-03-29","3.58","0.00","50","65","34"
"USW00013897","NASHVILLE INTERNATIONAL AIRPORT, TN US","2023-03-30","5.37","0.00","55","73","37"
"USW00013897","NASHVILLE INTERNATIONAL AIRPORT, TN US","2023-03-31","17.00","0.16","65","74","57"
"USW00013897","NASHVILLE INTERNATIONAL AIRPORT, TN US","2023-04-01","12.97","0.19","69","76","45"
"USW00013897","NASHVILLE INTERNATIONAL AIRPORT, TN US","2023-04-02","4.70","0.00","52","69","39"
"USW00013897","NASHVILLE INTERNATIONAL AIRPORT, TN US","2023-04-03","9.17","0.00","60","64","56"
"USW00013897","NASHVILLE INTERNATIONAL AIRPORT, TN US","2023-04-04","12.75","0.00","69","86","61"
"USW00013897","NASHVILLE INTERNATIONAL AIRPORT, TN US","2023-04-05","12.08","0.48","78","87","63"
"USW00013897","NASHVILLE INTERNATIONAL AIRPORT, TN US","2023-04-06","10.51","1.40","56","63","46"
"USW00013897","NASHVILLE INTERNATIONAL AIRPORT, TN US","2023-04-07","11.86","0.02","51","60","47"
"USW00013897","NASHVILLE INTERNATIONAL AIRPORT, TN US","2023-04-08","8.50","0.08","53","53","50"
"USW00013897","NASHVILLE INTERNATIONAL AIRPORT, TN US","2023-04-09","5.82","0.00","56","71","46"
"USW00013897","NASHVILLE INTERNATIONAL AIRPORT, TN US","2023-04-10","2.68","0.00","58","75","42"
"USW00013897","NASHVILLE INTERNATIONAL AIRPORT, TN US","2023-04-11","2.46","0.00","61","76","44"
"USW00013897","NASHVILLE INTERNATIONAL AIRPORT, TN US","2023-04-12","3.36","0.00","63","80","45"
"USW00013897","NASHVILLE INTERNATIONAL AIRPORT, TN US","2023-04-13","5.59","0.00","64","80","46"
"USW00013897","NASHVILLE INTERNATIONAL AIRPORT, TN US","2023-04-14","7.16","0.03","66","74","57"
"USW00013897","NASHVILLE INTERNATIONAL AIRPORT, TN US","2023-04-15","6.04","0.00","66","83","52"
"USW00013897","NASHVILLE INTERNATIONAL AIRPORT, TN US","2023-04-16","9.62","0.03","64","72","49"
"USW00013897","NASHVILLE INTERNATIONAL AIRPORT, TN US","2023-04-17","10.07","0.00","57","70","47"
"USW00013897","NASHVILLE INTERNATIONAL AIRPORT, TN US","2023-04-18","7.16","0.00","65","83","49"
"USW00013897","NASHVILLE INTERNATIONAL AIRPORT, TN US","2023-04-19","8.28","0.00","69","86","52"
"USW00013897","NASHVILLE INTERNATIONAL AIRPORT, TN US","2023-04-20","10.96","0.00","72","86","54"
"USW00013897","NASHVILLE INTERNATIONAL AIRPORT, TN US","2023-04-21","8.05","0.75","70","76","52"
"USW00013897","NASHVILLE INTERNATIONAL AIRPORT, TN US","2023-04-22","8.05","0.00","57","68","45"
"USW00013897","NASHVILLE INTERNATIONAL AIRPORT, TN US","2023-04-23","5.14","0.00","51","62","42"
"USW00013897","NASHVILLE INTERNATIONAL AIRPORT, TN US","2023-04-24","4.92","0.00","50","62","36"
"USW00013897","NASHVILLE INTERNATIONAL AIRPORT, TN US","2023-04-25","5.82","0.00","53","70","41"
"USW00013897","NASHVILLE INTERNATIONAL AIRPORT, TN US","2023-04-26","4.92","0.00","60","72","46"
"USW00013897","NASHVILLE INTERNATIONAL AIRPORT, TN US","2023-04-27","4.70","0.06","60","64","55"
"USW00013897","NASHVILLE INTERNATIONAL AIRPORT, TN US","2023-04-28","5.14","0.20","65","72","52"
"USW00013897","NASHVILLE INTERNATIONAL AIRPORT, TN US","2023-04-29","3.58","0.00","60","73","49"
"USW00013897","NASHVILLE INTERNATIONAL AIRPORT, TN US","2023-04-30","11.18","0.01","59","65","49"
"USW00013897","NASHVILLE INTERNATIONAL AIRPORT, TN US","2023-05-01","9.84","0.00","57","67","48"
"USW00013897","NASHVILLE INTERNATIONAL AIRPORT, TN US","2023-05-02","8.72","0.00","58","67","46"
"USW00013897","NASHVILLE INTERNATIONAL AIRPORT, TN US","2023-05-03","8.50","0.00","59","70","48"
"USW00013897","NASHVILLE INTERNATIONAL AIRPORT, TN US","2023-05-04","2.46","0.00","58","74","42"
"USW00013897","NASHVILLE INTERNATIONAL AIRPORT, TN US","2023-05-05","6.71","0.00","64","76","55"
"USW00013897","NASHVILLE INTERNATIONAL AIRPORT, TN US","2023-05-06","8.95","0.00","67","83","57"
"USW00013897","NASHVILLE INTERNATIONAL AIRPORT, TN US","2023-05-07","10.07","2.24","74","87","63"
"USW00013897","NASHVILLE INTERNATIONAL AIRPORT, TN US","2023-05-08","7.38","0.06","68","82","64"
"USW00013897","NASHVILLE INTERNATIONAL AIRPORT, TN US","2023-05-09","6.71","0.00","75","86","63"
"USW00013897","NASHVILLE INTERNATIONAL AIRPORT, TN US","2023-05-10","5.14","0.00","71","86","60"
"USW00013897","NASHVILLE INTERNATIONAL AIRPORT, TN US","2023-05-11","6.71","0.02","72","78","67"
"USW00013897","NASHVILLE INTERNATIONAL AIRPORT, TN US","2023-05-12","6.71","0.60","69","72","63"
"USW00013897","NASHVILLE INTERNATIONAL AIRPORT, TN US","2023-05-13","2.91","0.01","70","85","62"
"USW00013897","NASHVILLE INTERNATIONAL AIRPORT, TN US","2023-05-14","3.13","0.25","75","89","65"
"USW00013897","NASHVILLE INTERNATIONAL AIRPORT, TN US","2023-05-15","4.70","0.40","78","90","69"
"USW00013897","NASHVILLE INTERNATIONAL AIRPORT, TN US","2023-05-16","9.17","0.02","76","87","68"
"USW00013897","NASHVILLE INTERNATIONAL AIRPORT, TN US","2023-05-17","7.38","0.00","72","82","65"
"USW00013897","NASHVILLE INTERNATIONAL AIRPORT, TN US","2023-05-18","6.71","0.00","72","84","61"
"USW00013897","NASHVILLE INTERNATIONAL AIRPORT, TN US","2023-05-19","6.93","0.00","70","76","64"
"USW00013897","NASHVILLE INTERNATIONAL AIRPORT, TN US","2023-05-20","8.95","0.90","69","72","59"
"USW00013897","NASHVILLE INTERNATIONAL AIRPORT, TN US","2023-05-21","6.93","0.00","66","78","55"
"USW00013897","NASHVILLE INTERNATIONAL AIRPORT, TN US","2023-05-22","5.82","0.00","69","82","60"
"USW00013897","NASHVILLE INTERNATIONAL AIRPORT, TN US","2023-05-23","2.91","0.00","73","83","63"
"USW00013897","NASHVILLE INTERNATIONAL AIRPORT, TN US","2023-05-24","6.26","0.00","73","85","62"
"USW00013897","NASHVILLE INTERNATIONAL AIRPORT, TN US","2023-05-25","7.83","0.00","72","83","59"
"USW00013897","NASHVILLE INTERNATIONAL AIRPORT, TN US","2023-05-26","7.16","0.00","70","80","57"
"USW00013897","NASHVILLE INTERNATIONAL AIRPORT, TN US","2023-05-27","5.82","0.00","73","82","60"
"USW00013897","NASHVILLE INTERNATIONAL AIRPORT, TN US","2023-05-28","7.83","0.00","65","73","53"
"USW00013897","NASHVILLE INTERNATIONAL AIRPORT, TN US","2023-05-29","4.47","0.00","66","81","58"
"USW00013897","NASHVILLE INTERNATIONAL AIRPORT, TN US","2023-05-30","2.24","0.00","72","86","59"
"USW00013897","NASHVILLE INTERNATIONAL AIRPORT, TN US","2023-05-31","5.14","0.01","77","88","68"
"USW00013897","NASHVILLE INTERNATIONAL AIRPORT, TN US","2023-06-01","2.68","0.00","76","88","67"
"USW00013897","NASHVILLE INTERNATIONAL AIRPORT, TN US","2023-06-02","6.26","0.00","78","92","66"
"USW00013897","NASHVILLE INTERNATIONAL AIRPORT, TN US","2023-06-03","5.14","0.00","79","93","63"
"USW00013897","NASHVILLE INTERNATIONAL AIRPORT, TN US","2023-06-04","3.80","0.10","79","93","64"
"USW00013897","NASHVILLE INTERNATIONAL AIRPORT, TN US","2023-06-05","4.92","0.00","77","92","66"
"USW00013897","NASHVILLE INTERNATIONAL AIRPORT, TN US","2023-06-06","3.58","0.00","78","90","62"
"USW00013897","NASHVILLE INTERNATIONAL AIRPORT, TN US","2023-06-07","5.59","0.00","73","84","61"
"USW00013897","NASHVILLE INTERNATIONAL AIRPORT, TN US","2023-06-08","5.14","0.00","73","84","63"
"USW00013897","NASHVILLE INTERNATIONAL AIRPORT, TN US","2023-06-09","2.68","0.00","71","84","54"
"USW00013897","NASHVILLE INTERNATIONAL AIRPORT, TN US","2023-06-10","5.14","0.00","73","89","56"
"USW00013897","NASHVILLE INTERNATIONAL AIRPORT, TN US","2023-06-11","10.51","0.39","79","89","67"
"USW00013897","NASHVILLE INTERNATIONAL AIRPORT, TN US","2023-06-12","7.16","0.00","68","73","59"
"USW00013897","NASHVILLE INTERNATIONAL AIRPORT, TN US","2023-06-13","5.59","0.00","67","80","54"
"USW00013897","NASHVILLE INTERNATIONAL AIRPORT, TN US","2023-06-14","5.14","0.00","74","83","61"
"USW00013897","NASHVILLE INTERNATIONAL AIRPORT, TN US","2023-06-15","3.58","0.00","75","84","66"
"USW00013897","NASHVILLE INTERNATIONAL AIRPORT, TN US","2023-06-16","5.82","0.00","78","92","65"
"USW00013897","NASHVILLE INTERNATIONAL AIRPORT, TN US","2023-06-17","5.59","0.00","77","88","65"
"USW00013897","NASHVILLE INTERNATIONAL AIRPORT, TN US","2023-06-18","6.26","0.13","75","87","63"
"USW00013897","NASHVILLE INTERNATIONAL AIRPORT, TN US","2023-06-19","7.61","0.77","74","81","69"
"USW00013897","NASHVILLE INTERNATIONAL AIRPORT, TN US","2023-06-20","6.49","0.34","73","84","70"
"USW00013897","NASHVILLE INTERNATIONAL AIRPORT, TN US","2023-06-21","7.38","0.12","73","81","68"
"USW00013897","NASHVILLE INTERNATIONAL AIRPORT, TN US","2023-06-22","6.04","0.03","71","78","66"
"USW00013897","NASHVILLE INTERNATIONAL AIRPORT, TN US","2023-06-23","3.36","0.00","72","85","62"
"USW00013897","NASHVILLE INTERNATIONAL AIRPORT, TN US","2023-06-24","4.25","0.00","78","93","63"
"USW00013897","NASHVILLE INTERNATIONAL AIRPORT, TN US","2023-06-25","8.28","0.00","82","95","70"
"USW00013897","NASHVILLE INTERNATIONAL AIRPORT, TN US","2023-06-26","7.83","0.00","83","90","74"
"USW00013897","NASHVILLE INTERNATIONAL AIRPORT, TN US","2023-06-27","5.82","0.00","80","89","67"
"USW00013897","NASHVILLE INTERNATIONAL AIRPORT, TN US","2023-06-28","3.36","0.00","81","93","67"
"USW00013897","NASHVILLE INTERNATIONAL AIRPORT, TN US","2023-06-29","6.93","0.81","78","88","69"
"USW00013897","NASHVILLE INTERNATIONAL AIRPORT, TN US","2023-06-30","6.71","0.69","81","97","69"
"USW00013897","NASHVILLE INTERNATIONAL AIRPORT, TN US","2023-07-01","6.71","0.51","76","90","68"
"USW00013897","NASHVILLE INTERNATIONAL AIRPORT, TN US","2023-07-02","9.84","0.01","80","95","72"
"USW00013897","NASHVILLE INTERNATIONAL AIRPORT, TN US","2023-07-03","6.04","0.00","81","92","75"
"USW00013897","NASHVILLE INTERNATIONAL AIRPORT, TN US","2023-07-04","4.03","0.62","81","92","73"
"USW00013897","NASHVILLE INTERNATIONAL AIRPORT, TN US","2023-07-05","2.91","0.01","80","92","72"
"USW00013897","NASHVILLE INTERNATIONAL AIRPORT, TN US","2023-07-06","3.58","0.27","82","93","74"
"USW00013897","NASHVILLE INTERNATIONAL AIRPORT, TN US","2023-07-07","3.36","0.00","82","92","74"
"USW00013897","NASHVILLE INTERNATIONAL AIRPORT, TN US","2023-07-08","4.70","0.42","80","90","71"
"USW00013897","NASHVILLE INTERNATIONAL AIRPORT, TN US","2023-07-09","3.80","0.12","73","80","70"
"USW00013897","NASHVILLE INTERNATIONAL AIRPORT, TN US","2023-07-10","4.92","0.00","75","87","66"
"USW00013897","NASHVILLE INTERNATIONAL AIRPORT, TN US","2023-07-11","2.01","0.00","76","89","63"
"USW00013897","NASHVILLE INTERNATIONAL AIRPORT, TN US","2023-07-12","4.92","0.00","79","92","66"
"USW00013897","NASHVILLE INTERNATIONAL AIRPORT, TN US","2023-07-13","5.82","0.00","84","92","77"
"USW00013897","NASHVILLE INTERNATIONAL AIRPORT, TN US","2023-07-14","3.36","0.00","83","91","75"
"USW00013897","NASHVILLE INTERNATIONAL AIRPORT, TN US","2023-07-15","6.26","0.59","81","89","74"
"USW00013897","NASHVILLE INTERNATIONAL AIRPORT, TN US","2023-07-16","4.92","0.00","80","89","72"
"USW00013897","NASHVILLE INTERNATIONAL AIRPORT, TN US","2023-07-17","4.03","0.00","79","90","68"
"USW00013897","NASHVILLE INTERNATIONAL AIRPORT, TN US","2023-07-18","5.82","1.15","81","91","70"
"USW00013897","NASHVILLE INTERNATIONAL AIRPORT, TN US","2023-07-19","7.38","0.93","72","80","69"
"USW00013897","NASHVILLE INTERNATIONAL AIRPORT, TN US","2023-07-20","6.71","0.18","77","88","73"
"USW00013897","NASHVILLE INTERNATIONAL AIRPORT, TN US","2023-07-21","6.26","0.00","79","90","71"
"USW00013897","NASHVILLE INTERNATIONAL AIRPORT, TN US","2023-07-22","4.92","0.00","78","86","70"
"USW00013897","NASHVILLE INTERNATIONAL AIRPORT, TN US","2023-07-23","3.13","0.00","78","88","67"
"USW00013897","NASHVILLE INTERNATIONAL AIRPORT, TN US","2023-07-24","4.47","0.02","79","91","67"
"USW00013897","NASHVILLE INTERNATIONAL AIRPORT, TN US","2023-07-25","5.59","0.00","80","93","70"
"USW00013897","NASHVILLE INTERNATIONAL AIRPORT, TN US","2023-07-26","6.93","0.01","82","92","74"
"USW00013897","NASHVILLE INTERNATIONAL AIRPORT, TN US","2023-07-27","6.49","0.01","86","96","76"
"USW00013897","NASHVILLE INTERNATIONAL AIRPORT, TN US","2023-07-28","3.80","0.00","87","98","75"
"USW00013897","NASHVILLE INTERNATIONAL AIRPORT, TN US","2023-07-29","5.82","1.11","87","97","73"
"USW00013897","NASHVILLE INTERNATIONAL AIRPORT, TN US","2023-07-30","4.92","0.02","79","90","72"
"USW00013897","NASHVILLE INTERNATIONAL AIRPORT, TN US","2023-07-31","5.59","0.00","81","92","70"
"USW00013897","NASHVILLE INTERNATIONAL AIRPORT, TN US","2023-08-01","6.49","0.00","80","89","70"
"USW00013897","NASHVILLE INTERNATIONAL AIRPORT, TN US","2023-08-02","2.91","0.00","77","86","65"
"USW00013897","NASHVILLE INTERNATIONAL AIRPORT, TN US","2023-08-03","4.92","1.19","77","81","72"
"USW00013897","NASHVILLE INTERNATIONAL AIRPORT, TN US","2023-08-04","2.24","0.12","78","84","73"
"USW00013897","NASHVILLE INTERNATIONAL AIRPORT, TN US","2023-08-05","3.58","0.14","77","87","72"
"USW00013897","NASHVILLE INTERNATIONAL AIRPORT, TN US","2023-08-06","5.82","0.11","81","93","72"
"USW00013897","NASHVILLE INTERNATIONAL AIRPORT, TN US","2023-08-07","9.40","0.06","82","90","75"
"USW00013897","NASHVILLE INTERNATIONAL AIRPORT, TN US","2023-08-08","3.58","0.00","77","85","68"
"USW00013897","NASHVILLE INTERNATIONAL AIRPORT, TN US","2023-08-09","5.82","0.19","75","86","68"
"USW00013897","NASHVILLE INTERNATIONAL AIRPORT, TN US","2023-08-10","5.14","0.30","74","84","70"
"USW00013897","NASHVILLE INTERNATIONAL AIRPORT, TN US","2023-08-11","2.24","0.00","79","93","71"
"USW00013897","NASHVILLE INTERNATIONAL AIRPORT, TN US","2023-08-12","4.70","0.74","80","87","72"
"USW00013897","NASHVILLE INTERNATIONAL AIRPORT, TN US","2023-08-13","5.37","0.16","79","93","72"
"USW00013897","NASHVILLE INTERNATIONAL AIRPORT, TN US","2023-08-14","7.16","0.13","78","94","72"
"USW00013897","NASHVILLE INTERNATIONAL AIRPORT, TN US","2023-08-15","7.83","0.00","78","84","68"
"USW00013897","NASHVILLE INTERNATIONAL AIRPORT, TN US","2023-08-16","5.14","0.00","73","82","63"
"USW00013897","NASHVILLE INTERNATIONAL AIRPORT, TN US","2023-08-17","4.47","0.00","74","86","63"
"USW00013897","NASHVILLE INTERNATIONAL AIRPORT, TN US","2023-08-18","5.14","0.00","78","87","68"
"USW00013897","NASHVILLE INTERNATIONAL AIRPORT, TN US","2023-08-19","3.80","0.00","76","89","63"
"USW00013897","NASHVILLE INTERNATIONAL AIRPORT, TN US","2023-08-20","5.59","0.00","80","94","69"
"USW00013897","NASHVILLE INTERNATIONAL AIRPORT, TN US","2023-08-21","2.91","0.00","84","95","72"
"USW00013897","NASHVILLE INTERNATIONAL AIRPORT, TN US","2023-08-22","5.59","0.00","85","96","76"
"USW00013897","NASHVILLE INTERNATIONAL AIRPORT, TN US","2023-08-23","4.25","0.00","87","99","77"
"USW00013897","NASHVILLE INTERNATIONAL AIRPORT, TN US","2023-08-24","3.58","0.00","88","100","76"
"USW00013897","NASHVILLE INTERNATIONAL AIRPORT, TN US","2023-08-25","3.36","0.00","87","100","76"
"USW00013897","NASHVILLE INTERNATIONAL AIRPORT, TN US","2023-08-26","4.03","0.03","86","98","76"
"USW00013897","NASHVILLE INTERNATIONAL AIRPORT, TN US","2023-08-27","7.83","0.00","78","85","74"
"USW00013897","NASHVILLE INTERNATIONAL AIRPORT, TN US","2023-08-28","8.95","0.00","77","85","73"
"USW00013897","NASHVILLE INTERNATIONAL AIRPORT, TN US","2023-08-29","7.38","0.00","80","89","70"
"USW00013897","NASHVILLE INTERNATIONAL AIRPORT, TN US","2023-08-30","9.62","0.00","76","87","63"
"USW00013897","NASHVILLE INTERNATIONAL AIRPORT, TN US","2023-08-31","8.72","0.00","72","82","61"
"USW00013897","NASHVILLE INTERNATIONAL AIRPORT, TN US","2023-09-01","7.38","0.00","75","92","63"
"USW00013897","NASHVILLE INTERNATIONAL AIRPORT, TN US","2023-09-02","5.37","0.00","81","90","72"
"USW00013897","NASHVILLE INTERNATIONAL AIRPORT, TN US","2023-09-03","3.36","0.00","80","91","68"
"USW00013897","NASHVILLE INTERNATIONAL AIRPORT, TN US","2023-09-04","4.92","0.00","82","94","71"
"USW00013897","NASHVILLE INTERNATIONAL AIRPORT, TN US","2023-09-05","3.80","0.23","80","91","74"
"USW00013897","NASHVILLE INTERNATIONAL AIRPORT, TN US","2023-09-06","5.82","0.69","78","88","74"
"USW00013897","NASHVILLE INTERNATIONAL AIRPORT, TN US","2023-09-07","7.61","0.00","77","83","68"
"USW00013897","NASHVILLE INTERNATIONAL AIRPORT, TN US","2023-09-08","5.82","0.00","74","85","63"
"USW00013897","NASHVILLE INTERNATIONAL AIRPORT, TN US","2023-09-09","7.61","0.00","75","86","65"
"USW00013897","NASHVILLE INTERNATIONAL AIRPORT, TN US","2023-09-10","6.93","0.00","76","86","70"
"USW00013897","NASHVILLE INTERNATIONAL AIRPORT, TN US","2023-09-11","3.36","0.00","76","90","64"
"USW00013897","NASHVILLE INTERNATIONAL AIRPORT, TN US","2023-09-12","5.14","0.00","74","78","67"
"USW00013897","NASHVILLE INTERNATIONAL AIRPORT, TN US","2023-09-13","8.05","0.00","74","83","61"
"USW00013897","NASHVILLE INTERNATIONAL AIRPORT, TN US","2023-09-14","4.92","0.00","69","84","54"
"USW00013897","NASHVILLE INTERNATIONAL AIRPORT, TN US","2023-09-15","4.92","0.00","71","86","57"
"USW00013897","NASHVILLE INTERNATIONAL AIRPORT, TN US","2023-09-16","3.58","0.17","70","75","64"
"USW00013897","NASHVILLE INTERNATIONAL AIRPORT, TN US","2023-09-17","4.25","0.30","69","80","59"
"USW00013897","NASHVILLE INTERNATIONAL AIRPORT, TN US","2023-09-18","4.92","0.00","67","79","57"
"USW00013897","NASHVILLE INTERNATIONAL AIRPORT, TN US","2023-09-19","1.79","0.00","67","83","55"
"USW00013897","NASHVILLE INTERNATIONAL AIRPORT, TN US","2023-09-20","5.59","0.00","71","88","59"
"USW00013897","NASHVILLE INTERNATIONAL AIRPORT, TN US","2023-09-21","3.80","0.00","75","87","64"
"USW00013897","NASHVILLE INTERNATIONAL AIRPORT, TN US","2023-09-22","1.57","0.00","73","87","59"
"USW00013897","NASHVILLE INTERNATIONAL AIRPORT, TN US","2023-09-23","4.70","0.00","72","87","59"
"USW00013897","NASHVILLE INTERNATIONAL AIRPORT, TN US","2023-09-24","1.79","0.00","69","86","53"
"USW00013897","NASHVILLE INTERNATIONAL AIRPORT, TN US","2023-09-25","2.01","0.00","75","89","64"
"USW00013897","NASHVILLE INTERNATIONAL AIRPORT, TN US","2023-09-26","1.57","0.00","75","91","61"
"USW00013897","NASHVILLE INTERNATIONAL AIRPORT, TN US","2023-09-27","6.49","0.05","75","87","65"
"USW00013897","NASHVILLE INTERNATIONAL AIRPORT, TN US","2023-09-28","6.71","0.84","70","72","65"
"USW00013897","NASHVILLE INTERNATIONAL AIRPORT, TN US","2023-09-29","2.91","0.16","70","85","64"
"USW00013897","NASHVILLE INTERNATIONAL AIRPORT, TN US","2023-09-30","2.01","0.00","73","88","63"
"USW00013897","NASHVILLE INTERNATIONAL AIRPORT, TN US","2023-10-01","2.46","0.00","74","88","62"
"USW00013897","NASHVILLE INTERNATIONAL AIRPORT, TN US","2023-10-02","2.46","0.00","74","89","62"
"USW00013897","NASHVILLE INTERNATIONAL AIRPORT, TN US","2023-10-03","3.58","0.00","74","88","61"
"USW00013897","NASHVILLE INTERNATIONAL AIRPORT, TN US","2023-10-04","4.47","0.00","73","86","61"
"USW00013897","NASHVILLE INTERNATIONAL AIRPORT, TN US","2023-10-05","4.47","0.30","72","79","66"
"USW00013897","NASHVILLE INTERNATIONAL AIRPORT, TN US","2023-10-06","6.71","0.00","69","79","58"
"USW00013897","NASHVILLE INTERNATIONAL AIRPORT, TN US","2023-10-07","7.61","0.00","59","66","46"
"USW00013897","NASHVILLE INTERNATIONAL AIRPORT, TN US","2023-10-08","5.37","0.00","55","69","42"
"USW00013897","NASHVILLE INTERNATIONAL AIRPORT, TN US","2023-10-09","5.37","0.00","58","73","48"
"USW00013897","NASHVILLE INTERNATIONAL AIRPORT, TN US","2023-10-10","3.58","0.00","63","76","52"
"USW00013897","NASHVILLE INTERNATIONAL AIRPORT, TN US","2023-10-11","3.13","0.00","61","73","51"
"USW00013897","NASHVILLE INTERNATIONAL AIRPORT, TN US","2023-10-12","4.47","0.00","67","81","54"
"USW00013897","NASHVILLE INTERNATIONAL AIRPORT, TN US","2023-10-13","7.61","0.00","67","77","56"
"USW00013897","NASHVILLE INTERNATIONAL AIRPORT, TN US","2023-10-14","10.51","0.00","66","68","56"
"USW00013897","NASHVILLE INTERNATIONAL AIRPORT, TN US","2023-10-15","9.84","0.00","56","58","51"
"USW00013897","NASHVILLE INTERNATIONAL AIRPORT, TN US","2023-10-16","8.05","0.00","52","58","49"
"USW00013897","NASHVILLE INTERNATIONAL AIRPORT, TN US","2023-10-17","2.68","0.00","55","60","45"
"USW00013897","NASHVILLE INTERNATIONAL AIRPORT, TN US","2023-10-18","6.04","0.00","55","73","41"
"USW00013897","NASHVILLE INTERNATIONAL AIRPORT, TN US","2023-10-19","12.30","0.00","61","74","51"
"USW00013897","NASHVILLE INTERNATIONAL AIRPORT, TN US","2023-10-20","8.05","0.00","66","75","51"
"USW00013897","NASHVILLE INTERNATIONAL AIRPORT, TN US","2023-10-21","6.26","0.00","62","83","45"
"USW00013897","NASHVILLE INTERNATIONAL AIRPORT, TN US","2023-10-22","5.59","0.00","63","72","50"
"USW00013897","NASHVILLE INTERNATIONAL AIRPORT, TN US","2023-10-23","3.80","0.00","60","79","47"
"USW00013897","NASHVILLE INTERNATIONAL AIRPORT, TN US","2023-10-24","8.28","0.00","66","79","56"
"USW00013897","NASHVILLE INTERNATIONAL AIRPORT, TN US","2023-10-25","7.61","0.00","67","81","53"
"USW00013897","NASHVILLE INTERNATIONAL AIRPORT, TN US","2023-10-26","8.72","0.00","69","84","58"
"USW00013897","NASHVILLE INTERNATIONAL AIRPORT, TN US","2023-10-27","6.04","0.00","73","81","66"
"USW00013897","NASHVILLE INTERNATIONAL AIRPORT, TN US","2023-10-28","4.25","0.00","74","87","66"
"USW00013897","NASHVILLE INTERNATIONAL AIRPORT, TN US","2023-10-29","6.26","0.00","75","80","59"
"USW00013897","NASHVILLE INTERNATIONAL AIRPORT, TN US","2023-10-30","9.17","0.43","54","59","37"
"USW00013897","NASHVILLE INTERNATIONAL AIRPORT, TN US","2023-10-31","9.84","0.00","42","53","33"
"USW00013897","NASHVILLE INTERNATIONAL AIRPORT, TN US","2023-11-01",,"0.00","39","51","30"
"USW00013897","NASHVILLE INTERNATIONAL AIRPORT, TN US","2023-11-02","4.47","0.00","42","61","28"
"USW00013897","NASHVILLE INTERNATIONAL AIRPORT, TN US","2023-11-03","6.93","0.00","50","67","36"
"USW00013897","NASHVILLE INTERNATIONAL AIRPORT, TN US","2023-11-04","4.92","0.00","56","74","41"
"USW00013897","NASHVILLE INTERNATIONAL AIRPORT, TN US","2023-11-05","2.01","0.00","60","75","48"
"USW00013897","NASHVILLE INTERNATIONAL AIRPORT, TN US","2023-11-06","5.82","0.00","60","79","45"
"USW00013897","NASHVILLE INTERNATIONAL AIRPORT, TN US","2023-11-07","5.59","0.00","67","80","55"
"USW00013897","NASHVILLE INTERNATIONAL AIRPORT, TN US","2023-11-08","10.51","0.00","68","83","56"
"USW00013897","NASHVILLE INTERNATIONAL AIRPORT, TN US","2023-11-09","7.61","0.11","69","72","53"
"USW00013897","NASHVILLE INTERNATIONAL AIRPORT, TN US","2023-11-10","7.83","0.22","55","62","50"
"USW00013897","NASHVILLE INTERNATIONAL AIRPORT, TN US","2023-11-11","8.95","0.00","54","66","43"
"USW00013897","NASHVILLE INTERNATIONAL AIRPORT, TN US","2023-11-12","2.91","0.00","53","69","41"
"USW00013897","NASHVILLE INTERNATIONAL AIRPORT, TN US","2023-11-13","3.80","0.00","53","70","39"
"USW00013897","NASHVILLE INTERNATIONAL AIRPORT, TN US","2023-11-14","3.13","0.00","55","66","41"
"USW00013897","NASHVILLE INTERNATIONAL AIRPORT, TN US","2023-11-15","2.91","0.04","56","69","44"
"USW00013897","NASHVILLE INTERNATIONAL AIRPORT, TN US","2023-11-16","6.04","0.00","62","77","53"
"USW00013897","NASHVILLE INTERNATIONAL AIRPORT, TN US","2023-11-17","9.17","0.00","65","69","59"
"USW00013897","NASHVILLE INTERNATIONAL AIRPORT, TN US","2023-11-18","8.50","0.00","56","60","43"
"USW00013897","NASHVILLE INTERNATIONAL AIRPORT, TN US","2023-11-19","2.91","0.00","49","64","33"
"USW00013897","NASHVILLE INTERNATIONAL AIRPORT, TN US","2023-11-20","8.72","0.34","56","71","43"
"USW00013897","NASHVILLE INTERNATIONAL AIRPORT, TN US","2023-11-21","7.61","0.77","58","59","46"
"USW00013897","NASHVILLE INTERNATIONAL AIRPORT, TN US","2023-11-22","6.04","0.00","47","50","35"
"USW00013897","NASHVILLE INTERNATIONAL AIRPORT, TN US","2023-11-23","2.68","0.00","42","58","31"
"USW00013897","NASHVILLE INTERNATIONAL AIRPORT, TN US","2023-11-24","7.83","0.00","49","62","41"
"USW00013897","NASHVILLE INTERNATIONAL AIRPORT, TN US","2023-11-25","4.25","0.00","46","59","36"
"USW00013897","NASHVILLE INTERNATIONAL AIRPORT, TN US","2023-11-26","9.17","0.01","48","53","37"
"USW00013897","NASHVILLE INTERNATIONAL AIRPORT, TN US","2023-11-27","6.71","0.00","41","48","34"
"USW00013897","NASHVILLE INTERNATIONAL AIRPORT, TN US","2023-11-28","6.26","0.00","37","43","25"
"USW00013897","NASHVILLE INTERNATIONAL AIRPORT, TN US","2023-11-29","8.05","0.00","37","60","22"
"USW00013897","NASHVILLE INTERNATIONAL AIRPORT, TN US","2023-11-30","8.05","0.05","50","65","38"
"USW00013897","NASHVILLE INTERNATIONAL AIRPORT, TN US","2023-12-01","8.50","0.58","52","61","45"
"USW00013897","NASHVILLE INTERNATIONAL AIRPORT, TN US","2023-12-02","4.70","0.26","59","60","53"
"USW00013897","NASHVILLE INTERNATIONAL AIRPORT, TN US","2023-12-03","4.92","0.00","55","60","39"
"USW00013897","NASHVILLE INTERNATIONAL AIRPORT, TN US","2023-12-04","7.61","0.01","48","58","40"
"USW00013897","NASHVILLE INTERNATIONAL AIRPORT, TN US","2023-12-05","8.72","0.00","46","60","33"
"USW00013897","NASHVILLE INTERNATIONAL AIRPORT, TN US","2023-12-06","6.71","0.00","45","49","32"
"USW00013897","NASHVILLE INTERNATIONAL AIRPORT, TN US","2023-12-07","8.72","0.00","42","61","31"
"USW00013897","NASHVILLE INTERNATIONAL AIRPORT, TN US","2023-12-08","11.63","0.00","53","65","40"
"USW00013897","NASHVILLE INTERNATIONAL AIRPORT, TN US","2023-12-09","11.41","0.89","61","68","51"
"USW00013897","NASHVILLE INTERNATIONAL AIRPORT, TN US","2023-12-10","9.62","0.00","47","51","31"
"USW00013897","NASHVILLE INTERNATIONAL AIRPORT, TN US","2023-12-11","2.24","0.00","37","48","27"
"USW00013897","NASHVILLE INTERNATIONAL AIRPORT, TN US","2023-12-12","3.36","0.00","40","60","28"
"USW00013897","NASHVILLE INTERNATIONAL AIRPORT, TN US","2023-12-13","4.25","0.00","44","60","32"
"USW00013897","NASHVILLE INTERNATIONAL AIRPORT, TN US","2023-12-14","4.25","0.00","47","62","32"
"USW00013897","NASHVILLE INTERNATIONAL AIRPORT, TN US","2023-12-15","3.13","0.00","46","62","31"
"USW00013897","NASHVILLE INTERNATIONAL AIRPORT, TN US","2023-12-16","7.38","0.13","50","63","38"
"USW00013897","NASHVILLE INTERNATIONAL AIRPORT, TN US","2023-12-17","8.72","0.04","51","52","43"
"USW00013897","NASHVILLE INTERNATIONAL AIRPORT, TN US","2023-12-18","11.18","0.00","43","48","30"
"USW00013897","NASHVILLE INTERNATIONAL AIRPORT, TN US","2023-12-19","3.80","0.00","33","42","26"
"USW00013897","NASHVILLE INTERNATIONAL AIRPORT, TN US","2023-12-20","4.03","0.00","37","53","25"
"USW00013897","NASHVILLE INTERNATIONAL AIRPORT, TN US","2023-12-21","3.13","0.00","42","56","31"
"USW00013897","NASHVILLE INTERNATIONAL AIRPORT, TN US","2023-12-22","4.70","0.00","45","62","30"
"USW00013897","NASHVILLE INTERNATIONAL AIRPORT, TN US","2023-12-23","4.70","0.32","51","54","48"
"USW00013897","NASHVILLE INTERNATIONAL AIRPORT, TN US","2023-12-24","6.93","0.01","56","68","48"
"USW00013897","NASHVILLE INTERNATIONAL AIRPORT, TN US","2023-12-25","8.50","0.77","59","63","52"
"USW00013897","NASHVILLE INTERNATIONAL AIRPORT, TN US","2023-12-26","4.25","0.00","52","54","38"
"USW00013897","NASHVILLE INTERNATIONAL AIRPORT, TN US","2023-12-27","4.70","0.00","42","53","32"
"USW00013897","NASHVILLE INTERNATIONAL AIRPORT, TN US","2023-12-28","5.14","0.00","41","44","31"
"USW00013897","NASHVILLE INTERNATIONAL AIRPORT, TN US","2023-12-29","5.59","0.00","40","41","37"
"USW00013897","NASHVILLE INTERNATIONAL AIRPORT, TN US","2023-12-30","6.93","0.00","39","41","31"
"USW00013897","NASHVILLE INTERNATIONAL AIRPORT, TN US","2023-12-31","8.50","0.00","42","59","32"
"USW00013897","NASHVILLE INTERNATIONAL AIRPORT, TN US","2024-01-01","7.38","0.00","38","40","34"
"USW00013897","NASHVILLE INTERNATIONAL AIRPORT, TN US","2024-01-02","2.24","0.00","39","47","30"
"USW00013897","NASHVILLE INTERNATIONAL AIRPORT, TN US","2024-01-03","1.79","0.00","34","41","25"
"USW00013897","NASHVILLE INTERNATIONAL AIRPORT, TN US","2024-01-04","8.50","0.00","37","45","31"
"USW00013897","NASHVILLE INTERNATIONAL AIRPORT, TN US","2024-01-05","5.59","0.00","37","51","24"
"USW00013897","NASHVILLE INTERNATIONAL AIRPORT, TN US","2024-01-06","4.92","0.50","44","46","40"
"USW00013897","NASHVILLE INTERNATIONAL AIRPORT, TN US","2024-01-07","4.92","0.00","42","49","31"
"USW00013897","NASHVILLE INTERNATIONAL AIRPORT, TN US","2024-01-08","9.62","0.45","38","54","27"
"USW00013897","NASHVILLE INTERNATIONAL AIRPORT, TN US","2024-01-09","16.11","0.61","48","52","37"
"USW00013897","NASHVILLE INTERNATIONAL AIRPORT, TN US","2024-01-10","9.62","0.00","39","47","36"
"USW00013897","NASHVILLE INTERNATIONAL AIRPORT, TN US","2024-01-11","7.83","0.00","46","59","36"
"USW00013897","NASHVILLE INTERNATIONAL AIRPORT, TN US","2024-01-12","16.55","1.10","50","57","32"
"USW00013897","NASHVILLE INTERNATIONAL AIRPORT, TN US","2024-01-13","8.72","0.00","36","44","29"
"USW00013897","NASHVILLE INTERNATIONAL AIRPORT, TN US","2024-01-14","8.50","0.17","31","37","16"
"USW00013897","NASHVILLE INTERNATIONAL AIRPORT, TN US","2024-01-15","8.95","0.55","15","17","12"
"USW00013897","NASHVILLE INTERNATIONAL AIRPORT, TN US","2024-01-16","6.93","0.00","13","19","7"
"USW00013897","NASHVILLE INTERNATIONAL AIRPORT, TN US","2024-01-17","7.61","0.00","11","27","-1"
"USW00013897","NASHVILLE INTERNATIONAL AIRPORT, TN US","2024-01-18","4.47","0.12","24","34","15"
"USW00013897","NASHVILLE INTERNATIONAL AIRPORT, TN US","2024-01-19","10.51","0.00","29","34","13"
"USW00013897","NASHVILLE INTERNATIONAL AIRPORT, TN US","2024-01-20","7.83","0.00","13","17","7"
"USW00013897","NASHVILLE INTERNATIONAL AIRPORT, TN US","2024-01-21","3.36","0.00","15","32","4"
"USW00013897","NASHVILLE INTERNATIONAL AIRPORT, TN US","2024-01-22","7.16","0.00","30","48","17"
"USW00013897","NASHVILLE INTERNATIONAL AIRPORT, TN US","2024-01-23","9.17","0.00","48","57","43"
"USW00013897","NASHVILLE INTERNATIONAL AIRPORT, TN US","2024-01-24","9.84","0.69","57","61","53"
"USW00013897","NASHVILLE INTERNATIONAL AIRPORT, TN US","2024-01-25","4.70","0.73","59","63","57"
"USW00013897","NASHVILLE INTERNATIONAL AIRPORT, TN US","2024-01-26","4.47","0.00","59","65","49"
"USW00013897","NASHVILLE INTERNATIONAL AIRPORT, TN US","2024-01-27","9.17","0.45","51","62","42"
"USW00013897","NASHVILLE INTERNATIONAL AIRPORT, TN US","2024-01-28","12.30","0.02","43","43","38"
"USW00013897","NASHVILLE INTERNATIONAL AIRPORT, TN US","2024-01-29","4.92","0.00","38","39","32"
"USW00013897","NASHVILLE INTERNATIONAL AIRPORT, TN US","2024-01-30","8.05","0.01","40","60","27"
"USW00013897","NASHVILLE INTERNATIONAL AIRPORT, TN US","2024-01-31","5.59","0.00","43","49","32"
"USW00013897","NASHVILLE INTERNATIONAL AIRPORT, TN US","2024-02-01","4.47","0.00","41","58","28"
"USW00013897","NASHVILLE INTERNATIONAL AIRPORT, TN US","2024-02-02","4.70","0.00","52","71","41"
"USW00013897","NASHVILLE INTERNATIONAL AIRPORT, TN US","2024-02-03","5.14","0.00","53","68","39"
"USW00013897","NASHVILLE INTERNATIONAL AIRPORT, TN US","2024-02-04","7.16","0.00","53","61","44"
"USW00013897","NASHVILLE INTERNATIONAL AIRPORT, TN US","2024-02-05","9.17","0.00","52","65","42"
"USW00013897","NASHVILLE INTERNATIONAL AIRPORT, TN US","2024-02-06","6.93","0.00","49","59","37"
"USW00013897","NASHVILLE INTERNATIONAL AIRPORT, TN US","2024-02-07","4.92","0.00","47","69","30"
"USW00013897","NASHVILLE INTERNATIONAL AIRPORT, TN US","2024-02-08","14.09","0.00","55","63","46"
"USW00013897","NASHVILLE INTERNATIONAL AIRPORT, TN US","2024-02-09","9.40","0.49","56","62","52"
"USW00013897","NASHVILLE INTERNATIONAL AIRPORT, TN US","2024-02-10","5.82","0.77","61","63","51"
"USW00013897","NASHVILLE INTERNATIONAL AIRPORT, TN US","2024-02-11","6.93","0.22","52","56","46"
"USW00013897","NASHVILLE INTERNATIONAL AIRPORT, TN US","2024-02-12","9.62","1.16","51","51","34"
"USW00013897","NASHVILLE INTERNATIONAL AIRPORT, TN US","2024-02-13","4.70","0.00","43","55","34"
"USW00013897","NASHVILLE INTERNATIONAL AIRPORT, TN US","2024-02-14","4.47","0.00","47","65","33"
"USW00013897","NASHVILLE INTERNATIONAL AIRPORT, TN US","2024-02-15","7.83","0.00","53","69","39"
"USW00013897","NASHVILLE INTERNATIONAL AIRPORT, TN US","2024-02-16","8.28","0.27","53","67","34"
"USW00013897","NASHVILLE INTERNATIONAL AIRPORT, TN US","2024-02-17","10.51","0.00","34","37","26"
"USW00013897","NASHVILLE INTERNATIONAL AIRPORT, TN US","2024-02-18","2.91","0.00","32","52","19"
"USW00013897","NASHVILLE INTERNATIONAL AIRPORT, TN US","2024-02-19","3.58","0.00","40","60","25"
"USW00013897","NASHVILLE INTERNATIONAL AIRPORT, TN US","2024-02-20","3.58","0.00","48","64","35"
"USW00013897","NASHVILLE INTERNATIONAL AIRPORT, TN US","2024-02-21","9.84","0.00","52","71","35"
"USW00013897","NASHVILLE INTERNATIONAL AIRPORT, TN US","2024-02-22","13.42","0.39","59","62","55"
"USW00013897","NASHVILLE INTERNATIONAL AIRPORT, TN US","2024-02-23","8.28","0.00","57","66","44"
"USW00013897","NASHVILLE INTERNATIONAL AIRPORT, TN US","2024-02-24","8.95","0.00","49","51","32"
"USW00013897","NASHVILLE INTERNATIONAL AIRPORT, TN US","2024-02-25","8.95","0.00","44","68","28"
"USW00013897","NASHVILLE INTERNATIONAL AIRPORT, TN US","2024-02-26","11.63","0.00","64","76","55"
"USW00013897","NASHVILLE INTERNATIONAL AIRPORT, TN US","2024-02-27","19.24","0.00","67","75","62"
"USW00013897","NASHVILLE INTERNATIONAL AIRPORT, TN US","2024-02-28","14.09","0.51","62","73","35"
"USW00013897","NASHVILLE INTERNATIONAL AIRPORT, TN US","2024-02-29","7.38","0.00","39","50","30"
"USW00013897","NASHVILLE INTERNATIONAL AIRPORT, TN US","2024-03-01","4.92","0.23","44","50","40"
"USW00013897","NASHVILLE INTERNATIONAL AIRPORT, TN US","2024-03-02","3.36","0.00","51","60","45"
"USW00013897","NASHVILLE INTERNATIONAL AIRPORT, TN US","2024-03-03","6.26","0.00","53","69","40"
"USW00013897","NASHVILLE INTERNATIONAL AIRPORT, TN US","2024-03-04","9.84","0.00","65","78","56"
"USW00013897","NASHVILLE INTERNATIONAL AIRPORT, TN US","2024-03-05","7.83","0.52","64","64","58"
"USW00013897","NASHVILLE INTERNATIONAL AIRPORT, TN US","2024-03-06","7.38","0.46","59","62","55"
"USW00013897","NASHVILLE INTERNATIONAL AIRPORT, TN US","2024-03-07","4.70","0.00","59","68","54"
"USW00013897","NASHVILLE INTERNATIONAL AIRPORT, TN US","2024-03-08","6.71","0.27","60","68","56"
"USW00013897","NASHVILLE INTERNATIONAL AIRPORT, TN US","2024-03-09","8.50","0.21","54","58","42"
"USW00013897","NASHVILLE INTERNATIONAL AIRPORT, TN US","2024-03-10","7.61","0.00","45","55","36"
"USW00013897","NASHVILLE INTERNATIONAL AIRPORT, TN US","2024-03-11","2.68","0.00","45","63","30"
"USW00013897","NASHVILLE INTERNATIONAL AIRPORT, TN US","2024-03-12","4.25","0.00","53","72","37"
"USW00013897","NASHVILLE INTERNATIONAL AIRPORT, TN US","2024-03-13","7.83","0.00","61","78","46"
"USW00013897","NASHVILLE INTERNATIONAL AIRPORT, TN US","2024-03-14","10.96","0.37","68","81","56"
"USW00013897","NASHVILLE INTERNATIONAL AIRPORT, TN US","2024-03-15","7.61","0.83","66","70","52"
"USW00013897","NASHVILLE INTERNATIONAL AIRPORT, TN US","2024-03-16","5.82","0.00","55","70","42"
"USW00013897","NASHVILLE INTERNATIONAL AIRPORT, TN US","2024-03-17","8.28","0.00","58","62","43"
"USW00013897","NASHVILLE INTERNATIONAL AIRPORT, TN US","2024-03-18","10.74","0.00","43","47","30"
"USW00013897","NASHVILLE INTERNATIONAL AIRPORT, TN US","2024-03-19","7.38","0.00","40","60","26"
"USW00013897","NASHVILLE INTERNATIONAL AIRPORT, TN US","2024-03-20","7.38","0.00","58","73","45"
"USW00013897","NASHVILLE INTERNATIONAL AIRPORT, TN US","2024-03-21","7.16","0.00","55","68","43"
"USW00013897","NASHVILLE INTERNATIONAL AIRPORT, TN US","2024-03-22","5.82","0.17","61","77","51"
"USW00013897","NASHVILLE INTERNATIONAL AIRPORT, TN US","2024-03-23","14.32","0.00","54","58","43"
"USW00013897","NASHVILLE INTERNATIONAL AIRPORT, TN US","2024-03-24","10.07","0.00","50","72","37"
"USW00013897","NASHVILLE INTERNATIONAL AIRPORT, TN US","2024-03-25","16.78","0.12","61","69","55"
"USW00013897","NASHVILLE INTERNATIONAL AIRPORT, TN US","2024-03-26","13.87","0.70","60","70","49"
"USW00013897","NASHVILLE INTERNATIONAL AIRPORT, TN US","2024-03-27","7.61","0.00","52","59","42"
"USW00013897","NASHVILLE INTERNATIONAL AIRPORT, TN US","2024-03-28","6.26","0.00","52","65","40"
"USW00013897","NASHVILLE INTERNATIONAL AIRPORT, TN US","2024-03-29","6.04","0.00","56","73","38"
"USW00013897","NASHVILLE INTERNATIONAL AIRPORT, TN US","2024-03-30","9.62","0.00","66","79","54"
"USW00013897","NASHVILLE INTERNATIONAL AIRPORT, TN US","2024-03-31","8.72","0.00","69","77","60"
"USW00013897","NASHVILLE INTERNATIONAL AIRPORT, TN US","2024-04-01","10.74","0.00","73","79","69"
"USW00013897","NASHVILLE INTERNATIONAL AIRPORT, TN US","2024-04-02","13.20","0.98","71","74","53"
"USW00013897","NASHVILLE INTERNATIONAL AIRPORT, TN US","2024-04-03","11.18","0.02","54","57","45"
"USW00013897","NASHVILLE INTERNATIONAL AIRPORT, TN US","2024-04-04","10.07","0.00","50","56","42"
"USW00013897","NASHVILLE INTERNATIONAL AIRPORT, TN US","2024-04-05","7.61","0.00","45","51","36"
"USW00013897","NASHVILLE INTERNATIONAL AIRPORT, TN US","2024-04-06","5.59","0.00","49","63","37"
"USW00013897","NASHVILLE INTERNATIONAL AIRPORT, TN US","2024-04-07","9.84","0.00","57","77","40"
"USW00013897","NASHVILLE INTERNATIONAL AIRPORT, TN US","2024-04-08","10.29","0.05","67","74","58"
"USW00013897","NASHVILLE INTERNATIONAL AIRPORT, TN US","2024-04-09","8.28","0.40","63","64","58"
"USW00013897","NASHVILLE INTERNATIONAL AIRPORT, TN US","2024-04-10","8.72","0.10","64","70","61"
"USW00013897","NASHVILLE INTERNATIONAL AIRPORT, TN US","2024-04-11","8.05","0.35","63","70","55"
"USW00013897","NASHVILLE INTERNATIONAL AIRPORT, TN US","2024-04-12","9.17","0.00","58","67","48"
"USW00013897","NASHVILLE INTERNATIONAL AIRPORT, TN US","2024-04-13","4.92","0.00","60","80","42"
"USW00013897","NASHVILLE INTERNATIONAL AIRPORT, TN US","2024-04-14","10.07","0.00","71","87","56"
"USW00013897","NASHVILLE INTERNATIONAL AIRPORT, TN US","2024-04-15","7.61","0.00","73","86","60"
"USW00013897","NASHVILLE INTERNATIONAL AIRPORT, TN US","2024-04-16","12.08","0.00","75","87","65"
"USW00013897","NASHVILLE INTERNATIONAL AIRPORT, TN US","2024-04-17","11.18","0.06","75","80","66"
"USW00013897","NASHVILLE INTERNATIONAL AIRPORT, TN US","2024-04-18","8.50","0.00","74","87","66"
"USW00013897","NASHVILLE INTERNATIONAL AIRPORT, TN US","2024-04-19","8.95","0.02","69","73","58"
"USW00013897","NASHVILLE INTERNATIONAL AIRPORT, TN US","2024-04-20","9.40","0.36","58","67","48"
"USW00013897","NASHVILLE INTERNATIONAL AIRPORT, TN US","2024-04-21","10.74","0.00","53","61","46"
"USW00013897","NASHVILLE INTERNATIONAL AIRPORT, TN US","2024-04-22","4.25","0.00","52","67","37"
"USW00013897","NASHVILLE INTERNATIONAL AIRPORT, TN US","2024-04-23","9.62","0.00","58","76","42"
"USW00013897","NASHVILLE INTERNATIONAL AIRPORT, TN US","2024-04-24","8.05","0.04","67","77","56"
"USW00013897","NASHVILLE INTERNATIONAL AIRPORT, TN US","2024-04-25","5.14","0.00","62","74","47"
"USW00013897","NASHVILLE INTERNATIONAL AIRPORT, TN US","2024-04-26","10.29","0.25","67","84","54"
"USW00013897","NASHVILLE INTERNATIONAL AIRPORT, TN US","2024-04-27","13.87","0.00","75","83","67"
"USW00013897","NASHVILLE INTERNATIONAL AIRPORT, TN US","2024-04-28","11.63","0.00","73","82","64"
"USW00013897","NASHVILLE INTERNATIONAL AIRPORT, TN US","2024-04-29","11.18","1.33","72","82","64"
"USW00013897","NASHVILLE INTERNATIONAL AIRPORT, TN US","2024-04-30","3.58","0.56","70","81","62"
"USW00013897","NASHVILLE INTERNATIONAL AIRPORT, TN US","2024-05-01","2.46","0.00","72","87","58"
"USW00013897","NASHVILLE INTERNATIONAL AIRPORT, TN US","2024-05-02","5.37","0.00","74","87","62"
"USW00013897","NASHVILLE INTERNATIONAL AIRPORT, TN US","2024-05-03","4.92","0.28","74","81","68"
"USW00013897","NASHVILLE INTERNATIONAL AIRPORT, TN US","2024-05-04","4.03","0.82","71","77","65"
"USW00013897","NASHVILLE INTERNATIONAL AIRPORT, TN US","2024-05-05","2.91","0.00","72","85","63"
"USW00013897","NASHVILLE INTERNATIONAL AIRPORT, TN US","2024-05-06","6.93","0.54","73","81","67"
"USW00013897","NASHVILLE INTERNATIONAL AIRPORT, TN US","2024-05-07","9.17","0.03","73","82","65"
"USW00013897","NASHVILLE INTERNATIONAL AIRPORT, TN US","2024-05-08","8.72","0.63","75","82","68"
"USW00013897","NASHVILLE INTERNATIONAL AIRPORT, TN US","2024-05-09","8.28","1.70","72","84","65"
"USW00013897","NASHVILLE INTERNATIONAL AIRPORT, TN US","2024-05-10","7.61","0.00","68","71","53"
"USW00013897","NASHVILLE INTERNATIONAL AIRPORT, TN US","2024-05-11","6.71","0.00","63","80","50"
"USW00013897","NASHVILLE INTERNATIONAL AIRPORT, TN US","2024-05-12","3.80","0.00","66","81","50"
"USW00013897","NASHVILLE INTERNATIONAL AIRPORT, TN US","2024-05-13","6.49","0.02","66","72","59"
"USW00013897","NASHVILLE INTERNATIONAL AIRPORT, TN US","2024-05-14","7.16","0.73","68","78","59"
"USW00013897","NASHVILLE INTERNATIONAL AIRPORT, TN US","2024-05-15","6.71","0.03","66","77","59"
"USW00013897","NASHVILLE INTERNATIONAL AIRPORT, TN US","2024-05-16","2.91","0.00","70","82","61"
"USW00013897","NASHVILLE INTERNATIONAL AIRPORT, TN US","2024-05-17","4.92","0.06","70","73","66"
"USW00013897","NASHVILLE INTERNATIONAL AIRPORT, TN US","2024-05-18","3.36","0.00","71","79","66"
"USW00013897","NASHVILLE INTERNATIONAL AIRPORT, TN US","2024-05-19","4.70","0.00","74","88","63"
"USW00013897","NASHVILLE INTERNATIONAL AIRPORT, TN US","2024-05-20","4.92","0.00","77","91","64"
"USW00013897","NASHVILLE INTERNATIONAL AIRPORT, TN US","2024-05-21","8.28","0.00","79","90","67"
"USW00013897","NASHVILLE INTERNATIONAL AIRPORT, TN US","2024-05-22","7.61","0.66","77","87","66"
"USW00013897","NASHVILLE INTERNATIONAL AIRPORT, TN US","2024-05-23","5.37","0.05","74","86","66"
"USW00013897","NASHVILLE INTERNATIONAL AIRPORT, TN US","2024-05-24","4.47","0.00","72","77","67"
"USW00013897","NASHVILLE INTERNATIONAL AIRPORT, TN US","2024-05-25","6.71","0.25","75","87","68"
"USW00013897","NASHVILLE INTERNATIONAL AIRPORT, TN US","2024-05-26","7.61","0.83","74","82","65"
"USW00013897","NASHVILLE INTERNATIONAL AIRPORT, TN US","2024-05-27","6.49","0.52","75","86","64"
"USW00013897","NASHVILLE INTERNATIONAL AIRPORT, TN US","2024-05-28","6.49","0.00","76","86","63"
"USW00013897","NASHVILLE INTERNATIONAL AIRPORT, TN US","2024-05-29","6.49","0.00","71","82","58"
"USW00013897","NASHVILLE INTERNATIONAL AIRPORT, TN US","2024-05-30","4.25","0.00","68","81","55"
"USW00013897","NASHVILLE INTERNATIONAL AIRPORT, TN US","2024-05-31","6.04","0.00","70","83","59"
"USW00013897","NASHVILLE INTERNATIONAL AIRPORT, TN US","2024-06-01","11.63","0.61","69","72","63"
"USW00013897","NASHVILLE INTERNATIONAL AIRPORT, TN US","2024-06-02","6.04","0.00","74","87","66"
"USW00013897","NASHVILLE INTERNATIONAL AIRPORT, TN US","2024-06-03","4.92","0.00","76","90","65"
"USW00013897","NASHVILLE INTERNATIONAL AIRPORT, TN US","2024-06-04","5.82","0.07","75","84","71"
"USW00013897","NASHVILLE INTERNATIONAL AIRPORT, TN US","2024-06-05","10.07","0.15","78","89","71"
"USW00013897","NASHVILLE INTERNATIONAL AIRPORT, TN US","2024-06-06","6.93","0.00","80","89","71"
"USW00013897","NASHVILLE INTERNATIONAL AIRPORT, TN US","2024-06-07","6.93","0.00","78","87","62"
"USW00013897","NASHVILLE INTERNATIONAL AIRPORT, TN US","2024-06-08","4.47","0.00","74","88","59"
"USW00013897","NASHVILLE INTERNATIONAL AIRPORT, TN US","2024-06-09","6.49","0.17","76","80","64"
"USW00013897","NASHVILLE INTERNATIONAL AIRPORT, TN US","2024-06-10","7.38","0.00","71","84","59"
"USW00013897","NASHVILLE INTERNATIONAL AIRPORT, TN US","2024-06-11","7.38","0.00","69","81","57"
"USW00013897","NASHVILLE INTERNATIONAL AIRPORT, TN US","2024-06-12","3.13","0.00","71","84","57"
"USW00013897","NASHVILLE INTERNATIONAL AIRPORT, TN US","2024-06-13","1.79","0.00","77","94","61"
"USW00013897","NASHVILLE INTERNATIONAL AIRPORT, TN US","2024-06-14","4.25","0.00","82","96","68"
"USW00013897","NASHVILLE INTERNATIONAL AIRPORT, TN US","2024-06-15","5.37","0.00","85","96","73"
"USW00013897","NASHVILLE INTERNATIONAL AIRPORT, TN US","2024-06-16","4.92","0.70","84","98","73"
"USW00013897","NASHVILLE INTERNATIONAL AIRPORT, TN US","2024-06-17","7.16","0.00","80","94","73"
"USW00013897","NASHVILLE INTERNATIONAL AIRPORT, TN US","2024-06-18","6.04","0.00","83","89","76"
"USW00013897","NASHVILLE INTERNATIONAL AIRPORT, TN US","2024-06-19","5.37","0.00","81","87","72"
"USW00013897","NASHVILLE INTERNATIONAL AIRPORT, TN US","2024-06-20","3.80","0.00","81","93","69"
"USW00013897","NASHVILLE INTERNATIONAL AIRPORT, TN US","2024-06-21","2.01","0.00","84","96","72"
"USW00013897","NASHVILLE INTERNATIONAL AIRPORT, TN US","2024-06-22","3.36","0.00","85","97","74"
"USW00013897","NASHVILLE INTERNATIONAL AIRPORT, TN US","2024-06-23","6.26","0.04","84","94","72"
"USW00013897","NASHVILLE INTERNATIONAL AIRPORT, TN US","2024-06-24","4.47","0.00","82","94","72"
"USW00013897","NASHVILLE INTERNATIONAL AIRPORT, TN US","2024-06-25","4.03","0.00","83","98","69"
"USW00013897","NASHVILLE INTERNATIONAL AIRPORT, TN US","2024-06-26","5.14","0.62","84","96","73"
"USW00013897","NASHVILLE INTERNATIONAL AIRPORT, TN US","2024-06-27","8.05","0.00","77","88","73"
"USW00013897","NASHVILLE INTERNATIONAL AIRPORT, TN US","2024-06-28","6.71","0.00","82","95","71"
"USW00013897","NASHVILLE INTERNATIONAL AIRPORT, TN US","2024-06-29","6.04","0.00","86","97","78"
"USW00013897","NASHVILLE INTERNATIONAL AIRPORT, TN US","2024-06-30","6.71","0.22","84","94","73"
"USW00013897","NASHVILLE INTERNATIONAL AIRPORT, TN US","2024-07-01","10.07","0.00","78","85","67"
"USW00013897","NASHVILLE INTERNATIONAL AIRPORT, TN US","2024-07-02","8.50","0.00","79","96","63"
"USW00013897","NASHVILLE INTERNATIONAL AIRPORT, TN US","2024-07-03","9.84","0.00","86","96","79"
"USW00013897","NASHVILLE INTERNATIONAL AIRPORT, TN US","2024-07-04","5.37","0.00","88","99","78"
"USW00013897","NASHVILLE INTERNATIONAL AIRPORT, TN US","2024-07-05","5.14","0.04","83","93","76"
"USW00013897","NASHVILLE INTERNATIONAL AIRPORT, TN US","2024-07-06","5.82","0.00","82","90","72"
"USW00013897","NASHVILLE INTERNATIONAL AIRPORT, TN US","2024-07-07","4.25","0.00","81","94","68"
"USW00013897","NASHVILLE INTERNATIONAL AIRPORT, TN US","2024-07-08","4.70","0.00","85","99","74"
"USW00013897","NASHVILLE INTERNATIONAL AIRPORT, TN US","2024-07-09","8.95","0.28","84","97","73"
"USW00013897","NASHVILLE INTERNATIONAL AIRPORT, TN US","2024-07-10","6.49","0.00","78","89","71"
"USW00013897","NASHVILLE INTERNATIONAL AIRPORT, TN US","2024-07-11","3.58","0.00","81","93","69"
"USW00013897","NASHVILLE INTERNATIONAL AIRPORT, TN US","2024-07-12","4.03","0.00","84","96","71"
"USW00013897","NASHVILLE INTERNATIONAL AIRPORT, TN US","2024-07-13","3.80","0.00","85","99","72"
"USW00013897","NASHVILLE INTERNATIONAL AIRPORT, TN US","2024-07-14","3.58","0.00","87","100","73"
"USW00013897","NASHVILLE INTERNATIONAL AIRPORT, TN US","2024-07-15","4.25","0.00","88","99","76"
"USW00013897","NASHVILLE INTERNATIONAL AIRPORT, TN US","2024-07-16","5.82","0.00","87","96","77"
"USW00013897","NASHVILLE INTERNATIONAL AIRPORT, TN US","2024-07-17","8.05","0.00","85","95","75"
"USW00013897","NASHVILLE INTERNATIONAL AIRPORT, TN US","2024-07-18","8.50","0.09","79","88","70"
"USW00013897","NASHVILLE INTERNATIONAL AIRPORT, TN US","2024-07-19","4.70","0.00","76","84","65"
"USW00013897","NASHVILLE INTERNATIONAL AIRPORT, TN US","2024-07-20","3.58","0.00","78","91","69"
"USW00013897","NASHVILLE INTERNATIONAL AIRPORT, TN US","2024-07-21","3.13","0.03","77","93","70"
"USW00013897","NASHVILLE INTERNATIONAL AIRPORT, TN US","2024-07-22","3.58","0.00","78","89","72"
"USW00013897","NASHVILLE INTERNATIONAL AIRPORT, TN US","2024-07-23","2.91","0.26","76","81","72"
"USW00013897","NASHVILLE INTERNATIONAL AIRPORT, TN US","2024-07-24","2.68","0.02","77","85","72"
"USW00013897","NASHVILLE INTERNATIONAL AIRPORT, TN US","2024-07-25","3.36","0.00","79","89","72"
"USW00013897","NASHVILLE INTERNATIONAL AIRPORT, TN US","2024-07-26","2.68","0.13","80","87","73"
"USW00013897","NASHVILLE INTERNATIONAL AIRPORT, TN US","2024-07-27","3.80","0.00","80","93","72"
"USW00013897","NASHVILLE INTERNATIONAL AIRPORT, TN US","2024-07-28","5.14","0.99","80","85","75"
"USW00013897","NASHVILLE INTERNATIONAL AIRPORT, TN US","2024-07-29","5.82","0.34","77","86","73"
"USW00013897","NASHVILLE INTERNATIONAL AIRPORT, TN US","2024-07-30","7.61","0.85","82","96","73"
"USW00013897","NASHVILLE INTERNATIONAL AIRPORT, TN US","2024-07-31","5.59","0.00","83","97","73"
"USW00013897","NASHVILLE INTERNATIONAL AIRPORT, TN US","2024-08-01","6.04","0.04","87","96","78"
"USW00013897","NASHVILLE INTERNATIONAL AIRPORT, TN US","2024-08-02","5.82","0.32","85","93","75"
"USW00013897","NASHVILLE INTERNATIONAL AIRPORT, TN US","2024-08-03","4.70","0.00","80","91","72"
"USW00013897","NASHVILLE INTERNATIONAL AIRPORT, TN US","2024-08-04","2.91","0.00","83","94","72"
"USW00013897","NASHVILLE INTERNATIONAL AIRPORT, TN US","2024-08-05","5.82","0.00","85","95","75"
"USW00013897","NASHVILLE INTERNATIONAL AIRPORT, TN US","2024-08-06","4.92","0.00","85","96","73"
"USW00013897","NASHVILLE INTERNATIONAL AIRPORT, TN US","2024-08-07","6.04","0.00","80","84","74"
"USW00013897","NASHVILLE INTERNATIONAL AIRPORT, TN US","2024-08-08","9.84","0.00","81","92","74"
"USW00013897","NASHVILLE INTERNATIONAL AIRPORT, TN US","2024-08-09","8.72","0.00","80","90","70"
"USW00013897","NASHVILLE INTERNATIONAL AIRPORT, TN US","2024-08-10","7.38","0.00","75","84","65"
"USW00013897","NASHVILLE INTERNATIONAL AIRPORT, TN US","2024-08-11","7.83","0.00","75","85","63"
"USW00013897","NASHVILLE INTERNATIONAL AIRPORT, TN US","2024-08-12","5.59","0.00","76","87","66"
"USW00013897","NASHVILLE INTERNATIONAL AIRPORT, TN US","2024-08-13","6.49","0.00","79","90","68"
"USW00013897","NASHVILLE INTERNATIONAL AIRPORT, TN US","2024-08-14","2.91","0.00","80","91","72"
"USW00013897","NASHVILLE INTERNATIONAL AIRPORT, TN US","2024-08-15","3.58","0.00","81","97","68"
"USW00013897","NASHVILLE INTERNATIONAL AIRPORT, TN US","2024-08-16","8.50","0.00","87","97","77"
"USW00013897","NASHVILLE INTERNATIONAL AIRPORT, TN US","2024-08-17","4.70","0.29","85","99","72"
"USW00013897","NASHVILLE INTERNATIONAL AIRPORT, TN US","2024-08-18","6.71","0.02","80","90","70"
"USW00013897","NASHVILLE INTERNATIONAL AIRPORT, TN US","2024-08-19","8.28","0.00","76","85","69"
"USW00013897","NASHVILLE INTERNATIONAL AIRPORT, TN US","2024-08-20","9.62","0.00","74","83","64"
"USW00013897","NASHVILLE INTERNATIONAL AIRPORT, TN US","2024-08-21","10.29","0.00","70","82","58"
"USW00013897","NASHVILLE INTERNATIONAL AIRPORT, TN US","2024-08-22","5.82","0.00","74","89","63"
"USW00013897","NASHVILLE INTERNATIONAL AIRPORT, TN US","2024-08-23","4.92","0.00","80","93","68"
"USW00013897","NASHVILLE INTERNATIONAL AIRPORT, TN US","2024-08-24","4.03","0.00","80","93","65"
"USW00013897","NASHVILLE INTERNATIONAL AIRPORT, TN US","2024-08-25","3.80","0.00","81","96","65"
"USW00013897","NASHVILLE INTERNATIONAL AIRPORT, TN US","2024-08-26","2.91","0.00","83","99","66"
"USW00013897","NASHVILLE INTERNATIONAL AIRPORT, TN US","2024-08-27","3.80","0.00","85","100","68"
"USW00013897","NASHVILLE INTERNATIONAL AIRPORT, TN US","2024-08-28","3.80","0.00","87","101","72"
"USW00013897","NASHVILLE INTERNATIONAL AIRPORT, TN US","2024-08-29","3.80","0.00","88","102","73"
"USW00013897","NASHVILLE INTERNATIONAL AIRPORT, TN US","2024-08-30","4.03","0.44","85","98","74"
"USW00013897","NASHVILLE INTERNATIONAL AIRPORT, TN US","2024-08-31","4.70","0.10","81","94","72"
"USW00013897","NASHVILLE INTERNATIONAL AIRPORT, TN US","2024-09-01","2.46","1.46","77","88","68"
"USW00013897","NASHVILLE INTERNATIONAL AIRPORT, TN US","2024-09-02","8.28","0.00","74","86","67"
"USW00013897","NASHVILLE INTERNATIONAL AIRPORT, TN US","2024-09-03","7.16","0.00","74","87","62"
"USW00013897","NASHVILLE INTERNATIONAL AIRPORT, TN US","2024-09-04","5.59","0.00","77","85","70"
"USW00013897","NASHVILLE INTERNATIONAL AIRPORT, TN US","2024-09-05","2.91","0.00","79","92","68"
"USW00013897","NASHVILLE INTERNATIONAL AIRPORT, TN US","2024-09-06","4.47","0.04","79","93","67"
"USW00013897","NASHVILLE INTERNATIONAL AIRPORT, TN US","2024-09-07","12.75","0.00","72","78","59"
"USW00013897","NASHVILLE INTERNATIONAL AIRPORT, TN US","2024-09-08","8.50","0.00","66","78","55"
"USW00013897","NASHVILLE INTERNATIONAL AIRPORT, TN US","2024-09-09","4.03","0.00","67","83","52"
"USW00013897","NASHVILLE INTERNATIONAL AIRPORT, TN US","2024-09-10","2.91","0.00","71","91","54"
"USW00013897","NASHVILLE INTERNATIONAL AIRPORT, TN US","2024-09-11","5.14","0.00","76","90","61"
"USW00013897","NASHVILLE INTERNATIONAL AIRPORT, TN US","2024-09-12","11.41","0.11","74","79","67"
"USW00013897","NASHVILLE INTERNATIONAL AIRPORT, TN US","2024-09-13","10.51","0.06","77","85","74"
"USW00013897","NASHVILLE INTERNATIONAL AIRPORT, TN US","2024-09-14","5.82","0.47","76","83","71"
"USW00013897","NASHVILLE INTERNATIONAL AIRPORT, TN US","2024-09-15","6.93","0.00","76","86","71"
"USW00013897","NASHVILLE INTERNATIONAL AIRPORT, TN US","2024-09-16","6.71","0.00","78","90","68"
"USW00013897","NASHVILLE INTERNATIONAL AIRPORT, TN US","2024-09-17","7.16","0.00","75","86","62"
"USW00013897","NASHVILLE INTERNATIONAL AIRPORT, TN US","2024-09-18","2.46","0.00","74","86","67"
"USW00013897","NASHVILLE INTERNATIONAL AIRPORT, TN US","2024-09-19","2.01","0.00","78","92","67"
"USW00013897","NASHVILLE INTERNATIONAL AIRPORT, TN US","2024-09-20","2.24","0.00","80","96","67"
"USW00013897","NASHVILLE INTERNATIONAL AIRPORT, TN US","2024-09-21","3.80","0.35","80","95","69"
"USW00013897","NASHVILLE INTERNATIONAL AIRPORT, TN US","2024-09-22","4.25","0.00","80","93","70"
"USW00013897","NASHVILLE INTERNATIONAL AIRPORT, TN US","2024-09-23","2.91","0.21","80","90","71"
"USW00013897","NASHVILLE INTERNATIONAL AIRPORT, TN US","2024-09-24","6.49","0.92","76","87","68"
"USW00013897","NASHVILLE INTERNATIONAL AIRPORT, TN US","2024-09-25","4.47","0.00","70","76","66"
"USW00013897","NASHVILLE INTERNATIONAL AIRPORT, TN US","2024-09-26","7.83","0.17","70","83","63"
"USW00013897","NASHVILLE INTERNATIONAL AIRPORT, TN US","2024-09-27","11.41","4.45","70","72","65"
"USW00013897","NASHVILLE INTERNATIONAL AIRPORT, TN US","2024-09-28","9.17","0.43","65","68","62"
"USW00013897","NASHVILLE INTERNATIONAL AIRPORT, TN US","2024-09-29","2.68","0.11","67","75","63"
"USW00013897","NASHVILLE INTERNATIONAL AIRPORT, TN US","2024-09-30","2.24","0.00","70","77","67"
"USW00013897","NASHVILLE INTERNATIONAL AIRPORT, TN US","2024-10-01","5.37","0.00","72","84","65"
"USW00013897","NASHVILLE INTERNATIONAL AIRPORT, TN US","2024-10-02","4.70","0.00","69","77","59"
"USW00013897","NASHVILLE INTERNATIONAL AIRPORT, TN US","2024-10-03","1.34","0.00","68","86","56"
"USW00013897","NASHVILLE INTERNATIONAL AIRPORT, TN US","2024-10-04","1.57","0.00","74","89","63"
"USW00013897","NASHVILLE INTERNATIONAL AIRPORT, TN US","2024-10-05","2.01","0.00","75","89","63"
"USW00013897","NASHVILLE INTERNATIONAL AIRPORT, TN US","2024-10-06","3.13","0.00","76","90","63"
"USW00013897","NASHVILLE INTERNATIONAL AIRPORT, TN US","2024-10-07","8.05","0.00","71","77","57"
"USW00013897","NASHVILLE INTERNATIONAL AIRPORT, TN US","2024-10-08","7.38","0.00","64","77","51"
"USW00013897","NASHVILLE INTERNATIONAL AIRPORT, TN US","2024-10-09","5.82","0.00","64","79","50"
"USW00013897","NASHVILLE INTERNATIONAL AIRPORT, TN US","2024-10-10","3.58","0.00","66","82","51"
"USW00013897","NASHVILLE INTERNATIONAL AIRPORT, TN US","2024-10-11","2.68","0.00","65","81","50"
"USW00013897","NASHVILLE INTERNATIONAL AIRPORT, TN US","2024-10-12","3.58","0.00","66","83","51"
"USW00013897","NASHVILLE INTERNATIONAL AIRPORT, TN US","2024-10-13","8.50","0.00","72","86","63"
"USW00013897","NASHVILLE INTERNATIONAL AIRPORT, TN US","2024-10-14","8.50","0.00","63","67","47"
"USW00013897","NASHVILLE INTERNATIONAL AIRPORT, TN US","2024-10-15","6.71","0.00","52","61","43"
"USW00013897","NASHVILLE INTERNATIONAL AIRPORT, TN US","2024-10-16","7.38","0.00","50","62","40"
"USW00013897","NASHVILLE INTERNATIONAL AIRPORT, TN US","2024-10-17","4.25","0.00","51","65","37"
"USW00013897","NASHVILLE INTERNATIONAL AIRPORT, TN US","2024-10-18","2.01","0.00","53","71","39"
"USW00013897","NASHVILLE INTERNATIONAL AIRPORT, TN US","2024-10-19","1.34","0.00","56","74","42"
"USW00013897","NASHVILLE INTERNATIONAL AIRPORT, TN US","2024-10-20","1.12","0.00","57","77","42"
"USW00013897","NASHVILLE INTERNATIONAL AIRPORT, TN US","2024-10-21","2.46","0.00","59","78","42"
"USW00013897","NASHVILLE INTERNATIONAL AIRPORT, TN US","2024-10-22","5.14","0.00","62","81","45"
"USW00013897","NASHVILLE INTERNATIONAL AIRPORT, TN US","2024-10-23","6.49","0.00","68","86","56"
"USW00013897","NASHVILLE INTERNATIONAL AIRPORT, TN US","2024-10-24","4.03","0.00","67","79","51"
"USW00013897","NASHVILLE INTERNATIONAL AIRPORT, TN US","2024-10-25","4.92","0.00","67","87","52"
"USW00013897","NASHVILLE INTERNATIONAL AIRPORT, TN US","2024-10-26","7.61","0.05","67","71","55"
"USW00013897","NASHVILLE INTERNATIONAL AIRPORT, TN US","2024-10-27","3.36","0.00","60","73","49"
"USW00013897","NASHVILLE INTERNATIONAL AIRPORT, TN US","2024-10-28","6.93","0.00","60","80","48"
"USW00013897","NASHVILLE INTERNATIONAL AIRPORT, TN US","2024-10-29","11.18","0.00","70","80","62"
"USW00013897","NASHVILLE INTERNATIONAL AIRPORT, TN US","2024-10-30","11.18","0.00","69","81","59"
"USW00013897","NASHVILLE INTERNATIONAL AIRPORT, TN US","2024-10-31","9.84","0.44","71","80","63"
"USW00013897","NASHVILLE INTERNATIONAL AIRPORT, TN US","2024-11-01","5.14","0.00","62","68","50"
"USW00013897","NASHVILLE INTERNATIONAL AIRPORT, TN US","2024-11-02","3.36","0.00","59","74","48"
"USW00013897","NASHVILLE INTERNATIONAL AIRPORT, TN US","2024-11-03","9.40","0.00","64","81","51"
"USW00013897","NASHVILLE INTERNATIONAL AIRPORT, TN US","2024-11-04","14.99","0.00","70","80","62"
"USW00013897","NASHVILLE INTERNATIONAL AIRPORT, TN US","2024-11-05","15.43","0.00","70","77","67"
"USW00013897","NASHVILLE INTERNATIONAL AIRPORT, TN US","2024-11-06","5.37","0.12","73","80","68"
"USW00013897","NASHVILLE INTERNATIONAL AIRPORT, TN US","2024-11-07","6.04","0.00","69","70","60"
"USW00013897","NASHVILLE INTERNATIONAL AIRPORT, TN US","2024-11-08","6.71","0.00","62","66","54"
"USW00013897","NASHVILLE INTERNATIONAL AIRPORT, TN US","2024-11-09","2.91","0.71","57","66","50"
"USW00013897","NASHVILLE INTERNATIONAL AIRPORT, TN US","2024-11-10","10.29","0.68","64","68","62"
"USW00013897","NASHVILLE INTERNATIONAL AIRPORT, TN US","2024-11-11","4.47","0.00","64","72","50"
"USW00013897","NASHVILLE INTERNATIONAL AIRPORT, TN US","2024-11-12","6.49","0.00","57","67","47"
"USW00013897","NASHVILLE INTERNATIONAL AIRPORT, TN US","2024-11-13","6.93","0.81","54","64","44"
"USW00013897","NASHVILLE INTERNATIONAL AIRPORT, TN US","2024-11-14","10.96","0.12","59","64","53"
"USW00013897","NASHVILLE INTERNATIONAL AIRPORT, TN US","2024-11-15","6.49","0.00","54","54","50"
"USW00013897","NASHVILLE INTERNATIONAL AIRPORT, TN US","2024-11-16","2.91","0.00","54","66","41"
"USW00013897","NASHVILLE INTERNATIONAL AIRPORT, TN US","2024-11-17","4.92","0.00","54","72","40"
"USW00013897","NASHVILLE INTERNATIONAL AIRPORT, TN US","2024-11-18","8.28","0.00","62","78","52"
"USW00013897","NASHVILLE INTERNATIONAL AIRPORT, TN US","2024-11-19","8.50","0.09","68","69","64"
"USW00013897","NASHVILLE INTERNATIONAL AIRPORT, TN US","2024-11-20","8.28","0.00","59","65","47"
"USW00013897","NASHVILLE INTERNATIONAL AIRPORT, TN US","2024-11-21","11.18","0.00","47","52","42"
"USW00013897","NASHVILLE INTERNATIONAL AIRPORT, TN US","2024-11-22","10.51","0.00","45","53","42"
"USW00013897","NASHVILLE INTERNATIONAL AIRPORT, TN US","2024-11-23","2.91","0.00","47","58","36"
"USW00013897","NASHVILLE INTERNATIONAL AIRPORT, TN US","2024-11-24","7.38","0.00","48","67","36"
"USW00013897","NASHVILLE INTERNATIONAL AIRPORT, TN US","2024-11-25","10.96","0.08","61","69","52"
"USW00013897","NASHVILLE INTERNATIONAL AIRPORT, TN US","2024-11-26","6.26","0.00","51","53","37"
"USW00013897","NASHVILLE INTERNATIONAL AIRPORT, TN US","2024-11-27","6.93","0.09","45","61","34"
"USW00013897","NASHVILLE INTERNATIONAL AIRPORT, TN US","2024-11-28","10.07","0.02","49","58","38"
"USW00013897","NASHVILLE INTERNATIONAL AIRPORT, TN US","2024-11-29","7.83","0.00","39","46","31"
"USW00013897","NASHVILLE INTERNATIONAL AIRPORT, TN US","2024-11-30","2.91","0.00","35","46","24"
"USW00013897","NASHVILLE INTERNATIONAL AIRPORT, TN US","2024-12-01","5.37","0.00","41","48","30"
"USW00013897","NASHVILLE INTERNATIONAL AIRPORT, TN US","2024-12-02","5.59","0.01","33","41","23"
"USW00013897","NASHVILLE INTERNATIONAL AIRPORT, TN US","2024-12-03","5.37","0.00","29","34","23"
"USW00013897","NASHVILLE INTERNATIONAL AIRPORT, TN US","2024-12-04","9.62","0.00","37","57","22"
"USW00013897","NASHVILLE INTERNATIONAL AIRPORT, TN US","2024-12-05","12.30","0.00","41","52","20"
"USW00013897","NASHVILLE INTERNATIONAL AIRPORT, TN US","2024-12-06","3.58","0.00","25","38","17"
"USW00013897","NASHVILLE INTERNATIONAL AIRPORT, TN US","2024-12-07","6.93","0.00","34","54","20"
"USW00013897","NASHVILLE INTERNATIONAL AIRPORT, TN US","2024-12-08","9.62","0.78","48","59","39"
"USW00013897","NASHVILLE INTERNATIONAL AIRPORT, TN US","2024-12-09","6.04","0.41","56","66","49"
"USW00013897","NASHVILLE INTERNATIONAL AIRPORT, TN US","2024-12-10","7.61","0.14","55","62","40"
"USW00013897","NASHVILLE INTERNATIONAL AIRPORT, TN US","2024-12-11","9.17","0.00","42","48","34"
"USW00013897","NASHVILLE INTERNATIONAL AIRPORT, TN US","2024-12-12","6.49","0.00","38","50","27"
"USW00013897","NASHVILLE INTERNATIONAL AIRPORT, TN US","2024-12-13","4.03","0.00","42","53","33"
"USW00013897","NASHVILLE INTERNATIONAL AIRPORT, TN US","2024-12-14","11.41","0.22","49","65","38"
"USW00013897","NASHVILLE INTERNATIONAL AIRPORT, TN US","2024-12-15","10.29","0.16","53","56","49"
"USW00013897","NASHVILLE INTERNATIONAL AIRPORT, TN US","2024-12-16","10.51","1.09","57","63","54"
"USW00013897","NASHVILLE INTERNATIONAL AIRPORT, TN US","2024-12-17","5.82","0.00","57","60","52"
"USW00013897","NASHVILLE INTERNATIONAL AIRPORT, TN US","2024-12-18","9.62","0.49","56","64","41"
"USW00013897","NASHVILLE INTERNATIONAL AIRPORT, TN US","2024-12-19","4.70","0.00","43","49","35"
"USW00013897","NASHVILLE INTERNATIONAL AIRPORT, TN US","2024-12-20","11.41","0.00","38","42","33"
"USW00013897","NASHVILLE INTERNATIONAL AIRPORT, TN US","2024-12-21","8.05","0.00","35","42","30"
"USW00013897","NASHVILLE INTERNATIONAL AIRPORT, TN US","2024-12-22","4.03","0.00","33","45","24"
"USW00013897","NASHVILLE INTERNATIONAL AIRPORT, TN US","2024-12-23","8.05","0.00","39","55","28"
"USW00013897","NASHVILLE INTERNATIONAL AIRPORT, TN US","2024-12-24","3.80","0.00","47","57","41"
"USW00013897","NASHVILLE INTERNATIONAL AIRPORT, TN US","2024-12-25","5.14","0.00","50","63","39"
"USW00013897","NASHVILLE INTERNATIONAL AIRPORT, TN US","2024-12-26","7.61","0.00","54","62","49"
"USW00013897","NASHVILLE INTERNATIONAL AIRPORT, TN US","2024-12-27","15.43","0.54","56","59","52"
"USW00013897","NASHVILLE INTERNATIONAL AIRPORT, TN US","2024-12-28","10.96","0.57","60","65","55"
"USW00013897","NASHVILLE INTERNATIONAL AIRPORT, TN US","2024-12-29","10.96","0.30","59","64","49"
"USW00013897","NASHVILLE INTERNATIONAL AIRPORT, TN US","2024-12-30","7.83","0.00","54","63","49"
"USW00013897","NASHVILLE INTERNATIONAL AIRPORT, TN US","2024-12-31","12.75","0.00","55","61","44"
"USW00013897","NASHVILLE INTERNATIONAL AIRPORT, TN US","2025-01-01","7.38","0.00","41","44","28"
